<?xml version='1.0' encoding='UTF-8' standalone='no'?>
<doxygen xmlns:xsi="http://www.w3.org/2001/XMLSchema-instance" xsi:noNamespaceSchemaLocation="compound.xsd" version="1.10.0" xml:lang="en-US">
  <compounddef id="api__cuda__contacts_8hpp" kind="file" language="C++">
    <compoundname>api_cuda_contacts.hpp</compoundname>
    <includes refid="api__device__contacts_8hpp" local="no">rocky20/api/device/api_device_contacts.hpp</includes>
    <includes refid="api__cuda_8hpp" local="no">rocky20/api/device/api_cuda.hpp</includes>
    <includes refid="rocky__api__functions_8h" local="no">rocky20/api/rocky_api_functions.h</includes>
    <includes refid="rocky__api_8h" local="no">rocky20/api/rocky_api.h</includes>
    <incdepgraph>
      <node id="12">
        <label>rocky20/api/device/api_backend.hpp</label>
        <link refid="api__backend_8hpp_source"/>
        <childnode refid="13" relation="include">
        </childnode>
        <childnode refid="14" relation="include">
        </childnode>
      </node>
      <node id="25">
        <label>rocky20/api/device/api_cuda.hpp</label>
        <link refid="api__cuda_8hpp_source"/>
        <childnode refid="26" relation="include">
        </childnode>
        <childnode refid="27" relation="include">
        </childnode>
        <childnode refid="28" relation="include">
        </childnode>
      </node>
      <node id="1">
        <label>source/c++/rocky20/api/device/api_cuda_contacts.hpp</label>
        <link refid="api__cuda__contacts_8hpp"/>
        <childnode refid="2" relation="include">
        </childnode>
        <childnode refid="25" relation="include">
        </childnode>
        <childnode refid="56" relation="include">
        </childnode>
        <childnode refid="28" relation="include">
        </childnode>
      </node>
      <node id="2">
        <label>rocky20/api/device/api_device_contacts.hpp</label>
        <link refid="api__device__contacts_8hpp_source"/>
        <childnode refid="3" relation="include">
        </childnode>
        <childnode refid="23" relation="include">
        </childnode>
        <childnode refid="24" relation="include">
        </childnode>
      </node>
      <node id="58">
        <label>rocky20/api/device/api_omp_contacts.hpp</label>
        <link refid="api__omp__contacts_8hpp_source"/>
        <childnode refid="56" relation="include">
        </childnode>
        <childnode refid="28" relation="include">
        </childnode>
        <childnode refid="2" relation="include">
        </childnode>
        <childnode refid="14" relation="include">
        </childnode>
      </node>
      <node id="29">
        <label>dll_export.h</label>
        <link refid="dll__export_8h_source"/>
      </node>
      <node id="28">
        <label>rocky20/api/rocky_api.h</label>
        <link refid="rocky__api_8h_source"/>
        <childnode refid="29" relation="include">
        </childnode>
        <childnode refid="30" relation="include">
        </childnode>
        <childnode refid="37" relation="include">
        </childnode>
        <childnode refid="38" relation="include">
        </childnode>
        <childnode refid="39" relation="include">
        </childnode>
        <childnode refid="3" relation="include">
        </childnode>
        <childnode refid="18" relation="include">
        </childnode>
        <childnode refid="20" relation="include">
        </childnode>
        <childnode refid="41" relation="include">
        </childnode>
        <childnode refid="9" relation="include">
        </childnode>
        <childnode refid="17" relation="include">
        </childnode>
        <childnode refid="33" relation="include">
        </childnode>
        <childnode refid="42" relation="include">
        </childnode>
        <childnode refid="45" relation="include">
        </childnode>
        <childnode refid="53" relation="include">
        </childnode>
        <childnode refid="54" relation="include">
        </childnode>
        <childnode refid="15" relation="include">
        </childnode>
        <childnode refid="56" relation="include">
        </childnode>
        <childnode refid="12" relation="include">
        </childnode>
        <childnode refid="58" relation="include">
        </childnode>
        <childnode refid="2" relation="include">
        </childnode>
      </node>
      <node id="57">
        <label>rocky_api_contact_functions.h</label>
        <link refid="rocky__api__contact__functions_8h_source"/>
      </node>
      <node id="56">
        <label>rocky_api_functions.h</label>
        <link refid="rocky__api__functions_8h_source"/>
        <childnode refid="29" relation="include">
        </childnode>
        <childnode refid="34" relation="include">
        </childnode>
        <childnode refid="57" relation="include">
        </childnode>
      </node>
      <node id="32">
        <label>rocky20/api/rocky_boundary.hpp</label>
        <link refid="rocky__boundary_8hpp_source"/>
        <childnode refid="5" relation="include">
        </childnode>
        <childnode refid="12" relation="include">
        </childnode>
        <childnode refid="22" relation="include">
        </childnode>
        <childnode refid="33" relation="include">
        </childnode>
      </node>
      <node id="34">
        <label>rocky20/api/rocky_boundary_api.hpp</label>
        <link refid="rocky__boundary__api_8hpp_source"/>
        <childnode refid="35" relation="include">
        </childnode>
        <childnode refid="5" relation="include">
        </childnode>
        <childnode refid="36" relation="include">
        </childnode>
        <childnode refid="32" relation="include">
        </childnode>
      </node>
      <node id="17">
        <label>rocky20/api/rocky_boundary_scalars.hpp</label>
        <link refid="rocky__boundary__scalars_8hpp_source"/>
        <childnode refid="10" relation="include">
        </childnode>
      </node>
      <node id="31">
        <label>rocky20/api/rocky_contact.hpp</label>
        <link refid="rocky__contact_8hpp_source"/>
        <childnode refid="5" relation="include">
        </childnode>
        <childnode refid="32" relation="include">
        </childnode>
        <childnode refid="34" relation="include">
        </childnode>
        <childnode refid="37" relation="include">
        </childnode>
        <childnode refid="18" relation="include">
        </childnode>
        <childnode refid="21" relation="include">
        </childnode>
      </node>
      <node id="30">
        <label>rocky_contact_api.hpp</label>
        <link refid="rocky__contact__api_8hpp_source"/>
        <childnode refid="31" relation="include">
        </childnode>
        <childnode refid="22" relation="include">
        </childnode>
        <childnode refid="24" relation="include">
        </childnode>
      </node>
      <node id="54">
        <label>rocky_contact_data_recorder_api.h</label>
        <link refid="rocky__contact__data__recorder__api_8h_source"/>
        <childnode refid="55" relation="include">
        </childnode>
      </node>
      <node id="37">
        <label>rocky20/api/rocky_contact_scalars.hpp</label>
        <link refid="rocky__contact__scalars_8hpp_source"/>
        <childnode refid="10" relation="include">
        </childnode>
      </node>
      <node id="38">
        <label>rocky_fluid_scalars.hpp</label>
        <link refid="rocky__fluid__scalars_8hpp_source"/>
        <childnode refid="10" relation="include">
        </childnode>
      </node>
      <node id="39">
        <label>rocky_joint_api.hpp</label>
        <link refid="rocky__joint__api_8hpp_source"/>
        <childnode refid="18" relation="include">
        </childnode>
        <childnode refid="40" relation="include">
        </childnode>
        <childnode refid="41" relation="include">
        </childnode>
      </node>
      <node id="41">
        <label>rocky_joint_scalars.hpp</label>
        <link refid="rocky__joint__scalars_8hpp_source"/>
        <childnode refid="10" relation="include">
        </childnode>
      </node>
      <node id="22">
        <label>rocky_material_api.hpp</label>
        <link refid="rocky__material__api_8hpp_source"/>
        <childnode refid="5" relation="include">
        </childnode>
      </node>
      <node id="4">
        <label>rocky_model.hpp</label>
        <link refid="rocky__model_8hpp_source"/>
        <childnode refid="5" relation="include">
        </childnode>
        <childnode refid="6" relation="include">
        </childnode>
        <childnode refid="9" relation="include">
        </childnode>
        <childnode refid="17" relation="include">
        </childnode>
      </node>
      <node id="3">
        <label>rocky20/api/rocky_model_api.hpp</label>
        <link refid="rocky__model__api_8hpp_source"/>
        <childnode refid="4" relation="include">
        </childnode>
        <childnode refid="18" relation="include">
        </childnode>
      </node>
      <node id="45">
        <label>rocky_output_collections_api.hpp</label>
        <link refid="rocky__output__collections__api_8hpp_source"/>
        <childnode refid="46" relation="include">
        </childnode>
        <childnode refid="48" relation="include">
        </childnode>
      </node>
      <node id="48">
        <label>rocky_output_properties.h</label>
        <link refid="rocky__output__properties_8h_source"/>
        <childnode refid="44" relation="include">
        </childnode>
        <childnode refid="49" relation="include">
        </childnode>
        <childnode refid="50" relation="include">
        </childnode>
        <childnode refid="51" relation="include">
        </childnode>
        <childnode refid="52" relation="include">
        </childnode>
      </node>
      <node id="9">
        <label>rocky20/api/rocky_pair_scalars.hpp</label>
        <link refid="rocky__pair__scalars_8hpp_source"/>
        <childnode refid="10" relation="include">
        </childnode>
      </node>
      <node id="19">
        <label>rocky_particle.hpp</label>
        <link refid="rocky__particle_8hpp_source"/>
        <childnode refid="12" relation="include">
        </childnode>
        <childnode refid="20" relation="include">
        </childnode>
        <childnode refid="5" relation="include">
        </childnode>
        <childnode refid="21" relation="include">
        </childnode>
      </node>
      <node id="18">
        <label>rocky_particle_api.hpp</label>
        <link refid="rocky__particle__api_8hpp_source"/>
        <childnode refid="19" relation="include">
        </childnode>
        <childnode refid="22" relation="include">
        </childnode>
        <childnode refid="20" relation="include">
        </childnode>
      </node>
      <node id="20">
        <label>rocky20/api/rocky_particle_scalars.hpp</label>
        <link refid="rocky__particle__scalars_8hpp_source"/>
        <childnode refid="10" relation="include">
        </childnode>
      </node>
      <node id="42">
        <label>rocky_plugin_data.h</label>
        <link refid="rocky__plugin__data_8h_source"/>
        <childnode refid="43" relation="include">
        </childnode>
        <childnode refid="44" relation="include">
        </childnode>
      </node>
      <node id="7">
        <label>rocky_point_cloud.h</label>
        <link refid="rocky__point__cloud_8h_source"/>
        <childnode refid="8" relation="include">
        </childnode>
      </node>
      <node id="6">
        <label>rocky20/api/rocky_point_cloud_api.hpp</label>
        <link refid="rocky__point__cloud__api_8hpp_source"/>
        <childnode refid="7" relation="include">
        </childnode>
      </node>
      <node id="10">
        <label>rocky_scalars.h</label>
        <link refid="rocky__scalars_8h_source"/>
        <childnode refid="11" relation="include">
        </childnode>
        <childnode refid="12" relation="include">
        </childnode>
        <childnode refid="15" relation="include">
        </childnode>
      </node>
      <node id="15">
        <label>rocky20/api/rocky_statistics_data.hpp</label>
        <link refid="rocky__statistics__data_8hpp_source"/>
        <childnode refid="16" relation="include">
        </childnode>
        <childnode refid="12" relation="include">
        </childnode>
      </node>
      <node id="46">
        <label>rocky_time_curve_data.hpp</label>
        <link refid="rocky__time__curve__data_8hpp_source"/>
        <childnode refid="47" relation="include">
        </childnode>
      </node>
      <node id="53">
        <label>rocky_timestep_api.h</label>
        <link refid="rocky__timestep__api_8h_source"/>
        <childnode refid="43" relation="include">
        </childnode>
        <childnode refid="49" relation="include">
        </childnode>
      </node>
      <node id="33">
        <label>rocky_triangle_scalars.hpp</label>
        <link refid="rocky__triangle__scalars_8hpp_source"/>
        <childnode refid="10" relation="include">
        </childnode>
      </node>
      <node id="43">
        <label>memory</label>
      </node>
      <node id="47">
        <label>rocky20/addins/rocky_addin.h</label>
      </node>
      <node id="51">
        <label>rocky20/core/utils/rocky_exception.hpp</label>
      </node>
      <node id="35">
        <label>rocky20/core/utils/rocky_math.hpp</label>
      </node>
      <node id="27">
        <label>rocky20/cuda/CudaUtil.hpp</label>
      </node>
      <node id="26">
        <label>rocky20/cuda/cuda_backend.hpp</label>
      </node>
      <node id="13">
        <label>rocky20/cuda/cuda_basics.hpp</label>
      </node>
      <node id="24">
        <label>rocky20/device/device_contact.hpp</label>
      </node>
      <node id="23">
        <label>rocky20/device/device_forces.hpp</label>
      </node>
      <node id="40">
        <label>rocky20/device/device_joint_api.hpp</label>
      </node>
      <node id="5">
        <label>rocky20/device/device_model.hpp</label>
      </node>
      <node id="36">
        <label>rocky20/device/device_triangles.hpp</label>
      </node>
      <node id="21">
        <label>rocky20/device/element_properties.hpp</label>
      </node>
      <node id="14">
        <label>rocky20/device/omp_backend.hpp</label>
      </node>
      <node id="55">
        <label>rocky20/model/data_recorders.h</label>
      </node>
      <node id="8">
        <label>rocky20/model/point_cloud.h</label>
      </node>
      <node id="50">
        <label>rocky20/model/rocky_enums.h</label>
      </node>
      <node id="11">
        <label>rocky20/model/rocky_model.h</label>
      </node>
      <node id="52">
        <label>rocky20/model/scalars.h</label>
      </node>
      <node id="16">
        <label>rocky20/model/statistics_data.hpp</label>
      </node>
      <node id="44">
        <label>string</label>
      </node>
      <node id="49">
        <label>vector</label>
      </node>
    </incdepgraph>
    <innernamespace refid="namespacerocky">rocky</innernamespace>
    <innernamespace refid="namespacerocky_1_1cuda">rocky::cuda</innernamespace>
    <briefdescription>
    </briefdescription>
    <detaileddescription>
    </detaileddescription>
    <programlisting>
<codeline lineno="1"><highlight class="comment">//<sp/>(C)<sp/>2024<sp/>ANSYS,<sp/>Inc.<sp/>Unauthorized<sp/>use,<sp/>distribution,<sp/>or<sp/>duplication<sp/>is<sp/>prohibited.</highlight><highlight class="normal"></highlight></codeline>
<codeline lineno="2"><highlight class="normal"></highlight><highlight class="preprocessor">#pragma<sp/>once</highlight><highlight class="normal"></highlight></codeline>
<codeline lineno="3"><highlight class="normal"></highlight></codeline>
<codeline lineno="4"><highlight class="normal"></highlight><highlight class="preprocessor">#include<sp/>&lt;rocky20/api/device/api_device_contacts.hpp&gt;</highlight><highlight class="normal"></highlight></codeline>
<codeline lineno="5"><highlight class="normal"></highlight><highlight class="preprocessor">#include<sp/>&lt;rocky20/api/device/api_cuda.hpp&gt;</highlight><highlight class="normal"></highlight></codeline>
<codeline lineno="6"><highlight class="normal"></highlight><highlight class="preprocessor">#include<sp/>&lt;rocky20/api/rocky_api_functions.h&gt;</highlight><highlight class="normal"></highlight></codeline>
<codeline lineno="7"><highlight class="normal"></highlight><highlight class="preprocessor">#include<sp/>&lt;rocky20/api/rocky_api.h&gt;</highlight><highlight class="normal"></highlight></codeline>
<codeline lineno="8"><highlight class="normal"></highlight></codeline>
<codeline lineno="9"><highlight class="normal"></highlight><highlight class="keyword">namespace<sp/></highlight><highlight class="normal">rocky::cuda</highlight></codeline>
<codeline lineno="10"><highlight class="normal">{</highlight></codeline>
<codeline lineno="11"><highlight class="normal"></highlight></codeline>
<codeline lineno="12"><highlight class="normal"></highlight><highlight class="comment">//<sp/>=================================================================================================</highlight><highlight class="normal"></highlight></codeline>
<codeline lineno="13"><highlight class="normal"></highlight><highlight class="comment">//<sp/>Contacts<sp/>Loop</highlight><highlight class="normal"></highlight></codeline>
<codeline lineno="14"><highlight class="normal"></highlight><highlight class="comment">//<sp/>=================================================================================================</highlight><highlight class="normal"></highlight></codeline>
<codeline lineno="15"><highlight class="normal"></highlight></codeline>
<codeline lineno="16"><highlight class="normal"></highlight><highlight class="keyword">template</highlight><highlight class="normal"><sp/>&lt;</highlight><highlight class="keyword">typename</highlight><highlight class="normal"><sp/>Callable&gt;</highlight></codeline>
<codeline lineno="17"><highlight class="normal">__global__<sp/></highlight><highlight class="keywordtype">void</highlight><highlight class="normal"><sp/>execute_frictional_contacts_function(</highlight></codeline>
<codeline lineno="18"><highlight class="normal"><sp/><sp/><sp/><sp/>SDeviceModel<sp/>*device_data,</highlight></codeline>
<codeline lineno="19"><highlight class="normal"><sp/><sp/><sp/><sp/>cu_real<sp/>time_curr,</highlight></codeline>
<codeline lineno="20"><highlight class="normal"><sp/><sp/><sp/><sp/>Callable<sp/>particle_contact_f_ptr,</highlight></codeline>
<codeline lineno="21"><highlight class="normal"><sp/><sp/><sp/><sp/>Callable<sp/>triangle_contact_f_ptr,</highlight></codeline>
<codeline lineno="22"><highlight class="normal"><sp/><sp/><sp/><sp/></highlight><highlight class="keywordtype">void</highlight><highlight class="normal"><sp/>*udf_device_data</highlight></codeline>
<codeline lineno="23"><highlight class="normal">)</highlight></codeline>
<codeline lineno="24"><highlight class="normal">{</highlight></codeline>
<codeline lineno="25"><highlight class="normal"><sp/><sp/><sp/><sp/></highlight><highlight class="comment">//<sp/>Particles</highlight><highlight class="normal"></highlight></codeline>
<codeline lineno="26"><highlight class="normal"><sp/><sp/><sp/><sp/>device::execute_contacts_function&lt;CudaBackend&gt;(</highlight></codeline>
<codeline lineno="27"><highlight class="normal"><sp/><sp/><sp/><sp/><sp/><sp/><sp/><sp/>device_data,</highlight></codeline>
<codeline lineno="28"><highlight class="normal"><sp/><sp/><sp/><sp/><sp/><sp/><sp/><sp/>time_curr,</highlight></codeline>
<codeline lineno="29"><highlight class="normal"><sp/><sp/><sp/><sp/><sp/><sp/><sp/><sp/>device_data-&gt;ind_cnt_p_fr,</highlight></codeline>
<codeline lineno="30"><highlight class="normal"><sp/><sp/><sp/><sp/><sp/><sp/><sp/><sp/>device_data-&gt;n_contacts-&gt;particle_fr,</highlight></codeline>
<codeline lineno="31"><highlight class="normal"><sp/><sp/><sp/><sp/><sp/><sp/><sp/><sp/></highlight><highlight class="keyword">true</highlight><highlight class="normal">,</highlight></codeline>
<codeline lineno="32"><highlight class="normal"><sp/><sp/><sp/><sp/><sp/><sp/><sp/><sp/>particle_contact_f_ptr,</highlight></codeline>
<codeline lineno="33"><highlight class="normal"><sp/><sp/><sp/><sp/><sp/><sp/><sp/><sp/>udf_device_data);</highlight></codeline>
<codeline lineno="34"><highlight class="normal"></highlight></codeline>
<codeline lineno="35"><highlight class="normal"><sp/><sp/><sp/><sp/></highlight><highlight class="comment">//<sp/>Triangles</highlight><highlight class="normal"></highlight></codeline>
<codeline lineno="36"><highlight class="normal"><sp/><sp/><sp/><sp/>device::execute_contacts_function&lt;CudaBackend&gt;(</highlight></codeline>
<codeline lineno="37"><highlight class="normal"><sp/><sp/><sp/><sp/><sp/><sp/><sp/><sp/>device_data,</highlight></codeline>
<codeline lineno="38"><highlight class="normal"><sp/><sp/><sp/><sp/><sp/><sp/><sp/><sp/>time_curr,</highlight></codeline>
<codeline lineno="39"><highlight class="normal"><sp/><sp/><sp/><sp/><sp/><sp/><sp/><sp/>device_data-&gt;ind_cnt_t_fr,</highlight></codeline>
<codeline lineno="40"><highlight class="normal"><sp/><sp/><sp/><sp/><sp/><sp/><sp/><sp/>device_data-&gt;n_contacts-&gt;triangle_fr,</highlight></codeline>
<codeline lineno="41"><highlight class="normal"><sp/><sp/><sp/><sp/><sp/><sp/><sp/><sp/></highlight><highlight class="keyword">false</highlight><highlight class="normal">,</highlight></codeline>
<codeline lineno="42"><highlight class="normal"><sp/><sp/><sp/><sp/><sp/><sp/><sp/><sp/>triangle_contact_f_ptr,</highlight></codeline>
<codeline lineno="43"><highlight class="normal"><sp/><sp/><sp/><sp/><sp/><sp/><sp/><sp/>udf_device_data);</highlight></codeline>
<codeline lineno="44"><highlight class="normal">}</highlight></codeline>
<codeline lineno="45"><highlight class="normal"></highlight></codeline>
<codeline lineno="46"><highlight class="normal"></highlight><highlight class="keyword">template</highlight><highlight class="normal"><sp/>&lt;</highlight><highlight class="keyword">typename</highlight><highlight class="normal"><sp/>Callable&gt;</highlight></codeline>
<codeline lineno="47"><highlight class="normal">__global__<sp/></highlight><highlight class="keywordtype">void</highlight><highlight class="normal"><sp/>execute_finished_contacts_function(</highlight></codeline>
<codeline lineno="48"><highlight class="normal"><sp/><sp/><sp/><sp/>SDeviceModel*<sp/>device_data,</highlight></codeline>
<codeline lineno="49"><highlight class="normal"><sp/><sp/><sp/><sp/>cu_real<sp/>time_curr,</highlight></codeline>
<codeline lineno="50"><highlight class="normal"><sp/><sp/><sp/><sp/>Callable<sp/>particle_contact_f_ptr,</highlight></codeline>
<codeline lineno="51"><highlight class="normal"><sp/><sp/><sp/><sp/>Callable<sp/>triangle_contact_f_ptr,</highlight></codeline>
<codeline lineno="52"><highlight class="normal"><sp/><sp/><sp/><sp/></highlight><highlight class="keywordtype">void</highlight><highlight class="normal">*<sp/>udf_device_data</highlight></codeline>
<codeline lineno="53"><highlight class="normal">)</highlight></codeline>
<codeline lineno="54"><highlight class="normal">{</highlight></codeline>
<codeline lineno="55"><highlight class="normal"><sp/><sp/><sp/><sp/></highlight><highlight class="comment">//<sp/>particles<sp/>-&gt;<sp/>particles</highlight><highlight class="normal"></highlight></codeline>
<codeline lineno="56"><highlight class="normal"><sp/><sp/><sp/><sp/>device::execute_finished_contacts_function&lt;CudaBackend&gt;(</highlight></codeline>
<codeline lineno="57"><highlight class="normal"><sp/><sp/><sp/><sp/><sp/><sp/><sp/><sp/>device_data,</highlight></codeline>
<codeline lineno="58"><highlight class="normal"><sp/><sp/><sp/><sp/><sp/><sp/><sp/><sp/>time_curr,</highlight></codeline>
<codeline lineno="59"><highlight class="normal"><sp/><sp/><sp/><sp/><sp/><sp/><sp/><sp/>device_data-&gt;gen-&gt;ncont_p,</highlight></codeline>
<codeline lineno="60"><highlight class="normal"><sp/><sp/><sp/><sp/><sp/><sp/><sp/><sp/></highlight><highlight class="keyword">true</highlight><highlight class="normal">,</highlight></codeline>
<codeline lineno="61"><highlight class="normal"><sp/><sp/><sp/><sp/><sp/><sp/><sp/><sp/>particle_contact_f_ptr,<sp/>udf_device_data</highlight></codeline>
<codeline lineno="62"><highlight class="normal"><sp/><sp/><sp/><sp/>);</highlight></codeline>
<codeline lineno="63"><highlight class="normal"></highlight></codeline>
<codeline lineno="64"><highlight class="normal"><sp/><sp/><sp/><sp/></highlight><highlight class="comment">//<sp/>particles<sp/>-&gt;<sp/>triangles</highlight><highlight class="normal"></highlight></codeline>
<codeline lineno="65"><highlight class="normal"><sp/><sp/><sp/><sp/>device::execute_finished_contacts_function&lt;CudaBackend&gt;(</highlight></codeline>
<codeline lineno="66"><highlight class="normal"><sp/><sp/><sp/><sp/><sp/><sp/><sp/><sp/>device_data,</highlight></codeline>
<codeline lineno="67"><highlight class="normal"><sp/><sp/><sp/><sp/><sp/><sp/><sp/><sp/>time_curr,</highlight></codeline>
<codeline lineno="68"><highlight class="normal"><sp/><sp/><sp/><sp/><sp/><sp/><sp/><sp/>device_data-&gt;gen-&gt;ncont_t,</highlight></codeline>
<codeline lineno="69"><highlight class="normal"><sp/><sp/><sp/><sp/><sp/><sp/><sp/><sp/></highlight><highlight class="keyword">false</highlight><highlight class="normal">,</highlight></codeline>
<codeline lineno="70"><highlight class="normal"><sp/><sp/><sp/><sp/><sp/><sp/><sp/><sp/>triangle_contact_f_ptr,<sp/>udf_device_data</highlight></codeline>
<codeline lineno="71"><highlight class="normal"><sp/><sp/><sp/><sp/>);</highlight></codeline>
<codeline lineno="72"><highlight class="normal">}</highlight></codeline>
<codeline lineno="73"><highlight class="normal"></highlight></codeline>
<codeline lineno="74"><highlight class="normal"></highlight><highlight class="keyword">template</highlight><highlight class="normal"><sp/>&lt;</highlight><highlight class="keyword">typename</highlight><highlight class="normal"><sp/>Callable&gt;</highlight></codeline>
<codeline lineno="75"><highlight class="normal">__global__<sp/></highlight><highlight class="keywordtype">void</highlight><highlight class="normal"><sp/>execute_active_contacts_function(</highlight></codeline>
<codeline lineno="76"><highlight class="normal"><sp/><sp/><sp/><sp/>SDeviceModel*<sp/>device_data,</highlight></codeline>
<codeline lineno="77"><highlight class="normal"><sp/><sp/><sp/><sp/>cu_real<sp/>time_curr,</highlight></codeline>
<codeline lineno="78"><highlight class="normal"><sp/><sp/><sp/><sp/>Callable<sp/>particle_contact_f_ptr,</highlight></codeline>
<codeline lineno="79"><highlight class="normal"><sp/><sp/><sp/><sp/>Callable<sp/>triangle_contact_f_ptr,</highlight></codeline>
<codeline lineno="80"><highlight class="normal"><sp/><sp/><sp/><sp/></highlight><highlight class="keywordtype">void</highlight><highlight class="normal">*<sp/>udf_device_data</highlight></codeline>
<codeline lineno="81"><highlight class="normal">)</highlight></codeline>
<codeline lineno="82"><highlight class="normal">{</highlight></codeline>
<codeline lineno="83"><highlight class="normal"><sp/><sp/><sp/><sp/></highlight><highlight class="comment">//<sp/>particles<sp/>-&gt;<sp/>particles</highlight><highlight class="normal"></highlight></codeline>
<codeline lineno="84"><highlight class="normal"><sp/><sp/><sp/><sp/>device::execute_active_contacts_function&lt;CudaBackend&gt;(</highlight></codeline>
<codeline lineno="85"><highlight class="normal"><sp/><sp/><sp/><sp/><sp/><sp/><sp/><sp/>device_data,</highlight></codeline>
<codeline lineno="86"><highlight class="normal"><sp/><sp/><sp/><sp/><sp/><sp/><sp/><sp/>time_curr,</highlight></codeline>
<codeline lineno="87"><highlight class="normal"><sp/><sp/><sp/><sp/><sp/><sp/><sp/><sp/>device_data-&gt;gen-&gt;ncont_p,</highlight></codeline>
<codeline lineno="88"><highlight class="normal"><sp/><sp/><sp/><sp/><sp/><sp/><sp/><sp/></highlight><highlight class="keyword">true</highlight><highlight class="normal">,</highlight></codeline>
<codeline lineno="89"><highlight class="normal"><sp/><sp/><sp/><sp/><sp/><sp/><sp/><sp/>particle_contact_f_ptr,</highlight></codeline>
<codeline lineno="90"><highlight class="normal"><sp/><sp/><sp/><sp/><sp/><sp/><sp/><sp/>udf_device_data);</highlight></codeline>
<codeline lineno="91"><highlight class="normal"></highlight></codeline>
<codeline lineno="92"><highlight class="normal"><sp/><sp/><sp/><sp/></highlight><highlight class="comment">//<sp/>particles<sp/>-&gt;<sp/>triangles</highlight><highlight class="normal"></highlight></codeline>
<codeline lineno="93"><highlight class="normal"><sp/><sp/><sp/><sp/>device::execute_active_contacts_function&lt;CudaBackend&gt;(</highlight></codeline>
<codeline lineno="94"><highlight class="normal"><sp/><sp/><sp/><sp/><sp/><sp/><sp/><sp/>device_data,</highlight></codeline>
<codeline lineno="95"><highlight class="normal"><sp/><sp/><sp/><sp/><sp/><sp/><sp/><sp/>time_curr,</highlight></codeline>
<codeline lineno="96"><highlight class="normal"><sp/><sp/><sp/><sp/><sp/><sp/><sp/><sp/>device_data-&gt;gen-&gt;ncont_t,</highlight></codeline>
<codeline lineno="97"><highlight class="normal"><sp/><sp/><sp/><sp/><sp/><sp/><sp/><sp/></highlight><highlight class="keyword">false</highlight><highlight class="normal">,</highlight></codeline>
<codeline lineno="98"><highlight class="normal"><sp/><sp/><sp/><sp/><sp/><sp/><sp/><sp/>triangle_contact_f_ptr,</highlight></codeline>
<codeline lineno="99"><highlight class="normal"><sp/><sp/><sp/><sp/><sp/><sp/><sp/><sp/>udf_device_data);</highlight></codeline>
<codeline lineno="100"><highlight class="normal">}</highlight></codeline>
<codeline lineno="101"><highlight class="normal"></highlight></codeline>
<codeline lineno="102"><highlight class="normal"></highlight><highlight class="keyword">template</highlight><highlight class="normal"><sp/>&lt;</highlight><highlight class="keyword">typename</highlight><highlight class="normal"><sp/>Callable&gt;</highlight></codeline>
<codeline lineno="103"><highlight class="normal"></highlight><highlight class="keywordtype">void</highlight><highlight class="normal"><sp/>dispatch_frictional_contacts_kernel(</highlight></codeline>
<codeline lineno="104"><highlight class="normal"><sp/><sp/><sp/><sp/><ref refid="structIRockyModel" kindref="compound">IRockyModel</ref><sp/>&amp;model,</highlight></codeline>
<codeline lineno="105"><highlight class="normal"><sp/><sp/><sp/><sp/>Callable<sp/>h_particle_contact_f_ptr,</highlight></codeline>
<codeline lineno="106"><highlight class="normal"><sp/><sp/><sp/><sp/>Callable<sp/>h_triangle_contact_f_ptr,</highlight></codeline>
<codeline lineno="107"><highlight class="normal"><sp/><sp/><sp/><sp/></highlight><highlight class="keywordtype">void</highlight><highlight class="normal"><sp/>**udf_devices_data</highlight></codeline>
<codeline lineno="108"><highlight class="normal">)</highlight></codeline>
<codeline lineno="109"><highlight class="normal">{</highlight></codeline>
<codeline lineno="110"><highlight class="normal"><sp/><sp/><sp/><sp/></highlight><highlight class="keywordflow">if</highlight><highlight class="normal"><sp/>(model.<ref refid="structIRockyModel_1a38a15145f4f2bb47b79ab785f50d8277" kindref="member">get_number_of_active_particles</ref>()<sp/>&lt;=<sp/>0)</highlight></codeline>
<codeline lineno="111"><highlight class="normal"><sp/><sp/><sp/><sp/><sp/><sp/><sp/><sp/></highlight><highlight class="keywordflow">return</highlight><highlight class="normal">;</highlight></codeline>
<codeline lineno="112"><highlight class="normal"></highlight></codeline>
<codeline lineno="113"><highlight class="normal"><sp/><sp/><sp/><sp/></highlight><highlight class="keywordflow">for</highlight><highlight class="normal"><sp/>(</highlight><highlight class="keywordtype">int</highlight><highlight class="normal"><sp/>i<sp/>=<sp/>0;<sp/>i<sp/>&lt;<sp/>model.<ref refid="structIRockyModel_1a1fd1011aa809fe64647e9cacf1956a11" kindref="member">get_number_of_devices</ref>();<sp/>i++)</highlight></codeline>
<codeline lineno="114"><highlight class="normal"><sp/><sp/><sp/><sp/>{</highlight></codeline>
<codeline lineno="115"><highlight class="normal"><sp/><sp/><sp/><sp/><sp/><sp/><sp/><sp/></highlight><highlight class="keywordtype">void</highlight><highlight class="normal"><sp/>*udf_device_data<sp/>=<sp/>udf_devices_data[i];</highlight></codeline>
<codeline lineno="116"><highlight class="normal"><sp/><sp/><sp/><sp/><sp/><sp/><sp/><sp/>SDeviceModel<sp/>*device_data<sp/>=<sp/>model.get_device_data(i);</highlight></codeline>
<codeline lineno="117"><highlight class="normal"></highlight></codeline>
<codeline lineno="118"><highlight class="normal"><sp/><sp/><sp/><sp/><sp/><sp/><sp/><sp/>CUDA_SET_DEVICE(model.<ref refid="structIRockyModel_1ae8f8865c809a31988291f9180d7cda2b" kindref="member">get_device_id</ref>(i));</highlight></codeline>
<codeline lineno="119"><highlight class="normal"><sp/><sp/><sp/><sp/><sp/><sp/><sp/><sp/>rocky::cuda::execute_frictional_contacts_function&lt;&lt;&lt;CD_NBLOCKS,<sp/>CD_NTHREADS&gt;&gt;&gt;(</highlight></codeline>
<codeline lineno="120"><highlight class="normal"><sp/><sp/><sp/><sp/><sp/><sp/><sp/><sp/><sp/><sp/><sp/><sp/>device_data,</highlight></codeline>
<codeline lineno="121"><highlight class="normal"><sp/><sp/><sp/><sp/><sp/><sp/><sp/><sp/><sp/><sp/><sp/><sp/>model.<ref refid="structIRockyModel_1a93ef35ae1eb9cf50ca77ab2070a769ab" kindref="member">get_current_time</ref>(),</highlight></codeline>
<codeline lineno="122"><highlight class="normal"><sp/><sp/><sp/><sp/><sp/><sp/><sp/><sp/><sp/><sp/><sp/><sp/>h_particle_contact_f_ptr,</highlight></codeline>
<codeline lineno="123"><highlight class="normal"><sp/><sp/><sp/><sp/><sp/><sp/><sp/><sp/><sp/><sp/><sp/><sp/>h_triangle_contact_f_ptr,</highlight></codeline>
<codeline lineno="124"><highlight class="normal"><sp/><sp/><sp/><sp/><sp/><sp/><sp/><sp/><sp/><sp/><sp/><sp/>udf_device_data);</highlight></codeline>
<codeline lineno="125"><highlight class="normal"><sp/><sp/><sp/><sp/>}</highlight></codeline>
<codeline lineno="126"><highlight class="normal"></highlight></codeline>
<codeline lineno="127"><highlight class="normal"><sp/><sp/><sp/><sp/></highlight><highlight class="comment">//Sync<sp/>all<sp/>GPUs</highlight><highlight class="normal"></highlight></codeline>
<codeline lineno="128"><highlight class="normal"><sp/><sp/><sp/><sp/>sync_devices(model);</highlight></codeline>
<codeline lineno="129"><highlight class="normal">}</highlight></codeline>
<codeline lineno="130"><highlight class="normal"></highlight></codeline>
<codeline lineno="131"><highlight class="normal"></highlight><highlight class="comment">//<sp/>frictional<sp/>and<sp/>adhesive<sp/>contacts<sp/>just<sp/>finished</highlight><highlight class="normal"></highlight></codeline>
<codeline lineno="132"><highlight class="normal"></highlight><highlight class="keyword">template</highlight><highlight class="normal"><sp/>&lt;</highlight><highlight class="keyword">typename</highlight><highlight class="normal"><sp/>Callable&gt;</highlight></codeline>
<codeline lineno="133"><highlight class="normal"></highlight><highlight class="keywordtype">void</highlight><highlight class="normal"><sp/>dispatch_finished_contacts_kernel(</highlight></codeline>
<codeline lineno="134"><highlight class="normal"><sp/><sp/><sp/><sp/><ref refid="structIRockyModel" kindref="compound">IRockyModel</ref>&amp;<sp/>model,</highlight></codeline>
<codeline lineno="135"><highlight class="normal"><sp/><sp/><sp/><sp/>Callable<sp/>h_particle_contact_f_ptr,</highlight></codeline>
<codeline lineno="136"><highlight class="normal"><sp/><sp/><sp/><sp/>Callable<sp/>h_triangle_contact_f_ptr,</highlight></codeline>
<codeline lineno="137"><highlight class="normal"><sp/><sp/><sp/><sp/></highlight><highlight class="keywordtype">void</highlight><highlight class="normal">**<sp/>udf_devices_data</highlight></codeline>
<codeline lineno="138"><highlight class="normal">)</highlight></codeline>
<codeline lineno="139"><highlight class="normal">{</highlight></codeline>
<codeline lineno="140"><highlight class="normal"><sp/><sp/><sp/><sp/></highlight><highlight class="keywordflow">if</highlight><highlight class="normal"><sp/>(model.<ref refid="structIRockyModel_1a38a15145f4f2bb47b79ab785f50d8277" kindref="member">get_number_of_active_particles</ref>()<sp/>&lt;=<sp/>0)</highlight></codeline>
<codeline lineno="141"><highlight class="normal"><sp/><sp/><sp/><sp/><sp/><sp/><sp/><sp/></highlight><highlight class="keywordflow">return</highlight><highlight class="normal">;</highlight></codeline>
<codeline lineno="142"><highlight class="normal"></highlight></codeline>
<codeline lineno="143"><highlight class="normal"><sp/><sp/><sp/><sp/></highlight><highlight class="keywordflow">for</highlight><highlight class="normal"><sp/>(</highlight><highlight class="keywordtype">int</highlight><highlight class="normal"><sp/>i<sp/>=<sp/>0;<sp/>i<sp/>&lt;<sp/>model.<ref refid="structIRockyModel_1a1fd1011aa809fe64647e9cacf1956a11" kindref="member">get_number_of_devices</ref>();<sp/>i++)</highlight></codeline>
<codeline lineno="144"><highlight class="normal"><sp/><sp/><sp/><sp/>{</highlight></codeline>
<codeline lineno="145"><highlight class="normal"><sp/><sp/><sp/><sp/><sp/><sp/><sp/><sp/></highlight><highlight class="keywordtype">void</highlight><highlight class="normal">*<sp/>udf_device_data<sp/>=<sp/>udf_devices_data[i];</highlight></codeline>
<codeline lineno="146"><highlight class="normal"><sp/><sp/><sp/><sp/><sp/><sp/><sp/><sp/>SDeviceModel*<sp/>device_data<sp/>=<sp/>model.get_device_data(i);</highlight></codeline>
<codeline lineno="147"><highlight class="normal"></highlight></codeline>
<codeline lineno="148"><highlight class="normal"><sp/><sp/><sp/><sp/><sp/><sp/><sp/><sp/>CUDA_SET_DEVICE(model.<ref refid="structIRockyModel_1ae8f8865c809a31988291f9180d7cda2b" kindref="member">get_device_id</ref>(i));</highlight></codeline>
<codeline lineno="149"><highlight class="normal"><sp/><sp/><sp/><sp/><sp/><sp/><sp/><sp/>rocky::cuda::execute_finished_contacts_function<sp/>&lt;&lt;&lt;CD_NBLOCKS,<sp/>CD_NTHREADS&gt;&gt;&gt;<sp/>(</highlight></codeline>
<codeline lineno="150"><highlight class="normal"><sp/><sp/><sp/><sp/><sp/><sp/><sp/><sp/><sp/><sp/><sp/><sp/>device_data,<sp/>model.<ref refid="structIRockyModel_1a93ef35ae1eb9cf50ca77ab2070a769ab" kindref="member">get_current_time</ref>(),</highlight></codeline>
<codeline lineno="151"><highlight class="normal"><sp/><sp/><sp/><sp/><sp/><sp/><sp/><sp/><sp/><sp/><sp/><sp/>h_particle_contact_f_ptr,<sp/>h_triangle_contact_f_ptr,</highlight></codeline>
<codeline lineno="152"><highlight class="normal"><sp/><sp/><sp/><sp/><sp/><sp/><sp/><sp/><sp/><sp/><sp/><sp/>udf_device_data</highlight></codeline>
<codeline lineno="153"><highlight class="normal"><sp/><sp/><sp/><sp/><sp/><sp/><sp/><sp/>);</highlight></codeline>
<codeline lineno="154"><highlight class="normal"><sp/><sp/><sp/><sp/>}</highlight></codeline>
<codeline lineno="155"><highlight class="normal"></highlight></codeline>
<codeline lineno="156"><highlight class="normal"><sp/><sp/><sp/><sp/>sync_devices(model);</highlight></codeline>
<codeline lineno="157"><highlight class="normal">}</highlight></codeline>
<codeline lineno="158"><highlight class="normal"></highlight></codeline>
<codeline lineno="159"><highlight class="normal"></highlight><highlight class="comment">//<sp/>frictional<sp/>and<sp/>adhesive<sp/>contacts<sp/>still<sp/>active</highlight><highlight class="normal"></highlight></codeline>
<codeline lineno="160"><highlight class="normal"></highlight><highlight class="keyword">template</highlight><highlight class="normal"><sp/>&lt;</highlight><highlight class="keyword">typename</highlight><highlight class="normal"><sp/>Callable&gt;</highlight></codeline>
<codeline lineno="161"><highlight class="normal"></highlight><highlight class="keywordtype">void</highlight><highlight class="normal"><sp/>dispatch_active_contacts_kernel(</highlight></codeline>
<codeline lineno="162"><highlight class="normal"><sp/><sp/><sp/><sp/><ref refid="structIRockyModel" kindref="compound">IRockyModel</ref>&amp;<sp/>model,</highlight></codeline>
<codeline lineno="163"><highlight class="normal"><sp/><sp/><sp/><sp/>Callable<sp/>h_particle_contact_f_ptr,</highlight></codeline>
<codeline lineno="164"><highlight class="normal"><sp/><sp/><sp/><sp/>Callable<sp/>h_triangle_contact_f_ptr,</highlight></codeline>
<codeline lineno="165"><highlight class="normal"><sp/><sp/><sp/><sp/></highlight><highlight class="keywordtype">void</highlight><highlight class="normal">**<sp/>udf_devices_data)</highlight></codeline>
<codeline lineno="166"><highlight class="normal">{</highlight></codeline>
<codeline lineno="167"><highlight class="normal"><sp/><sp/><sp/><sp/></highlight><highlight class="keywordflow">if</highlight><highlight class="normal"><sp/>(model.<ref refid="structIRockyModel_1a38a15145f4f2bb47b79ab785f50d8277" kindref="member">get_number_of_active_particles</ref>()<sp/>&lt;=<sp/>0)</highlight></codeline>
<codeline lineno="168"><highlight class="normal"><sp/><sp/><sp/><sp/><sp/><sp/><sp/><sp/></highlight><highlight class="keywordflow">return</highlight><highlight class="normal">;</highlight></codeline>
<codeline lineno="169"><highlight class="normal"></highlight></codeline>
<codeline lineno="170"><highlight class="normal"><sp/><sp/><sp/><sp/></highlight><highlight class="keywordflow">for</highlight><highlight class="normal"><sp/>(</highlight><highlight class="keywordtype">int</highlight><highlight class="normal"><sp/>i<sp/>=<sp/>0;<sp/>i<sp/>&lt;<sp/>model.<ref refid="structIRockyModel_1a1fd1011aa809fe64647e9cacf1956a11" kindref="member">get_number_of_devices</ref>();<sp/>i++)</highlight></codeline>
<codeline lineno="171"><highlight class="normal"><sp/><sp/><sp/><sp/>{</highlight></codeline>
<codeline lineno="172"><highlight class="normal"><sp/><sp/><sp/><sp/><sp/><sp/><sp/><sp/></highlight><highlight class="keywordtype">void</highlight><highlight class="normal">*<sp/>udf_device_data<sp/>=<sp/>udf_devices_data[i];</highlight></codeline>
<codeline lineno="173"><highlight class="normal"><sp/><sp/><sp/><sp/><sp/><sp/><sp/><sp/>SDeviceModel*<sp/>device_data<sp/>=<sp/>model.get_device_data(i);</highlight></codeline>
<codeline lineno="174"><highlight class="normal"></highlight></codeline>
<codeline lineno="175"><highlight class="normal"><sp/><sp/><sp/><sp/><sp/><sp/><sp/><sp/>CUDA_SET_DEVICE(model.<ref refid="structIRockyModel_1ae8f8865c809a31988291f9180d7cda2b" kindref="member">get_device_id</ref>(i));</highlight></codeline>
<codeline lineno="176"><highlight class="normal"><sp/><sp/><sp/><sp/><sp/><sp/><sp/><sp/>rocky::cuda::execute_active_contacts_function&lt;&lt;&lt;CD_NBLOCKS,<sp/>CD_NTHREADS&gt;&gt;&gt;(</highlight></codeline>
<codeline lineno="177"><highlight class="normal"><sp/><sp/><sp/><sp/><sp/><sp/><sp/><sp/><sp/><sp/><sp/><sp/>device_data,</highlight></codeline>
<codeline lineno="178"><highlight class="normal"><sp/><sp/><sp/><sp/><sp/><sp/><sp/><sp/><sp/><sp/><sp/><sp/>model.<ref refid="structIRockyModel_1a93ef35ae1eb9cf50ca77ab2070a769ab" kindref="member">get_current_time</ref>(),</highlight></codeline>
<codeline lineno="179"><highlight class="normal"><sp/><sp/><sp/><sp/><sp/><sp/><sp/><sp/><sp/><sp/><sp/><sp/>h_particle_contact_f_ptr,</highlight></codeline>
<codeline lineno="180"><highlight class="normal"><sp/><sp/><sp/><sp/><sp/><sp/><sp/><sp/><sp/><sp/><sp/><sp/>h_triangle_contact_f_ptr,</highlight></codeline>
<codeline lineno="181"><highlight class="normal"><sp/><sp/><sp/><sp/><sp/><sp/><sp/><sp/><sp/><sp/><sp/><sp/>udf_device_data);</highlight></codeline>
<codeline lineno="182"><highlight class="normal"><sp/><sp/><sp/><sp/>}</highlight></codeline>
<codeline lineno="183"><highlight class="normal"></highlight></codeline>
<codeline lineno="184"><highlight class="normal"><sp/><sp/><sp/><sp/>sync_devices(model);</highlight></codeline>
<codeline lineno="185"><highlight class="normal">}</highlight></codeline>
<codeline lineno="186"><highlight class="normal"></highlight></codeline>
<codeline lineno="187"><highlight class="normal"></highlight><highlight class="comment">//<sp/>Adhesive<sp/>----------------------------------------------------------------------------------------</highlight><highlight class="normal"></highlight></codeline>
<codeline lineno="188"><highlight class="normal"></highlight></codeline>
<codeline lineno="189"><highlight class="normal"></highlight><highlight class="keyword">template</highlight><highlight class="normal"><sp/>&lt;</highlight><highlight class="keyword">typename</highlight><highlight class="normal"><sp/>Callable&gt;</highlight></codeline>
<codeline lineno="190"><highlight class="normal">__global__<sp/></highlight><highlight class="keywordtype">void</highlight><highlight class="normal"><sp/>execute_adhesive_contacts_function(</highlight></codeline>
<codeline lineno="191"><highlight class="normal"><sp/><sp/><sp/><sp/>SDeviceModel<sp/>*device_data,</highlight></codeline>
<codeline lineno="192"><highlight class="normal"><sp/><sp/><sp/><sp/>cu_real<sp/>time_curr,</highlight></codeline>
<codeline lineno="193"><highlight class="normal"><sp/><sp/><sp/><sp/>Callable<sp/>particle_contact_f_ptr,</highlight></codeline>
<codeline lineno="194"><highlight class="normal"><sp/><sp/><sp/><sp/>Callable<sp/>triangle_contact_f_ptr,</highlight></codeline>
<codeline lineno="195"><highlight class="normal"><sp/><sp/><sp/><sp/></highlight><highlight class="keywordtype">void</highlight><highlight class="normal"><sp/>*udf_device_data</highlight></codeline>
<codeline lineno="196"><highlight class="normal">)</highlight></codeline>
<codeline lineno="197"><highlight class="normal">{</highlight></codeline>
<codeline lineno="198"><highlight class="normal"><sp/><sp/><sp/><sp/></highlight><highlight class="comment">//<sp/>Particles</highlight><highlight class="normal"></highlight></codeline>
<codeline lineno="199"><highlight class="normal"><sp/><sp/><sp/><sp/></highlight><highlight class="keywordflow">if</highlight><highlight class="normal"><sp/>(device_data-&gt;n_contacts-&gt;particle_ad<sp/>&gt;<sp/>0)</highlight></codeline>
<codeline lineno="200"><highlight class="normal"><sp/><sp/><sp/><sp/>{</highlight></codeline>
<codeline lineno="201"><highlight class="normal"><sp/><sp/><sp/><sp/><sp/><sp/><sp/><sp/>device::execute_contacts_function&lt;CudaBackend&gt;(</highlight></codeline>
<codeline lineno="202"><highlight class="normal"><sp/><sp/><sp/><sp/><sp/><sp/><sp/><sp/><sp/><sp/><sp/><sp/>device_data,</highlight></codeline>
<codeline lineno="203"><highlight class="normal"><sp/><sp/><sp/><sp/><sp/><sp/><sp/><sp/><sp/><sp/><sp/><sp/>time_curr,</highlight></codeline>
<codeline lineno="204"><highlight class="normal"><sp/><sp/><sp/><sp/><sp/><sp/><sp/><sp/><sp/><sp/><sp/><sp/>device_data-&gt;ind_cnt_p_ad,</highlight></codeline>
<codeline lineno="205"><highlight class="normal"><sp/><sp/><sp/><sp/><sp/><sp/><sp/><sp/><sp/><sp/><sp/><sp/>device_data-&gt;n_contacts-&gt;particle_ad,</highlight></codeline>
<codeline lineno="206"><highlight class="normal"><sp/><sp/><sp/><sp/><sp/><sp/><sp/><sp/><sp/><sp/><sp/><sp/></highlight><highlight class="keyword">true</highlight><highlight class="normal">,</highlight></codeline>
<codeline lineno="207"><highlight class="normal"><sp/><sp/><sp/><sp/><sp/><sp/><sp/><sp/><sp/><sp/><sp/><sp/>particle_contact_f_ptr,</highlight></codeline>
<codeline lineno="208"><highlight class="normal"><sp/><sp/><sp/><sp/><sp/><sp/><sp/><sp/><sp/><sp/><sp/><sp/>udf_device_data);</highlight></codeline>
<codeline lineno="209"><highlight class="normal"><sp/><sp/><sp/><sp/>}</highlight></codeline>
<codeline lineno="210"><highlight class="normal"></highlight></codeline>
<codeline lineno="211"><highlight class="normal"><sp/><sp/><sp/><sp/></highlight><highlight class="comment">//<sp/>Triangles</highlight><highlight class="normal"></highlight></codeline>
<codeline lineno="212"><highlight class="normal"><sp/><sp/><sp/><sp/></highlight><highlight class="keywordflow">if</highlight><highlight class="normal"><sp/>(device_data-&gt;n_contacts-&gt;triangle_ad<sp/>&gt;<sp/>0)</highlight></codeline>
<codeline lineno="213"><highlight class="normal"><sp/><sp/><sp/><sp/>{</highlight></codeline>
<codeline lineno="214"><highlight class="normal"><sp/><sp/><sp/><sp/><sp/><sp/><sp/><sp/>device::execute_contacts_function&lt;CudaBackend&gt;(</highlight></codeline>
<codeline lineno="215"><highlight class="normal"><sp/><sp/><sp/><sp/><sp/><sp/><sp/><sp/><sp/><sp/><sp/><sp/>device_data,</highlight></codeline>
<codeline lineno="216"><highlight class="normal"><sp/><sp/><sp/><sp/><sp/><sp/><sp/><sp/><sp/><sp/><sp/><sp/>time_curr,</highlight></codeline>
<codeline lineno="217"><highlight class="normal"><sp/><sp/><sp/><sp/><sp/><sp/><sp/><sp/><sp/><sp/><sp/><sp/>device_data-&gt;ind_cnt_t_ad,</highlight></codeline>
<codeline lineno="218"><highlight class="normal"><sp/><sp/><sp/><sp/><sp/><sp/><sp/><sp/><sp/><sp/><sp/><sp/>device_data-&gt;n_contacts-&gt;triangle_ad,</highlight></codeline>
<codeline lineno="219"><highlight class="normal"><sp/><sp/><sp/><sp/><sp/><sp/><sp/><sp/><sp/><sp/><sp/><sp/></highlight><highlight class="keyword">false</highlight><highlight class="normal">,</highlight></codeline>
<codeline lineno="220"><highlight class="normal"><sp/><sp/><sp/><sp/><sp/><sp/><sp/><sp/><sp/><sp/><sp/><sp/>triangle_contact_f_ptr,</highlight></codeline>
<codeline lineno="221"><highlight class="normal"><sp/><sp/><sp/><sp/><sp/><sp/><sp/><sp/><sp/><sp/><sp/><sp/>udf_device_data);</highlight></codeline>
<codeline lineno="222"><highlight class="normal"><sp/><sp/><sp/><sp/>}</highlight></codeline>
<codeline lineno="223"><highlight class="normal">}</highlight></codeline>
<codeline lineno="224"><highlight class="normal"></highlight></codeline>
<codeline lineno="225"><highlight class="normal"></highlight><highlight class="keyword">template</highlight><highlight class="normal"><sp/>&lt;</highlight><highlight class="keyword">typename</highlight><highlight class="normal"><sp/>Callable&gt;</highlight></codeline>
<codeline lineno="226"><highlight class="normal"></highlight><highlight class="keywordtype">void</highlight><highlight class="normal"><sp/>dispatch_adhesive_contacts_kernel(</highlight></codeline>
<codeline lineno="227"><highlight class="normal"><sp/><sp/><sp/><sp/><ref refid="structIRockyModel" kindref="compound">IRockyModel</ref><sp/>&amp;model,</highlight></codeline>
<codeline lineno="228"><highlight class="normal"><sp/><sp/><sp/><sp/>Callable<sp/>h_particle_contact_f_ptr,</highlight></codeline>
<codeline lineno="229"><highlight class="normal"><sp/><sp/><sp/><sp/>Callable<sp/>h_triangle_contact_f_ptr,</highlight></codeline>
<codeline lineno="230"><highlight class="normal"><sp/><sp/><sp/><sp/></highlight><highlight class="keywordtype">void</highlight><highlight class="normal"><sp/>**udf_devices_data</highlight></codeline>
<codeline lineno="231"><highlight class="normal">)</highlight></codeline>
<codeline lineno="232"><highlight class="normal">{</highlight></codeline>
<codeline lineno="233"><highlight class="normal"><sp/><sp/><sp/><sp/></highlight><highlight class="keywordflow">if</highlight><highlight class="normal"><sp/>(model.<ref refid="structIRockyModel_1a38a15145f4f2bb47b79ab785f50d8277" kindref="member">get_number_of_active_particles</ref>()<sp/>&lt;=<sp/>0)</highlight></codeline>
<codeline lineno="234"><highlight class="normal"><sp/><sp/><sp/><sp/><sp/><sp/><sp/><sp/></highlight><highlight class="keywordflow">return</highlight><highlight class="normal">;</highlight></codeline>
<codeline lineno="235"><highlight class="normal"></highlight></codeline>
<codeline lineno="236"><highlight class="normal"><sp/><sp/><sp/><sp/></highlight><highlight class="keywordflow">for</highlight><highlight class="normal"><sp/>(</highlight><highlight class="keywordtype">int</highlight><highlight class="normal"><sp/>i<sp/>=<sp/>0;<sp/>i&lt;model.<ref refid="structIRockyModel_1a1fd1011aa809fe64647e9cacf1956a11" kindref="member">get_number_of_devices</ref>();<sp/>i++)</highlight></codeline>
<codeline lineno="237"><highlight class="normal"><sp/><sp/><sp/><sp/>{</highlight></codeline>
<codeline lineno="238"><highlight class="normal"><sp/><sp/><sp/><sp/><sp/><sp/><sp/><sp/></highlight><highlight class="keywordtype">void</highlight><highlight class="normal"><sp/>*udf_device_data<sp/>=<sp/>udf_devices_data[i];</highlight></codeline>
<codeline lineno="239"><highlight class="normal"><sp/><sp/><sp/><sp/><sp/><sp/><sp/><sp/>SDeviceModel<sp/>*device_data<sp/>=<sp/>model.get_device_data(i);</highlight></codeline>
<codeline lineno="240"><highlight class="normal"></highlight></codeline>
<codeline lineno="241"><highlight class="normal"><sp/><sp/><sp/><sp/><sp/><sp/><sp/><sp/>CUDA_SET_DEVICE(model.<ref refid="structIRockyModel_1ae8f8865c809a31988291f9180d7cda2b" kindref="member">get_device_id</ref>(i));</highlight></codeline>
<codeline lineno="242"><highlight class="normal"><sp/><sp/><sp/><sp/><sp/><sp/><sp/><sp/>rocky::cuda::execute_adhesive_contacts_function&lt;&lt;&lt;CD_NBLOCKS,<sp/>CD_NTHREADS&gt;&gt;&gt;(</highlight></codeline>
<codeline lineno="243"><highlight class="normal"><sp/><sp/><sp/><sp/><sp/><sp/><sp/><sp/><sp/><sp/><sp/><sp/>device_data,</highlight></codeline>
<codeline lineno="244"><highlight class="normal"><sp/><sp/><sp/><sp/><sp/><sp/><sp/><sp/><sp/><sp/><sp/><sp/>model.<ref refid="structIRockyModel_1a93ef35ae1eb9cf50ca77ab2070a769ab" kindref="member">get_current_time</ref>(),</highlight></codeline>
<codeline lineno="245"><highlight class="normal"><sp/><sp/><sp/><sp/><sp/><sp/><sp/><sp/><sp/><sp/><sp/><sp/>h_particle_contact_f_ptr,</highlight></codeline>
<codeline lineno="246"><highlight class="normal"><sp/><sp/><sp/><sp/><sp/><sp/><sp/><sp/><sp/><sp/><sp/><sp/>h_triangle_contact_f_ptr,</highlight></codeline>
<codeline lineno="247"><highlight class="normal"><sp/><sp/><sp/><sp/><sp/><sp/><sp/><sp/><sp/><sp/><sp/><sp/>udf_device_data);</highlight></codeline>
<codeline lineno="248"><highlight class="normal"><sp/><sp/><sp/><sp/>}</highlight></codeline>
<codeline lineno="249"><highlight class="normal"></highlight></codeline>
<codeline lineno="250"><highlight class="normal"><sp/><sp/><sp/><sp/></highlight><highlight class="comment">//Sync<sp/>all<sp/>GPUs</highlight><highlight class="normal"></highlight></codeline>
<codeline lineno="251"><highlight class="normal"><sp/><sp/><sp/><sp/>sync_devices(model);</highlight></codeline>
<codeline lineno="252"><highlight class="normal"></highlight></codeline>
<codeline lineno="253"><highlight class="normal">}</highlight></codeline>
<codeline lineno="254"><highlight class="normal"></highlight></codeline>
<codeline lineno="255"><highlight class="normal"></highlight><highlight class="comment">//<sp/>=================================================================================================</highlight><highlight class="normal"></highlight></codeline>
<codeline lineno="256"><highlight class="normal"></highlight><highlight class="comment">//<sp/>All<sp/>Contacts<sp/>Loop</highlight><highlight class="normal"></highlight></codeline>
<codeline lineno="257"><highlight class="normal"></highlight><highlight class="comment">//<sp/>=================================================================================================</highlight><highlight class="normal"></highlight></codeline>
<codeline lineno="258"><highlight class="normal"></highlight><highlight class="keyword">template</highlight><highlight class="normal"><sp/>&lt;</highlight><highlight class="keyword">typename</highlight><highlight class="normal"><sp/>Callable&gt;</highlight></codeline>
<codeline lineno="259"><highlight class="normal">__global__<sp/></highlight><highlight class="keywordtype">void</highlight><highlight class="normal"><sp/>execute_all_contacts_function(</highlight></codeline>
<codeline lineno="260"><highlight class="normal"><sp/><sp/><sp/><sp/>SDeviceModel<sp/>*device_data,</highlight></codeline>
<codeline lineno="261"><highlight class="normal"><sp/><sp/><sp/><sp/>cu_real<sp/>time_curr,</highlight></codeline>
<codeline lineno="262"><highlight class="normal"><sp/><sp/><sp/><sp/>Callable<sp/>particle_contact_f_ptr,</highlight></codeline>
<codeline lineno="263"><highlight class="normal"><sp/><sp/><sp/><sp/>Callable<sp/>triangle_contact_f_ptr,</highlight></codeline>
<codeline lineno="264"><highlight class="normal"><sp/><sp/><sp/><sp/></highlight><highlight class="keywordtype">void</highlight><highlight class="normal"><sp/>*udf_device_data</highlight></codeline>
<codeline lineno="265"><highlight class="normal">)</highlight></codeline>
<codeline lineno="266"><highlight class="normal">{</highlight></codeline>
<codeline lineno="267"><highlight class="normal"><sp/><sp/><sp/><sp/></highlight><highlight class="comment">//<sp/>Particles</highlight><highlight class="normal"></highlight></codeline>
<codeline lineno="268"><highlight class="normal"><sp/><sp/><sp/><sp/>device::execute_all_contacts_function&lt;CudaBackend&gt;(</highlight></codeline>
<codeline lineno="269"><highlight class="normal"><sp/><sp/><sp/><sp/><sp/><sp/><sp/><sp/>device_data,</highlight></codeline>
<codeline lineno="270"><highlight class="normal"><sp/><sp/><sp/><sp/><sp/><sp/><sp/><sp/>time_curr,</highlight></codeline>
<codeline lineno="271"><highlight class="normal"><sp/><sp/><sp/><sp/><sp/><sp/><sp/><sp/>device_data-&gt;gen-&gt;ncont_p,</highlight></codeline>
<codeline lineno="272"><highlight class="normal"><sp/><sp/><sp/><sp/><sp/><sp/><sp/><sp/></highlight><highlight class="keyword">true</highlight><highlight class="normal">,</highlight></codeline>
<codeline lineno="273"><highlight class="normal"><sp/><sp/><sp/><sp/><sp/><sp/><sp/><sp/>particle_contact_f_ptr,</highlight></codeline>
<codeline lineno="274"><highlight class="normal"><sp/><sp/><sp/><sp/><sp/><sp/><sp/><sp/>udf_device_data);</highlight></codeline>
<codeline lineno="275"><highlight class="normal"></highlight></codeline>
<codeline lineno="276"><highlight class="normal"><sp/><sp/><sp/><sp/></highlight><highlight class="comment">//<sp/>Triangles</highlight><highlight class="normal"></highlight></codeline>
<codeline lineno="277"><highlight class="normal"><sp/><sp/><sp/><sp/>device::execute_all_contacts_function&lt;CudaBackend&gt;(</highlight></codeline>
<codeline lineno="278"><highlight class="normal"><sp/><sp/><sp/><sp/><sp/><sp/><sp/><sp/>device_data,</highlight></codeline>
<codeline lineno="279"><highlight class="normal"><sp/><sp/><sp/><sp/><sp/><sp/><sp/><sp/>time_curr,</highlight></codeline>
<codeline lineno="280"><highlight class="normal"><sp/><sp/><sp/><sp/><sp/><sp/><sp/><sp/>device_data-&gt;gen-&gt;ncont_t,</highlight></codeline>
<codeline lineno="281"><highlight class="normal"><sp/><sp/><sp/><sp/><sp/><sp/><sp/><sp/></highlight><highlight class="keyword">false</highlight><highlight class="normal">,</highlight></codeline>
<codeline lineno="282"><highlight class="normal"><sp/><sp/><sp/><sp/><sp/><sp/><sp/><sp/>triangle_contact_f_ptr,</highlight></codeline>
<codeline lineno="283"><highlight class="normal"><sp/><sp/><sp/><sp/><sp/><sp/><sp/><sp/>udf_device_data);</highlight></codeline>
<codeline lineno="284"><highlight class="normal">}</highlight></codeline>
<codeline lineno="285"><highlight class="normal"></highlight></codeline>
<codeline lineno="286"><highlight class="normal"></highlight><highlight class="keyword">template</highlight><highlight class="normal"><sp/>&lt;</highlight><highlight class="keyword">typename</highlight><highlight class="normal"><sp/>Callable&gt;</highlight></codeline>
<codeline lineno="287"><highlight class="normal"></highlight><highlight class="keywordtype">void</highlight><highlight class="normal"><sp/>dispatch_all_contacts_kernel(</highlight></codeline>
<codeline lineno="288"><highlight class="normal"><sp/><sp/><sp/><sp/><ref refid="structIRockyModel" kindref="compound">IRockyModel</ref><sp/>&amp;model,</highlight></codeline>
<codeline lineno="289"><highlight class="normal"><sp/><sp/><sp/><sp/>Callable<sp/>h_particle_contact_f_ptr,</highlight></codeline>
<codeline lineno="290"><highlight class="normal"><sp/><sp/><sp/><sp/>Callable<sp/>h_triangle_contact_f_ptr,</highlight></codeline>
<codeline lineno="291"><highlight class="normal"><sp/><sp/><sp/><sp/></highlight><highlight class="keywordtype">void</highlight><highlight class="normal"><sp/>**udf_device_data</highlight></codeline>
<codeline lineno="292"><highlight class="normal">)</highlight></codeline>
<codeline lineno="293"><highlight class="normal">{</highlight></codeline>
<codeline lineno="294"><highlight class="normal"><sp/><sp/><sp/><sp/></highlight><highlight class="keywordflow">if</highlight><highlight class="normal"><sp/>(model.<ref refid="structIRockyModel_1a38a15145f4f2bb47b79ab785f50d8277" kindref="member">get_number_of_active_particles</ref>()<sp/>&lt;=<sp/>0)</highlight></codeline>
<codeline lineno="295"><highlight class="normal"><sp/><sp/><sp/><sp/><sp/><sp/><sp/><sp/></highlight><highlight class="keywordflow">return</highlight><highlight class="normal">;</highlight></codeline>
<codeline lineno="296"><highlight class="normal"></highlight></codeline>
<codeline lineno="297"><highlight class="normal"><sp/><sp/><sp/><sp/></highlight><highlight class="keywordflow">for</highlight><highlight class="normal"><sp/>(</highlight><highlight class="keywordtype">int</highlight><highlight class="normal"><sp/>i<sp/>=<sp/>0;<sp/>i&lt;model.<ref refid="structIRockyModel_1a1fd1011aa809fe64647e9cacf1956a11" kindref="member">get_number_of_devices</ref>();<sp/>i++)</highlight></codeline>
<codeline lineno="298"><highlight class="normal"><sp/><sp/><sp/><sp/>{</highlight></codeline>
<codeline lineno="299"><highlight class="normal"><sp/><sp/><sp/><sp/><sp/><sp/><sp/><sp/>CUDA_SET_DEVICE(model.<ref refid="structIRockyModel_1ae8f8865c809a31988291f9180d7cda2b" kindref="member">get_device_id</ref>(i));</highlight></codeline>
<codeline lineno="300"><highlight class="normal"><sp/><sp/><sp/><sp/><sp/><sp/><sp/><sp/>rocky::cuda::execute_all_contacts_function&lt;&lt;&lt;CD_NBLOCKS,<sp/>CD_NTHREADS&gt;&gt;&gt;(</highlight></codeline>
<codeline lineno="301"><highlight class="normal"><sp/><sp/><sp/><sp/><sp/><sp/><sp/><sp/><sp/><sp/><sp/><sp/>model.get_device_data(i),</highlight></codeline>
<codeline lineno="302"><highlight class="normal"><sp/><sp/><sp/><sp/><sp/><sp/><sp/><sp/><sp/><sp/><sp/><sp/>model.<ref refid="structIRockyModel_1a93ef35ae1eb9cf50ca77ab2070a769ab" kindref="member">get_current_time</ref>(),</highlight></codeline>
<codeline lineno="303"><highlight class="normal"><sp/><sp/><sp/><sp/><sp/><sp/><sp/><sp/><sp/><sp/><sp/><sp/>h_particle_contact_f_ptr,</highlight></codeline>
<codeline lineno="304"><highlight class="normal"><sp/><sp/><sp/><sp/><sp/><sp/><sp/><sp/><sp/><sp/><sp/><sp/>h_triangle_contact_f_ptr,</highlight></codeline>
<codeline lineno="305"><highlight class="normal"><sp/><sp/><sp/><sp/><sp/><sp/><sp/><sp/><sp/><sp/><sp/><sp/>udf_device_data[i]);</highlight></codeline>
<codeline lineno="306"><highlight class="normal"><sp/><sp/><sp/><sp/>}</highlight></codeline>
<codeline lineno="307"><highlight class="normal"></highlight></codeline>
<codeline lineno="308"><highlight class="normal"><sp/><sp/><sp/><sp/></highlight><highlight class="comment">//Sync<sp/>all<sp/>GPUs</highlight><highlight class="normal"></highlight></codeline>
<codeline lineno="309"><highlight class="normal"><sp/><sp/><sp/><sp/>sync_devices(model);</highlight></codeline>
<codeline lineno="310"><highlight class="normal">}</highlight></codeline>
<codeline lineno="311"><highlight class="normal"></highlight></codeline>
<codeline lineno="312"><highlight class="normal"></highlight><highlight class="comment">//<sp/>=================================================================================================</highlight><highlight class="normal"></highlight></codeline>
<codeline lineno="313"><highlight class="normal"></highlight><highlight class="comment">//<sp/>Contact<sp/>forces</highlight><highlight class="normal"></highlight></codeline>
<codeline lineno="314"><highlight class="normal"></highlight><highlight class="comment">//<sp/>=================================================================================================</highlight><highlight class="normal"></highlight></codeline>
<codeline lineno="315"><highlight class="normal"></highlight><highlight class="keyword">template</highlight><highlight class="normal"><sp/>&lt;</highlight><highlight class="keyword">typename</highlight><highlight class="normal"><sp/>CallableCollection&gt;</highlight></codeline>
<codeline lineno="316"><highlight class="normal">__global__<sp/></highlight><highlight class="keywordtype">void</highlight><highlight class="normal"><sp/>execute_frictional_particle_contact_forces_function(</highlight></codeline>
<codeline lineno="317"><highlight class="normal"><sp/><sp/><sp/><sp/>SDeviceModel*<sp/>device_data,</highlight></codeline>
<codeline lineno="318"><highlight class="normal"><sp/><sp/><sp/><sp/>cu_real<sp/>time_curr,</highlight></codeline>
<codeline lineno="319"><highlight class="normal"><sp/><sp/><sp/><sp/></highlight><highlight class="keyword">const</highlight><highlight class="normal"><sp/>CallableCollection<sp/>functions,</highlight></codeline>
<codeline lineno="320"><highlight class="normal"><sp/><sp/><sp/><sp/></highlight><highlight class="keywordtype">void</highlight><highlight class="normal">*<sp/>udf_device_data)</highlight></codeline>
<codeline lineno="321"><highlight class="normal">{</highlight></codeline>
<codeline lineno="322"><highlight class="normal"><sp/><sp/><sp/><sp/>device::api_compute_particle_contact_frictional_forces&lt;CudaBackend&gt;(</highlight></codeline>
<codeline lineno="323"><highlight class="normal"><sp/><sp/><sp/><sp/><sp/><sp/><sp/><sp/>device_data,<sp/>time_curr,<sp/>functions,<sp/>udf_device_data);</highlight></codeline>
<codeline lineno="324"><highlight class="normal">}</highlight></codeline>
<codeline lineno="325"><highlight class="normal"></highlight></codeline>
<codeline lineno="326"><highlight class="normal"></highlight><highlight class="keyword">template</highlight><highlight class="normal"><sp/>&lt;</highlight><highlight class="keyword">typename</highlight><highlight class="normal"><sp/>CallableCollection&gt;</highlight></codeline>
<codeline lineno="327"><highlight class="normal">__global__<sp/></highlight><highlight class="keywordtype">void</highlight><highlight class="normal"><sp/>execute_frictional_triangle_contact_forces_function(</highlight></codeline>
<codeline lineno="328"><highlight class="normal"><sp/><sp/><sp/><sp/>SDeviceModel*<sp/>device_data,</highlight></codeline>
<codeline lineno="329"><highlight class="normal"><sp/><sp/><sp/><sp/>cu_real<sp/>time_curr,</highlight></codeline>
<codeline lineno="330"><highlight class="normal"><sp/><sp/><sp/><sp/></highlight><highlight class="keyword">const</highlight><highlight class="normal"><sp/>CallableCollection<sp/>functions,</highlight></codeline>
<codeline lineno="331"><highlight class="normal"><sp/><sp/><sp/><sp/></highlight><highlight class="keywordtype">void</highlight><highlight class="normal">*<sp/>udf_device_data)</highlight></codeline>
<codeline lineno="332"><highlight class="normal">{</highlight></codeline>
<codeline lineno="333"><highlight class="normal"><sp/><sp/><sp/><sp/>device::api_compute_triangle_contact_frictional_forces&lt;CudaBackend&gt;(</highlight></codeline>
<codeline lineno="334"><highlight class="normal"><sp/><sp/><sp/><sp/><sp/><sp/><sp/><sp/>device_data,<sp/>time_curr,<sp/>functions,<sp/>udf_device_data);</highlight></codeline>
<codeline lineno="335"><highlight class="normal">}</highlight></codeline>
<codeline lineno="336"><highlight class="normal"></highlight></codeline>
<codeline lineno="337"><highlight class="normal"></highlight></codeline>
<codeline lineno="338"><highlight class="normal"></highlight><highlight class="keyword">template</highlight><highlight class="normal"><sp/>&lt;</highlight><highlight class="keyword">typename</highlight><highlight class="normal"><sp/>CallableCollection&gt;</highlight></codeline>
<codeline lineno="339"><highlight class="normal"></highlight><highlight class="keywordtype">void</highlight><highlight class="normal"><sp/>dispatch_frictional_contact_forces_kernel(</highlight></codeline>
<codeline lineno="340"><highlight class="normal"><sp/><sp/><sp/><sp/><ref refid="structIRockyModel" kindref="compound">IRockyModel</ref>&amp;<sp/>model,<sp/></highlight><highlight class="keyword">const</highlight><highlight class="normal"><sp/>CallableCollection&amp;<sp/>function_ptrs,<sp/></highlight><highlight class="keywordtype">void</highlight><highlight class="normal">**<sp/>udf_devices_data)</highlight></codeline>
<codeline lineno="341"><highlight class="normal">{</highlight></codeline>
<codeline lineno="342"><highlight class="normal"><sp/><sp/><sp/><sp/></highlight><highlight class="keywordflow">if</highlight><highlight class="normal"><sp/>(model.<ref refid="structIRockyModel_1a38a15145f4f2bb47b79ab785f50d8277" kindref="member">get_number_of_active_particles</ref>()<sp/>&lt;=<sp/>0)</highlight></codeline>
<codeline lineno="343"><highlight class="normal"><sp/><sp/><sp/><sp/><sp/><sp/><sp/><sp/></highlight><highlight class="keywordflow">return</highlight><highlight class="normal">;</highlight></codeline>
<codeline lineno="344"><highlight class="normal"></highlight></codeline>
<codeline lineno="345"><highlight class="normal"><sp/><sp/><sp/><sp/></highlight><highlight class="keyword">auto</highlight><highlight class="normal">&amp;<sp/>solver_model<sp/>=<sp/>*model._impl;</highlight></codeline>
<codeline lineno="346"><highlight class="normal"></highlight></codeline>
<codeline lineno="347"><highlight class="normal"><sp/><sp/><sp/><sp/>solver_model.n_contacts.reset();</highlight></codeline>
<codeline lineno="348"><highlight class="normal"><sp/><sp/><sp/><sp/>std::vector&lt;SNumberContacts&gt;<sp/>n_contacts(model.<ref refid="structIRockyModel_1a1fd1011aa809fe64647e9cacf1956a11" kindref="member">get_number_of_devices</ref>());</highlight></codeline>
<codeline lineno="349"><highlight class="normal"><sp/><sp/><sp/><sp/></highlight><highlight class="keywordflow">for</highlight><highlight class="normal"><sp/>(</highlight><highlight class="keywordtype">int</highlight><highlight class="normal"><sp/>i<sp/>=<sp/>0;<sp/>i<sp/>&lt;<sp/>model.<ref refid="structIRockyModel_1a1fd1011aa809fe64647e9cacf1956a11" kindref="member">get_number_of_devices</ref>();<sp/>i++)</highlight></codeline>
<codeline lineno="350"><highlight class="normal"><sp/><sp/><sp/><sp/>{</highlight></codeline>
<codeline lineno="351"><highlight class="normal"><sp/><sp/><sp/><sp/><sp/><sp/><sp/><sp/>CUDA_SET_DEVICE(model.<ref refid="structIRockyModel_1ae8f8865c809a31988291f9180d7cda2b" kindref="member">get_device_id</ref>(i));</highlight></codeline>
<codeline lineno="352"><highlight class="normal"><sp/><sp/><sp/><sp/><sp/><sp/><sp/><sp/>CUDA_COPY_D2H(n_contacts.data()<sp/>+<sp/>i,<sp/>solver_model.GetDeviceModel(i).n_contacts,<sp/>1);</highlight></codeline>
<codeline lineno="353"><highlight class="normal"><sp/><sp/><sp/><sp/><sp/><sp/><sp/><sp/>solver_model.n_contacts.join(n_contacts[i]);</highlight></codeline>
<codeline lineno="354"><highlight class="normal"><sp/><sp/><sp/><sp/>}</highlight></codeline>
<codeline lineno="355"><highlight class="normal"></highlight></codeline>
<codeline lineno="356"><highlight class="normal"><sp/><sp/><sp/><sp/></highlight><highlight class="keywordtype">void</highlight><highlight class="normal">*<sp/>udf_device_data<sp/>=<sp/></highlight><highlight class="keyword">nullptr</highlight><highlight class="normal">;</highlight></codeline>
<codeline lineno="357"><highlight class="normal"><sp/><sp/><sp/><sp/></highlight><highlight class="keywordflow">for</highlight><highlight class="normal"><sp/>(</highlight><highlight class="keywordtype">int</highlight><highlight class="normal"><sp/>i<sp/>=<sp/>0;<sp/>i<sp/>&lt;<sp/>model.<ref refid="structIRockyModel_1a1fd1011aa809fe64647e9cacf1956a11" kindref="member">get_number_of_devices</ref>();<sp/>i++)</highlight></codeline>
<codeline lineno="358"><highlight class="normal"><sp/><sp/><sp/><sp/>{</highlight></codeline>
<codeline lineno="359"><highlight class="normal"><sp/><sp/><sp/><sp/><sp/><sp/><sp/><sp/></highlight><highlight class="keywordflow">if</highlight><highlight class="normal"><sp/>(udf_devices_data)<sp/>udf_device_data<sp/>=<sp/>udf_devices_data[i];</highlight></codeline>
<codeline lineno="360"><highlight class="normal"><sp/><sp/><sp/><sp/><sp/><sp/><sp/><sp/>SDeviceModel*<sp/>device_data<sp/>=<sp/>model.get_device_data(i);</highlight></codeline>
<codeline lineno="361"><highlight class="normal"></highlight></codeline>
<codeline lineno="362"><highlight class="normal"><sp/><sp/><sp/><sp/><sp/><sp/><sp/><sp/>CUDA_SET_DEVICE(model.<ref refid="structIRockyModel_1ae8f8865c809a31988291f9180d7cda2b" kindref="member">get_device_id</ref>(i))</highlight></codeline>
<codeline lineno="363"><highlight class="normal"><sp/><sp/><sp/><sp/><sp/><sp/><sp/><sp/></highlight><highlight class="keyword">auto</highlight><highlight class="normal"><sp/>[blocks,<sp/>threads]<sp/>=<sp/>CudaBackend::get_launch_params(n_contacts[i].particle_fr);</highlight></codeline>
<codeline lineno="364"><highlight class="normal"><sp/><sp/><sp/><sp/><sp/><sp/><sp/><sp/>rocky::cuda::execute_frictional_particle_contact_forces_function&lt;&lt;&lt;blocks,<sp/>threads&gt;&gt;&gt;(</highlight></codeline>
<codeline lineno="365"><highlight class="normal"><sp/><sp/><sp/><sp/><sp/><sp/><sp/><sp/><sp/><sp/><sp/><sp/>device_data,<sp/>model.<ref refid="structIRockyModel_1a93ef35ae1eb9cf50ca77ab2070a769ab" kindref="member">get_current_time</ref>(),<sp/>function_ptrs,<sp/>udf_device_data);</highlight></codeline>
<codeline lineno="366"><highlight class="normal"><sp/><sp/><sp/><sp/>}</highlight></codeline>
<codeline lineno="367"><highlight class="normal"></highlight></codeline>
<codeline lineno="368"><highlight class="normal"><sp/><sp/><sp/><sp/></highlight><highlight class="keywordflow">for</highlight><highlight class="normal"><sp/>(</highlight><highlight class="keywordtype">int</highlight><highlight class="normal"><sp/>i<sp/>=<sp/>0;<sp/>i<sp/>&lt;<sp/>model.<ref refid="structIRockyModel_1a1fd1011aa809fe64647e9cacf1956a11" kindref="member">get_number_of_devices</ref>();<sp/>i++)</highlight></codeline>
<codeline lineno="369"><highlight class="normal"><sp/><sp/><sp/><sp/>{</highlight></codeline>
<codeline lineno="370"><highlight class="normal"><sp/><sp/><sp/><sp/><sp/><sp/><sp/><sp/></highlight><highlight class="keywordflow">if</highlight><highlight class="normal"><sp/>(udf_devices_data)<sp/>udf_device_data<sp/>=<sp/>udf_devices_data[i];</highlight></codeline>
<codeline lineno="371"><highlight class="normal"><sp/><sp/><sp/><sp/><sp/><sp/><sp/><sp/>SDeviceModel*<sp/>device_data<sp/>=<sp/>model.get_device_data(i);</highlight></codeline>
<codeline lineno="372"><highlight class="normal"></highlight></codeline>
<codeline lineno="373"><highlight class="normal"><sp/><sp/><sp/><sp/><sp/><sp/><sp/><sp/>CUDA_SET_DEVICE(model.<ref refid="structIRockyModel_1ae8f8865c809a31988291f9180d7cda2b" kindref="member">get_device_id</ref>(i))</highlight></codeline>
<codeline lineno="374"><highlight class="normal"><sp/><sp/><sp/><sp/><sp/><sp/><sp/><sp/></highlight><highlight class="keyword">auto</highlight><highlight class="normal"><sp/>[blocks,<sp/>threads]<sp/>=<sp/>CudaBackend::get_launch_params(n_contacts[i].triangle_fr);</highlight></codeline>
<codeline lineno="375"><highlight class="normal"><sp/><sp/><sp/><sp/><sp/><sp/><sp/><sp/>rocky::cuda::execute_frictional_triangle_contact_forces_function<sp/>&lt;&lt;&lt;blocks,<sp/>threads&gt;&gt;&gt;<sp/>(</highlight></codeline>
<codeline lineno="376"><highlight class="normal"><sp/><sp/><sp/><sp/><sp/><sp/><sp/><sp/><sp/><sp/><sp/><sp/>device_data,<sp/>model.<ref refid="structIRockyModel_1a93ef35ae1eb9cf50ca77ab2070a769ab" kindref="member">get_current_time</ref>(),<sp/>function_ptrs,<sp/>udf_device_data);</highlight></codeline>
<codeline lineno="377"><highlight class="normal"><sp/><sp/><sp/><sp/>}</highlight></codeline>
<codeline lineno="378"><highlight class="normal"></highlight></codeline>
<codeline lineno="379"><highlight class="normal"><sp/><sp/><sp/><sp/>sync_devices(model);</highlight></codeline>
<codeline lineno="380"><highlight class="normal">}</highlight></codeline>
<codeline lineno="381"><highlight class="normal"></highlight></codeline>
<codeline lineno="382"><highlight class="normal"></highlight><highlight class="keyword">template</highlight><highlight class="normal"><sp/>&lt;</highlight><highlight class="keyword">typename</highlight><highlight class="normal"><sp/>Callable&gt;</highlight></codeline>
<codeline lineno="383"><highlight class="normal">__global__<sp/></highlight><highlight class="keywordtype">void</highlight><highlight class="normal"><sp/>execute_adhesive_contact_forces_function(</highlight></codeline>
<codeline lineno="384"><highlight class="normal"><sp/><sp/><sp/><sp/>SDeviceModel<sp/>*device_data,</highlight></codeline>
<codeline lineno="385"><highlight class="normal"><sp/><sp/><sp/><sp/>cu_real<sp/>time_curr,</highlight></codeline>
<codeline lineno="386"><highlight class="normal"><sp/><sp/><sp/><sp/>Callable<sp/>particle_contact_f_ptr,</highlight></codeline>
<codeline lineno="387"><highlight class="normal"><sp/><sp/><sp/><sp/>Callable<sp/>triangle_contact_f_ptr,</highlight></codeline>
<codeline lineno="388"><highlight class="normal"><sp/><sp/><sp/><sp/></highlight><highlight class="keywordtype">void</highlight><highlight class="normal"><sp/>*udf_device_data</highlight></codeline>
<codeline lineno="389"><highlight class="normal">)</highlight></codeline>
<codeline lineno="390"><highlight class="normal">{</highlight></codeline>
<codeline lineno="391"><highlight class="normal"><sp/><sp/><sp/><sp/></highlight><highlight class="comment">//<sp/>Particles</highlight><highlight class="normal"></highlight></codeline>
<codeline lineno="392"><highlight class="normal"><sp/><sp/><sp/><sp/>device::api_compute_particle_contact_adhesive_forces&lt;CudaBackend&gt;(</highlight></codeline>
<codeline lineno="393"><highlight class="normal"><sp/><sp/><sp/><sp/><sp/><sp/><sp/><sp/>device_data,<sp/>time_curr,</highlight></codeline>
<codeline lineno="394"><highlight class="normal"><sp/><sp/><sp/><sp/><sp/><sp/><sp/><sp/>particle_contact_f_ptr,<sp/>udf_device_data</highlight></codeline>
<codeline lineno="395"><highlight class="normal"><sp/><sp/><sp/><sp/>);</highlight></codeline>
<codeline lineno="396"><highlight class="normal"></highlight></codeline>
<codeline lineno="397"><highlight class="normal"><sp/><sp/><sp/><sp/></highlight><highlight class="comment">//<sp/>Triangles</highlight><highlight class="normal"></highlight></codeline>
<codeline lineno="398"><highlight class="normal"><sp/><sp/><sp/><sp/>device::api_compute_triangle_contact_adhesive_forces&lt;CudaBackend&gt;(</highlight></codeline>
<codeline lineno="399"><highlight class="normal"><sp/><sp/><sp/><sp/><sp/><sp/><sp/><sp/>device_data,<sp/>time_curr,</highlight></codeline>
<codeline lineno="400"><highlight class="normal"><sp/><sp/><sp/><sp/><sp/><sp/><sp/><sp/>triangle_contact_f_ptr,<sp/>udf_device_data</highlight></codeline>
<codeline lineno="401"><highlight class="normal"><sp/><sp/><sp/><sp/>);</highlight></codeline>
<codeline lineno="402"><highlight class="normal">}</highlight></codeline>
<codeline lineno="403"><highlight class="normal"></highlight></codeline>
<codeline lineno="404"><highlight class="normal"></highlight><highlight class="keyword">template</highlight><highlight class="normal"><sp/>&lt;</highlight><highlight class="keyword">typename</highlight><highlight class="normal"><sp/>Callable&gt;</highlight></codeline>
<codeline lineno="405"><highlight class="normal"></highlight><highlight class="keywordtype">void</highlight><highlight class="normal"><sp/>dispatch_adhesive_contact_forces_kernel(</highlight></codeline>
<codeline lineno="406"><highlight class="normal"><sp/><sp/><sp/><sp/><ref refid="structIRockyModel" kindref="compound">IRockyModel</ref><sp/>&amp;model,</highlight></codeline>
<codeline lineno="407"><highlight class="normal"><sp/><sp/><sp/><sp/>Callable<sp/>h_particle_contact_f_ptr,</highlight></codeline>
<codeline lineno="408"><highlight class="normal"><sp/><sp/><sp/><sp/>Callable<sp/>h_triangle_contact_f_ptr,</highlight></codeline>
<codeline lineno="409"><highlight class="normal"><sp/><sp/><sp/><sp/></highlight><highlight class="keywordtype">void</highlight><highlight class="normal"><sp/>**udf_devices_data</highlight></codeline>
<codeline lineno="410"><highlight class="normal">)</highlight></codeline>
<codeline lineno="411"><highlight class="normal">{</highlight></codeline>
<codeline lineno="412"><highlight class="normal"><sp/><sp/><sp/><sp/></highlight><highlight class="keywordflow">if</highlight><highlight class="normal"><sp/>(model.<ref refid="structIRockyModel_1a38a15145f4f2bb47b79ab785f50d8277" kindref="member">get_number_of_active_particles</ref>()<sp/>&lt;=<sp/>0)</highlight></codeline>
<codeline lineno="413"><highlight class="normal"><sp/><sp/><sp/><sp/><sp/><sp/><sp/><sp/></highlight><highlight class="keywordflow">return</highlight><highlight class="normal">;</highlight></codeline>
<codeline lineno="414"><highlight class="normal"></highlight></codeline>
<codeline lineno="415"><highlight class="normal"><sp/><sp/><sp/><sp/>std::vector&lt;SNumberContacts&gt;<sp/>n_contacts(model.<ref refid="structIRockyModel_1a1fd1011aa809fe64647e9cacf1956a11" kindref="member">get_number_of_devices</ref>());</highlight></codeline>
<codeline lineno="416"><highlight class="normal"><sp/><sp/><sp/><sp/></highlight><highlight class="keywordflow">for</highlight><highlight class="normal"><sp/>(</highlight><highlight class="keywordtype">int</highlight><highlight class="normal"><sp/>i<sp/>=<sp/>0;<sp/>i<sp/>&lt;<sp/>model.<ref refid="structIRockyModel_1a1fd1011aa809fe64647e9cacf1956a11" kindref="member">get_number_of_devices</ref>();<sp/>i++)</highlight></codeline>
<codeline lineno="417"><highlight class="normal"><sp/><sp/><sp/><sp/>{</highlight></codeline>
<codeline lineno="418"><highlight class="normal"><sp/><sp/><sp/><sp/><sp/><sp/><sp/><sp/>CUDA_SET_DEVICE(model.<ref refid="structIRockyModel_1ae8f8865c809a31988291f9180d7cda2b" kindref="member">get_device_id</ref>(i))</highlight></codeline>
<codeline lineno="419"><highlight class="normal"><sp/><sp/><sp/><sp/><sp/><sp/><sp/><sp/>CUDA_COPY_D2H(n_contacts.data()<sp/>+<sp/>i,<sp/>model._impl-&gt;GetDeviceModel(i).n_contacts,<sp/>1)</highlight></codeline>
<codeline lineno="420"><highlight class="normal"><sp/><sp/><sp/><sp/>}</highlight></codeline>
<codeline lineno="421"><highlight class="normal"></highlight></codeline>
<codeline lineno="422"><highlight class="normal"><sp/><sp/><sp/><sp/></highlight><highlight class="keywordflow">for</highlight><highlight class="normal"><sp/>(</highlight><highlight class="keywordtype">int</highlight><highlight class="normal"><sp/>i<sp/>=<sp/>0;<sp/>i<sp/>&lt;<sp/>model.<ref refid="structIRockyModel_1a1fd1011aa809fe64647e9cacf1956a11" kindref="member">get_number_of_devices</ref>();<sp/>i++)</highlight></codeline>
<codeline lineno="423"><highlight class="normal"><sp/><sp/><sp/><sp/>{</highlight></codeline>
<codeline lineno="424"><highlight class="normal"><sp/><sp/><sp/><sp/><sp/><sp/><sp/><sp/></highlight><highlight class="keywordtype">void</highlight><highlight class="normal"><sp/>*udf_device_data<sp/>=<sp/>udf_devices_data[i];</highlight></codeline>
<codeline lineno="425"><highlight class="normal"><sp/><sp/><sp/><sp/><sp/><sp/><sp/><sp/>SDeviceModel<sp/>*device_data<sp/>=<sp/>model.get_device_data(i);</highlight></codeline>
<codeline lineno="426"><highlight class="normal"></highlight></codeline>
<codeline lineno="427"><highlight class="normal"><sp/><sp/><sp/><sp/><sp/><sp/><sp/><sp/>CUDA_SET_DEVICE(model.<ref refid="structIRockyModel_1ae8f8865c809a31988291f9180d7cda2b" kindref="member">get_device_id</ref>(i))</highlight></codeline>
<codeline lineno="428"><highlight class="normal"><sp/><sp/><sp/><sp/><sp/><sp/><sp/><sp/></highlight><highlight class="keyword">auto</highlight><highlight class="normal"><sp/>[blocks,<sp/>threads]<sp/>=<sp/>CudaBackend::get_launch_params(</highlight></codeline>
<codeline lineno="429"><highlight class="normal"><sp/><sp/><sp/><sp/><sp/><sp/><sp/><sp/><sp/><sp/><sp/><sp/>std::max(n_contacts[i].particle_ad,<sp/>n_contacts[i].triangle_ad));</highlight></codeline>
<codeline lineno="430"><highlight class="normal"><sp/><sp/><sp/><sp/><sp/><sp/><sp/><sp/>rocky::cuda::execute_adhesive_contact_forces_function&lt;&lt;&lt;blocks,<sp/>threads&gt;&gt;&gt;(</highlight></codeline>
<codeline lineno="431"><highlight class="normal"><sp/><sp/><sp/><sp/><sp/><sp/><sp/><sp/><sp/><sp/><sp/><sp/>device_data,</highlight></codeline>
<codeline lineno="432"><highlight class="normal"><sp/><sp/><sp/><sp/><sp/><sp/><sp/><sp/><sp/><sp/><sp/><sp/>model.<ref refid="structIRockyModel_1a93ef35ae1eb9cf50ca77ab2070a769ab" kindref="member">get_current_time</ref>(),</highlight></codeline>
<codeline lineno="433"><highlight class="normal"><sp/><sp/><sp/><sp/><sp/><sp/><sp/><sp/><sp/><sp/><sp/><sp/>h_particle_contact_f_ptr,</highlight></codeline>
<codeline lineno="434"><highlight class="normal"><sp/><sp/><sp/><sp/><sp/><sp/><sp/><sp/><sp/><sp/><sp/><sp/>h_triangle_contact_f_ptr,</highlight></codeline>
<codeline lineno="435"><highlight class="normal"><sp/><sp/><sp/><sp/><sp/><sp/><sp/><sp/><sp/><sp/><sp/><sp/>udf_device_data);</highlight></codeline>
<codeline lineno="436"><highlight class="normal"><sp/><sp/><sp/><sp/>}</highlight></codeline>
<codeline lineno="437"><highlight class="normal"></highlight></codeline>
<codeline lineno="438"><highlight class="normal"><sp/><sp/><sp/><sp/></highlight><highlight class="comment">//Sync<sp/>all<sp/>GPUs</highlight><highlight class="normal"></highlight></codeline>
<codeline lineno="439"><highlight class="normal"><sp/><sp/><sp/><sp/>sync_devices(model);</highlight></codeline>
<codeline lineno="440"><highlight class="normal">}</highlight></codeline>
<codeline lineno="441"><highlight class="normal"></highlight></codeline>
<codeline lineno="442"><highlight class="normal"></highlight><highlight class="comment">//<sp/>Boundary<sp/>wear<sp/>on<sp/>particle-triangle<sp/>contacts<sp/>----------------------------------------------------</highlight><highlight class="normal"></highlight></codeline>
<codeline lineno="443"><highlight class="normal"></highlight></codeline>
<codeline lineno="444"><highlight class="normal"></highlight><highlight class="keyword">template</highlight><highlight class="normal"><sp/>&lt;</highlight><highlight class="keyword">typename</highlight><highlight class="normal"><sp/>Callable&gt;</highlight></codeline>
<codeline lineno="445"><highlight class="normal">__global__<sp/></highlight><highlight class="keywordtype">void</highlight><highlight class="normal"><sp/>execute_boundaries_wear_function_kernel(</highlight></codeline>
<codeline lineno="446"><highlight class="normal"><sp/><sp/><sp/><sp/>SDeviceModel*<sp/>device_data,</highlight></codeline>
<codeline lineno="447"><highlight class="normal"><sp/><sp/><sp/><sp/>Callable<sp/>triangle_wear_f_ptr,</highlight></codeline>
<codeline lineno="448"><highlight class="normal"><sp/><sp/><sp/><sp/></highlight><highlight class="keywordtype">void</highlight><highlight class="normal">*<sp/>udf_device_data,</highlight></codeline>
<codeline lineno="449"><highlight class="normal"><sp/><sp/><sp/><sp/>cu_real<sp/>time_curr)</highlight></codeline>
<codeline lineno="450"><highlight class="normal">{</highlight></codeline>
<codeline lineno="451"><highlight class="normal"><sp/><sp/><sp/><sp/>device::api_compute_boundaries_wear&lt;CudaBackend&gt;(</highlight></codeline>
<codeline lineno="452"><highlight class="normal"><sp/><sp/><sp/><sp/><sp/><sp/><sp/><sp/>device_data,<sp/>time_curr,<sp/>triangle_wear_f_ptr,<sp/>udf_device_data);</highlight></codeline>
<codeline lineno="453"><highlight class="normal">}</highlight></codeline>
<codeline lineno="454"><highlight class="normal"></highlight></codeline>
<codeline lineno="455"><highlight class="normal"></highlight><highlight class="keyword">template</highlight><highlight class="normal"><sp/>&lt;</highlight><highlight class="keyword">typename</highlight><highlight class="normal"><sp/>Callable&gt;</highlight></codeline>
<codeline lineno="456"><highlight class="normal"></highlight><highlight class="keywordtype">void</highlight><highlight class="normal"><sp/>dispatch_boundaries_wear_kernel(</highlight></codeline>
<codeline lineno="457"><highlight class="normal"><sp/><sp/><sp/><sp/><ref refid="structIRockyModel" kindref="compound">IRockyModel</ref>&amp;<sp/>model,</highlight></codeline>
<codeline lineno="458"><highlight class="normal"><sp/><sp/><sp/><sp/>Callable<sp/>triangle_wear_f_ptr,</highlight></codeline>
<codeline lineno="459"><highlight class="normal"><sp/><sp/><sp/><sp/></highlight><highlight class="keywordtype">void</highlight><highlight class="normal">**<sp/>udf_devices_data</highlight></codeline>
<codeline lineno="460"><highlight class="normal">)</highlight></codeline>
<codeline lineno="461"><highlight class="normal">{</highlight></codeline>
<codeline lineno="462"><highlight class="normal"><sp/><sp/><sp/><sp/></highlight><highlight class="keywordflow">for</highlight><highlight class="normal"><sp/>(</highlight><highlight class="keywordtype">int</highlight><highlight class="normal"><sp/>i<sp/>=<sp/>0;<sp/>i<sp/>&lt;<sp/>model.<ref refid="structIRockyModel_1a1fd1011aa809fe64647e9cacf1956a11" kindref="member">get_number_of_devices</ref>();<sp/>i++)</highlight></codeline>
<codeline lineno="463"><highlight class="normal"><sp/><sp/><sp/><sp/>{</highlight></codeline>
<codeline lineno="464"><highlight class="normal"><sp/><sp/><sp/><sp/><sp/><sp/><sp/><sp/></highlight><highlight class="keywordtype">void</highlight><highlight class="normal">*<sp/>udf_device_data<sp/>=<sp/>udf_devices_data[i];</highlight></codeline>
<codeline lineno="465"><highlight class="normal"><sp/><sp/><sp/><sp/><sp/><sp/><sp/><sp/>SDeviceModel*<sp/>device_data<sp/>=<sp/>model.get_device_data(i);</highlight></codeline>
<codeline lineno="466"><highlight class="normal"></highlight></codeline>
<codeline lineno="467"><highlight class="normal"><sp/><sp/><sp/><sp/><sp/><sp/><sp/><sp/>CUDA_SET_DEVICE(model.<ref refid="structIRockyModel_1ae8f8865c809a31988291f9180d7cda2b" kindref="member">get_device_id</ref>(i))</highlight></codeline>
<codeline lineno="468"><highlight class="normal"><sp/><sp/><sp/><sp/><sp/><sp/><sp/><sp/>rocky::cuda::execute_boundaries_wear_function_kernel&lt;&lt;&lt;CD_NBLOCKS,<sp/>CD_NTHREADS&gt;&gt;&gt;(</highlight></codeline>
<codeline lineno="469"><highlight class="normal"><sp/><sp/><sp/><sp/><sp/><sp/><sp/><sp/><sp/><sp/><sp/><sp/>device_data,</highlight></codeline>
<codeline lineno="470"><highlight class="normal"><sp/><sp/><sp/><sp/><sp/><sp/><sp/><sp/><sp/><sp/><sp/><sp/>triangle_wear_f_ptr,</highlight></codeline>
<codeline lineno="471"><highlight class="normal"><sp/><sp/><sp/><sp/><sp/><sp/><sp/><sp/><sp/><sp/><sp/><sp/>udf_device_data,</highlight></codeline>
<codeline lineno="472"><highlight class="normal"><sp/><sp/><sp/><sp/><sp/><sp/><sp/><sp/><sp/><sp/><sp/><sp/>model._impl-&gt;iteration.current_time);</highlight></codeline>
<codeline lineno="473"><highlight class="normal"><sp/><sp/><sp/><sp/>}</highlight></codeline>
<codeline lineno="474"><highlight class="normal"></highlight></codeline>
<codeline lineno="475"><highlight class="normal"><sp/><sp/><sp/><sp/>sync_devices(model);</highlight></codeline>
<codeline lineno="476"><highlight class="normal">}</highlight></codeline>
<codeline lineno="477"><highlight class="normal"></highlight></codeline>
<codeline lineno="478"><highlight class="normal">}<sp/></highlight><highlight class="comment">//<sp/>namespace<sp/>rocky::cuda</highlight><highlight class="normal"></highlight></codeline>
    </programlisting>
    <location file="source/c++/rocky20/api/device/api_cuda_contacts.hpp"/>
  </compounddef>
</doxygen>
