<?xml version='1.0' encoding='UTF-8' standalone='no'?>
<doxygen xmlns:xsi="http://www.w3.org/2001/XMLSchema-instance" xsi:noNamespaceSchemaLocation="compound.xsd" version="1.10.0" xml:lang="en-US">
  <compounddef id="api__device__joints_8hpp" kind="file" language="C++">
    <compoundname>api_device_joints.hpp</compoundname>
    <includes local="no">rocky20/device/device_model.hpp</includes>
    <includedby refid="api__cuda__joints_8hpp" local="no">source/c++/rocky20/api/device/api_cuda_joints.hpp</includedby>
    <includedby refid="api__omp__joints_8hpp" local="no">source/c++/rocky20/api/device/api_omp_joints.hpp</includedby>
    <incdepgraph>
      <node id="1">
        <label>source/c++/rocky20/api/device/api_device_joints.hpp</label>
        <link refid="api__device__joints_8hpp"/>
        <childnode refid="2" relation="include">
        </childnode>
      </node>
      <node id="2">
        <label>rocky20/device/device_model.hpp</label>
      </node>
    </incdepgraph>
    <invincdepgraph>
      <node id="2">
        <label>source/c++/rocky20/api/device/api_cuda_joints.hpp</label>
        <link refid="api__cuda__joints_8hpp_source"/>
      </node>
      <node id="1">
        <label>source/c++/rocky20/api/device/api_device_joints.hpp</label>
        <link refid="api__device__joints_8hpp"/>
        <childnode refid="2" relation="include">
        </childnode>
        <childnode refid="3" relation="include">
        </childnode>
      </node>
      <node id="3">
        <label>source/c++/rocky20/api/device/api_omp_joints.hpp</label>
        <link refid="api__omp__joints_8hpp_source"/>
      </node>
    </invincdepgraph>
    <innernamespace refid="namespacedevice">device</innernamespace>
    <briefdescription>
    </briefdescription>
    <detaileddescription>
    </detaileddescription>
    <programlisting>
<codeline lineno="1"><highlight class="comment">//<sp/>(C)<sp/>2024<sp/>ANSYS,<sp/>Inc.<sp/>Unauthorized<sp/>use,<sp/>distribution,<sp/>or<sp/>duplication<sp/>is<sp/>prohibited.</highlight><highlight class="normal"></highlight></codeline>
<codeline lineno="2"><highlight class="normal"></highlight><highlight class="preprocessor">#pragma<sp/>once</highlight><highlight class="normal"></highlight></codeline>
<codeline lineno="3"><highlight class="normal"></highlight></codeline>
<codeline lineno="4"><highlight class="normal"></highlight><highlight class="preprocessor">#include<sp/>&lt;rocky20/device/device_model.hpp&gt;</highlight><highlight class="normal"></highlight></codeline>
<codeline lineno="5"><highlight class="normal"></highlight></codeline>
<codeline lineno="6"><highlight class="normal"></highlight><highlight class="keyword">namespace<sp/></highlight><highlight class="normal">device</highlight></codeline>
<codeline lineno="7"><highlight class="normal">{</highlight></codeline>
<codeline lineno="8"><highlight class="normal"></highlight></codeline>
<codeline lineno="9"><highlight class="normal"></highlight><highlight class="keyword">template</highlight><highlight class="normal"><sp/>&lt;</highlight><highlight class="keyword">class</highlight><highlight class="normal"><sp/>backend,<sp/></highlight><highlight class="keyword">typename</highlight><highlight class="normal"><sp/>Callable&gt;</highlight></codeline>
<codeline lineno="10"><highlight class="normal">__global__<sp/></highlight><highlight class="keywordtype">void</highlight><highlight class="normal"><sp/>execute_joints_function(</highlight></codeline>
<codeline lineno="11"><highlight class="normal"><sp/><sp/><sp/><sp/>SDeviceModel<sp/>*device_data,<sp/></highlight><highlight class="keywordtype">int</highlight><highlight class="normal"><sp/>device_id,<sp/>cu_real<sp/>current_time,</highlight></codeline>
<codeline lineno="12"><highlight class="normal"><sp/><sp/><sp/><sp/>Callable<sp/>process_joint_ptr,<sp/></highlight><highlight class="keywordtype">void</highlight><highlight class="normal"><sp/>*udf_data</highlight></codeline>
<codeline lineno="13"><highlight class="normal">)</highlight></codeline>
<codeline lineno="14"><highlight class="normal">{</highlight></codeline>
<codeline lineno="15"><highlight class="normal"><sp/><sp/><sp/><sp/><ref refid="structIRockyDeviceModel" kindref="compound">IRockyDeviceModel</ref><sp/>device_model_api;</highlight></codeline>
<codeline lineno="16"><highlight class="normal"><sp/><sp/><sp/><sp/>device_model_api._impl.model<sp/>=<sp/>device_data;</highlight></codeline>
<codeline lineno="17"><highlight class="normal"><sp/><sp/><sp/><sp/>device_model_api._impl.current_time<sp/>=<sp/>current_time;</highlight></codeline>
<codeline lineno="18"><highlight class="normal"></highlight></codeline>
<codeline lineno="19"><highlight class="normal"><sp/><sp/><sp/><sp/><ref refid="structIRockyJoint" kindref="compound">IRockyJoint</ref><sp/>joint_api(device_data,<sp/>device_id);</highlight></codeline>
<codeline lineno="20"><highlight class="normal"></highlight></codeline>
<codeline lineno="21"><highlight class="normal"><sp/><sp/><sp/><sp/></highlight><highlight class="comment">//<sp/>Thread</highlight><highlight class="normal"></highlight></codeline>
<codeline lineno="22"><highlight class="normal"><sp/><sp/><sp/><sp/></highlight><highlight class="keyword">const</highlight><highlight class="normal"><sp/>cuda_general<sp/>&amp;general<sp/>=<sp/>device_data-&gt;get_general();</highlight></codeline>
<codeline lineno="23"><highlight class="normal"><sp/><sp/><sp/><sp/></highlight><highlight class="keywordtype">int</highlight><highlight class="normal"><sp/>thread_start,<sp/>thread_step,<sp/>thread_stop;</highlight></codeline>
<codeline lineno="24"><highlight class="normal"><sp/><sp/><sp/><sp/>backend::ThreadIteration(thread_start,<sp/>thread_step,<sp/>thread_stop,<sp/>general.njn_prt_active);</highlight></codeline>
<codeline lineno="25"><highlight class="normal"><sp/><sp/><sp/><sp/></highlight><highlight class="keywordflow">for</highlight><highlight class="normal"><sp/>(</highlight><highlight class="keywordtype">int</highlight><highlight class="normal"><sp/>joint_index<sp/>=<sp/>thread_start;<sp/>joint_index<sp/>&lt;<sp/>thread_stop;<sp/>joint_index<sp/>+=<sp/>thread_step)</highlight></codeline>
<codeline lineno="26"><highlight class="normal"><sp/><sp/><sp/><sp/>{</highlight></codeline>
<codeline lineno="27"><highlight class="normal"><sp/><sp/><sp/><sp/><sp/><sp/><sp/><sp/>joint_api._impl.reset(joint_index);</highlight></codeline>
<codeline lineno="28"><highlight class="normal"><sp/><sp/><sp/><sp/><sp/><sp/><sp/><sp/></highlight><highlight class="keywordflow">if</highlight><highlight class="normal"><sp/>(joint_api._impl.is_enabled())</highlight></codeline>
<codeline lineno="29"><highlight class="normal"><sp/><sp/><sp/><sp/><sp/><sp/><sp/><sp/>{</highlight></codeline>
<codeline lineno="30"><highlight class="normal"><sp/><sp/><sp/><sp/><sp/><sp/><sp/><sp/><sp/><sp/><sp/><sp/></highlight><highlight class="comment">//Process<sp/>joint<sp/>forces</highlight><highlight class="normal"></highlight></codeline>
<codeline lineno="31"><highlight class="normal"><sp/><sp/><sp/><sp/><sp/><sp/><sp/><sp/><sp/><sp/><sp/><sp/>process_joint_ptr(device_model_api,<sp/>joint_api,<sp/>udf_data);</highlight></codeline>
<codeline lineno="32"><highlight class="normal"><sp/><sp/><sp/><sp/><sp/><sp/><sp/><sp/>}</highlight></codeline>
<codeline lineno="33"><highlight class="normal"><sp/><sp/><sp/><sp/>}</highlight></codeline>
<codeline lineno="34"><highlight class="normal">}</highlight></codeline>
<codeline lineno="35"><highlight class="normal"></highlight></codeline>
<codeline lineno="36"><highlight class="normal"></highlight><highlight class="keyword">template</highlight><highlight class="normal"><sp/>&lt;</highlight><highlight class="keyword">class</highlight><highlight class="normal"><sp/>backend,<sp/></highlight><highlight class="keyword">typename</highlight><highlight class="normal"><sp/>Callable&gt;</highlight></codeline>
<codeline lineno="37"><highlight class="normal">__host__<sp/>__device__<sp/></highlight><highlight class="keywordtype">void</highlight><highlight class="normal"><sp/>compute_joint_forces(</highlight></codeline>
<codeline lineno="38"><highlight class="normal"><sp/><sp/><sp/><sp/>SDeviceModel<sp/>*device_data,<sp/></highlight><highlight class="keywordtype">int</highlight><highlight class="normal"><sp/>device_id,</highlight></codeline>
<codeline lineno="39"><highlight class="normal"><sp/><sp/><sp/><sp/>Callable<sp/>process_joint_ptr,<sp/></highlight><highlight class="keywordtype">void</highlight><highlight class="normal"><sp/>*udf_data</highlight></codeline>
<codeline lineno="40"><highlight class="normal">)</highlight></codeline>
<codeline lineno="41"><highlight class="normal">{</highlight></codeline>
<codeline lineno="42"><highlight class="normal"><sp/><sp/><sp/><sp/></highlight><highlight class="comment">//General<sp/>data</highlight><highlight class="normal"></highlight></codeline>
<codeline lineno="43"><highlight class="normal"><sp/><sp/><sp/><sp/></highlight><highlight class="keyword">const</highlight><highlight class="normal"><sp/>cuda_general<sp/>&amp;general<sp/>=<sp/>device_data-&gt;get_general();</highlight></codeline>
<codeline lineno="44"><highlight class="normal"><sp/><sp/><sp/><sp/></highlight><highlight class="keyword">const</highlight><highlight class="normal"><sp/></highlight><highlight class="keyword">auto</highlight><highlight class="normal"><sp/>&amp;periodic<sp/>=<sp/>device_data-&gt;gen-&gt;periodic_domain;</highlight></codeline>
<codeline lineno="45"><highlight class="normal"><sp/><sp/><sp/><sp/></highlight><highlight class="keywordtype">bool</highlight><highlight class="normal"><sp/>is_cylindrical<sp/>=<sp/>periodic.is_cylindrical();</highlight></codeline>
<codeline lineno="46"><highlight class="normal"></highlight></codeline>
<codeline lineno="47"><highlight class="normal"><sp/><sp/><sp/><sp/><ref refid="structIRockyJoint" kindref="compound">IRockyJoint</ref><sp/>joint_api(device_data,<sp/>device_id);</highlight></codeline>
<codeline lineno="48"><highlight class="normal"><sp/><sp/><sp/><sp/></highlight><highlight class="keyword">auto</highlight><highlight class="normal">*<sp/>data_recorder<sp/>=<sp/>device_data-&gt;joint_data_recorder;</highlight></codeline>
<codeline lineno="49"><highlight class="normal"></highlight></codeline>
<codeline lineno="50"><highlight class="normal"><sp/><sp/><sp/><sp/></highlight><highlight class="comment">//<sp/>Thread</highlight><highlight class="normal"></highlight></codeline>
<codeline lineno="51"><highlight class="normal"><sp/><sp/><sp/><sp/></highlight><highlight class="keywordtype">int</highlight><highlight class="normal"><sp/>thread_start,<sp/>thread_step,<sp/>thread_stop;</highlight></codeline>
<codeline lineno="52"><highlight class="normal"><sp/><sp/><sp/><sp/>backend::ThreadIteration(thread_start,<sp/>thread_step,<sp/>thread_stop,<sp/>general.njn_prt_active);</highlight></codeline>
<codeline lineno="53"><highlight class="normal"><sp/><sp/><sp/><sp/></highlight><highlight class="keywordflow">for</highlight><highlight class="normal"><sp/>(</highlight><highlight class="keywordtype">int</highlight><highlight class="normal"><sp/>joint_index<sp/>=<sp/>thread_start;<sp/>joint_index<sp/>&lt;<sp/>thread_stop;<sp/>joint_index<sp/>+=<sp/>thread_step)</highlight></codeline>
<codeline lineno="54"><highlight class="normal"><sp/><sp/><sp/><sp/>{</highlight></codeline>
<codeline lineno="55"><highlight class="normal"><sp/><sp/><sp/><sp/><sp/><sp/><sp/><sp/></highlight><highlight class="keywordflow">if</highlight><highlight class="normal"><sp/>(joint_api._impl.get_joint_model(joint_index)<sp/>==<sp/>jmCustom)</highlight></codeline>
<codeline lineno="56"><highlight class="normal"><sp/><sp/><sp/><sp/><sp/><sp/><sp/><sp/>{</highlight></codeline>
<codeline lineno="57"><highlight class="normal"><sp/><sp/><sp/><sp/><sp/><sp/><sp/><sp/><sp/><sp/><sp/><sp/>joint_api._impl.reset(joint_index);</highlight></codeline>
<codeline lineno="58"><highlight class="normal"><sp/><sp/><sp/><sp/><sp/><sp/><sp/><sp/><sp/><sp/><sp/><sp/></highlight><highlight class="keywordflow">if</highlight><highlight class="normal"><sp/>(joint_api._impl.is_enabled())</highlight></codeline>
<codeline lineno="59"><highlight class="normal"><sp/><sp/><sp/><sp/><sp/><sp/><sp/><sp/><sp/><sp/><sp/><sp/>{</highlight></codeline>
<codeline lineno="60"><highlight class="normal"><sp/><sp/><sp/><sp/><sp/><sp/><sp/><sp/><sp/><sp/><sp/><sp/><sp/><sp/><sp/><sp/></highlight><highlight class="comment">//Process<sp/>joint<sp/>forces</highlight><highlight class="normal"></highlight></codeline>
<codeline lineno="61"><highlight class="normal"></highlight></codeline>
<codeline lineno="62"><highlight class="normal"><sp/><sp/><sp/><sp/><sp/><sp/><sp/><sp/><sp/><sp/><sp/><sp/><sp/><sp/><sp/><sp/>IRockyJointOutputData<sp/>output_data{};</highlight></codeline>
<codeline lineno="63"><highlight class="normal"><sp/><sp/><sp/><sp/><sp/><sp/><sp/><sp/><sp/><sp/><sp/><sp/><sp/><sp/><sp/><sp/>process_joint_ptr(joint_api,<sp/>output_data,<sp/>udf_data);</highlight></codeline>
<codeline lineno="64"><highlight class="normal"></highlight></codeline>
<codeline lineno="65"><highlight class="normal"><sp/><sp/><sp/><sp/><sp/><sp/><sp/><sp/><sp/><sp/><sp/><sp/><sp/><sp/><sp/><sp/></highlight><highlight class="keyword">auto</highlight><highlight class="normal"><sp/>&amp;joint<sp/>=<sp/>device_data-&gt;jnt_prt[joint_index];</highlight></codeline>
<codeline lineno="66"><highlight class="normal"></highlight></codeline>
<codeline lineno="67"><highlight class="normal"><sp/><sp/><sp/><sp/><sp/><sp/><sp/><sp/><sp/><sp/><sp/><sp/><sp/><sp/><sp/><sp/></highlight><highlight class="comment">//Add<sp/>joint<sp/>forces<sp/>and<sp/>moments<sp/>-<sp/>home<sp/>particle</highlight><highlight class="normal"></highlight></codeline>
<codeline lineno="68"><highlight class="normal"><sp/><sp/><sp/><sp/><sp/><sp/><sp/><sp/><sp/><sp/><sp/><sp/><sp/><sp/><sp/><sp/>cuda_particle_force<sp/>&amp;h_particle_forces<sp/>=<sp/>device_data-&gt;frc[joint.nh];</highlight></codeline>
<codeline lineno="69"><highlight class="normal"></highlight></codeline>
<codeline lineno="70"><highlight class="normal"><sp/><sp/><sp/><sp/><sp/><sp/><sp/><sp/><sp/><sp/><sp/><sp/><sp/><sp/><sp/><sp/></highlight><highlight class="keyword">const</highlight><highlight class="normal"><sp/></highlight><highlight class="keyword">auto</highlight><highlight class="normal">&amp;<sp/>force<sp/>=<sp/>output_data._force;</highlight></codeline>
<codeline lineno="71"><highlight class="normal"><sp/><sp/><sp/><sp/><sp/><sp/><sp/><sp/><sp/><sp/><sp/><sp/><sp/><sp/><sp/><sp/></highlight><highlight class="keyword">const</highlight><highlight class="normal"><sp/></highlight><highlight class="keyword">auto</highlight><highlight class="normal">&amp;<sp/>home_moment<sp/>=<sp/>output_data._home_moment;</highlight></codeline>
<codeline lineno="72"><highlight class="normal"><sp/><sp/><sp/><sp/><sp/><sp/><sp/><sp/><sp/><sp/><sp/><sp/><sp/><sp/><sp/><sp/>cu_real<sp/>fxh<sp/>=<sp/>force.x;</highlight></codeline>
<codeline lineno="73"><highlight class="normal"><sp/><sp/><sp/><sp/><sp/><sp/><sp/><sp/><sp/><sp/><sp/><sp/><sp/><sp/><sp/><sp/>cu_real<sp/>fyh<sp/>=<sp/>force.y;</highlight></codeline>
<codeline lineno="74"><highlight class="normal"><sp/><sp/><sp/><sp/><sp/><sp/><sp/><sp/><sp/><sp/><sp/><sp/><sp/><sp/><sp/><sp/>cu_real<sp/>fzh<sp/>=<sp/>force.z;</highlight></codeline>
<codeline lineno="75"><highlight class="normal"><sp/><sp/><sp/><sp/><sp/><sp/><sp/><sp/><sp/><sp/><sp/><sp/><sp/><sp/><sp/><sp/>cu_real<sp/>mxh<sp/>=<sp/>home_moment.x;</highlight></codeline>
<codeline lineno="76"><highlight class="normal"><sp/><sp/><sp/><sp/><sp/><sp/><sp/><sp/><sp/><sp/><sp/><sp/><sp/><sp/><sp/><sp/>cu_real<sp/>myh<sp/>=<sp/>home_moment.y;</highlight></codeline>
<codeline lineno="77"><highlight class="normal"><sp/><sp/><sp/><sp/><sp/><sp/><sp/><sp/><sp/><sp/><sp/><sp/><sp/><sp/><sp/><sp/>cu_real<sp/>mzh<sp/>=<sp/>home_moment.z;</highlight></codeline>
<codeline lineno="78"><highlight class="normal"></highlight></codeline>
<codeline lineno="79"><highlight class="normal"><sp/><sp/><sp/><sp/><sp/><sp/><sp/><sp/><sp/><sp/><sp/><sp/><sp/><sp/><sp/><sp/></highlight><highlight class="keywordflow">if</highlight><highlight class="normal"><sp/>(is_cylindrical)</highlight></codeline>
<codeline lineno="80"><highlight class="normal"><sp/><sp/><sp/><sp/><sp/><sp/><sp/><sp/><sp/><sp/><sp/><sp/><sp/><sp/><sp/><sp/>{</highlight></codeline>
<codeline lineno="81"><highlight class="normal"><sp/><sp/><sp/><sp/><sp/><sp/><sp/><sp/><sp/><sp/><sp/><sp/><sp/><sp/><sp/><sp/><sp/><sp/><sp/><sp/>periodic.get_cylindric_periodic_position(</highlight></codeline>
<codeline lineno="82"><highlight class="normal"><sp/><sp/><sp/><sp/><sp/><sp/><sp/><sp/><sp/><sp/><sp/><sp/><sp/><sp/><sp/><sp/><sp/><sp/><sp/><sp/><sp/><sp/><sp/><sp/>fxh,<sp/>fyh,<sp/>fzh,<sp/>joint_api._impl.state.periodic_position,<sp/>{},<sp/>{},<sp/></highlight><highlight class="keyword">true</highlight><highlight class="normal">);</highlight></codeline>
<codeline lineno="83"><highlight class="normal"><sp/><sp/><sp/><sp/><sp/><sp/><sp/><sp/><sp/><sp/><sp/><sp/><sp/><sp/><sp/><sp/><sp/><sp/><sp/><sp/>periodic.get_cylindric_periodic_position(</highlight></codeline>
<codeline lineno="84"><highlight class="normal"><sp/><sp/><sp/><sp/><sp/><sp/><sp/><sp/><sp/><sp/><sp/><sp/><sp/><sp/><sp/><sp/><sp/><sp/><sp/><sp/><sp/><sp/><sp/><sp/>mxh,<sp/>myh,<sp/>mzh,<sp/>joint_api._impl.state.periodic_position,<sp/>{},<sp/>{},<sp/></highlight><highlight class="keyword">true</highlight><highlight class="normal">);</highlight></codeline>
<codeline lineno="85"><highlight class="normal"><sp/><sp/><sp/><sp/><sp/><sp/><sp/><sp/><sp/><sp/><sp/><sp/><sp/><sp/><sp/><sp/>}</highlight></codeline>
<codeline lineno="86"><highlight class="normal"></highlight></codeline>
<codeline lineno="87"><highlight class="normal"><sp/><sp/><sp/><sp/><sp/><sp/><sp/><sp/><sp/><sp/><sp/><sp/><sp/><sp/><sp/><sp/>backend::AtomicAdd(&amp;h_particle_forces.fx,<sp/>fxh);</highlight></codeline>
<codeline lineno="88"><highlight class="normal"><sp/><sp/><sp/><sp/><sp/><sp/><sp/><sp/><sp/><sp/><sp/><sp/><sp/><sp/><sp/><sp/>backend::AtomicAdd(&amp;h_particle_forces.fy,<sp/>fyh);</highlight></codeline>
<codeline lineno="89"><highlight class="normal"><sp/><sp/><sp/><sp/><sp/><sp/><sp/><sp/><sp/><sp/><sp/><sp/><sp/><sp/><sp/><sp/>backend::AtomicAdd(&amp;h_particle_forces.fz,<sp/>fzh);</highlight></codeline>
<codeline lineno="90"><highlight class="normal"><sp/><sp/><sp/><sp/><sp/><sp/><sp/><sp/><sp/><sp/><sp/><sp/><sp/><sp/><sp/><sp/>backend::AtomicAdd(&amp;h_particle_forces.mx,<sp/>mxh);</highlight></codeline>
<codeline lineno="91"><highlight class="normal"><sp/><sp/><sp/><sp/><sp/><sp/><sp/><sp/><sp/><sp/><sp/><sp/><sp/><sp/><sp/><sp/>backend::AtomicAdd(&amp;h_particle_forces.my,<sp/>myh);</highlight></codeline>
<codeline lineno="92"><highlight class="normal"><sp/><sp/><sp/><sp/><sp/><sp/><sp/><sp/><sp/><sp/><sp/><sp/><sp/><sp/><sp/><sp/>backend::AtomicAdd(&amp;h_particle_forces.mz,<sp/>mzh);</highlight></codeline>
<codeline lineno="93"><highlight class="normal"></highlight></codeline>
<codeline lineno="94"><highlight class="normal"><sp/><sp/><sp/><sp/><sp/><sp/><sp/><sp/><sp/><sp/><sp/><sp/><sp/><sp/><sp/><sp/></highlight><highlight class="comment">//Add<sp/>joint<sp/>forces<sp/>and<sp/>moments<sp/>-<sp/>near<sp/>particle</highlight><highlight class="normal"></highlight></codeline>
<codeline lineno="95"><highlight class="normal"><sp/><sp/><sp/><sp/><sp/><sp/><sp/><sp/><sp/><sp/><sp/><sp/><sp/><sp/><sp/><sp/></highlight><highlight class="keyword">auto</highlight><highlight class="normal">&amp;<sp/>n_particle_force<sp/>=<sp/>device_data-&gt;frc[joint.nn];</highlight></codeline>
<codeline lineno="96"><highlight class="normal"></highlight></codeline>
<codeline lineno="97"><highlight class="normal"><sp/><sp/><sp/><sp/><sp/><sp/><sp/><sp/><sp/><sp/><sp/><sp/><sp/><sp/><sp/><sp/>backend::AtomicAdd(&amp;(n_particle_force.fx),<sp/>-force.x);</highlight></codeline>
<codeline lineno="98"><highlight class="normal"><sp/><sp/><sp/><sp/><sp/><sp/><sp/><sp/><sp/><sp/><sp/><sp/><sp/><sp/><sp/><sp/>backend::AtomicAdd(&amp;(n_particle_force.fy),<sp/>-force.y);</highlight></codeline>
<codeline lineno="99"><highlight class="normal"><sp/><sp/><sp/><sp/><sp/><sp/><sp/><sp/><sp/><sp/><sp/><sp/><sp/><sp/><sp/><sp/>backend::AtomicAdd(&amp;(n_particle_force.fz),<sp/>-force.z);</highlight></codeline>
<codeline lineno="100"><highlight class="normal"></highlight></codeline>
<codeline lineno="101"><highlight class="normal"><sp/><sp/><sp/><sp/><sp/><sp/><sp/><sp/><sp/><sp/><sp/><sp/><sp/><sp/><sp/><sp/></highlight><highlight class="keyword">const</highlight><highlight class="normal"><sp/></highlight><highlight class="keyword">auto</highlight><highlight class="normal"><sp/>&amp;near_moment<sp/>=<sp/>output_data._near_moment;</highlight></codeline>
<codeline lineno="102"><highlight class="normal"><sp/><sp/><sp/><sp/><sp/><sp/><sp/><sp/><sp/><sp/><sp/><sp/><sp/><sp/><sp/><sp/>backend::AtomicAdd(&amp;(n_particle_force.mx),<sp/>near_moment.x);</highlight></codeline>
<codeline lineno="103"><highlight class="normal"><sp/><sp/><sp/><sp/><sp/><sp/><sp/><sp/><sp/><sp/><sp/><sp/><sp/><sp/><sp/><sp/>backend::AtomicAdd(&amp;(n_particle_force.my),<sp/>near_moment.y);</highlight></codeline>
<codeline lineno="104"><highlight class="normal"><sp/><sp/><sp/><sp/><sp/><sp/><sp/><sp/><sp/><sp/><sp/><sp/><sp/><sp/><sp/><sp/>backend::AtomicAdd(&amp;(n_particle_force.mz),<sp/>near_moment.z);</highlight></codeline>
<codeline lineno="105"><highlight class="normal"></highlight></codeline>
<codeline lineno="106"><highlight class="normal"><sp/><sp/><sp/><sp/><sp/><sp/><sp/><sp/><sp/><sp/><sp/><sp/><sp/><sp/><sp/><sp/></highlight><highlight class="keywordflow">if</highlight><highlight class="normal"><sp/>(data_recorder<sp/>&amp;&amp;<sp/>data_recorder-&gt;enabled)</highlight></codeline>
<codeline lineno="107"><highlight class="normal"><sp/><sp/><sp/><sp/><sp/><sp/><sp/><sp/><sp/><sp/><sp/><sp/><sp/><sp/><sp/><sp/>{</highlight></codeline>
<codeline lineno="108"><highlight class="normal"><sp/><sp/><sp/><sp/><sp/><sp/><sp/><sp/><sp/><sp/><sp/><sp/><sp/><sp/><sp/><sp/><sp/><sp/><sp/><sp/></highlight><highlight class="keyword">const</highlight><highlight class="normal"><sp/>cu_real<sp/>dt<sp/>=<sp/>device_data-&gt;gen-&gt;dt;</highlight></codeline>
<codeline lineno="109"><highlight class="normal"></highlight></codeline>
<codeline lineno="110"><highlight class="normal"><sp/><sp/><sp/><sp/><sp/><sp/><sp/><sp/><sp/><sp/><sp/><sp/><sp/><sp/><sp/><sp/><sp/><sp/><sp/><sp/></highlight><highlight class="comment">//<sp/>register<sp/>forces</highlight><highlight class="normal"></highlight></codeline>
<codeline lineno="111"><highlight class="normal"><sp/><sp/><sp/><sp/><sp/><sp/><sp/><sp/><sp/><sp/><sp/><sp/><sp/><sp/><sp/><sp/><sp/><sp/><sp/><sp/></highlight><highlight class="keyword">const</highlight><highlight class="normal"><sp/>cu_real3&amp;<sp/>normal<sp/>=<sp/>joint_api._impl.state.normal_vector;</highlight></codeline>
<codeline lineno="112"><highlight class="normal"><sp/><sp/><sp/><sp/><sp/><sp/><sp/><sp/><sp/><sp/><sp/><sp/><sp/><sp/><sp/><sp/><sp/><sp/><sp/><sp/></highlight><highlight class="keyword">const</highlight><highlight class="normal"><sp/>cu_real<sp/>normal_force<sp/>=<sp/>rocky::vector::dot(force,<sp/>normal);</highlight></codeline>
<codeline lineno="113"><highlight class="normal"><sp/><sp/><sp/><sp/><sp/><sp/><sp/><sp/><sp/><sp/><sp/><sp/><sp/><sp/><sp/><sp/><sp/><sp/><sp/><sp/></highlight><highlight class="keyword">const</highlight><highlight class="normal"><sp/>cu_real<sp/>tangential_force<sp/>=<sp/>rocky::vector::get_norm(force<sp/>-<sp/>normal_force<sp/>*<sp/>normal);</highlight></codeline>
<codeline lineno="114"><highlight class="normal"><sp/><sp/><sp/><sp/><sp/><sp/><sp/><sp/><sp/><sp/><sp/><sp/><sp/><sp/><sp/><sp/><sp/><sp/><sp/><sp/>data_recorder-&gt;register_joint_forces(</highlight></codeline>
<codeline lineno="115"><highlight class="normal"><sp/><sp/><sp/><sp/><sp/><sp/><sp/><sp/><sp/><sp/><sp/><sp/><sp/><sp/><sp/><sp/><sp/><sp/><sp/><sp/><sp/><sp/><sp/><sp/>device_data-&gt;joint_scalars,</highlight></codeline>
<codeline lineno="116"><highlight class="normal"><sp/><sp/><sp/><sp/><sp/><sp/><sp/><sp/><sp/><sp/><sp/><sp/><sp/><sp/><sp/><sp/><sp/><sp/><sp/><sp/><sp/><sp/><sp/><sp/>normal_force,<sp/>tangential_force,</highlight></codeline>
<codeline lineno="117"><highlight class="normal"><sp/><sp/><sp/><sp/><sp/><sp/><sp/><sp/><sp/><sp/><sp/><sp/><sp/><sp/><sp/><sp/><sp/><sp/><sp/><sp/><sp/><sp/><sp/><sp/>joint_index,<sp/>dt</highlight></codeline>
<codeline lineno="118"><highlight class="normal"><sp/><sp/><sp/><sp/><sp/><sp/><sp/><sp/><sp/><sp/><sp/><sp/><sp/><sp/><sp/><sp/><sp/><sp/><sp/><sp/>);</highlight></codeline>
<codeline lineno="119"><highlight class="normal"></highlight></codeline>
<codeline lineno="120"><highlight class="normal"><sp/><sp/><sp/><sp/><sp/><sp/><sp/><sp/><sp/><sp/><sp/><sp/><sp/><sp/><sp/><sp/><sp/><sp/><sp/><sp/></highlight><highlight class="comment">//<sp/>register<sp/>moments</highlight><highlight class="normal"></highlight></codeline>
<codeline lineno="121"><highlight class="normal"><sp/><sp/><sp/><sp/><sp/><sp/><sp/><sp/><sp/><sp/><sp/><sp/><sp/><sp/><sp/><sp/><sp/><sp/><sp/><sp/></highlight><highlight class="keyword">const</highlight><highlight class="normal"><sp/>cu_real3<sp/>avg_moment<sp/>=<sp/>0.5<sp/>*<sp/>(home_moment<sp/>+<sp/>near_moment);</highlight></codeline>
<codeline lineno="122"><highlight class="normal"><sp/><sp/><sp/><sp/><sp/><sp/><sp/><sp/><sp/><sp/><sp/><sp/><sp/><sp/><sp/><sp/><sp/><sp/><sp/><sp/></highlight><highlight class="keywordflow">for</highlight><highlight class="normal"><sp/>(</highlight><highlight class="keywordtype">int</highlight><highlight class="normal"><sp/>i<sp/>=<sp/>0;<sp/>i<sp/>&lt;<sp/>3;<sp/>i++)</highlight></codeline>
<codeline lineno="123"><highlight class="normal"><sp/><sp/><sp/><sp/><sp/><sp/><sp/><sp/><sp/><sp/><sp/><sp/><sp/><sp/><sp/><sp/><sp/><sp/><sp/><sp/>{</highlight></codeline>
<codeline lineno="124"><highlight class="normal"><sp/><sp/><sp/><sp/><sp/><sp/><sp/><sp/><sp/><sp/><sp/><sp/><sp/><sp/><sp/><sp/><sp/><sp/><sp/><sp/><sp/><sp/><sp/><sp/></highlight><highlight class="keyword">const</highlight><highlight class="normal"><sp/>cu_real3&amp;<sp/>axis<sp/>=<sp/>joint_api._impl.state.ax[i];</highlight></codeline>
<codeline lineno="125"><highlight class="normal"><sp/><sp/><sp/><sp/><sp/><sp/><sp/><sp/><sp/><sp/><sp/><sp/><sp/><sp/><sp/><sp/><sp/><sp/><sp/><sp/><sp/><sp/><sp/><sp/></highlight><highlight class="keyword">const</highlight><highlight class="normal"><sp/>cu_real<sp/>m_component<sp/>=<sp/>rocky::vector::dot(avg_moment,<sp/>axis);</highlight></codeline>
<codeline lineno="126"><highlight class="normal"><sp/><sp/><sp/><sp/><sp/><sp/><sp/><sp/><sp/><sp/><sp/><sp/><sp/><sp/><sp/><sp/><sp/><sp/><sp/><sp/><sp/><sp/><sp/><sp/>data_recorder-&gt;register_joint_moment(</highlight></codeline>
<codeline lineno="127"><highlight class="normal"><sp/><sp/><sp/><sp/><sp/><sp/><sp/><sp/><sp/><sp/><sp/><sp/><sp/><sp/><sp/><sp/><sp/><sp/><sp/><sp/><sp/><sp/><sp/><sp/><sp/><sp/><sp/><sp/>device_data-&gt;joint_scalars,</highlight></codeline>
<codeline lineno="128"><highlight class="normal"><sp/><sp/><sp/><sp/><sp/><sp/><sp/><sp/><sp/><sp/><sp/><sp/><sp/><sp/><sp/><sp/><sp/><sp/><sp/><sp/><sp/><sp/><sp/><sp/><sp/><sp/><sp/><sp/></highlight><highlight class="keyword">static_cast&lt;</highlight><highlight class="normal">JointDataRecorder::JointMomentType</highlight><highlight class="keyword">&gt;</highlight><highlight class="normal">(i),</highlight></codeline>
<codeline lineno="129"><highlight class="normal"><sp/><sp/><sp/><sp/><sp/><sp/><sp/><sp/><sp/><sp/><sp/><sp/><sp/><sp/><sp/><sp/><sp/><sp/><sp/><sp/><sp/><sp/><sp/><sp/><sp/><sp/><sp/><sp/>m_component,</highlight></codeline>
<codeline lineno="130"><highlight class="normal"><sp/><sp/><sp/><sp/><sp/><sp/><sp/><sp/><sp/><sp/><sp/><sp/><sp/><sp/><sp/><sp/><sp/><sp/><sp/><sp/><sp/><sp/><sp/><sp/><sp/><sp/><sp/><sp/>joint_index,<sp/>dt</highlight></codeline>
<codeline lineno="131"><highlight class="normal"><sp/><sp/><sp/><sp/><sp/><sp/><sp/><sp/><sp/><sp/><sp/><sp/><sp/><sp/><sp/><sp/><sp/><sp/><sp/><sp/><sp/><sp/><sp/><sp/>);</highlight></codeline>
<codeline lineno="132"><highlight class="normal"><sp/><sp/><sp/><sp/><sp/><sp/><sp/><sp/><sp/><sp/><sp/><sp/><sp/><sp/><sp/><sp/><sp/><sp/><sp/><sp/>}</highlight></codeline>
<codeline lineno="133"><highlight class="normal"></highlight></codeline>
<codeline lineno="134"><highlight class="normal"><sp/><sp/><sp/><sp/><sp/><sp/><sp/><sp/><sp/><sp/><sp/><sp/><sp/><sp/><sp/><sp/><sp/><sp/><sp/><sp/></highlight><highlight class="comment">//<sp/>register<sp/>stresses</highlight><highlight class="normal"></highlight></codeline>
<codeline lineno="135"><highlight class="normal"><sp/><sp/><sp/><sp/><sp/><sp/><sp/><sp/><sp/><sp/><sp/><sp/><sp/><sp/><sp/><sp/><sp/><sp/><sp/><sp/></highlight><highlight class="keywordflow">if</highlight><highlight class="normal"><sp/>(data_recorder-&gt;stresses_enabled)</highlight></codeline>
<codeline lineno="136"><highlight class="normal"><sp/><sp/><sp/><sp/><sp/><sp/><sp/><sp/><sp/><sp/><sp/><sp/><sp/><sp/><sp/><sp/><sp/><sp/><sp/><sp/>{</highlight></codeline>
<codeline lineno="137"><highlight class="normal"><sp/><sp/><sp/><sp/><sp/><sp/><sp/><sp/><sp/><sp/><sp/><sp/><sp/><sp/><sp/><sp/><sp/><sp/><sp/><sp/><sp/><sp/><sp/><sp/></highlight><highlight class="keyword">const</highlight><highlight class="normal"><sp/>cu_real<sp/>area<sp/>=<sp/>joint_api._impl.state.area;</highlight></codeline>
<codeline lineno="138"><highlight class="normal"><sp/><sp/><sp/><sp/><sp/><sp/><sp/><sp/><sp/><sp/><sp/><sp/><sp/><sp/><sp/><sp/><sp/><sp/><sp/><sp/><sp/><sp/><sp/><sp/></highlight><highlight class="keyword">const</highlight><highlight class="normal"><sp/>cu_real<sp/>tensile_stress<sp/>=<sp/>rocky::dmax(0.0,<sp/>normal_force)<sp/>/<sp/>area;</highlight></codeline>
<codeline lineno="139"><highlight class="normal"><sp/><sp/><sp/><sp/><sp/><sp/><sp/><sp/><sp/><sp/><sp/><sp/><sp/><sp/><sp/><sp/><sp/><sp/><sp/><sp/><sp/><sp/><sp/><sp/></highlight><highlight class="keyword">const</highlight><highlight class="normal"><sp/>cu_real<sp/>shear_stress<sp/>=<sp/>tangential_force<sp/>/<sp/>area;</highlight></codeline>
<codeline lineno="140"><highlight class="normal"><sp/><sp/><sp/><sp/><sp/><sp/><sp/><sp/><sp/><sp/><sp/><sp/><sp/><sp/><sp/><sp/><sp/><sp/><sp/><sp/><sp/><sp/><sp/><sp/></highlight><highlight class="keyword">const</highlight><highlight class="normal"><sp/>cu_real<sp/>von_mises_stress<sp/>=<sp/>sqrt(tensile_stress<sp/>*<sp/>tensile_stress<sp/>+<sp/>3.0<sp/>*<sp/>shear_stress<sp/>*<sp/>shear_stress);</highlight></codeline>
<codeline lineno="141"><highlight class="normal"><sp/><sp/><sp/><sp/><sp/><sp/><sp/><sp/><sp/><sp/><sp/><sp/><sp/><sp/><sp/><sp/><sp/><sp/><sp/><sp/><sp/><sp/><sp/><sp/>data_recorder-&gt;register_joint_stresses(</highlight></codeline>
<codeline lineno="142"><highlight class="normal"><sp/><sp/><sp/><sp/><sp/><sp/><sp/><sp/><sp/><sp/><sp/><sp/><sp/><sp/><sp/><sp/><sp/><sp/><sp/><sp/><sp/><sp/><sp/><sp/><sp/><sp/><sp/><sp/>device_data-&gt;joint_scalars,</highlight></codeline>
<codeline lineno="143"><highlight class="normal"><sp/><sp/><sp/><sp/><sp/><sp/><sp/><sp/><sp/><sp/><sp/><sp/><sp/><sp/><sp/><sp/><sp/><sp/><sp/><sp/><sp/><sp/><sp/><sp/><sp/><sp/><sp/><sp/>tensile_stress,<sp/>shear_stress,<sp/>von_mises_stress,</highlight></codeline>
<codeline lineno="144"><highlight class="normal"><sp/><sp/><sp/><sp/><sp/><sp/><sp/><sp/><sp/><sp/><sp/><sp/><sp/><sp/><sp/><sp/><sp/><sp/><sp/><sp/><sp/><sp/><sp/><sp/><sp/><sp/><sp/><sp/>joint_index,<sp/>dt</highlight></codeline>
<codeline lineno="145"><highlight class="normal"><sp/><sp/><sp/><sp/><sp/><sp/><sp/><sp/><sp/><sp/><sp/><sp/><sp/><sp/><sp/><sp/><sp/><sp/><sp/><sp/><sp/><sp/><sp/><sp/>);</highlight></codeline>
<codeline lineno="146"><highlight class="normal"><sp/><sp/><sp/><sp/><sp/><sp/><sp/><sp/><sp/><sp/><sp/><sp/><sp/><sp/><sp/><sp/><sp/><sp/><sp/><sp/>}</highlight></codeline>
<codeline lineno="147"><highlight class="normal"><sp/><sp/><sp/><sp/><sp/><sp/><sp/><sp/><sp/><sp/><sp/><sp/><sp/><sp/><sp/><sp/>}</highlight></codeline>
<codeline lineno="148"><highlight class="normal"><sp/><sp/><sp/><sp/><sp/><sp/><sp/><sp/><sp/><sp/><sp/><sp/>}</highlight></codeline>
<codeline lineno="149"><highlight class="normal"><sp/><sp/><sp/><sp/><sp/><sp/><sp/><sp/>}</highlight></codeline>
<codeline lineno="150"><highlight class="normal"><sp/><sp/><sp/><sp/>}</highlight></codeline>
<codeline lineno="151"><highlight class="normal">}</highlight></codeline>
<codeline lineno="152"><highlight class="normal"></highlight></codeline>
<codeline lineno="153"><highlight class="normal"></highlight><highlight class="keyword">template</highlight><highlight class="normal"><sp/>&lt;</highlight><highlight class="keyword">class</highlight><highlight class="normal"><sp/>backend,<sp/></highlight><highlight class="keyword">typename</highlight><highlight class="normal"><sp/>Callable&gt;</highlight></codeline>
<codeline lineno="154"><highlight class="normal">__host__<sp/>__device__<sp/></highlight><highlight class="keywordtype">void</highlight><highlight class="normal"><sp/>compute_joint_breakage(</highlight></codeline>
<codeline lineno="155"><highlight class="normal"><sp/><sp/><sp/><sp/>SDeviceModel*<sp/>device_data,<sp/></highlight><highlight class="keywordtype">int</highlight><highlight class="normal"><sp/>device_id,</highlight></codeline>
<codeline lineno="156"><highlight class="normal"><sp/><sp/><sp/><sp/>Callable<sp/>process_joint_breakage_ptr,<sp/></highlight><highlight class="keywordtype">void</highlight><highlight class="normal">*<sp/>udf_data,</highlight></codeline>
<codeline lineno="157"><highlight class="normal"><sp/><sp/><sp/><sp/></highlight><highlight class="keyword">typename</highlight><highlight class="normal"><sp/>backend::atomic_int_ptr<sp/>nbreak_joints_a,<sp/>cu_real<sp/>time_curr</highlight></codeline>
<codeline lineno="158"><highlight class="normal">)</highlight></codeline>
<codeline lineno="159"><highlight class="normal">{</highlight></codeline>
<codeline lineno="160"><highlight class="normal"><sp/><sp/><sp/><sp/></highlight><highlight class="keyword">const</highlight><highlight class="normal"><sp/>cuda_general&amp;<sp/>general<sp/>=<sp/>device_data-&gt;get_general();</highlight></codeline>
<codeline lineno="161"><highlight class="normal"></highlight></codeline>
<codeline lineno="162"><highlight class="normal"><sp/><sp/><sp/><sp/></highlight><highlight class="keywordtype">int</highlight><highlight class="normal"><sp/>njb_old<sp/>=<sp/>0;</highlight></codeline>
<codeline lineno="163"><highlight class="normal"><sp/><sp/><sp/><sp/><ref refid="structIRockyJoint" kindref="compound">IRockyJoint</ref><sp/>joint_api(device_data,<sp/>device_id);</highlight></codeline>
<codeline lineno="164"><highlight class="normal"><sp/><sp/><sp/><sp/></highlight><highlight class="keyword">auto</highlight><highlight class="normal">&amp;<sp/>rocky_joint<sp/>=<sp/>joint_api._impl;</highlight></codeline>
<codeline lineno="165"><highlight class="normal"></highlight></codeline>
<codeline lineno="166"><highlight class="normal"><sp/><sp/><sp/><sp/></highlight><highlight class="keywordtype">int</highlight><highlight class="normal"><sp/>thread_start,<sp/>thread_step,<sp/>thread_stop;</highlight></codeline>
<codeline lineno="167"><highlight class="normal"><sp/><sp/><sp/><sp/>backend::ThreadIteration(thread_start,<sp/>thread_step,<sp/>thread_stop,<sp/>general.njn_prt_brk_active);</highlight></codeline>
<codeline lineno="168"><highlight class="normal"><sp/><sp/><sp/><sp/></highlight><highlight class="keywordflow">for</highlight><highlight class="normal"><sp/>(</highlight><highlight class="keywordtype">int</highlight><highlight class="normal"><sp/>brjnt_index<sp/>=<sp/>thread_start;<sp/>brjnt_index<sp/>&lt;<sp/>thread_stop;<sp/>brjnt_index<sp/>+=<sp/>thread_step)</highlight></codeline>
<codeline lineno="169"><highlight class="normal"><sp/><sp/><sp/><sp/>{</highlight></codeline>
<codeline lineno="170"><highlight class="normal"><sp/><sp/><sp/><sp/><sp/><sp/><sp/><sp/></highlight><highlight class="keywordtype">int</highlight><highlight class="normal"><sp/>joint_index<sp/>=<sp/>device_data-&gt;breakable_joints[brjnt_index]<sp/>-<sp/>general.njn_prt_active_start;</highlight></codeline>
<codeline lineno="171"><highlight class="normal"><sp/><sp/><sp/><sp/><sp/><sp/><sp/><sp/></highlight></codeline>
<codeline lineno="172"><highlight class="normal"><sp/><sp/><sp/><sp/><sp/><sp/><sp/><sp/></highlight><highlight class="keywordflow">if</highlight><highlight class="normal"><sp/>(rocky_joint.get_breakage_model(joint_index)<sp/>==<sp/>pbmDiscreteCustom)</highlight></codeline>
<codeline lineno="173"><highlight class="normal"><sp/><sp/><sp/><sp/><sp/><sp/><sp/><sp/>{</highlight></codeline>
<codeline lineno="174"><highlight class="normal"><sp/><sp/><sp/><sp/><sp/><sp/><sp/><sp/><sp/><sp/><sp/><sp/>rocky_joint.reset(joint_index);</highlight></codeline>
<codeline lineno="175"><highlight class="normal"><sp/><sp/><sp/><sp/><sp/><sp/><sp/><sp/><sp/><sp/><sp/><sp/></highlight><highlight class="keywordtype">bool</highlight><highlight class="normal"><sp/>broken<sp/>=<sp/></highlight><highlight class="keyword">false</highlight><highlight class="normal">;</highlight></codeline>
<codeline lineno="176"><highlight class="normal"></highlight></codeline>
<codeline lineno="177"><highlight class="normal"><sp/><sp/><sp/><sp/><sp/><sp/><sp/><sp/><sp/><sp/><sp/><sp/></highlight><highlight class="keywordflow">if</highlight><highlight class="normal"><sp/>(rocky_joint.is_enabled())</highlight></codeline>
<codeline lineno="178"><highlight class="normal"><sp/><sp/><sp/><sp/><sp/><sp/><sp/><sp/><sp/><sp/><sp/><sp/>{</highlight></codeline>
<codeline lineno="179"><highlight class="normal"><sp/><sp/><sp/><sp/><sp/><sp/><sp/><sp/><sp/><sp/><sp/><sp/><sp/><sp/><sp/><sp/></highlight><highlight class="keywordflow">if</highlight><highlight class="normal"><sp/>(time_curr<sp/>-<sp/>rocky_joint.get_particle_release_time()<sp/>&lt;<sp/>general.breakage_start_release_time)</highlight></codeline>
<codeline lineno="180"><highlight class="normal"><sp/><sp/><sp/><sp/><sp/><sp/><sp/><sp/><sp/><sp/><sp/><sp/><sp/><sp/><sp/><sp/><sp/><sp/><sp/><sp/></highlight><highlight class="keywordflow">return</highlight><highlight class="normal">;</highlight></codeline>
<codeline lineno="181"><highlight class="normal"></highlight></codeline>
<codeline lineno="182"><highlight class="normal"><sp/><sp/><sp/><sp/><sp/><sp/><sp/><sp/><sp/><sp/><sp/><sp/><sp/><sp/><sp/><sp/>process_joint_breakage_ptr(joint_api,<sp/>broken,<sp/>udf_data);</highlight></codeline>
<codeline lineno="183"><highlight class="normal"><sp/><sp/><sp/><sp/><sp/><sp/><sp/><sp/><sp/><sp/><sp/><sp/><sp/><sp/><sp/><sp/></highlight></codeline>
<codeline lineno="184"><highlight class="normal"><sp/><sp/><sp/><sp/><sp/><sp/><sp/><sp/><sp/><sp/><sp/><sp/><sp/><sp/><sp/><sp/></highlight><highlight class="keywordflow">if</highlight><highlight class="normal"><sp/>(broken)</highlight></codeline>
<codeline lineno="185"><highlight class="normal"><sp/><sp/><sp/><sp/><sp/><sp/><sp/><sp/><sp/><sp/><sp/><sp/><sp/><sp/><sp/><sp/>{</highlight></codeline>
<codeline lineno="186"><highlight class="normal"><sp/><sp/><sp/><sp/><sp/><sp/><sp/><sp/><sp/><sp/><sp/><sp/><sp/><sp/><sp/><sp/><sp/><sp/><sp/><sp/>backend::AtomicAdd(nbreak_joints_a,<sp/>1,<sp/>njb_old);</highlight></codeline>
<codeline lineno="187"><highlight class="normal"><sp/><sp/><sp/><sp/><sp/><sp/><sp/><sp/><sp/><sp/><sp/><sp/><sp/><sp/><sp/><sp/><sp/><sp/><sp/><sp/>device_data-&gt;broken_joints[njb_old]<sp/>=<sp/>joint_index;</highlight></codeline>
<codeline lineno="188"><highlight class="normal"><sp/><sp/><sp/><sp/><sp/><sp/><sp/><sp/><sp/><sp/><sp/><sp/><sp/><sp/><sp/><sp/><sp/><sp/><sp/><sp/>device_data-&gt;joint_scalars-&gt;get_breakage_state(joint_index)<sp/>=<sp/>dbsFullyBroken;</highlight></codeline>
<codeline lineno="189"><highlight class="normal"><sp/><sp/><sp/><sp/><sp/><sp/><sp/><sp/><sp/><sp/><sp/><sp/><sp/><sp/><sp/><sp/>}</highlight></codeline>
<codeline lineno="190"><highlight class="normal"><sp/><sp/><sp/><sp/><sp/><sp/><sp/><sp/><sp/><sp/><sp/><sp/>}</highlight></codeline>
<codeline lineno="191"><highlight class="normal"><sp/><sp/><sp/><sp/><sp/><sp/><sp/><sp/>}</highlight></codeline>
<codeline lineno="192"><highlight class="normal"><sp/><sp/><sp/><sp/>}</highlight></codeline>
<codeline lineno="193"><highlight class="normal">}</highlight></codeline>
<codeline lineno="194"><highlight class="normal"></highlight></codeline>
<codeline lineno="195"><highlight class="normal">}<sp/></highlight><highlight class="comment">//<sp/>namespace<sp/>device</highlight><highlight class="normal"></highlight></codeline>
    </programlisting>
    <location file="source/c++/rocky20/api/device/api_device_joints.hpp"/>
  </compounddef>
</doxygen>
