<?xml version='1.0' encoding='UTF-8' standalone='no'?>
<doxygen xmlns:xsi="http://www.w3.org/2001/XMLSchema-instance" xsi:noNamespaceSchemaLocation="compound.xsd" version="1.10.0" xml:lang="en-US">
  <compounddef id="api__cuda__cfd__coupling_8hpp" kind="file" language="C++">
    <compoundname>api_cuda_cfd_coupling.hpp</compoundname>
    <includes refid="api__cuda_8hpp" local="no">rocky20/api/device/api_cuda.hpp</includes>
    <includes refid="api__device__cfd__coupling_8hpp" local="no">rocky20/api/device/api_device_cfd_coupling.hpp</includes>
    <incdepgraph>
      <node id="11">
        <label>rocky20/api/device/api_backend.hpp</label>
        <link refid="api__backend_8hpp_source"/>
        <childnode refid="12" relation="include">
        </childnode>
        <childnode refid="13" relation="include">
        </childnode>
      </node>
      <node id="2">
        <label>rocky20/api/device/api_cuda.hpp</label>
        <link refid="api__cuda_8hpp_source"/>
        <childnode refid="3" relation="include">
        </childnode>
        <childnode refid="4" relation="include">
        </childnode>
        <childnode refid="5" relation="include">
        </childnode>
      </node>
      <node id="1">
        <label>source/c++/rocky20/api/device/api_cuda_cfd_coupling.hpp</label>
        <link refid="api__cuda__cfd__coupling_8hpp"/>
        <childnode refid="2" relation="include">
        </childnode>
        <childnode refid="59" relation="include">
        </childnode>
      </node>
      <node id="59">
        <label>rocky20/api/device/api_device_cfd_coupling.hpp</label>
        <link refid="api__device__cfd__coupling_8hpp_source"/>
        <childnode refid="60" relation="include">
        </childnode>
        <childnode refid="61" relation="include">
        </childnode>
        <childnode refid="62" relation="include">
        </childnode>
      </node>
      <node id="57">
        <label>rocky20/api/device/api_device_contacts.hpp</label>
        <link refid="api__device__contacts_8hpp_source"/>
        <childnode refid="33" relation="include">
        </childnode>
        <childnode refid="58" relation="include">
        </childnode>
        <childnode refid="28" relation="include">
        </childnode>
      </node>
      <node id="56">
        <label>rocky20/api/device/api_omp_contacts.hpp</label>
        <link refid="api__omp__contacts_8hpp_source"/>
        <childnode refid="54" relation="include">
        </childnode>
        <childnode refid="5" relation="include">
        </childnode>
        <childnode refid="57" relation="include">
        </childnode>
        <childnode refid="13" relation="include">
        </childnode>
      </node>
      <node id="6">
        <label>dll_export.h</label>
        <link refid="dll__export_8h_source"/>
      </node>
      <node id="5">
        <label>rocky20/api/rocky_api.h</label>
        <link refid="rocky__api_8h_source"/>
        <childnode refid="6" relation="include">
        </childnode>
        <childnode refid="7" relation="include">
        </childnode>
        <childnode refid="23" relation="include">
        </childnode>
        <childnode refid="29" relation="include">
        </childnode>
        <childnode refid="30" relation="include">
        </childnode>
        <childnode refid="33" relation="include">
        </childnode>
        <childnode refid="24" relation="include">
        </childnode>
        <childnode refid="26" relation="include">
        </childnode>
        <childnode refid="32" relation="include">
        </childnode>
        <childnode refid="38" relation="include">
        </childnode>
        <childnode refid="39" relation="include">
        </childnode>
        <childnode refid="15" relation="include">
        </childnode>
        <childnode refid="40" relation="include">
        </childnode>
        <childnode refid="43" relation="include">
        </childnode>
        <childnode refid="51" relation="include">
        </childnode>
        <childnode refid="52" relation="include">
        </childnode>
        <childnode refid="18" relation="include">
        </childnode>
        <childnode refid="54" relation="include">
        </childnode>
        <childnode refid="11" relation="include">
        </childnode>
        <childnode refid="56" relation="include">
        </childnode>
        <childnode refid="57" relation="include">
        </childnode>
      </node>
      <node id="60">
        <label>rocky20/api/rocky_api_cfd_functions.h</label>
        <link refid="rocky__api__cfd__functions_8h_source"/>
      </node>
      <node id="55">
        <label>rocky_api_contact_functions.h</label>
        <link refid="rocky__api__contact__functions_8h_source"/>
      </node>
      <node id="54">
        <label>rocky_api_functions.h</label>
        <link refid="rocky__api__functions_8h_source"/>
        <childnode refid="6" relation="include">
        </childnode>
        <childnode refid="20" relation="include">
        </childnode>
        <childnode refid="55" relation="include">
        </childnode>
      </node>
      <node id="10">
        <label>rocky20/api/rocky_boundary.hpp</label>
        <link refid="rocky__boundary_8hpp_source"/>
        <childnode refid="9" relation="include">
        </childnode>
        <childnode refid="11" relation="include">
        </childnode>
        <childnode refid="14" relation="include">
        </childnode>
        <childnode refid="15" relation="include">
        </childnode>
      </node>
      <node id="20">
        <label>rocky20/api/rocky_boundary_api.hpp</label>
        <link refid="rocky__boundary__api_8hpp_source"/>
        <childnode refid="21" relation="include">
        </childnode>
        <childnode refid="9" relation="include">
        </childnode>
        <childnode refid="22" relation="include">
        </childnode>
        <childnode refid="10" relation="include">
        </childnode>
      </node>
      <node id="39">
        <label>rocky20/api/rocky_boundary_scalars.hpp</label>
        <link refid="rocky__boundary__scalars_8hpp_source"/>
        <childnode refid="16" relation="include">
        </childnode>
      </node>
      <node id="8">
        <label>rocky20/api/rocky_contact.hpp</label>
        <link refid="rocky__contact_8hpp_source"/>
        <childnode refid="9" relation="include">
        </childnode>
        <childnode refid="10" relation="include">
        </childnode>
        <childnode refid="20" relation="include">
        </childnode>
        <childnode refid="23" relation="include">
        </childnode>
        <childnode refid="24" relation="include">
        </childnode>
        <childnode refid="27" relation="include">
        </childnode>
      </node>
      <node id="7">
        <label>rocky_contact_api.hpp</label>
        <link refid="rocky__contact__api_8hpp_source"/>
        <childnode refid="8" relation="include">
        </childnode>
        <childnode refid="14" relation="include">
        </childnode>
        <childnode refid="28" relation="include">
        </childnode>
      </node>
      <node id="52">
        <label>rocky_contact_data_recorder_api.h</label>
        <link refid="rocky__contact__data__recorder__api_8h_source"/>
        <childnode refid="53" relation="include">
        </childnode>
      </node>
      <node id="23">
        <label>rocky20/api/rocky_contact_scalars.hpp</label>
        <link refid="rocky__contact__scalars_8hpp_source"/>
        <childnode refid="16" relation="include">
        </childnode>
      </node>
      <node id="29">
        <label>rocky_fluid_scalars.hpp</label>
        <link refid="rocky__fluid__scalars_8hpp_source"/>
        <childnode refid="16" relation="include">
        </childnode>
      </node>
      <node id="30">
        <label>rocky_joint_api.hpp</label>
        <link refid="rocky__joint__api_8hpp_source"/>
        <childnode refid="24" relation="include">
        </childnode>
        <childnode refid="31" relation="include">
        </childnode>
        <childnode refid="32" relation="include">
        </childnode>
      </node>
      <node id="32">
        <label>rocky_joint_scalars.hpp</label>
        <link refid="rocky__joint__scalars_8hpp_source"/>
        <childnode refid="16" relation="include">
        </childnode>
      </node>
      <node id="14">
        <label>rocky20/api/rocky_material_api.hpp</label>
        <link refid="rocky__material__api_8hpp_source"/>
        <childnode refid="9" relation="include">
        </childnode>
      </node>
      <node id="34">
        <label>rocky_model.hpp</label>
        <link refid="rocky__model_8hpp_source"/>
        <childnode refid="9" relation="include">
        </childnode>
        <childnode refid="35" relation="include">
        </childnode>
        <childnode refid="38" relation="include">
        </childnode>
        <childnode refid="39" relation="include">
        </childnode>
      </node>
      <node id="33">
        <label>rocky_model_api.hpp</label>
        <link refid="rocky__model__api_8hpp_source"/>
        <childnode refid="34" relation="include">
        </childnode>
        <childnode refid="24" relation="include">
        </childnode>
      </node>
      <node id="43">
        <label>rocky_output_collections_api.hpp</label>
        <link refid="rocky__output__collections__api_8hpp_source"/>
        <childnode refid="44" relation="include">
        </childnode>
        <childnode refid="46" relation="include">
        </childnode>
      </node>
      <node id="46">
        <label>rocky_output_properties.h</label>
        <link refid="rocky__output__properties_8h_source"/>
        <childnode refid="42" relation="include">
        </childnode>
        <childnode refid="47" relation="include">
        </childnode>
        <childnode refid="48" relation="include">
        </childnode>
        <childnode refid="49" relation="include">
        </childnode>
        <childnode refid="50" relation="include">
        </childnode>
      </node>
      <node id="38">
        <label>rocky20/api/rocky_pair_scalars.hpp</label>
        <link refid="rocky__pair__scalars_8hpp_source"/>
        <childnode refid="16" relation="include">
        </childnode>
      </node>
      <node id="25">
        <label>rocky_particle.hpp</label>
        <link refid="rocky__particle_8hpp_source"/>
        <childnode refid="11" relation="include">
        </childnode>
        <childnode refid="26" relation="include">
        </childnode>
        <childnode refid="9" relation="include">
        </childnode>
        <childnode refid="27" relation="include">
        </childnode>
      </node>
      <node id="24">
        <label>rocky20/api/rocky_particle_api.hpp</label>
        <link refid="rocky__particle__api_8hpp_source"/>
        <childnode refid="25" relation="include">
        </childnode>
        <childnode refid="14" relation="include">
        </childnode>
        <childnode refid="26" relation="include">
        </childnode>
      </node>
      <node id="26">
        <label>rocky20/api/rocky_particle_scalars.hpp</label>
        <link refid="rocky__particle__scalars_8hpp_source"/>
        <childnode refid="16" relation="include">
        </childnode>
      </node>
      <node id="40">
        <label>rocky_plugin_data.h</label>
        <link refid="rocky__plugin__data_8h_source"/>
        <childnode refid="41" relation="include">
        </childnode>
        <childnode refid="42" relation="include">
        </childnode>
      </node>
      <node id="36">
        <label>rocky_point_cloud.h</label>
        <link refid="rocky__point__cloud_8h_source"/>
        <childnode refid="37" relation="include">
        </childnode>
      </node>
      <node id="35">
        <label>rocky20/api/rocky_point_cloud_api.hpp</label>
        <link refid="rocky__point__cloud__api_8hpp_source"/>
        <childnode refid="36" relation="include">
        </childnode>
      </node>
      <node id="16">
        <label>rocky_scalars.h</label>
        <link refid="rocky__scalars_8h_source"/>
        <childnode refid="17" relation="include">
        </childnode>
        <childnode refid="11" relation="include">
        </childnode>
        <childnode refid="18" relation="include">
        </childnode>
      </node>
      <node id="18">
        <label>rocky20/api/rocky_statistics_data.hpp</label>
        <link refid="rocky__statistics__data_8hpp_source"/>
        <childnode refid="19" relation="include">
        </childnode>
        <childnode refid="11" relation="include">
        </childnode>
      </node>
      <node id="44">
        <label>rocky_time_curve_data.hpp</label>
        <link refid="rocky__time__curve__data_8hpp_source"/>
        <childnode refid="45" relation="include">
        </childnode>
      </node>
      <node id="51">
        <label>rocky_timestep_api.h</label>
        <link refid="rocky__timestep__api_8h_source"/>
        <childnode refid="41" relation="include">
        </childnode>
        <childnode refid="47" relation="include">
        </childnode>
      </node>
      <node id="15">
        <label>rocky_triangle_scalars.hpp</label>
        <link refid="rocky__triangle__scalars_8hpp_source"/>
        <childnode refid="16" relation="include">
        </childnode>
      </node>
      <node id="41">
        <label>memory</label>
      </node>
      <node id="45">
        <label>rocky20/addins/rocky_addin.h</label>
      </node>
      <node id="49">
        <label>rocky20/core/utils/rocky_exception.hpp</label>
      </node>
      <node id="21">
        <label>rocky20/core/utils/rocky_math.hpp</label>
      </node>
      <node id="4">
        <label>rocky20/cuda/CudaUtil.hpp</label>
      </node>
      <node id="3">
        <label>rocky20/cuda/cuda_backend.hpp</label>
      </node>
      <node id="12">
        <label>rocky20/cuda/cuda_basics.hpp</label>
      </node>
      <node id="62">
        <label>rocky20/device/device_cfd_coupling.hpp</label>
      </node>
      <node id="61">
        <label>rocky20/device/device_cfd_drag.hpp</label>
      </node>
      <node id="28">
        <label>rocky20/device/device_contact.hpp</label>
      </node>
      <node id="58">
        <label>rocky20/device/device_forces.hpp</label>
      </node>
      <node id="31">
        <label>rocky20/device/device_joint_api.hpp</label>
      </node>
      <node id="9">
        <label>rocky20/device/device_model.hpp</label>
      </node>
      <node id="22">
        <label>rocky20/device/device_triangles.hpp</label>
      </node>
      <node id="27">
        <label>rocky20/device/element_properties.hpp</label>
      </node>
      <node id="13">
        <label>rocky20/device/omp_backend.hpp</label>
      </node>
      <node id="53">
        <label>rocky20/model/data_recorders.h</label>
      </node>
      <node id="37">
        <label>rocky20/model/point_cloud.h</label>
      </node>
      <node id="48">
        <label>rocky20/model/rocky_enums.h</label>
      </node>
      <node id="17">
        <label>rocky20/model/rocky_model.h</label>
      </node>
      <node id="50">
        <label>rocky20/model/scalars.h</label>
      </node>
      <node id="19">
        <label>rocky20/model/statistics_data.hpp</label>
      </node>
      <node id="42">
        <label>string</label>
      </node>
      <node id="47">
        <label>vector</label>
      </node>
    </incdepgraph>
    <innernamespace refid="namespacerocky">rocky</innernamespace>
    <innernamespace refid="namespacerocky_1_1cuda">rocky::cuda</innernamespace>
    <briefdescription>
    </briefdescription>
    <detaileddescription>
    </detaileddescription>
    <programlisting>
<codeline lineno="1"><highlight class="comment">//<sp/>(C)<sp/>2024<sp/>ANSYS,<sp/>Inc.<sp/>Unauthorized<sp/>use,<sp/>distribution,<sp/>or<sp/>duplication<sp/>is<sp/>prohibited.</highlight><highlight class="normal"></highlight></codeline>
<codeline lineno="2"><highlight class="normal"></highlight><highlight class="preprocessor">#pragma<sp/>once</highlight><highlight class="normal"></highlight></codeline>
<codeline lineno="3"><highlight class="normal"></highlight></codeline>
<codeline lineno="4"><highlight class="normal"></highlight><highlight class="preprocessor">#include<sp/>&lt;rocky20/api/device/api_cuda.hpp&gt;</highlight><highlight class="normal"></highlight></codeline>
<codeline lineno="5"><highlight class="normal"></highlight><highlight class="preprocessor">#include<sp/>&lt;rocky20/api/device/api_device_cfd_coupling.hpp&gt;</highlight><highlight class="normal"></highlight></codeline>
<codeline lineno="6"><highlight class="normal"></highlight></codeline>
<codeline lineno="7"><highlight class="normal"></highlight><highlight class="keyword">namespace<sp/></highlight><highlight class="normal">rocky::cuda</highlight></codeline>
<codeline lineno="8"><highlight class="normal">{</highlight></codeline>
<codeline lineno="9"><highlight class="normal"></highlight></codeline>
<codeline lineno="10"><highlight class="normal"></highlight><highlight class="keyword">template</highlight><highlight class="normal"><sp/>&lt;</highlight><highlight class="keyword">class</highlight><highlight class="normal"><sp/>_Plugin=<sp/>device::EmptyCustomCouplingPlugin&gt;</highlight></codeline>
<codeline lineno="11"><highlight class="normal"></highlight><highlight class="keywordtype">void</highlight><highlight class="normal"><sp/>select_and_dispatch_cfd_coupling_kernel(</highlight></codeline>
<codeline lineno="12"><highlight class="normal"><sp/><sp/><sp/><sp/><ref refid="structIRockyModel" kindref="compound">IRockyModel</ref>&amp;<sp/>model,</highlight></codeline>
<codeline lineno="13"><highlight class="normal"><sp/><sp/><sp/><sp/>DeviceParticleGroupData*<sp/>device_group_data,</highlight></codeline>
<codeline lineno="14"><highlight class="normal"><sp/><sp/><sp/><sp/></highlight><highlight class="keywordtype">void</highlight><highlight class="normal">**<sp/>udf_devices_data</highlight></codeline>
<codeline lineno="15"><highlight class="normal">)</highlight></codeline>
<codeline lineno="16"><highlight class="normal">{</highlight></codeline>
<codeline lineno="17"><highlight class="normal"><sp/><sp/><sp/><sp/></highlight><highlight class="keywordflow">if</highlight><highlight class="normal"><sp/>(model.<ref refid="structIRockyModel_1a38a15145f4f2bb47b79ab785f50d8277" kindref="member">get_number_of_active_particles</ref>()<sp/>&lt;=<sp/>0)</highlight></codeline>
<codeline lineno="18"><highlight class="normal"><sp/><sp/><sp/><sp/><sp/><sp/><sp/><sp/></highlight><highlight class="keywordflow">return</highlight><highlight class="normal">;</highlight></codeline>
<codeline lineno="19"><highlight class="normal"></highlight></codeline>
<codeline lineno="20"><highlight class="normal"><sp/><sp/><sp/><sp/></highlight><highlight class="comment">//<sp/>It<sp/>will<sp/>be<sp/>enough<sp/>to<sp/>have<sp/>a<sp/>data<sp/>recorder</highlight><highlight class="normal"></highlight></codeline>
<codeline lineno="21"><highlight class="normal"><sp/><sp/><sp/><sp/></highlight><highlight class="keywordtype">bool</highlight><highlight class="normal"><sp/>collect_cfd_data<sp/>=<sp/>model._impl-&gt;GetDeviceModel(0).cfd_data_recorder<sp/>!=<sp/></highlight><highlight class="keyword">nullptr</highlight><highlight class="normal">;</highlight></codeline>
<codeline lineno="22"><highlight class="normal"></highlight></codeline>
<codeline lineno="23"><highlight class="normal"><sp/><sp/><sp/><sp/></highlight><highlight class="keywordflow">for</highlight><highlight class="normal"><sp/>(</highlight><highlight class="keywordtype">int</highlight><highlight class="normal"><sp/>device_index<sp/>=<sp/>0;<sp/>device_index&lt;model.<ref refid="structIRockyModel_1a1fd1011aa809fe64647e9cacf1956a11" kindref="member">get_number_of_devices</ref>();<sp/>device_index++)</highlight></codeline>
<codeline lineno="24"><highlight class="normal"><sp/><sp/><sp/><sp/>{</highlight></codeline>
<codeline lineno="25"><highlight class="normal"><sp/><sp/><sp/><sp/><sp/><sp/><sp/><sp/></highlight><highlight class="keywordtype">void</highlight><highlight class="normal">*<sp/>udf_device_data<sp/>=<sp/>(udf_devices_data<sp/>!=<sp/></highlight><highlight class="keyword">nullptr</highlight><highlight class="normal"><sp/>?<sp/>udf_devices_data[device_index]<sp/>:<sp/></highlight><highlight class="keyword">nullptr</highlight><highlight class="normal">);</highlight></codeline>
<codeline lineno="26"><highlight class="normal"><sp/><sp/><sp/><sp/><sp/><sp/><sp/><sp/>SDeviceModel*<sp/>device_data<sp/>=<sp/>model.get_device_data(device_index);</highlight></codeline>
<codeline lineno="27"><highlight class="normal"><sp/><sp/><sp/><sp/><sp/><sp/><sp/><sp/></highlight><highlight class="keyword">const</highlight><highlight class="normal"><sp/></highlight><highlight class="keyword">auto</highlight><highlight class="normal">&amp;<sp/>group_device_data<sp/>=<sp/>device_group_data[device_index];</highlight></codeline>
<codeline lineno="28"><highlight class="normal"></highlight></codeline>
<codeline lineno="29"><highlight class="normal"><sp/><sp/><sp/><sp/><sp/><sp/><sp/><sp/>CUDA_SET_DEVICE(model.<ref refid="structIRockyModel_1ae8f8865c809a31988291f9180d7cda2b" kindref="member">get_device_id</ref>(device_index));</highlight></codeline>
<codeline lineno="30"><highlight class="normal"></highlight></codeline>
<codeline lineno="31"><highlight class="normal"><sp/><sp/><sp/><sp/><sp/><sp/><sp/><sp/></highlight><highlight class="keywordtype">unsigned</highlight><highlight class="normal"><sp/></highlight><highlight class="keywordtype">int</highlight><highlight class="normal">*<sp/>group_particle_indexes<sp/>=<sp/>group_device_data.d_group_2_particles;</highlight></codeline>
<codeline lineno="32"><highlight class="normal"><sp/><sp/><sp/><sp/><sp/><sp/><sp/><sp/></highlight><highlight class="keywordflow">for</highlight><highlight class="normal"><sp/>(</highlight><highlight class="keyword">auto</highlight><highlight class="normal"><sp/>j<sp/>=<sp/>0;<sp/>j<sp/>&lt;<sp/>group_device_data.group_indexes.size();<sp/>++j)</highlight></codeline>
<codeline lineno="33"><highlight class="normal"><sp/><sp/><sp/><sp/><sp/><sp/><sp/><sp/>{</highlight></codeline>
<codeline lineno="34"><highlight class="normal"><sp/><sp/><sp/><sp/><sp/><sp/><sp/><sp/><sp/><sp/><sp/><sp/></highlight><highlight class="keyword">const</highlight><highlight class="normal"><sp/></highlight><highlight class="keywordtype">int</highlight><highlight class="normal"><sp/>particle_group_index<sp/>=<sp/>group_device_data.group_indexes[j];</highlight></codeline>
<codeline lineno="35"><highlight class="normal"><sp/><sp/><sp/><sp/><sp/><sp/><sp/><sp/><sp/><sp/><sp/><sp/>device::select_and_dispatch_coupling_kernel&lt;_Plugin&gt;(</highlight></codeline>
<codeline lineno="36"><highlight class="normal"><sp/><sp/><sp/><sp/><sp/><sp/><sp/><sp/><sp/><sp/><sp/><sp/><sp/><sp/><sp/><sp/></highlight><highlight class="keyword">true</highlight><highlight class="normal">,</highlight></codeline>
<codeline lineno="37"><highlight class="normal"><sp/><sp/><sp/><sp/><sp/><sp/><sp/><sp/><sp/><sp/><sp/><sp/><sp/><sp/><sp/><sp/>collect_cfd_data,</highlight></codeline>
<codeline lineno="38"><highlight class="normal"><sp/><sp/><sp/><sp/><sp/><sp/><sp/><sp/><sp/><sp/><sp/><sp/><sp/><sp/><sp/><sp/>device_data,</highlight></codeline>
<codeline lineno="39"><highlight class="normal"><sp/><sp/><sp/><sp/><sp/><sp/><sp/><sp/><sp/><sp/><sp/><sp/><sp/><sp/><sp/><sp/>group_particle_indexes,</highlight></codeline>
<codeline lineno="40"><highlight class="normal"><sp/><sp/><sp/><sp/><sp/><sp/><sp/><sp/><sp/><sp/><sp/><sp/><sp/><sp/><sp/><sp/>group_device_data.n_particles_per_group[j],</highlight></codeline>
<codeline lineno="41"><highlight class="normal"><sp/><sp/><sp/><sp/><sp/><sp/><sp/><sp/><sp/><sp/><sp/><sp/><sp/><sp/><sp/><sp/>udf_device_data,</highlight></codeline>
<codeline lineno="42"><highlight class="normal"><sp/><sp/><sp/><sp/><sp/><sp/><sp/><sp/><sp/><sp/><sp/><sp/><sp/><sp/><sp/><sp/>model._impl-&gt;cfd_data.gen_cfd,</highlight></codeline>
<codeline lineno="43"><highlight class="normal"><sp/><sp/><sp/><sp/><sp/><sp/><sp/><sp/><sp/><sp/><sp/><sp/><sp/><sp/><sp/><sp/>model._impl-&gt;cfd_data.cfd_particle_groups[particle_group_index]);</highlight></codeline>
<codeline lineno="44"><highlight class="normal"><sp/><sp/><sp/><sp/><sp/><sp/><sp/><sp/><sp/><sp/><sp/><sp/>group_particle_indexes<sp/>+=<sp/>group_device_data.n_particles_per_group[j];</highlight></codeline>
<codeline lineno="45"><highlight class="normal"><sp/><sp/><sp/><sp/><sp/><sp/><sp/><sp/>}</highlight></codeline>
<codeline lineno="46"><highlight class="normal"><sp/><sp/><sp/><sp/>}</highlight></codeline>
<codeline lineno="47"><highlight class="normal"></highlight></codeline>
<codeline lineno="48"><highlight class="normal"><sp/><sp/><sp/><sp/></highlight><highlight class="comment">//Sync<sp/>all<sp/>GPUs</highlight><highlight class="normal"></highlight></codeline>
<codeline lineno="49"><highlight class="normal"><sp/><sp/><sp/><sp/>sync_devices(model);</highlight></codeline>
<codeline lineno="50"><highlight class="normal">}</highlight></codeline>
<codeline lineno="51"><highlight class="normal"></highlight></codeline>
<codeline lineno="52"><highlight class="normal"></highlight><highlight class="keyword">template</highlight><highlight class="normal"><sp/>&lt;</highlight><highlight class="keyword">typename</highlight><highlight class="normal"><sp/>_Op&gt;</highlight></codeline>
<codeline lineno="53"><highlight class="normal"></highlight><highlight class="preprocessor">#ifndef<sp/>GPU_COMPILER</highlight><highlight class="normal"></highlight></codeline>
<codeline lineno="54"><highlight class="normal"></highlight><highlight class="keyword">inline</highlight><highlight class="normal"></highlight></codeline>
<codeline lineno="55"><highlight class="normal"></highlight><highlight class="preprocessor">#endif</highlight><highlight class="normal"></highlight></codeline>
<codeline lineno="56"><highlight class="normal">__global__<sp/></highlight><highlight class="keywordtype">void</highlight><highlight class="normal"><sp/>cuda_dispatch_fluid_kernel(SDeviceModel*<sp/>device_data,<sp/></highlight><highlight class="keywordtype">double</highlight><highlight class="normal"><sp/>current_time,<sp/>_Op<sp/>op,<sp/></highlight><highlight class="keywordtype">void</highlight><highlight class="normal">*<sp/>udf_data)</highlight></codeline>
<codeline lineno="57"><highlight class="normal">{</highlight></codeline>
<codeline lineno="58"><highlight class="normal"><sp/><sp/><sp/><sp/>device::api_compute_cfd_data_coupling&lt;CudaBackend&gt;(device_data,<sp/>current_time,<sp/>op,<sp/>udf_data);</highlight></codeline>
<codeline lineno="59"><highlight class="normal">}</highlight></codeline>
<codeline lineno="60"><highlight class="normal"></highlight></codeline>
<codeline lineno="61"><highlight class="normal"></highlight><highlight class="keyword">template</highlight><highlight class="normal"><sp/>&lt;</highlight><highlight class="keyword">typename</highlight><highlight class="normal"><sp/>_Op&gt;</highlight></codeline>
<codeline lineno="62"><highlight class="normal"></highlight><highlight class="keyword">inline</highlight><highlight class="normal"></highlight></codeline>
<codeline lineno="63"><highlight class="normal"></highlight><highlight class="keywordtype">void</highlight><highlight class="normal"><sp/>dispatch_fluid_kernel(<ref refid="structIRockyModel" kindref="compound">IRockyModel</ref>&amp;<sp/>model,<sp/>_Op<sp/>op,<sp/></highlight><highlight class="keywordtype">void</highlight><highlight class="normal">**<sp/>udf_devices_data)</highlight></codeline>
<codeline lineno="64"><highlight class="normal">{</highlight></codeline>
<codeline lineno="65"><highlight class="normal"><sp/><sp/><sp/><sp/></highlight><highlight class="keywordflow">if</highlight><highlight class="normal"><sp/>(model.<ref refid="structIRockyModel_1a38a15145f4f2bb47b79ab785f50d8277" kindref="member">get_number_of_active_particles</ref>()<sp/>&lt;=<sp/>0)</highlight></codeline>
<codeline lineno="66"><highlight class="normal"><sp/><sp/><sp/><sp/><sp/><sp/><sp/><sp/></highlight><highlight class="keywordflow">return</highlight><highlight class="normal">;</highlight></codeline>
<codeline lineno="67"><highlight class="normal"></highlight></codeline>
<codeline lineno="68"><highlight class="normal"><sp/><sp/><sp/><sp/></highlight><highlight class="keywordflow">for</highlight><highlight class="normal"><sp/>(</highlight><highlight class="keywordtype">int</highlight><highlight class="normal"><sp/>i<sp/>=<sp/>0;<sp/>i&lt;model.<ref refid="structIRockyModel_1a1fd1011aa809fe64647e9cacf1956a11" kindref="member">get_number_of_devices</ref>();<sp/>i++)</highlight></codeline>
<codeline lineno="69"><highlight class="normal"><sp/><sp/><sp/><sp/>{</highlight></codeline>
<codeline lineno="70"><highlight class="normal"><sp/><sp/><sp/><sp/><sp/><sp/><sp/><sp/>CUDA_SET_DEVICE(model.<ref refid="structIRockyModel_1ae8f8865c809a31988291f9180d7cda2b" kindref="member">get_device_id</ref>(i));</highlight></codeline>
<codeline lineno="71"><highlight class="normal"></highlight></codeline>
<codeline lineno="72"><highlight class="normal"><sp/><sp/><sp/><sp/><sp/><sp/><sp/><sp/>cuda_dispatch_fluid_kernel&lt;&lt;&lt;CD_NBLOCKS,<sp/>CD_NTHREADS&gt;&gt;&gt;(</highlight></codeline>
<codeline lineno="73"><highlight class="normal"><sp/><sp/><sp/><sp/><sp/><sp/><sp/><sp/><sp/><sp/><sp/><sp/>model.get_device_data(i),</highlight></codeline>
<codeline lineno="74"><highlight class="normal"><sp/><sp/><sp/><sp/><sp/><sp/><sp/><sp/><sp/><sp/><sp/><sp/>model.<ref refid="structIRockyModel_1a93ef35ae1eb9cf50ca77ab2070a769ab" kindref="member">get_current_time</ref>(),</highlight></codeline>
<codeline lineno="75"><highlight class="normal"><sp/><sp/><sp/><sp/><sp/><sp/><sp/><sp/><sp/><sp/><sp/><sp/>op,</highlight></codeline>
<codeline lineno="76"><highlight class="normal"><sp/><sp/><sp/><sp/><sp/><sp/><sp/><sp/><sp/><sp/><sp/><sp/>(udf_devices_data<sp/>!=<sp/></highlight><highlight class="keyword">nullptr</highlight><highlight class="normal"><sp/>?<sp/>udf_devices_data[i]<sp/>:<sp/></highlight><highlight class="keyword">nullptr</highlight><highlight class="normal">)</highlight></codeline>
<codeline lineno="77"><highlight class="normal"><sp/><sp/><sp/><sp/><sp/><sp/><sp/><sp/>);</highlight></codeline>
<codeline lineno="78"><highlight class="normal"><sp/><sp/><sp/><sp/>}</highlight></codeline>
<codeline lineno="79"><highlight class="normal"><sp/><sp/><sp/><sp/></highlight><highlight class="comment">//Sync<sp/>all<sp/>GPUs</highlight><highlight class="normal"></highlight></codeline>
<codeline lineno="80"><highlight class="normal"><sp/><sp/><sp/><sp/>sync_devices(model);</highlight></codeline>
<codeline lineno="81"><highlight class="normal">}</highlight></codeline>
<codeline lineno="82"><highlight class="normal"></highlight></codeline>
<codeline lineno="83"><highlight class="normal">}</highlight></codeline>
    </programlisting>
    <location file="source/c++/rocky20/api/device/api_cuda_cfd_coupling.hpp"/>
  </compounddef>
</doxygen>
