<?xml version='1.0' encoding='UTF-8' standalone='no'?>
<doxygen xmlns:xsi="http://www.w3.org/2001/XMLSchema-instance" xsi:noNamespaceSchemaLocation="compound.xsd" version="1.10.0" xml:lang="en-US">
  <compounddef id="api__device__vicinity_8hpp" kind="file" language="C++">
    <compoundname>api_device_vicinity.hpp</compoundname>
    <includes refid="api__device__grid__search_8hpp" local="no">rocky20/api/device/api_device_grid_search.hpp</includes>
    <includes refid="rocky__model__api_8hpp" local="no">rocky20/api/rocky_model_api.hpp</includes>
    <includes refid="rocky__vicinity__pair__api_8hpp" local="no">rocky20/api/rocky_vicinity_pair_api.hpp</includes>
    <includedby refid="rocky__api__vicinity_8h" local="yes">source/c++/rocky20/api/rocky_api_vicinity.h</includedby>
    <incdepgraph>
      <node id="14">
        <label>rocky20/api/device/api_backend.hpp</label>
        <link refid="api__backend_8hpp_source"/>
        <childnode refid="15" relation="include">
        </childnode>
        <childnode refid="16" relation="include">
        </childnode>
      </node>
      <node id="2">
        <label>rocky20/api/device/api_device_grid_search.hpp</label>
        <link refid="api__device__grid__search_8hpp_source"/>
        <childnode refid="3" relation="include">
        </childnode>
        <childnode refid="4" relation="include">
        </childnode>
      </node>
      <node id="1">
        <label>source/c++/rocky20/api/device/api_device_vicinity.hpp</label>
        <link refid="api__device__vicinity_8hpp"/>
        <childnode refid="2" relation="include">
        </childnode>
        <childnode refid="5" relation="include">
        </childnode>
        <childnode refid="25" relation="include">
        </childnode>
      </node>
      <node id="28">
        <label>rocky_boundary.hpp</label>
        <link refid="rocky__boundary_8hpp_source"/>
        <childnode refid="7" relation="include">
        </childnode>
        <childnode refid="14" relation="include">
        </childnode>
        <childnode refid="24" relation="include">
        </childnode>
        <childnode refid="29" relation="include">
        </childnode>
      </node>
      <node id="26">
        <label>rocky_boundary_api.hpp</label>
        <link refid="rocky__boundary__api_8hpp_source"/>
        <childnode refid="3" relation="include">
        </childnode>
        <childnode refid="7" relation="include">
        </childnode>
        <childnode refid="27" relation="include">
        </childnode>
        <childnode refid="28" relation="include">
        </childnode>
      </node>
      <node id="19">
        <label>rocky20/api/rocky_boundary_scalars.hpp</label>
        <link refid="rocky__boundary__scalars_8hpp_source"/>
        <childnode refid="12" relation="include">
        </childnode>
      </node>
      <node id="24">
        <label>rocky_material_api.hpp</label>
        <link refid="rocky__material__api_8hpp_source"/>
        <childnode refid="7" relation="include">
        </childnode>
      </node>
      <node id="6">
        <label>rocky_model.hpp</label>
        <link refid="rocky__model_8hpp_source"/>
        <childnode refid="7" relation="include">
        </childnode>
        <childnode refid="8" relation="include">
        </childnode>
        <childnode refid="11" relation="include">
        </childnode>
        <childnode refid="19" relation="include">
        </childnode>
      </node>
      <node id="5">
        <label>rocky20/api/rocky_model_api.hpp</label>
        <link refid="rocky__model__api_8hpp_source"/>
        <childnode refid="6" relation="include">
        </childnode>
        <childnode refid="20" relation="include">
        </childnode>
      </node>
      <node id="11">
        <label>rocky20/api/rocky_pair_scalars.hpp</label>
        <link refid="rocky__pair__scalars_8hpp_source"/>
        <childnode refid="12" relation="include">
        </childnode>
      </node>
      <node id="21">
        <label>rocky_particle.hpp</label>
        <link refid="rocky__particle_8hpp_source"/>
        <childnode refid="14" relation="include">
        </childnode>
        <childnode refid="22" relation="include">
        </childnode>
        <childnode refid="7" relation="include">
        </childnode>
        <childnode refid="23" relation="include">
        </childnode>
      </node>
      <node id="20">
        <label>rocky_particle_api.hpp</label>
        <link refid="rocky__particle__api_8hpp_source"/>
        <childnode refid="21" relation="include">
        </childnode>
        <childnode refid="24" relation="include">
        </childnode>
        <childnode refid="22" relation="include">
        </childnode>
      </node>
      <node id="22">
        <label>rocky20/api/rocky_particle_scalars.hpp</label>
        <link refid="rocky__particle__scalars_8hpp_source"/>
        <childnode refid="12" relation="include">
        </childnode>
      </node>
      <node id="9">
        <label>rocky_point_cloud.h</label>
        <link refid="rocky__point__cloud_8h_source"/>
        <childnode refid="10" relation="include">
        </childnode>
      </node>
      <node id="8">
        <label>rocky20/api/rocky_point_cloud_api.hpp</label>
        <link refid="rocky__point__cloud__api_8hpp_source"/>
        <childnode refid="9" relation="include">
        </childnode>
      </node>
      <node id="12">
        <label>rocky_scalars.h</label>
        <link refid="rocky__scalars_8h_source"/>
        <childnode refid="13" relation="include">
        </childnode>
        <childnode refid="14" relation="include">
        </childnode>
        <childnode refid="17" relation="include">
        </childnode>
      </node>
      <node id="17">
        <label>rocky20/api/rocky_statistics_data.hpp</label>
        <link refid="rocky__statistics__data_8hpp_source"/>
        <childnode refid="18" relation="include">
        </childnode>
        <childnode refid="14" relation="include">
        </childnode>
      </node>
      <node id="29">
        <label>rocky_triangle_scalars.hpp</label>
        <link refid="rocky__triangle__scalars_8hpp_source"/>
        <childnode refid="12" relation="include">
        </childnode>
      </node>
      <node id="25">
        <label>rocky20/api/rocky_vicinity_pair_api.hpp</label>
        <link refid="rocky__vicinity__pair__api_8hpp_source"/>
        <childnode refid="26" relation="include">
        </childnode>
        <childnode refid="20" relation="include">
        </childnode>
      </node>
      <node id="4">
        <label>cstddef</label>
      </node>
      <node id="3">
        <label>rocky20/core/utils/rocky_math.hpp</label>
      </node>
      <node id="15">
        <label>rocky20/cuda/cuda_basics.hpp</label>
      </node>
      <node id="7">
        <label>rocky20/device/device_model.hpp</label>
      </node>
      <node id="27">
        <label>rocky20/device/device_triangles.hpp</label>
      </node>
      <node id="23">
        <label>rocky20/device/element_properties.hpp</label>
      </node>
      <node id="16">
        <label>rocky20/device/omp_backend.hpp</label>
      </node>
      <node id="10">
        <label>rocky20/model/point_cloud.h</label>
      </node>
      <node id="13">
        <label>rocky20/model/rocky_model.h</label>
      </node>
      <node id="18">
        <label>rocky20/model/statistics_data.hpp</label>
      </node>
    </incdepgraph>
    <invincdepgraph>
      <node id="1">
        <label>source/c++/rocky20/api/device/api_device_vicinity.hpp</label>
        <link refid="api__device__vicinity_8hpp"/>
        <childnode refid="2" relation="include">
        </childnode>
      </node>
      <node id="2">
        <label>source/c++/rocky20/api/rocky_api_vicinity.h</label>
        <link refid="rocky__api__vicinity_8h_source"/>
      </node>
    </invincdepgraph>
    <innerclass refid="structBaseNeighborhoodOperator" prot="public">BaseNeighborhoodOperator</innerclass>
    <innerclass refid="structParticlesNeighborhoodOperator" prot="public">ParticlesNeighborhoodOperator</innerclass>
    <innerclass refid="structTrianglesNeighborhoodOperator" prot="public">TrianglesNeighborhoodOperator</innerclass>
    <sectiondef kind="func">
      <memberdef kind="function" id="api__device__vicinity_8hpp_1ae6c9e8c279ca4a9ce980c260ec7a7d50" prot="public" static="no" const="no" explicit="no" inline="no" virt="non-virtual">
        <templateparamlist>
          <param>
            <type>typename Backend</type>
          </param>
          <param>
            <type>typename Callable</type>
          </param>
        </templateparamlist>
        <type>__global__ void</type>
        <definition>__global__ void dispatch_travel_vicinities_particles</definition>
        <argsstring>(Callable kernel, GridSearchParameters params, double current_time, void *user_data)</argsstring>
        <name>dispatch_travel_vicinities_particles</name>
        <param>
          <type>Callable</type>
          <declname>kernel</declname>
        </param>
        <param>
          <type>GridSearchParameters</type>
          <declname>params</declname>
        </param>
        <param>
          <type>double</type>
          <declname>current_time</declname>
        </param>
        <param>
          <type>void *</type>
          <declname>user_data</declname>
        </param>
        <briefdescription>
        </briefdescription>
        <detaileddescription>
        </detaileddescription>
        <inbodydescription>
        </inbodydescription>
        <location file="source/c++/rocky20/api/device/api_device_vicinity.hpp" line="81" column="17" bodyfile="source/c++/rocky20/api/device/api_device_vicinity.hpp" bodystart="81" bodyend="98"/>
      </memberdef>
      <memberdef kind="function" id="api__device__vicinity_8hpp_1a570c9f91c97212fdadfc89f72625e37f" prot="public" static="no" const="no" explicit="no" inline="no" virt="non-virtual">
        <templateparamlist>
          <param>
            <type>typename Backend</type>
          </param>
          <param>
            <type>typename Callable</type>
          </param>
        </templateparamlist>
        <type>__global__ void</type>
        <definition>__global__ void dispatch_travel_vicinities_triangles</definition>
        <argsstring>(Callable kernel, GridSearchParameters params, double current_time, void *user_data)</argsstring>
        <name>dispatch_travel_vicinities_triangles</name>
        <param>
          <type>Callable</type>
          <declname>kernel</declname>
        </param>
        <param>
          <type>GridSearchParameters</type>
          <declname>params</declname>
        </param>
        <param>
          <type>double</type>
          <declname>current_time</declname>
        </param>
        <param>
          <type>void *</type>
          <declname>user_data</declname>
        </param>
        <briefdescription>
        </briefdescription>
        <detaileddescription>
        </detaileddescription>
        <inbodydescription>
        </inbodydescription>
        <location file="source/c++/rocky20/api/device/api_device_vicinity.hpp" line="101" column="17" bodyfile="source/c++/rocky20/api/device/api_device_vicinity.hpp" bodystart="101" bodyend="118"/>
      </memberdef>
    </sectiondef>
    <briefdescription>
    </briefdescription>
    <detaileddescription>
    </detaileddescription>
    <programlisting>
<codeline lineno="1"><highlight class="comment">//<sp/>(C)<sp/>2024<sp/>ANSYS,<sp/>Inc.<sp/>Unauthorized<sp/>use,<sp/>distribution,<sp/>or<sp/>duplication<sp/>is<sp/>prohibited.</highlight><highlight class="normal"></highlight></codeline>
<codeline lineno="2"><highlight class="normal"></highlight><highlight class="preprocessor">#pragma<sp/>once</highlight><highlight class="normal"></highlight></codeline>
<codeline lineno="3"><highlight class="normal"></highlight></codeline>
<codeline lineno="4"><highlight class="normal"></highlight><highlight class="preprocessor">#include<sp/>&lt;rocky20/api/device/api_device_grid_search.hpp&gt;</highlight><highlight class="normal"></highlight></codeline>
<codeline lineno="5"><highlight class="normal"></highlight><highlight class="preprocessor">#include<sp/>&lt;rocky20/api/rocky_model_api.hpp&gt;</highlight><highlight class="normal"></highlight></codeline>
<codeline lineno="6"><highlight class="normal"></highlight><highlight class="preprocessor">#include<sp/>&lt;rocky20/api/rocky_vicinity_pair_api.hpp&gt;</highlight><highlight class="normal"></highlight></codeline>
<codeline lineno="7"><highlight class="normal"></highlight></codeline>
<codeline lineno="8"><highlight class="normal"></highlight><highlight class="keyword">struct<sp/></highlight><highlight class="normal">BaseNeighborhoodOperator</highlight></codeline>
<codeline lineno="9"><highlight class="normal">{</highlight></codeline>
<codeline lineno="10"><highlight class="normal"><sp/><sp/><sp/><sp/>SDeviceModel*<sp/>device_model;</highlight></codeline>
<codeline lineno="11"><highlight class="normal"><sp/><sp/><sp/><sp/></highlight><highlight class="keyword">const</highlight><highlight class="normal"><sp/></highlight><highlight class="keywordtype">double</highlight><highlight class="normal"><sp/>current_time;</highlight></codeline>
<codeline lineno="12"><highlight class="normal"><sp/><sp/><sp/><sp/></highlight><highlight class="keyword">const</highlight><highlight class="normal"><sp/></highlight><highlight class="keywordtype">size_t</highlight><highlight class="normal"><sp/>n_total_particles;</highlight></codeline>
<codeline lineno="13"><highlight class="normal"><sp/><sp/><sp/><sp/></highlight><highlight class="keyword">const</highlight><highlight class="normal"><sp/></highlight><highlight class="keywordtype">int</highlight><highlight class="normal"><sp/>device_id;</highlight></codeline>
<codeline lineno="14"><highlight class="normal"><sp/><sp/><sp/><sp/></highlight><highlight class="keywordtype">void</highlight><highlight class="normal">*<sp/>user_data;</highlight></codeline>
<codeline lineno="15"><highlight class="normal"></highlight></codeline>
<codeline lineno="16"><highlight class="normal"><sp/><sp/><sp/><sp/></highlight><highlight class="keyword">inline</highlight><highlight class="normal"><sp/>ROCKY_FUNCTIONS<sp/></highlight><highlight class="keywordtype">size_t</highlight><highlight class="normal"><sp/>get_near_count()</highlight><highlight class="keyword"><sp/>const</highlight></codeline>
<codeline lineno="17"><highlight class="keyword"><sp/><sp/><sp/><sp/></highlight><highlight class="normal">{</highlight></codeline>
<codeline lineno="18"><highlight class="normal"><sp/><sp/><sp/><sp/><sp/><sp/><sp/><sp/></highlight><highlight class="keywordflow">return</highlight><highlight class="normal"><sp/>this-&gt;n_total_particles;</highlight></codeline>
<codeline lineno="19"><highlight class="normal"><sp/><sp/><sp/><sp/>}</highlight></codeline>
<codeline lineno="20"><highlight class="normal"><sp/><sp/><sp/><sp/></highlight><highlight class="keyword">inline</highlight><highlight class="normal"><sp/>ROCKY_FUNCTIONS<sp/>double3<sp/>get_near_centroid(</highlight><highlight class="keywordtype">size_t</highlight><highlight class="normal"><sp/></highlight><highlight class="keywordtype">id</highlight><highlight class="normal">)</highlight><highlight class="keyword"><sp/>const</highlight></codeline>
<codeline lineno="21"><highlight class="keyword"><sp/><sp/><sp/><sp/></highlight><highlight class="normal">{</highlight></codeline>
<codeline lineno="22"><highlight class="normal"><sp/><sp/><sp/><sp/><sp/><sp/><sp/><sp/></highlight><highlight class="keywordflow">return</highlight><highlight class="normal"><sp/>this-&gt;device_model-&gt;prt[id].get_centroid();</highlight></codeline>
<codeline lineno="23"><highlight class="normal"><sp/><sp/><sp/><sp/>}</highlight></codeline>
<codeline lineno="24"><highlight class="normal">};</highlight></codeline>
<codeline lineno="25"><highlight class="normal"></highlight></codeline>
<codeline lineno="26"><highlight class="normal"></highlight><highlight class="keyword">template</highlight><highlight class="normal"><sp/>&lt;</highlight><highlight class="keyword">typename</highlight><highlight class="normal"><sp/>Callable&gt;</highlight></codeline>
<codeline lineno="27"><highlight class="normal"></highlight><highlight class="keyword">struct<sp/></highlight><highlight class="normal">ParticlesNeighborhoodOperator<sp/>:<sp/>BaseNeighborhoodOperator</highlight></codeline>
<codeline lineno="28"><highlight class="normal">{</highlight></codeline>
<codeline lineno="29"><highlight class="normal"><sp/><sp/><sp/><sp/>Callable&amp;<sp/>kernel;</highlight></codeline>
<codeline lineno="30"><highlight class="normal"></highlight></codeline>
<codeline lineno="31"><highlight class="normal"><sp/><sp/><sp/><sp/></highlight><highlight class="keyword">inline</highlight><highlight class="normal"><sp/>ROCKY_FUNCTIONS<sp/></highlight><highlight class="keywordtype">size_t</highlight><highlight class="normal"><sp/>get_home_count()</highlight><highlight class="keyword"><sp/>const</highlight></codeline>
<codeline lineno="32"><highlight class="keyword"><sp/><sp/><sp/><sp/></highlight><highlight class="normal">{</highlight></codeline>
<codeline lineno="33"><highlight class="normal"><sp/><sp/><sp/><sp/><sp/><sp/><sp/><sp/></highlight><highlight class="keywordflow">return</highlight><highlight class="normal"><sp/>this-&gt;n_total_particles;</highlight></codeline>
<codeline lineno="34"><highlight class="normal"><sp/><sp/><sp/><sp/>}</highlight></codeline>
<codeline lineno="35"><highlight class="normal"><sp/><sp/><sp/><sp/></highlight><highlight class="keyword">inline</highlight><highlight class="normal"><sp/>ROCKY_FUNCTIONS<sp/>double3<sp/>get_home_centroid(</highlight><highlight class="keywordtype">size_t</highlight><highlight class="normal"><sp/></highlight><highlight class="keywordtype">id</highlight><highlight class="normal">)</highlight><highlight class="keyword"><sp/>const</highlight></codeline>
<codeline lineno="36"><highlight class="keyword"><sp/><sp/><sp/><sp/></highlight><highlight class="normal">{</highlight></codeline>
<codeline lineno="37"><highlight class="normal"><sp/><sp/><sp/><sp/><sp/><sp/><sp/><sp/></highlight><highlight class="keywordflow">return</highlight><highlight class="normal"><sp/>this-&gt;device_model-&gt;prt[id].get_centroid();</highlight></codeline>
<codeline lineno="38"><highlight class="normal"><sp/><sp/><sp/><sp/>}</highlight></codeline>
<codeline lineno="39"><highlight class="normal"><sp/><sp/><sp/><sp/></highlight><highlight class="keyword">inline</highlight><highlight class="normal"><sp/>ROCKY_FUNCTIONS<sp/></highlight><highlight class="keywordtype">bool</highlight><highlight class="normal"><sp/>is_valid(</highlight><highlight class="keywordtype">size_t</highlight><highlight class="normal"><sp/>home_id,<sp/></highlight><highlight class="keywordtype">size_t</highlight><highlight class="normal"><sp/>near_id,<sp/></highlight><highlight class="keywordtype">bool</highlight><highlight class="normal"><sp/>different_cells)</highlight></codeline>
<codeline lineno="40"><highlight class="normal"><sp/><sp/><sp/><sp/>{</highlight></codeline>
<codeline lineno="41"><highlight class="normal"><sp/><sp/><sp/><sp/><sp/><sp/><sp/><sp/></highlight><highlight class="comment">/*<sp/>First,<sp/>if<sp/>particles<sp/>are<sp/>from<sp/>same<sp/>cell,<sp/>we<sp/>need<sp/>to<sp/>check<sp/>their<sp/>IDs<sp/>to<sp/>avoid<sp/>duplicates.</highlight></codeline>
<codeline lineno="42"><highlight class="comment"><sp/><sp/><sp/><sp/><sp/><sp/><sp/><sp/><sp/>*<sp/>Then<sp/>we<sp/>check<sp/>if<sp/>any<sp/>of<sp/>them<sp/>is<sp/>local<sp/>to<sp/>this<sp/>device,<sp/>to<sp/>avoid<sp/>halo<sp/>x<sp/>halo<sp/>vicinities.<sp/>*/</highlight><highlight class="normal"></highlight></codeline>
<codeline lineno="43"><highlight class="normal"><sp/><sp/><sp/><sp/><sp/><sp/><sp/><sp/></highlight><highlight class="keywordflow">return</highlight><highlight class="normal"><sp/>(different_cells<sp/>||<sp/>(near_id<sp/>&gt;<sp/>home_id))</highlight></codeline>
<codeline lineno="44"><highlight class="normal"><sp/><sp/><sp/><sp/><sp/><sp/><sp/><sp/><sp/><sp/><sp/><sp/>&amp;&amp;<sp/>((int(this-&gt;device_model-&gt;prt[home_id].gpu_id)<sp/>==<sp/>this-&gt;device_id)</highlight></codeline>
<codeline lineno="45"><highlight class="normal"><sp/><sp/><sp/><sp/><sp/><sp/><sp/><sp/><sp/><sp/><sp/><sp/><sp/><sp/><sp/><sp/>||<sp/>(</highlight><highlight class="keywordtype">int</highlight><highlight class="normal">(this-&gt;device_model-&gt;prt[near_id].gpu_id)<sp/>==<sp/>this-&gt;device_id));</highlight></codeline>
<codeline lineno="46"><highlight class="normal"><sp/><sp/><sp/><sp/>}</highlight></codeline>
<codeline lineno="47"><highlight class="normal"><sp/><sp/><sp/><sp/></highlight><highlight class="keyword">inline</highlight><highlight class="normal"><sp/>ROCKY_FUNCTIONS<sp/></highlight><highlight class="keywordtype">void</highlight><highlight class="normal"><sp/>operate(</highlight><highlight class="keywordtype">size_t</highlight><highlight class="normal"><sp/>home_id,<sp/></highlight><highlight class="keywordtype">size_t</highlight><highlight class="normal"><sp/>near_id)</highlight></codeline>
<codeline lineno="48"><highlight class="normal"><sp/><sp/><sp/><sp/>{</highlight></codeline>
<codeline lineno="49"><highlight class="normal"><sp/><sp/><sp/><sp/><sp/><sp/><sp/><sp/><ref refid="structIRockyDeviceModel" kindref="compound">IRockyDeviceModel</ref><sp/>model<sp/>{<sp/>RockyDeviceModel<sp/>{<sp/>this-&gt;current_time,<sp/>this-&gt;device_model<sp/>}<sp/>};</highlight></codeline>
<codeline lineno="50"><highlight class="normal"><sp/><sp/><sp/><sp/><sp/><sp/><sp/><sp/><ref refid="structIRockyVicinityPair" kindref="compound">IRockyVicinityPair</ref><sp/>vicinity<sp/>{<sp/>this-&gt;device_model,<sp/>home_id,<sp/>near_id,<sp/></highlight><highlight class="keyword">true</highlight><highlight class="normal"><sp/>};</highlight></codeline>
<codeline lineno="51"><highlight class="normal"><sp/><sp/><sp/><sp/><sp/><sp/><sp/><sp/>this-&gt;kernel(model,<sp/>vicinity,<sp/>this-&gt;user_data);</highlight></codeline>
<codeline lineno="52"><highlight class="normal"><sp/><sp/><sp/><sp/>}</highlight></codeline>
<codeline lineno="53"><highlight class="normal">};</highlight></codeline>
<codeline lineno="54"><highlight class="normal"></highlight></codeline>
<codeline lineno="55"><highlight class="normal"></highlight><highlight class="keyword">template</highlight><highlight class="normal"><sp/>&lt;</highlight><highlight class="keyword">typename</highlight><highlight class="normal"><sp/>Callable&gt;</highlight></codeline>
<codeline lineno="56"><highlight class="normal"></highlight><highlight class="keyword">struct<sp/></highlight><highlight class="normal">TrianglesNeighborhoodOperator<sp/>:<sp/>BaseNeighborhoodOperator</highlight></codeline>
<codeline lineno="57"><highlight class="normal">{</highlight></codeline>
<codeline lineno="58"><highlight class="normal"><sp/><sp/><sp/><sp/>Callable&amp;<sp/>kernel;</highlight></codeline>
<codeline lineno="59"><highlight class="normal"></highlight></codeline>
<codeline lineno="60"><highlight class="normal"><sp/><sp/><sp/><sp/></highlight><highlight class="keyword">inline</highlight><highlight class="normal"><sp/>ROCKY_FUNCTIONS<sp/></highlight><highlight class="keywordtype">size_t</highlight><highlight class="normal"><sp/>get_home_count()</highlight><highlight class="keyword"><sp/>const</highlight></codeline>
<codeline lineno="61"><highlight class="keyword"><sp/><sp/><sp/><sp/></highlight><highlight class="normal">{</highlight></codeline>
<codeline lineno="62"><highlight class="normal"><sp/><sp/><sp/><sp/><sp/><sp/><sp/><sp/></highlight><highlight class="keywordflow">return</highlight><highlight class="normal"><sp/>this-&gt;device_model-&gt;gen-&gt;ntrn_active;</highlight></codeline>
<codeline lineno="63"><highlight class="normal"><sp/><sp/><sp/><sp/>}</highlight></codeline>
<codeline lineno="64"><highlight class="normal"><sp/><sp/><sp/><sp/></highlight><highlight class="keyword">inline</highlight><highlight class="normal"><sp/>ROCKY_FUNCTIONS<sp/>double3<sp/>get_home_centroid(</highlight><highlight class="keywordtype">size_t</highlight><highlight class="normal"><sp/></highlight><highlight class="keywordtype">id</highlight><highlight class="normal">)</highlight><highlight class="keyword"><sp/>const</highlight></codeline>
<codeline lineno="65"><highlight class="keyword"><sp/><sp/><sp/><sp/></highlight><highlight class="normal">{</highlight></codeline>
<codeline lineno="66"><highlight class="normal"><sp/><sp/><sp/><sp/><sp/><sp/><sp/><sp/></highlight><highlight class="keywordflow">return</highlight><highlight class="normal"><sp/>RockyBoundaryTriangle(this-&gt;device_model,<sp/></highlight><highlight class="keywordtype">id</highlight><highlight class="normal">).get_centroid();</highlight></codeline>
<codeline lineno="67"><highlight class="normal"><sp/><sp/><sp/><sp/>}</highlight></codeline>
<codeline lineno="68"><highlight class="normal"><sp/><sp/><sp/><sp/></highlight><highlight class="keyword">inline</highlight><highlight class="normal"><sp/>ROCKY_FUNCTIONS<sp/></highlight><highlight class="keywordtype">bool</highlight><highlight class="normal"><sp/>is_valid(</highlight><highlight class="keywordtype">size_t</highlight><highlight class="normal"><sp/>home_id,<sp/></highlight><highlight class="keywordtype">size_t</highlight><highlight class="normal"><sp/>near_id,<sp/></highlight><highlight class="keywordtype">bool</highlight><highlight class="normal"><sp/>different_cells)</highlight><highlight class="keyword"><sp/>const</highlight></codeline>
<codeline lineno="69"><highlight class="keyword"><sp/><sp/><sp/><sp/></highlight><highlight class="normal">{</highlight></codeline>
<codeline lineno="70"><highlight class="normal"><sp/><sp/><sp/><sp/><sp/><sp/><sp/><sp/></highlight><highlight class="keywordflow">return</highlight><highlight class="normal"><sp/>near_id<sp/>&lt;<sp/>this-&gt;device_model-&gt;gen-&gt;nprt_active;</highlight></codeline>
<codeline lineno="71"><highlight class="normal"><sp/><sp/><sp/><sp/>}</highlight></codeline>
<codeline lineno="72"><highlight class="normal"><sp/><sp/><sp/><sp/></highlight><highlight class="keyword">inline</highlight><highlight class="normal"><sp/>ROCKY_FUNCTIONS<sp/></highlight><highlight class="keywordtype">void</highlight><highlight class="normal"><sp/>operate(</highlight><highlight class="keywordtype">size_t</highlight><highlight class="normal"><sp/>home_id,<sp/></highlight><highlight class="keywordtype">size_t</highlight><highlight class="normal"><sp/>near_id)</highlight></codeline>
<codeline lineno="73"><highlight class="normal"><sp/><sp/><sp/><sp/>{</highlight></codeline>
<codeline lineno="74"><highlight class="normal"><sp/><sp/><sp/><sp/><sp/><sp/><sp/><sp/><ref refid="structIRockyDeviceModel" kindref="compound">IRockyDeviceModel</ref><sp/>model<sp/>{<sp/>RockyDeviceModel<sp/>{<sp/>this-&gt;current_time,<sp/>this-&gt;device_model<sp/>}<sp/>};</highlight></codeline>
<codeline lineno="75"><highlight class="normal"><sp/><sp/><sp/><sp/><sp/><sp/><sp/><sp/><ref refid="structIRockyVicinityPair" kindref="compound">IRockyVicinityPair</ref><sp/>vicinity<sp/>{<sp/>this-&gt;device_model,<sp/>near_id,<sp/>home_id,<sp/></highlight><highlight class="keyword">false</highlight><highlight class="normal"><sp/>};</highlight></codeline>
<codeline lineno="76"><highlight class="normal"><sp/><sp/><sp/><sp/><sp/><sp/><sp/><sp/>this-&gt;kernel(model,<sp/>vicinity,<sp/>this-&gt;user_data);</highlight></codeline>
<codeline lineno="77"><highlight class="normal"><sp/><sp/><sp/><sp/>}</highlight></codeline>
<codeline lineno="78"><highlight class="normal">};</highlight></codeline>
<codeline lineno="79"><highlight class="normal"></highlight></codeline>
<codeline lineno="80"><highlight class="normal"></highlight><highlight class="keyword">template</highlight><highlight class="normal"><sp/>&lt;</highlight><highlight class="keyword">typename</highlight><highlight class="normal"><sp/>Backend,<sp/></highlight><highlight class="keyword">typename</highlight><highlight class="normal"><sp/>Callable&gt;</highlight></codeline>
<codeline lineno="81"><highlight class="normal">__global__<sp/></highlight><highlight class="keywordtype">void</highlight><highlight class="normal"><sp/>dispatch_travel_vicinities_particles(</highlight></codeline>
<codeline lineno="82"><highlight class="normal"><sp/><sp/><sp/><sp/>Callable<sp/>kernel,<sp/>GridSearchParameters<sp/>params,<sp/></highlight><highlight class="keywordtype">double</highlight><highlight class="normal"><sp/>current_time,<sp/></highlight><highlight class="keywordtype">void</highlight><highlight class="normal">*<sp/>user_data)</highlight></codeline>
<codeline lineno="83"><highlight class="normal">{</highlight></codeline>
<codeline lineno="84"><highlight class="normal"><sp/><sp/><sp/><sp/>ParticlesNeighborhoodOperator&lt;Callable&gt;<sp/>neighborhood<sp/>{</highlight></codeline>
<codeline lineno="85"><highlight class="normal"><sp/><sp/><sp/><sp/><sp/><sp/><sp/><sp/>params.device_model,<sp/>current_time,<sp/>params.n_total_particles,</highlight></codeline>
<codeline lineno="86"><highlight class="normal"><sp/><sp/><sp/><sp/><sp/><sp/><sp/><sp/>params.device_id,<sp/><sp/><sp/><sp/>user_data,<sp/><sp/><sp/><sp/>kernel</highlight></codeline>
<codeline lineno="87"><highlight class="normal"><sp/><sp/><sp/><sp/>};</highlight></codeline>
<codeline lineno="88"><highlight class="normal"></highlight></codeline>
<codeline lineno="89"><highlight class="normal"><sp/><sp/><sp/><sp/>travel_vicinities_insider&lt;Backend&gt;(</highlight></codeline>
<codeline lineno="90"><highlight class="normal"><sp/><sp/><sp/><sp/><sp/><sp/><sp/><sp/>neighborhood,</highlight></codeline>
<codeline lineno="91"><highlight class="normal"><sp/><sp/><sp/><sp/><sp/><sp/><sp/><sp/>params.grid_starting_index,</highlight></codeline>
<codeline lineno="92"><highlight class="normal"><sp/><sp/><sp/><sp/><sp/><sp/><sp/><sp/>params.grid_to_morton,</highlight></codeline>
<codeline lineno="93"><highlight class="normal"><sp/><sp/><sp/><sp/><sp/><sp/><sp/><sp/>params.cell_size,</highlight></codeline>
<codeline lineno="94"><highlight class="normal"><sp/><sp/><sp/><sp/><sp/><sp/><sp/><sp/>params.max_search_radius,</highlight></codeline>
<codeline lineno="95"><highlight class="normal"><sp/><sp/><sp/><sp/><sp/><sp/><sp/><sp/>params.grid_size,</highlight></codeline>
<codeline lineno="96"><highlight class="normal"><sp/><sp/><sp/><sp/><sp/><sp/><sp/><sp/>params.grid_start,</highlight></codeline>
<codeline lineno="97"><highlight class="normal"><sp/><sp/><sp/><sp/><sp/><sp/><sp/><sp/>params.n_vicinities);</highlight></codeline>
<codeline lineno="98"><highlight class="normal">}</highlight></codeline>
<codeline lineno="99"><highlight class="normal"></highlight></codeline>
<codeline lineno="100"><highlight class="normal"></highlight><highlight class="keyword">template</highlight><highlight class="normal"><sp/>&lt;</highlight><highlight class="keyword">typename</highlight><highlight class="normal"><sp/>Backend,<sp/></highlight><highlight class="keyword">typename</highlight><highlight class="normal"><sp/>Callable&gt;</highlight></codeline>
<codeline lineno="101"><highlight class="normal">__global__<sp/></highlight><highlight class="keywordtype">void</highlight><highlight class="normal"><sp/>dispatch_travel_vicinities_triangles(</highlight></codeline>
<codeline lineno="102"><highlight class="normal"><sp/><sp/><sp/><sp/>Callable<sp/>kernel,<sp/>GridSearchParameters<sp/>params,<sp/></highlight><highlight class="keywordtype">double</highlight><highlight class="normal"><sp/>current_time,<sp/></highlight><highlight class="keywordtype">void</highlight><highlight class="normal">*<sp/>user_data)</highlight></codeline>
<codeline lineno="103"><highlight class="normal">{</highlight></codeline>
<codeline lineno="104"><highlight class="normal"><sp/><sp/><sp/><sp/>TrianglesNeighborhoodOperator&lt;Callable&gt;<sp/>neighborhood<sp/>{</highlight></codeline>
<codeline lineno="105"><highlight class="normal"><sp/><sp/><sp/><sp/><sp/><sp/><sp/><sp/>params.device_model,<sp/>current_time,<sp/>params.n_total_particles,</highlight></codeline>
<codeline lineno="106"><highlight class="normal"><sp/><sp/><sp/><sp/><sp/><sp/><sp/><sp/>params.device_id,<sp/><sp/><sp/><sp/>user_data,<sp/><sp/><sp/><sp/>kernel</highlight></codeline>
<codeline lineno="107"><highlight class="normal"><sp/><sp/><sp/><sp/>};</highlight></codeline>
<codeline lineno="108"><highlight class="normal"></highlight></codeline>
<codeline lineno="109"><highlight class="normal"><sp/><sp/><sp/><sp/>travel_vicinities_outsider&lt;Backend&gt;(</highlight></codeline>
<codeline lineno="110"><highlight class="normal"><sp/><sp/><sp/><sp/><sp/><sp/><sp/><sp/>neighborhood,</highlight></codeline>
<codeline lineno="111"><highlight class="normal"><sp/><sp/><sp/><sp/><sp/><sp/><sp/><sp/>params.grid_starting_index,</highlight></codeline>
<codeline lineno="112"><highlight class="normal"><sp/><sp/><sp/><sp/><sp/><sp/><sp/><sp/>params.grid_to_morton,</highlight></codeline>
<codeline lineno="113"><highlight class="normal"><sp/><sp/><sp/><sp/><sp/><sp/><sp/><sp/>params.cell_size,</highlight></codeline>
<codeline lineno="114"><highlight class="normal"><sp/><sp/><sp/><sp/><sp/><sp/><sp/><sp/>params.max_search_radius,</highlight></codeline>
<codeline lineno="115"><highlight class="normal"><sp/><sp/><sp/><sp/><sp/><sp/><sp/><sp/>params.grid_size,</highlight></codeline>
<codeline lineno="116"><highlight class="normal"><sp/><sp/><sp/><sp/><sp/><sp/><sp/><sp/>params.grid_start,</highlight></codeline>
<codeline lineno="117"><highlight class="normal"><sp/><sp/><sp/><sp/><sp/><sp/><sp/><sp/>params.n_vicinities);</highlight></codeline>
<codeline lineno="118"><highlight class="normal">}</highlight></codeline>
    </programlisting>
    <location file="source/c++/rocky20/api/device/api_device_vicinity.hpp"/>
  </compounddef>
</doxygen>
