<?xml version='1.0' encoding='UTF-8' standalone='no'?>
<doxygen xmlns:xsi="http://www.w3.org/2001/XMLSchema-instance" xsi:noNamespaceSchemaLocation="compound.xsd" version="1.10.0" xml:lang="en-US">
  <compounddef id="api__cuda_8hpp" kind="file" language="C++">
    <compoundname>api_cuda.hpp</compoundname>
    <includes local="no">rocky20/cuda/cuda_backend.hpp</includes>
    <includes local="no">rocky20/cuda/CudaUtil.hpp</includes>
    <includes refid="rocky__api_8h" local="no">rocky20/api/rocky_api.h</includes>
    <includedby refid="api__cuda__cfd__coupling_8hpp" local="no">source/c++/rocky20/api/device/api_cuda_cfd_coupling.hpp</includedby>
    <includedby refid="api__cuda__contacts_8hpp" local="no">source/c++/rocky20/api/device/api_cuda_contacts.hpp</includedby>
    <includedby refid="api__cuda__joints_8hpp" local="no">source/c++/rocky20/api/device/api_cuda_joints.hpp</includedby>
    <includedby refid="api__cuda__particles_8hpp" local="no">source/c++/rocky20/api/device/api_cuda_particles.hpp</includedby>
    <includedby refid="api__cuda__triangles_8hpp" local="no">source/c++/rocky20/api/device/api_cuda_triangles.hpp</includedby>
    <includedby refid="api__cuda__sph_8hpp" local="no">source/c++/rocky20/api/sph/api_cuda_sph.hpp</includedby>
    <incdepgraph>
      <node id="10">
        <label>rocky20/api/device/api_backend.hpp</label>
        <link refid="api__backend_8hpp_source"/>
        <childnode refid="11" relation="include">
        </childnode>
        <childnode refid="12" relation="include">
        </childnode>
      </node>
      <node id="1">
        <label>source/c++/rocky20/api/device/api_cuda.hpp</label>
        <link refid="api__cuda_8hpp"/>
        <childnode refid="2" relation="include">
        </childnode>
        <childnode refid="3" relation="include">
        </childnode>
        <childnode refid="4" relation="include">
        </childnode>
      </node>
      <node id="56">
        <label>rocky20/api/device/api_device_contacts.hpp</label>
        <link refid="api__device__contacts_8hpp_source"/>
        <childnode refid="32" relation="include">
        </childnode>
        <childnode refid="57" relation="include">
        </childnode>
        <childnode refid="27" relation="include">
        </childnode>
      </node>
      <node id="55">
        <label>rocky20/api/device/api_omp_contacts.hpp</label>
        <link refid="api__omp__contacts_8hpp_source"/>
        <childnode refid="53" relation="include">
        </childnode>
        <childnode refid="4" relation="include">
        </childnode>
        <childnode refid="56" relation="include">
        </childnode>
        <childnode refid="12" relation="include">
        </childnode>
      </node>
      <node id="5">
        <label>dll_export.h</label>
        <link refid="dll__export_8h_source"/>
      </node>
      <node id="4">
        <label>rocky20/api/rocky_api.h</label>
        <link refid="rocky__api_8h_source"/>
        <childnode refid="5" relation="include">
        </childnode>
        <childnode refid="6" relation="include">
        </childnode>
        <childnode refid="22" relation="include">
        </childnode>
        <childnode refid="28" relation="include">
        </childnode>
        <childnode refid="29" relation="include">
        </childnode>
        <childnode refid="32" relation="include">
        </childnode>
        <childnode refid="23" relation="include">
        </childnode>
        <childnode refid="25" relation="include">
        </childnode>
        <childnode refid="31" relation="include">
        </childnode>
        <childnode refid="37" relation="include">
        </childnode>
        <childnode refid="38" relation="include">
        </childnode>
        <childnode refid="14" relation="include">
        </childnode>
        <childnode refid="39" relation="include">
        </childnode>
        <childnode refid="42" relation="include">
        </childnode>
        <childnode refid="50" relation="include">
        </childnode>
        <childnode refid="51" relation="include">
        </childnode>
        <childnode refid="17" relation="include">
        </childnode>
        <childnode refid="53" relation="include">
        </childnode>
        <childnode refid="10" relation="include">
        </childnode>
        <childnode refid="55" relation="include">
        </childnode>
        <childnode refid="56" relation="include">
        </childnode>
      </node>
      <node id="54">
        <label>rocky_api_contact_functions.h</label>
        <link refid="rocky__api__contact__functions_8h_source"/>
      </node>
      <node id="53">
        <label>rocky_api_functions.h</label>
        <link refid="rocky__api__functions_8h_source"/>
        <childnode refid="5" relation="include">
        </childnode>
        <childnode refid="19" relation="include">
        </childnode>
        <childnode refid="54" relation="include">
        </childnode>
      </node>
      <node id="9">
        <label>rocky20/api/rocky_boundary.hpp</label>
        <link refid="rocky__boundary_8hpp_source"/>
        <childnode refid="8" relation="include">
        </childnode>
        <childnode refid="10" relation="include">
        </childnode>
        <childnode refid="13" relation="include">
        </childnode>
        <childnode refid="14" relation="include">
        </childnode>
      </node>
      <node id="19">
        <label>rocky20/api/rocky_boundary_api.hpp</label>
        <link refid="rocky__boundary__api_8hpp_source"/>
        <childnode refid="20" relation="include">
        </childnode>
        <childnode refid="8" relation="include">
        </childnode>
        <childnode refid="21" relation="include">
        </childnode>
        <childnode refid="9" relation="include">
        </childnode>
      </node>
      <node id="38">
        <label>rocky20/api/rocky_boundary_scalars.hpp</label>
        <link refid="rocky__boundary__scalars_8hpp_source"/>
        <childnode refid="15" relation="include">
        </childnode>
      </node>
      <node id="7">
        <label>rocky20/api/rocky_contact.hpp</label>
        <link refid="rocky__contact_8hpp_source"/>
        <childnode refid="8" relation="include">
        </childnode>
        <childnode refid="9" relation="include">
        </childnode>
        <childnode refid="19" relation="include">
        </childnode>
        <childnode refid="22" relation="include">
        </childnode>
        <childnode refid="23" relation="include">
        </childnode>
        <childnode refid="26" relation="include">
        </childnode>
      </node>
      <node id="6">
        <label>rocky_contact_api.hpp</label>
        <link refid="rocky__contact__api_8hpp_source"/>
        <childnode refid="7" relation="include">
        </childnode>
        <childnode refid="13" relation="include">
        </childnode>
        <childnode refid="27" relation="include">
        </childnode>
      </node>
      <node id="51">
        <label>rocky_contact_data_recorder_api.h</label>
        <link refid="rocky__contact__data__recorder__api_8h_source"/>
        <childnode refid="52" relation="include">
        </childnode>
      </node>
      <node id="22">
        <label>rocky20/api/rocky_contact_scalars.hpp</label>
        <link refid="rocky__contact__scalars_8hpp_source"/>
        <childnode refid="15" relation="include">
        </childnode>
      </node>
      <node id="28">
        <label>rocky_fluid_scalars.hpp</label>
        <link refid="rocky__fluid__scalars_8hpp_source"/>
        <childnode refid="15" relation="include">
        </childnode>
      </node>
      <node id="29">
        <label>rocky_joint_api.hpp</label>
        <link refid="rocky__joint__api_8hpp_source"/>
        <childnode refid="23" relation="include">
        </childnode>
        <childnode refid="30" relation="include">
        </childnode>
        <childnode refid="31" relation="include">
        </childnode>
      </node>
      <node id="31">
        <label>rocky_joint_scalars.hpp</label>
        <link refid="rocky__joint__scalars_8hpp_source"/>
        <childnode refid="15" relation="include">
        </childnode>
      </node>
      <node id="13">
        <label>rocky20/api/rocky_material_api.hpp</label>
        <link refid="rocky__material__api_8hpp_source"/>
        <childnode refid="8" relation="include">
        </childnode>
      </node>
      <node id="33">
        <label>rocky_model.hpp</label>
        <link refid="rocky__model_8hpp_source"/>
        <childnode refid="8" relation="include">
        </childnode>
        <childnode refid="34" relation="include">
        </childnode>
        <childnode refid="37" relation="include">
        </childnode>
        <childnode refid="38" relation="include">
        </childnode>
      </node>
      <node id="32">
        <label>rocky_model_api.hpp</label>
        <link refid="rocky__model__api_8hpp_source"/>
        <childnode refid="33" relation="include">
        </childnode>
        <childnode refid="23" relation="include">
        </childnode>
      </node>
      <node id="42">
        <label>rocky_output_collections_api.hpp</label>
        <link refid="rocky__output__collections__api_8hpp_source"/>
        <childnode refid="43" relation="include">
        </childnode>
        <childnode refid="45" relation="include">
        </childnode>
      </node>
      <node id="45">
        <label>rocky_output_properties.h</label>
        <link refid="rocky__output__properties_8h_source"/>
        <childnode refid="41" relation="include">
        </childnode>
        <childnode refid="46" relation="include">
        </childnode>
        <childnode refid="47" relation="include">
        </childnode>
        <childnode refid="48" relation="include">
        </childnode>
        <childnode refid="49" relation="include">
        </childnode>
      </node>
      <node id="37">
        <label>rocky20/api/rocky_pair_scalars.hpp</label>
        <link refid="rocky__pair__scalars_8hpp_source"/>
        <childnode refid="15" relation="include">
        </childnode>
      </node>
      <node id="24">
        <label>rocky_particle.hpp</label>
        <link refid="rocky__particle_8hpp_source"/>
        <childnode refid="10" relation="include">
        </childnode>
        <childnode refid="25" relation="include">
        </childnode>
        <childnode refid="8" relation="include">
        </childnode>
        <childnode refid="26" relation="include">
        </childnode>
      </node>
      <node id="23">
        <label>rocky20/api/rocky_particle_api.hpp</label>
        <link refid="rocky__particle__api_8hpp_source"/>
        <childnode refid="24" relation="include">
        </childnode>
        <childnode refid="13" relation="include">
        </childnode>
        <childnode refid="25" relation="include">
        </childnode>
      </node>
      <node id="25">
        <label>rocky20/api/rocky_particle_scalars.hpp</label>
        <link refid="rocky__particle__scalars_8hpp_source"/>
        <childnode refid="15" relation="include">
        </childnode>
      </node>
      <node id="39">
        <label>rocky_plugin_data.h</label>
        <link refid="rocky__plugin__data_8h_source"/>
        <childnode refid="40" relation="include">
        </childnode>
        <childnode refid="41" relation="include">
        </childnode>
      </node>
      <node id="35">
        <label>rocky_point_cloud.h</label>
        <link refid="rocky__point__cloud_8h_source"/>
        <childnode refid="36" relation="include">
        </childnode>
      </node>
      <node id="34">
        <label>rocky20/api/rocky_point_cloud_api.hpp</label>
        <link refid="rocky__point__cloud__api_8hpp_source"/>
        <childnode refid="35" relation="include">
        </childnode>
      </node>
      <node id="15">
        <label>rocky_scalars.h</label>
        <link refid="rocky__scalars_8h_source"/>
        <childnode refid="16" relation="include">
        </childnode>
        <childnode refid="10" relation="include">
        </childnode>
        <childnode refid="17" relation="include">
        </childnode>
      </node>
      <node id="17">
        <label>rocky20/api/rocky_statistics_data.hpp</label>
        <link refid="rocky__statistics__data_8hpp_source"/>
        <childnode refid="18" relation="include">
        </childnode>
        <childnode refid="10" relation="include">
        </childnode>
      </node>
      <node id="43">
        <label>rocky_time_curve_data.hpp</label>
        <link refid="rocky__time__curve__data_8hpp_source"/>
        <childnode refid="44" relation="include">
        </childnode>
      </node>
      <node id="50">
        <label>rocky_timestep_api.h</label>
        <link refid="rocky__timestep__api_8h_source"/>
        <childnode refid="40" relation="include">
        </childnode>
        <childnode refid="46" relation="include">
        </childnode>
      </node>
      <node id="14">
        <label>rocky_triangle_scalars.hpp</label>
        <link refid="rocky__triangle__scalars_8hpp_source"/>
        <childnode refid="15" relation="include">
        </childnode>
      </node>
      <node id="40">
        <label>memory</label>
      </node>
      <node id="44">
        <label>rocky20/addins/rocky_addin.h</label>
      </node>
      <node id="48">
        <label>rocky20/core/utils/rocky_exception.hpp</label>
      </node>
      <node id="20">
        <label>rocky20/core/utils/rocky_math.hpp</label>
      </node>
      <node id="3">
        <label>rocky20/cuda/CudaUtil.hpp</label>
      </node>
      <node id="2">
        <label>rocky20/cuda/cuda_backend.hpp</label>
      </node>
      <node id="11">
        <label>rocky20/cuda/cuda_basics.hpp</label>
      </node>
      <node id="27">
        <label>rocky20/device/device_contact.hpp</label>
      </node>
      <node id="57">
        <label>rocky20/device/device_forces.hpp</label>
      </node>
      <node id="30">
        <label>rocky20/device/device_joint_api.hpp</label>
      </node>
      <node id="8">
        <label>rocky20/device/device_model.hpp</label>
      </node>
      <node id="21">
        <label>rocky20/device/device_triangles.hpp</label>
      </node>
      <node id="26">
        <label>rocky20/device/element_properties.hpp</label>
      </node>
      <node id="12">
        <label>rocky20/device/omp_backend.hpp</label>
      </node>
      <node id="52">
        <label>rocky20/model/data_recorders.h</label>
      </node>
      <node id="36">
        <label>rocky20/model/point_cloud.h</label>
      </node>
      <node id="47">
        <label>rocky20/model/rocky_enums.h</label>
      </node>
      <node id="16">
        <label>rocky20/model/rocky_model.h</label>
      </node>
      <node id="49">
        <label>rocky20/model/scalars.h</label>
      </node>
      <node id="18">
        <label>rocky20/model/statistics_data.hpp</label>
      </node>
      <node id="41">
        <label>string</label>
      </node>
      <node id="46">
        <label>vector</label>
      </node>
    </incdepgraph>
    <invincdepgraph>
      <node id="1">
        <label>source/c++/rocky20/api/device/api_cuda.hpp</label>
        <link refid="api__cuda_8hpp"/>
        <childnode refid="2" relation="include">
        </childnode>
        <childnode refid="3" relation="include">
        </childnode>
        <childnode refid="4" relation="include">
        </childnode>
        <childnode refid="5" relation="include">
        </childnode>
        <childnode refid="6" relation="include">
        </childnode>
        <childnode refid="7" relation="include">
        </childnode>
      </node>
      <node id="2">
        <label>source/c++/rocky20/api/device/api_cuda_cfd_coupling.hpp</label>
        <link refid="api__cuda__cfd__coupling_8hpp_source"/>
      </node>
      <node id="3">
        <label>source/c++/rocky20/api/device/api_cuda_contacts.hpp</label>
        <link refid="api__cuda__contacts_8hpp_source"/>
      </node>
      <node id="4">
        <label>source/c++/rocky20/api/device/api_cuda_joints.hpp</label>
        <link refid="api__cuda__joints_8hpp_source"/>
      </node>
      <node id="5">
        <label>source/c++/rocky20/api/device/api_cuda_particles.hpp</label>
        <link refid="api__cuda__particles_8hpp_source"/>
      </node>
      <node id="6">
        <label>source/c++/rocky20/api/device/api_cuda_triangles.hpp</label>
        <link refid="api__cuda__triangles_8hpp_source"/>
      </node>
      <node id="7">
        <label>source/c++/rocky20/api/sph/api_cuda_sph.hpp</label>
        <link refid="api__cuda__sph_8hpp_source"/>
      </node>
    </invincdepgraph>
    <innernamespace refid="namespacerocky">rocky</innernamespace>
    <innernamespace refid="namespacerocky_1_1cuda">rocky::cuda</innernamespace>
    <sectiondef kind="define">
      <memberdef kind="define" id="api__cuda_8hpp_1a272fa4f8e8420d933321f344e8656ab2" prot="public" static="no">
        <name>CUDA_EVENT_ELAPSED_TIME</name>
        <param><defname>time</defname></param>
        <param><defname>start</defname></param>
        <param><defname>end</defname></param>
        <initializer>CUDA_ERROR_CHECK(__GPU(EventElapsedTime)(time, start, end))</initializer>
        <briefdescription>
        </briefdescription>
        <detaileddescription>
        </detaileddescription>
        <inbodydescription>
        </inbodydescription>
        <location file="source/c++/rocky20/api/device/api_cuda.hpp" line="5" column="9"/>
      </memberdef>
    </sectiondef>
    <briefdescription>
    </briefdescription>
    <detaileddescription>
    </detaileddescription>
    <programlisting>
<codeline lineno="1"><highlight class="comment">//<sp/>(C)<sp/>2024<sp/>ANSYS,<sp/>Inc.<sp/>Unauthorized<sp/>use,<sp/>distribution,<sp/>or<sp/>duplication<sp/>is<sp/>prohibited.</highlight><highlight class="normal"></highlight></codeline>
<codeline lineno="2"><highlight class="normal"></highlight><highlight class="preprocessor">#pragma<sp/>once</highlight><highlight class="normal"></highlight></codeline>
<codeline lineno="3"><highlight class="normal"></highlight></codeline>
<codeline lineno="4"><highlight class="normal"></highlight><highlight class="preprocessor">#include<sp/>&lt;rocky20/cuda/cuda_backend.hpp&gt;</highlight><highlight class="normal"></highlight></codeline>
<codeline lineno="5"><highlight class="normal"></highlight><highlight class="preprocessor">#include<sp/>&lt;rocky20/cuda/CudaUtil.hpp&gt;</highlight><highlight class="normal"></highlight></codeline>
<codeline lineno="6"><highlight class="normal"></highlight><highlight class="preprocessor">#include<sp/>&lt;rocky20/api/rocky_api.h&gt;</highlight><highlight class="normal"></highlight></codeline>
<codeline lineno="7"><highlight class="normal"></highlight></codeline>
<codeline lineno="8"><highlight class="normal"></highlight><highlight class="keyword">namespace<sp/></highlight><highlight class="normal">rocky::cuda</highlight></codeline>
<codeline lineno="9"><highlight class="normal">{</highlight></codeline>
<codeline lineno="10"><highlight class="normal"></highlight></codeline>
<codeline lineno="11"><highlight class="normal"></highlight><highlight class="keyword">inline</highlight><highlight class="normal"><sp/></highlight><highlight class="keywordtype">void</highlight><highlight class="normal"><sp/>sync_devices(<ref refid="structIRockyModel" kindref="compound">IRockyModel</ref><sp/>&amp;model)</highlight></codeline>
<codeline lineno="12"><highlight class="normal">{</highlight></codeline>
<codeline lineno="13"><highlight class="normal"><sp/><sp/><sp/><sp/></highlight><highlight class="comment">//<sp/>Sync<sp/>all<sp/>GPUs</highlight><highlight class="normal"></highlight></codeline>
<codeline lineno="14"><highlight class="normal"><sp/><sp/><sp/><sp/></highlight><highlight class="keywordflow">for</highlight><highlight class="normal"><sp/>(</highlight><highlight class="keywordtype">int</highlight><highlight class="normal"><sp/>i<sp/>=<sp/>0;<sp/>i<sp/>&lt;<sp/>model.<ref refid="structIRockyModel_1a1fd1011aa809fe64647e9cacf1956a11" kindref="member">get_number_of_devices</ref>();<sp/>i++)</highlight></codeline>
<codeline lineno="15"><highlight class="normal"><sp/><sp/><sp/><sp/>{</highlight></codeline>
<codeline lineno="16"><highlight class="normal"><sp/><sp/><sp/><sp/><sp/><sp/><sp/><sp/>CUDA_SET_DEVICE(model.<ref refid="structIRockyModel_1ae8f8865c809a31988291f9180d7cda2b" kindref="member">get_device_id</ref>(i));</highlight></codeline>
<codeline lineno="17"><highlight class="normal"><sp/><sp/><sp/><sp/><sp/><sp/><sp/><sp/>CUDA_SYNC_DEVICE();</highlight></codeline>
<codeline lineno="18"><highlight class="normal"><sp/><sp/><sp/><sp/>}</highlight></codeline>
<codeline lineno="19"><highlight class="normal">}</highlight></codeline>
<codeline lineno="20"><highlight class="normal"></highlight></codeline>
<codeline lineno="21"><highlight class="normal">}</highlight></codeline>
    </programlisting>
    <location file="source/c++/rocky20/api/device/api_cuda.hpp"/>
  </compounddef>
</doxygen>
