<?xml version='1.0' encoding='UTF-8' standalone='no'?>
<doxygen xmlns:xsi="http://www.w3.org/2001/XMLSchema-instance" xsi:noNamespaceSchemaLocation="compound.xsd" version="1.10.0" xml:lang="en-US">
  <compounddef id="api__omp__particles_8hpp" kind="file" language="C++">
    <compoundname>api_omp_particles.hpp</compoundname>
    <includes refid="api__device__particles_8hpp" local="no">rocky20/api/device/api_device_particles.hpp</includes>
    <includes local="no">rocky20/device/omp_backend.hpp</includes>
    <incdepgraph>
      <node id="12">
        <label>rocky20/api/device/api_backend.hpp</label>
        <link refid="api__backend_8hpp_source"/>
        <childnode refid="13" relation="include">
        </childnode>
        <childnode refid="14" relation="include">
        </childnode>
      </node>
      <node id="2">
        <label>rocky20/api/device/api_device_particles.hpp</label>
        <link refid="api__device__particles_8hpp_source"/>
        <childnode refid="3" relation="include">
        </childnode>
      </node>
      <node id="1">
        <label>source/c++/rocky20/api/device/api_omp_particles.hpp</label>
        <link refid="api__omp__particles_8hpp"/>
        <childnode refid="2" relation="include">
        </childnode>
        <childnode refid="14" relation="include">
        </childnode>
      </node>
      <node id="17">
        <label>rocky20/api/rocky_boundary_scalars.hpp</label>
        <link refid="rocky__boundary__scalars_8hpp_source"/>
        <childnode refid="10" relation="include">
        </childnode>
      </node>
      <node id="22">
        <label>rocky_material_api.hpp</label>
        <link refid="rocky__material__api_8hpp_source"/>
        <childnode refid="5" relation="include">
        </childnode>
      </node>
      <node id="4">
        <label>rocky_model.hpp</label>
        <link refid="rocky__model_8hpp_source"/>
        <childnode refid="5" relation="include">
        </childnode>
        <childnode refid="6" relation="include">
        </childnode>
        <childnode refid="9" relation="include">
        </childnode>
        <childnode refid="17" relation="include">
        </childnode>
      </node>
      <node id="3">
        <label>rocky20/api/rocky_model_api.hpp</label>
        <link refid="rocky__model__api_8hpp_source"/>
        <childnode refid="4" relation="include">
        </childnode>
        <childnode refid="18" relation="include">
        </childnode>
      </node>
      <node id="9">
        <label>rocky20/api/rocky_pair_scalars.hpp</label>
        <link refid="rocky__pair__scalars_8hpp_source"/>
        <childnode refid="10" relation="include">
        </childnode>
      </node>
      <node id="19">
        <label>rocky_particle.hpp</label>
        <link refid="rocky__particle_8hpp_source"/>
        <childnode refid="12" relation="include">
        </childnode>
        <childnode refid="20" relation="include">
        </childnode>
        <childnode refid="5" relation="include">
        </childnode>
        <childnode refid="21" relation="include">
        </childnode>
      </node>
      <node id="18">
        <label>rocky_particle_api.hpp</label>
        <link refid="rocky__particle__api_8hpp_source"/>
        <childnode refid="19" relation="include">
        </childnode>
        <childnode refid="22" relation="include">
        </childnode>
        <childnode refid="20" relation="include">
        </childnode>
      </node>
      <node id="20">
        <label>rocky20/api/rocky_particle_scalars.hpp</label>
        <link refid="rocky__particle__scalars_8hpp_source"/>
        <childnode refid="10" relation="include">
        </childnode>
      </node>
      <node id="7">
        <label>rocky_point_cloud.h</label>
        <link refid="rocky__point__cloud_8h_source"/>
        <childnode refid="8" relation="include">
        </childnode>
      </node>
      <node id="6">
        <label>rocky20/api/rocky_point_cloud_api.hpp</label>
        <link refid="rocky__point__cloud__api_8hpp_source"/>
        <childnode refid="7" relation="include">
        </childnode>
      </node>
      <node id="10">
        <label>rocky_scalars.h</label>
        <link refid="rocky__scalars_8h_source"/>
        <childnode refid="11" relation="include">
        </childnode>
        <childnode refid="12" relation="include">
        </childnode>
        <childnode refid="15" relation="include">
        </childnode>
      </node>
      <node id="15">
        <label>rocky20/api/rocky_statistics_data.hpp</label>
        <link refid="rocky__statistics__data_8hpp_source"/>
        <childnode refid="16" relation="include">
        </childnode>
        <childnode refid="12" relation="include">
        </childnode>
      </node>
      <node id="13">
        <label>rocky20/cuda/cuda_basics.hpp</label>
      </node>
      <node id="5">
        <label>rocky20/device/device_model.hpp</label>
      </node>
      <node id="21">
        <label>rocky20/device/element_properties.hpp</label>
      </node>
      <node id="14">
        <label>rocky20/device/omp_backend.hpp</label>
      </node>
      <node id="8">
        <label>rocky20/model/point_cloud.h</label>
      </node>
      <node id="11">
        <label>rocky20/model/rocky_model.h</label>
      </node>
      <node id="16">
        <label>rocky20/model/statistics_data.hpp</label>
      </node>
    </incdepgraph>
    <innernamespace refid="namespacerocky">rocky</innernamespace>
    <innernamespace refid="namespacerocky_1_1omp">rocky::omp</innernamespace>
    <briefdescription>
    </briefdescription>
    <detaileddescription>
    </detaileddescription>
    <programlisting>
<codeline lineno="1"><highlight class="comment">//<sp/>(C)<sp/>2024<sp/>ANSYS,<sp/>Inc.<sp/>Unauthorized<sp/>use,<sp/>distribution,<sp/>or<sp/>duplication<sp/>is<sp/>prohibited.</highlight><highlight class="normal"></highlight></codeline>
<codeline lineno="2"><highlight class="normal"></highlight><highlight class="preprocessor">#pragma<sp/>once</highlight><highlight class="normal"></highlight></codeline>
<codeline lineno="3"><highlight class="normal"></highlight></codeline>
<codeline lineno="4"><highlight class="normal"></highlight><highlight class="preprocessor">#include<sp/>&lt;rocky20/api/device/api_device_particles.hpp&gt;</highlight><highlight class="normal"></highlight></codeline>
<codeline lineno="5"><highlight class="normal"></highlight><highlight class="preprocessor">#include<sp/>&lt;rocky20/device/omp_backend.hpp&gt;</highlight><highlight class="normal"></highlight></codeline>
<codeline lineno="6"><highlight class="normal"></highlight></codeline>
<codeline lineno="7"><highlight class="normal"></highlight><highlight class="keyword">namespace<sp/></highlight><highlight class="normal">rocky::omp</highlight></codeline>
<codeline lineno="8"><highlight class="normal">{</highlight></codeline>
<codeline lineno="9"><highlight class="normal"></highlight></codeline>
<codeline lineno="10"><highlight class="normal"></highlight><highlight class="keywordtype">void</highlight><highlight class="normal"><sp/>dispatch_particles_kernel(</highlight></codeline>
<codeline lineno="11"><highlight class="normal"><sp/><sp/><sp/><sp/><ref refid="structIRockyModel" kindref="compound">IRockyModel</ref><sp/>&amp;model,</highlight></codeline>
<codeline lineno="12"><highlight class="normal"><sp/><sp/><sp/><sp/>particles_f_type<sp/>h_particle_f_ptr,</highlight></codeline>
<codeline lineno="13"><highlight class="normal"><sp/><sp/><sp/><sp/></highlight><highlight class="keywordtype">void</highlight><highlight class="normal"><sp/>*udf_data</highlight></codeline>
<codeline lineno="14"><highlight class="normal">)</highlight></codeline>
<codeline lineno="15"><highlight class="normal">{</highlight></codeline>
<codeline lineno="16"><highlight class="normal"><sp/><sp/><sp/><sp/></highlight><highlight class="keywordflow">if</highlight><highlight class="normal"><sp/>(model.<ref refid="structIRockyModel_1a38a15145f4f2bb47b79ab785f50d8277" kindref="member">get_number_of_active_particles</ref>()<sp/>&lt;=<sp/>0)</highlight></codeline>
<codeline lineno="17"><highlight class="normal"><sp/><sp/><sp/><sp/><sp/><sp/><sp/><sp/></highlight><highlight class="keywordflow">return</highlight><highlight class="normal">;</highlight></codeline>
<codeline lineno="18"><highlight class="normal"></highlight></codeline>
<codeline lineno="19"><highlight class="normal"><sp/><sp/><sp/><sp/>SDeviceModel<sp/>*device_data<sp/>=<sp/>model.get_device_data(0);</highlight></codeline>
<codeline lineno="20"><highlight class="normal"></highlight></codeline>
<codeline lineno="21"><highlight class="normal"></highlight><highlight class="preprocessor"><sp/><sp/><sp/><sp/>#pragma<sp/>omp<sp/>parallel<sp/>num_threads(model.get_number_of_processes())</highlight><highlight class="normal"></highlight></codeline>
<codeline lineno="22"><highlight class="normal"><sp/><sp/><sp/><sp/>{</highlight></codeline>
<codeline lineno="23"><highlight class="normal"><sp/><sp/><sp/><sp/><sp/><sp/><sp/><sp/>device::execute_particles_function&lt;OMPBackend&gt;(</highlight></codeline>
<codeline lineno="24"><highlight class="normal"><sp/><sp/><sp/><sp/><sp/><sp/><sp/><sp/><sp/><sp/><sp/><sp/>device_data,</highlight></codeline>
<codeline lineno="25"><highlight class="normal"><sp/><sp/><sp/><sp/><sp/><sp/><sp/><sp/><sp/><sp/><sp/><sp/>model.<ref refid="structIRockyModel_1a93ef35ae1eb9cf50ca77ab2070a769ab" kindref="member">get_current_time</ref>(),</highlight></codeline>
<codeline lineno="26"><highlight class="normal"><sp/><sp/><sp/><sp/><sp/><sp/><sp/><sp/><sp/><sp/><sp/><sp/>Function2Functor&lt;particles_f_type&gt;<sp/>{<sp/>h_particle_f_ptr<sp/>},</highlight></codeline>
<codeline lineno="27"><highlight class="normal"><sp/><sp/><sp/><sp/><sp/><sp/><sp/><sp/><sp/><sp/><sp/><sp/>udf_data);</highlight></codeline>
<codeline lineno="28"><highlight class="normal"><sp/><sp/><sp/><sp/>}</highlight></codeline>
<codeline lineno="29"><highlight class="normal">}</highlight></codeline>
<codeline lineno="30"><highlight class="normal"></highlight></codeline>
<codeline lineno="31"><highlight class="normal"></highlight><highlight class="keywordtype">void</highlight><highlight class="normal"><sp/>dispatch_instantaneous_breakage_kernel(</highlight></codeline>
<codeline lineno="32"><highlight class="normal"><sp/><sp/><sp/><sp/><ref refid="structIRockyModel" kindref="compound">IRockyModel</ref>&amp;<sp/>model,</highlight></codeline>
<codeline lineno="33"><highlight class="normal"><sp/><sp/><sp/><sp/>instantaneous_breakage_f_type<sp/>h_instantaneous_breakage_f_ptr,</highlight></codeline>
<codeline lineno="34"><highlight class="normal"><sp/><sp/><sp/><sp/></highlight><highlight class="keywordtype">void</highlight><highlight class="normal">*<sp/>udf_data</highlight></codeline>
<codeline lineno="35"><highlight class="normal">)</highlight></codeline>
<codeline lineno="36"><highlight class="normal">{</highlight></codeline>
<codeline lineno="37"><highlight class="normal"><sp/><sp/><sp/><sp/>SDeviceModel*<sp/>device_data<sp/>=<sp/>model.get_device_data(0);</highlight></codeline>
<codeline lineno="38"><highlight class="normal"></highlight></codeline>
<codeline lineno="39"><highlight class="normal"></highlight><highlight class="preprocessor"><sp/><sp/><sp/><sp/>#pragma<sp/>omp<sp/>parallel<sp/>num_threads(model.get_number_of_processes())</highlight><highlight class="normal"></highlight></codeline>
<codeline lineno="40"><highlight class="normal"><sp/><sp/><sp/><sp/>{</highlight></codeline>
<codeline lineno="41"><highlight class="normal"><sp/><sp/><sp/><sp/><sp/><sp/><sp/><sp/>device::compute_instantaneous_breakage&lt;OMPBackend&gt;(</highlight></codeline>
<codeline lineno="42"><highlight class="normal"><sp/><sp/><sp/><sp/><sp/><sp/><sp/><sp/><sp/><sp/><sp/><sp/>device_data,</highlight></codeline>
<codeline lineno="43"><highlight class="normal"><sp/><sp/><sp/><sp/><sp/><sp/><sp/><sp/><sp/><sp/><sp/><sp/>0,</highlight></codeline>
<codeline lineno="44"><highlight class="normal"><sp/><sp/><sp/><sp/><sp/><sp/><sp/><sp/><sp/><sp/><sp/><sp/>Function2Functor&lt;instantaneous_breakage_f_type&gt;<sp/>{<sp/>h_instantaneous_breakage_f_ptr<sp/>},</highlight></codeline>
<codeline lineno="45"><highlight class="normal"><sp/><sp/><sp/><sp/><sp/><sp/><sp/><sp/><sp/><sp/><sp/><sp/>udf_data,</highlight></codeline>
<codeline lineno="46"><highlight class="normal"><sp/><sp/><sp/><sp/><sp/><sp/><sp/><sp/><sp/><sp/><sp/><sp/>model._impl-&gt;iteration.current_time);</highlight></codeline>
<codeline lineno="47"><highlight class="normal"><sp/><sp/><sp/><sp/>}</highlight></codeline>
<codeline lineno="48"><highlight class="normal">}</highlight></codeline>
<codeline lineno="49"><highlight class="normal"></highlight></codeline>
<codeline lineno="50"><highlight class="normal">}<sp/></highlight><highlight class="comment">//<sp/>namespace<sp/>rocky::omp</highlight><highlight class="normal"></highlight></codeline>
    </programlisting>
    <location file="source/c++/rocky20/api/device/api_omp_particles.hpp"/>
  </compounddef>
</doxygen>
