<?xml version='1.0' encoding='UTF-8' standalone='no'?>
<doxygen xmlns:xsi="http://www.w3.org/2001/XMLSchema-instance" xsi:noNamespaceSchemaLocation="compound.xsd" version="1.10.0" xml:lang="en-US">
  <compounddef id="api__device__sph_8hpp" kind="file" language="C++">
    <compoundname>api_device_sph.hpp</compoundname>
    <includes refid="rocky__api__sph__functions_8h" local="no">rocky20/api/rocky_api_sph_functions.h</includes>
    <includes refid="rocky__model__api_8hpp" local="no">rocky20/api/rocky_model_api.hpp</includes>
    <includes refid="rocky__sph__element__api_8hpp" local="no">rocky20/api/sph/rocky_sph_element_api.hpp</includes>
    <includes refid="rocky__sph__interaction__api_8hpp" local="no">rocky20/api/sph/rocky_sph_interaction_api.hpp</includes>
    <includes refid="rocky__sph__model__api_8hpp" local="no">rocky20/api/sph/rocky_sph_model_api.hpp</includes>
    <includedby refid="api__cuda__sph_8hpp" local="no">source/c++/rocky20/api/sph/api_cuda_sph.hpp</includedby>
    <includedby refid="api__omp__sph_8hpp" local="no">source/c++/rocky20/api/sph/api_omp_sph.hpp</includedby>
    <incdepgraph>
      <node id="13">
        <label>rocky20/api/device/api_backend.hpp</label>
        <link refid="api__backend_8hpp_source"/>
        <childnode refid="14" relation="include">
        </childnode>
        <childnode refid="15" relation="include">
        </childnode>
      </node>
      <node id="2">
        <label>rocky20/api/rocky_api_sph_functions.h</label>
        <link refid="rocky__api__sph__functions_8h_source"/>
        <childnode refid="3" relation="include">
        </childnode>
      </node>
      <node id="35">
        <label>rocky_boundary.hpp</label>
        <link refid="rocky__boundary_8hpp_source"/>
        <childnode refid="6" relation="include">
        </childnode>
        <childnode refid="13" relation="include">
        </childnode>
        <childnode refid="23" relation="include">
        </childnode>
        <childnode refid="36" relation="include">
        </childnode>
      </node>
      <node id="33">
        <label>rocky20/api/rocky_boundary_api.hpp</label>
        <link refid="rocky__boundary__api_8hpp_source"/>
        <childnode refid="34" relation="include">
        </childnode>
        <childnode refid="6" relation="include">
        </childnode>
        <childnode refid="31" relation="include">
        </childnode>
        <childnode refid="35" relation="include">
        </childnode>
      </node>
      <node id="18">
        <label>rocky20/api/rocky_boundary_scalars.hpp</label>
        <link refid="rocky__boundary__scalars_8hpp_source"/>
        <childnode refid="11" relation="include">
        </childnode>
      </node>
      <node id="23">
        <label>rocky_material_api.hpp</label>
        <link refid="rocky__material__api_8hpp_source"/>
        <childnode refid="6" relation="include">
        </childnode>
      </node>
      <node id="5">
        <label>rocky_model.hpp</label>
        <link refid="rocky__model_8hpp_source"/>
        <childnode refid="6" relation="include">
        </childnode>
        <childnode refid="7" relation="include">
        </childnode>
        <childnode refid="10" relation="include">
        </childnode>
        <childnode refid="18" relation="include">
        </childnode>
      </node>
      <node id="4">
        <label>rocky20/api/rocky_model_api.hpp</label>
        <link refid="rocky__model__api_8hpp_source"/>
        <childnode refid="5" relation="include">
        </childnode>
        <childnode refid="19" relation="include">
        </childnode>
      </node>
      <node id="10">
        <label>rocky20/api/rocky_pair_scalars.hpp</label>
        <link refid="rocky__pair__scalars_8hpp_source"/>
        <childnode refid="11" relation="include">
        </childnode>
      </node>
      <node id="20">
        <label>rocky_particle.hpp</label>
        <link refid="rocky__particle_8hpp_source"/>
        <childnode refid="13" relation="include">
        </childnode>
        <childnode refid="21" relation="include">
        </childnode>
        <childnode refid="6" relation="include">
        </childnode>
        <childnode refid="22" relation="include">
        </childnode>
      </node>
      <node id="19">
        <label>rocky_particle_api.hpp</label>
        <link refid="rocky__particle__api_8hpp_source"/>
        <childnode refid="20" relation="include">
        </childnode>
        <childnode refid="23" relation="include">
        </childnode>
        <childnode refid="21" relation="include">
        </childnode>
      </node>
      <node id="21">
        <label>rocky20/api/rocky_particle_scalars.hpp</label>
        <link refid="rocky__particle__scalars_8hpp_source"/>
        <childnode refid="11" relation="include">
        </childnode>
      </node>
      <node id="8">
        <label>rocky_point_cloud.h</label>
        <link refid="rocky__point__cloud_8h_source"/>
        <childnode refid="9" relation="include">
        </childnode>
      </node>
      <node id="7">
        <label>rocky20/api/rocky_point_cloud_api.hpp</label>
        <link refid="rocky__point__cloud__api_8hpp_source"/>
        <childnode refid="8" relation="include">
        </childnode>
      </node>
      <node id="11">
        <label>rocky_scalars.h</label>
        <link refid="rocky__scalars_8h_source"/>
        <childnode refid="12" relation="include">
        </childnode>
        <childnode refid="13" relation="include">
        </childnode>
        <childnode refid="16" relation="include">
        </childnode>
      </node>
      <node id="16">
        <label>rocky20/api/rocky_statistics_data.hpp</label>
        <link refid="rocky__statistics__data_8hpp_source"/>
        <childnode refid="17" relation="include">
        </childnode>
        <childnode refid="13" relation="include">
        </childnode>
      </node>
      <node id="36">
        <label>rocky_triangle_scalars.hpp</label>
        <link refid="rocky__triangle__scalars_8hpp_source"/>
        <childnode refid="11" relation="include">
        </childnode>
      </node>
      <node id="1">
        <label>source/c++/rocky20/api/sph/api_device_sph.hpp</label>
        <link refid="api__device__sph_8hpp"/>
        <childnode refid="2" relation="include">
        </childnode>
        <childnode refid="4" relation="include">
        </childnode>
        <childnode refid="24" relation="include">
        </childnode>
        <childnode refid="29" relation="include">
        </childnode>
        <childnode refid="37" relation="include">
        </childnode>
      </node>
      <node id="25">
        <label>rocky_sph_element.hpp</label>
        <link refid="rocky__sph__element_8hpp_source"/>
        <childnode refid="13" relation="include">
        </childnode>
        <childnode refid="20" relation="include">
        </childnode>
        <childnode refid="6" relation="include">
        </childnode>
        <childnode refid="26" relation="include">
        </childnode>
      </node>
      <node id="24">
        <label>rocky20/api/sph/rocky_sph_element_api.hpp</label>
        <link refid="rocky__sph__element__api_8hpp_source"/>
        <childnode refid="25" relation="include">
        </childnode>
        <childnode refid="27" relation="include">
        </childnode>
        <childnode refid="19" relation="include">
        </childnode>
      </node>
      <node id="27">
        <label>rocky_sph_element_scalars.hpp</label>
        <link refid="rocky__sph__element__scalars_8hpp_source"/>
        <childnode refid="11" relation="include">
        </childnode>
        <childnode refid="28" relation="include">
        </childnode>
      </node>
      <node id="30">
        <label>rocky_sph_interaction.hpp</label>
        <link refid="rocky__sph__interaction_8hpp_source"/>
        <childnode refid="13" relation="include">
        </childnode>
        <childnode refid="25" relation="include">
        </childnode>
        <childnode refid="6" relation="include">
        </childnode>
        <childnode refid="31" relation="include">
        </childnode>
        <childnode refid="32" relation="include">
        </childnode>
        <childnode refid="26" relation="include">
        </childnode>
      </node>
      <node id="29">
        <label>rocky20/api/sph/rocky_sph_interaction_api.hpp</label>
        <link refid="rocky__sph__interaction__api_8hpp_source"/>
        <childnode refid="24" relation="include">
        </childnode>
        <childnode refid="30" relation="include">
        </childnode>
        <childnode refid="33" relation="include">
        </childnode>
      </node>
      <node id="38">
        <label>rocky_sph_model.hpp</label>
        <link refid="rocky__sph__model_8hpp_source"/>
        <childnode refid="6" relation="include">
        </childnode>
        <childnode refid="26" relation="include">
        </childnode>
      </node>
      <node id="37">
        <label>rocky20/api/sph/rocky_sph_model_api.hpp</label>
        <link refid="rocky__sph__model__api_8hpp_source"/>
        <childnode refid="19" relation="include">
        </childnode>
        <childnode refid="7" relation="include">
        </childnode>
        <childnode refid="27" relation="include">
        </childnode>
        <childnode refid="24" relation="include">
        </childnode>
        <childnode refid="38" relation="include">
        </childnode>
      </node>
      <node id="34">
        <label>rocky20/core/utils/rocky_math.hpp</label>
      </node>
      <node id="14">
        <label>rocky20/cuda/cuda_basics.hpp</label>
      </node>
      <node id="6">
        <label>rocky20/device/device_model.hpp</label>
      </node>
      <node id="31">
        <label>rocky20/device/device_triangles.hpp</label>
      </node>
      <node id="22">
        <label>rocky20/device/element_properties.hpp</label>
      </node>
      <node id="15">
        <label>rocky20/device/omp_backend.hpp</label>
      </node>
      <node id="9">
        <label>rocky20/model/point_cloud.h</label>
      </node>
      <node id="12">
        <label>rocky20/model/rocky_model.h</label>
      </node>
      <node id="17">
        <label>rocky20/model/statistics_data.hpp</label>
      </node>
      <node id="32">
        <label>rocky20/sph/device_sph.hpp</label>
      </node>
      <node id="3">
        <label>rocky20/sph/sph_iterators.hpp</label>
      </node>
      <node id="26">
        <label>rocky20/sph/sph_model.h</label>
      </node>
      <node id="28">
        <label>rocky20/sph/sph_particle_scalars.h</label>
      </node>
    </incdepgraph>
    <invincdepgraph>
      <node id="4">
        <label>source/c++/rocky20/api/rocky_api_sph.h</label>
        <link refid="rocky__api__sph_8h_source"/>
      </node>
      <node id="2">
        <label>source/c++/rocky20/api/sph/api_cuda_sph.hpp</label>
        <link refid="api__cuda__sph_8hpp_source"/>
      </node>
      <node id="1">
        <label>source/c++/rocky20/api/sph/api_device_sph.hpp</label>
        <link refid="api__device__sph_8hpp"/>
        <childnode refid="2" relation="include">
        </childnode>
        <childnode refid="3" relation="include">
        </childnode>
      </node>
      <node id="3">
        <label>source/c++/rocky20/api/sph/api_omp_sph.hpp</label>
        <link refid="api__omp__sph_8hpp_source"/>
        <childnode refid="4" relation="include">
        </childnode>
      </node>
    </invincdepgraph>
    <innerclass refid="structdevice_1_1DefaultElementsOperator" prot="public">device::DefaultElementsOperator</innerclass>
    <innerclass refid="structdevice_1_1DefaultTrianglesOperator" prot="public">device::DefaultTrianglesOperator</innerclass>
    <innerclass refid="structdevice_1_1DefaultOperator" prot="public">device::DefaultOperator</innerclass>
    <innerclass refid="structdevice_1_1HeatTransferElementsOperator" prot="public">device::HeatTransferElementsOperator</innerclass>
    <innerclass refid="structdevice_1_1HeatTransferTrianglesOperator" prot="public">device::HeatTransferTrianglesOperator</innerclass>
    <innerclass refid="structdevice_1_1ForceElementInteractionOperator" prot="public">device::ForceElementInteractionOperator</innerclass>
    <innerclass refid="structdevice_1_1ForceTriangleInteractionOperator" prot="public">device::ForceTriangleInteractionOperator</innerclass>
    <innerclass refid="structdevice_1_1ForceElementOperator" prot="public">device::ForceElementOperator</innerclass>
    <innerclass refid="structdevice_1_1MolecularViscosityElementOperator" prot="public">device::MolecularViscosityElementOperator</innerclass>
    <innernamespace refid="namespacedevice">device</innernamespace>
    <briefdescription>
    </briefdescription>
    <detaileddescription>
    </detaileddescription>
    <programlisting>
<codeline lineno="1"><highlight class="comment">//<sp/>(C)<sp/>2024<sp/>ANSYS,<sp/>Inc.<sp/>Unauthorized<sp/>use,<sp/>distribution,<sp/>or<sp/>duplication<sp/>is<sp/>prohibited.</highlight><highlight class="normal"></highlight></codeline>
<codeline lineno="2"><highlight class="normal"></highlight><highlight class="preprocessor">#pragma<sp/>once</highlight><highlight class="normal"></highlight></codeline>
<codeline lineno="3"><highlight class="normal"></highlight></codeline>
<codeline lineno="4"><highlight class="normal"></highlight><highlight class="preprocessor">#include<sp/>&lt;rocky20/api/rocky_api_sph_functions.h&gt;</highlight><highlight class="normal"></highlight></codeline>
<codeline lineno="5"><highlight class="normal"></highlight><highlight class="preprocessor">#include<sp/>&lt;rocky20/api/rocky_model_api.hpp&gt;</highlight><highlight class="normal"></highlight></codeline>
<codeline lineno="6"><highlight class="normal"></highlight><highlight class="preprocessor">#include<sp/>&lt;rocky20/api/sph/rocky_sph_element_api.hpp&gt;</highlight><highlight class="normal"></highlight></codeline>
<codeline lineno="7"><highlight class="normal"></highlight><highlight class="preprocessor">#include<sp/>&lt;rocky20/api/sph/rocky_sph_interaction_api.hpp&gt;</highlight><highlight class="normal"></highlight></codeline>
<codeline lineno="8"><highlight class="normal"></highlight><highlight class="preprocessor">#include<sp/>&lt;rocky20/api/sph/rocky_sph_model_api.hpp&gt;</highlight><highlight class="normal"></highlight></codeline>
<codeline lineno="9"><highlight class="normal"></highlight></codeline>
<codeline lineno="10"><highlight class="normal"></highlight><highlight class="keyword">namespace<sp/></highlight><highlight class="normal">device<sp/>{</highlight></codeline>
<codeline lineno="11"><highlight class="normal"></highlight></codeline>
<codeline lineno="12"><highlight class="normal"></highlight><highlight class="keyword">template</highlight><highlight class="normal"><sp/>&lt;</highlight><highlight class="keyword">class</highlight><highlight class="normal"><sp/>Backend&gt;</highlight></codeline>
<codeline lineno="13"><highlight class="normal"></highlight><highlight class="keyword">struct<sp/></highlight><highlight class="normal">DefaultElementsOperator</highlight></codeline>
<codeline lineno="14"><highlight class="normal">{</highlight></codeline>
<codeline lineno="15"><highlight class="normal"><sp/><sp/><sp/><sp/></highlight><highlight class="keyword">template</highlight><highlight class="normal"><sp/>&lt;</highlight><highlight class="keyword">typename</highlight><highlight class="normal"><sp/>Callable&gt;</highlight></codeline>
<codeline lineno="16"><highlight class="normal"><sp/><sp/><sp/><sp/>__host__<sp/>__device__<sp/></highlight><highlight class="keywordtype">void</highlight><highlight class="normal"><sp/>operator()(</highlight></codeline>
<codeline lineno="17"><highlight class="normal"><sp/><sp/><sp/><sp/><sp/><sp/><sp/><sp/>Callable<sp/>function_ptr,</highlight></codeline>
<codeline lineno="18"><highlight class="normal"><sp/><sp/><sp/><sp/><sp/><sp/><sp/><sp/><ref refid="structIRockyDeviceModel" kindref="compound">IRockyDeviceModel</ref>&amp;<sp/>device_model_api,</highlight></codeline>
<codeline lineno="19"><highlight class="normal"><sp/><sp/><sp/><sp/><sp/><sp/><sp/><sp/><ref refid="structIRockySPHDeviceModel" kindref="compound">IRockySPHDeviceModel</ref>&amp;<sp/>sph_model,</highlight></codeline>
<codeline lineno="20"><highlight class="normal"><sp/><sp/><sp/><sp/><sp/><sp/><sp/><sp/><ref refid="structIRockySPHElementInteraction" kindref="compound">IRockySPHElementInteraction</ref>&amp;<sp/>sph_interaction_api,</highlight></codeline>
<codeline lineno="21"><highlight class="normal"><sp/><sp/><sp/><sp/><sp/><sp/><sp/><sp/></highlight><highlight class="keywordtype">void</highlight><highlight class="normal">*<sp/>udf_data)</highlight></codeline>
<codeline lineno="22"><highlight class="normal"><sp/><sp/><sp/><sp/>{</highlight></codeline>
<codeline lineno="23"><highlight class="normal"><sp/><sp/><sp/><sp/><sp/><sp/><sp/><sp/>function_ptr(device_model_api,<sp/>sph_model,<sp/>sph_interaction_api,<sp/>udf_data);</highlight></codeline>
<codeline lineno="24"><highlight class="normal"><sp/><sp/><sp/><sp/>}</highlight></codeline>
<codeline lineno="25"><highlight class="normal">};</highlight></codeline>
<codeline lineno="26"><highlight class="normal"></highlight></codeline>
<codeline lineno="27"><highlight class="normal"></highlight><highlight class="keyword">template</highlight><highlight class="normal"><sp/>&lt;</highlight><highlight class="keyword">class</highlight><highlight class="normal"><sp/>Backend&gt;</highlight></codeline>
<codeline lineno="28"><highlight class="normal"></highlight><highlight class="keyword">struct<sp/></highlight><highlight class="normal">DefaultTrianglesOperator</highlight></codeline>
<codeline lineno="29"><highlight class="normal">{</highlight></codeline>
<codeline lineno="30"><highlight class="normal"><sp/><sp/><sp/><sp/></highlight><highlight class="keyword">template</highlight><highlight class="normal"><sp/>&lt;</highlight><highlight class="keyword">typename</highlight><highlight class="normal"><sp/>Callable&gt;</highlight></codeline>
<codeline lineno="31"><highlight class="normal"><sp/><sp/><sp/><sp/>__host__<sp/>__device__<sp/></highlight><highlight class="keywordtype">void</highlight><highlight class="normal"><sp/>operator()(</highlight></codeline>
<codeline lineno="32"><highlight class="normal"><sp/><sp/><sp/><sp/><sp/><sp/><sp/><sp/>Callable<sp/>function_ptr,</highlight></codeline>
<codeline lineno="33"><highlight class="normal"><sp/><sp/><sp/><sp/><sp/><sp/><sp/><sp/><ref refid="structIRockyDeviceModel" kindref="compound">IRockyDeviceModel</ref>&amp;<sp/>device_model_api,</highlight></codeline>
<codeline lineno="34"><highlight class="normal"><sp/><sp/><sp/><sp/><sp/><sp/><sp/><sp/><ref refid="structIRockySPHDeviceModel" kindref="compound">IRockySPHDeviceModel</ref>&amp;<sp/>sph_model,</highlight></codeline>
<codeline lineno="35"><highlight class="normal"><sp/><sp/><sp/><sp/><sp/><sp/><sp/><sp/><ref refid="structIRockySPHTriangleInteraction" kindref="compound">IRockySPHTriangleInteraction</ref>&amp;<sp/>sph_interaction_api,</highlight></codeline>
<codeline lineno="36"><highlight class="normal"><sp/><sp/><sp/><sp/><sp/><sp/><sp/><sp/></highlight><highlight class="keywordtype">void</highlight><highlight class="normal">*<sp/>udf_data)</highlight></codeline>
<codeline lineno="37"><highlight class="normal"><sp/><sp/><sp/><sp/>{</highlight></codeline>
<codeline lineno="38"><highlight class="normal"><sp/><sp/><sp/><sp/><sp/><sp/><sp/><sp/>function_ptr(device_model_api,<sp/>sph_model,<sp/>sph_interaction_api,<sp/>udf_data);</highlight></codeline>
<codeline lineno="39"><highlight class="normal"><sp/><sp/><sp/><sp/>}</highlight></codeline>
<codeline lineno="40"><highlight class="normal">};</highlight></codeline>
<codeline lineno="41"><highlight class="normal"></highlight></codeline>
<codeline lineno="42"><highlight class="normal"></highlight><highlight class="keyword">template</highlight><highlight class="normal"><sp/>&lt;</highlight><highlight class="keyword">class</highlight><highlight class="normal"><sp/>Backend&gt;</highlight></codeline>
<codeline lineno="43"><highlight class="normal"></highlight><highlight class="keyword">struct<sp/></highlight><highlight class="normal">DefaultOperator</highlight></codeline>
<codeline lineno="44"><highlight class="normal">{</highlight></codeline>
<codeline lineno="45"><highlight class="normal"><sp/><sp/><sp/><sp/></highlight><highlight class="keyword">template</highlight><highlight class="normal"><sp/>&lt;</highlight><highlight class="keyword">typename</highlight><highlight class="normal"><sp/>Callable&gt;</highlight></codeline>
<codeline lineno="46"><highlight class="normal"><sp/><sp/><sp/><sp/>__host__<sp/>__device__<sp/></highlight><highlight class="keywordtype">void</highlight><highlight class="normal"><sp/>operator()(</highlight></codeline>
<codeline lineno="47"><highlight class="normal"><sp/><sp/><sp/><sp/><sp/><sp/><sp/><sp/>Callable<sp/>function_ptr,</highlight></codeline>
<codeline lineno="48"><highlight class="normal"><sp/><sp/><sp/><sp/><sp/><sp/><sp/><sp/><ref refid="structIRockyDeviceModel" kindref="compound">IRockyDeviceModel</ref>&amp;<sp/>device_model_api,</highlight></codeline>
<codeline lineno="49"><highlight class="normal"><sp/><sp/><sp/><sp/><sp/><sp/><sp/><sp/><ref refid="structIRockySPHDeviceModel" kindref="compound">IRockySPHDeviceModel</ref>&amp;<sp/>sph_model,</highlight></codeline>
<codeline lineno="50"><highlight class="normal"><sp/><sp/><sp/><sp/><sp/><sp/><sp/><sp/><ref refid="structIRockySPHElement" kindref="compound">IRockySPHElement</ref>&amp;<sp/>sph_element_api,</highlight></codeline>
<codeline lineno="51"><highlight class="normal"><sp/><sp/><sp/><sp/><sp/><sp/><sp/><sp/></highlight><highlight class="keywordtype">void</highlight><highlight class="normal">*<sp/>udf_data)</highlight></codeline>
<codeline lineno="52"><highlight class="normal"><sp/><sp/><sp/><sp/>{</highlight></codeline>
<codeline lineno="53"><highlight class="normal"><sp/><sp/><sp/><sp/><sp/><sp/><sp/><sp/>function_ptr(device_model_api,<sp/>sph_model,<sp/>sph_element_api,<sp/>udf_data);</highlight></codeline>
<codeline lineno="54"><highlight class="normal"><sp/><sp/><sp/><sp/>}</highlight></codeline>
<codeline lineno="55"><highlight class="normal">};</highlight></codeline>
<codeline lineno="56"><highlight class="normal"></highlight></codeline>
<codeline lineno="57"><highlight class="normal"></highlight><highlight class="keyword">template</highlight><highlight class="normal"><sp/>&lt;</highlight><highlight class="keyword">class</highlight><highlight class="normal"><sp/>Backend&gt;</highlight></codeline>
<codeline lineno="58"><highlight class="normal"></highlight><highlight class="keyword">struct<sp/></highlight><highlight class="normal">HeatTransferElementsOperator</highlight></codeline>
<codeline lineno="59"><highlight class="normal">{</highlight></codeline>
<codeline lineno="60"><highlight class="normal"><sp/><sp/><sp/><sp/></highlight><highlight class="keyword">template</highlight><highlight class="normal"><sp/>&lt;</highlight><highlight class="keyword">typename</highlight><highlight class="normal"><sp/>Callable&gt;</highlight></codeline>
<codeline lineno="61"><highlight class="normal"><sp/><sp/><sp/><sp/>__host__<sp/>__device__<sp/></highlight><highlight class="keywordtype">void</highlight><highlight class="normal"><sp/>operator()(</highlight></codeline>
<codeline lineno="62"><highlight class="normal"><sp/><sp/><sp/><sp/><sp/><sp/><sp/><sp/>Callable<sp/>function_ptr,</highlight></codeline>
<codeline lineno="63"><highlight class="normal"><sp/><sp/><sp/><sp/><sp/><sp/><sp/><sp/><ref refid="structIRockyDeviceModel" kindref="compound">IRockyDeviceModel</ref>&amp;<sp/>device_model_api,</highlight></codeline>
<codeline lineno="64"><highlight class="normal"><sp/><sp/><sp/><sp/><sp/><sp/><sp/><sp/><ref refid="structIRockySPHDeviceModel" kindref="compound">IRockySPHDeviceModel</ref>&amp;<sp/>sph_model,</highlight></codeline>
<codeline lineno="65"><highlight class="normal"><sp/><sp/><sp/><sp/><sp/><sp/><sp/><sp/><ref refid="structIRockySPHElementInteraction" kindref="compound">IRockySPHElementInteraction</ref>&amp;<sp/>sph_interaction_api,</highlight></codeline>
<codeline lineno="66"><highlight class="normal"><sp/><sp/><sp/><sp/><sp/><sp/><sp/><sp/></highlight><highlight class="keywordtype">void</highlight><highlight class="normal">*<sp/>udf_data)</highlight></codeline>
<codeline lineno="67"><highlight class="normal"><sp/><sp/><sp/><sp/>{</highlight></codeline>
<codeline lineno="68"><highlight class="normal"><sp/><sp/><sp/><sp/><sp/><sp/><sp/><sp/></highlight><highlight class="comment">//<sp/>Compute<sp/>and<sp/>add<sp/>heat<sp/>transfer</highlight><highlight class="normal"></highlight></codeline>
<codeline lineno="69"><highlight class="normal"><sp/><sp/><sp/><sp/><sp/><sp/><sp/><sp/>real_sph<sp/>heat_transfer<sp/>=</highlight></codeline>
<codeline lineno="70"><highlight class="normal"><sp/><sp/><sp/><sp/><sp/><sp/><sp/><sp/><sp/><sp/><sp/><sp/>function_ptr(device_model_api,<sp/>sph_model,<sp/>sph_interaction_api,<sp/>udf_data);</highlight></codeline>
<codeline lineno="71"><highlight class="normal"><sp/><sp/><sp/><sp/><sp/><sp/><sp/><sp/></highlight><highlight class="keyword">auto</highlight><highlight class="normal"><sp/>home_sph_element<sp/>=<sp/>sph_interaction_api.<ref refid="structIRockySPHElementInteraction_1a7eb0236ba9b25b58b0ca258b1e79976b" kindref="member">get_home_element</ref>();</highlight></codeline>
<codeline lineno="72"><highlight class="normal"><sp/><sp/><sp/><sp/><sp/><sp/><sp/><sp/></highlight><highlight class="keyword">auto</highlight><highlight class="normal"><sp/>near_sph_element<sp/>=<sp/>sph_interaction_api.<ref refid="structIRockySPHElementInteraction_1a0e9d2687e1c8a66357730003f850fe26" kindref="member">get_near_element</ref>();</highlight></codeline>
<codeline lineno="73"><highlight class="normal"><sp/><sp/><sp/><sp/><sp/><sp/><sp/><sp/>home_sph_element.<ref refid="structIRockySPHElement_1a326bd60795936f9c4b77a9e000b1fa99" kindref="member">get_scalars</ref>().<ref refid="structIRockySPHElementScalars_1ace6ee0291cca05f39eb04ba4c760afe0" kindref="member">add_heat_transfer</ref>(heat_transfer);</highlight></codeline>
<codeline lineno="74"><highlight class="normal"><sp/><sp/><sp/><sp/><sp/><sp/><sp/><sp/>near_sph_element.get_scalars().add_heat_transfer(-heat_transfer);</highlight></codeline>
<codeline lineno="75"><highlight class="normal"></highlight></codeline>
<codeline lineno="76"><highlight class="normal"><sp/><sp/><sp/><sp/><sp/><sp/><sp/><sp/></highlight><highlight class="comment">//<sp/>Recording<sp/>coupled<sp/>heat<sp/>transfer</highlight><highlight class="normal"></highlight></codeline>
<codeline lineno="77"><highlight class="normal"><sp/><sp/><sp/><sp/><sp/><sp/><sp/><sp/></highlight><highlight class="keywordflow">if</highlight><highlight class="normal"><sp/>(home_sph_element.is_dem_coupled())</highlight></codeline>
<codeline lineno="78"><highlight class="normal"><sp/><sp/><sp/><sp/><sp/><sp/><sp/><sp/>{</highlight></codeline>
<codeline lineno="79"><highlight class="normal"><sp/><sp/><sp/><sp/><sp/><sp/><sp/><sp/><sp/><sp/><sp/><sp/></highlight><highlight class="keyword">auto</highlight><highlight class="normal"><sp/>dem_particle<sp/>=<sp/>home_sph_element.get_linked_dem_particle(device_model_api);</highlight></codeline>
<codeline lineno="80"><highlight class="normal"><sp/><sp/><sp/><sp/><sp/><sp/><sp/><sp/><sp/><sp/><sp/><sp/></highlight><highlight class="keyword">auto</highlight><highlight class="normal"><sp/>dem_scalars<sp/>=<sp/>dem_particle.get_transfer_scalars();</highlight></codeline>
<codeline lineno="81"><highlight class="normal"><sp/><sp/><sp/><sp/><sp/><sp/><sp/><sp/><sp/><sp/><sp/><sp/>dem_scalars.add_heat_transfer(heat_transfer);</highlight></codeline>
<codeline lineno="82"><highlight class="normal"><sp/><sp/><sp/><sp/><sp/><sp/><sp/><sp/>}</highlight></codeline>
<codeline lineno="83"><highlight class="normal"></highlight></codeline>
<codeline lineno="84"><highlight class="normal"><sp/><sp/><sp/><sp/><sp/><sp/><sp/><sp/></highlight><highlight class="keywordflow">if</highlight><highlight class="normal"><sp/>(near_sph_element.is_dem_coupled())</highlight></codeline>
<codeline lineno="85"><highlight class="normal"><sp/><sp/><sp/><sp/><sp/><sp/><sp/><sp/>{</highlight></codeline>
<codeline lineno="86"><highlight class="normal"><sp/><sp/><sp/><sp/><sp/><sp/><sp/><sp/><sp/><sp/><sp/><sp/></highlight><highlight class="keyword">auto</highlight><highlight class="normal"><sp/>dem_particle<sp/>=<sp/>near_sph_element.get_linked_dem_particle(device_model_api);</highlight></codeline>
<codeline lineno="87"><highlight class="normal"><sp/><sp/><sp/><sp/><sp/><sp/><sp/><sp/><sp/><sp/><sp/><sp/></highlight><highlight class="keyword">auto</highlight><highlight class="normal"><sp/>dem_scalars<sp/>=<sp/>dem_particle.get_transfer_scalars();</highlight></codeline>
<codeline lineno="88"><highlight class="normal"><sp/><sp/><sp/><sp/><sp/><sp/><sp/><sp/><sp/><sp/><sp/><sp/>dem_scalars.add_heat_transfer(-heat_transfer);</highlight></codeline>
<codeline lineno="89"><highlight class="normal"><sp/><sp/><sp/><sp/><sp/><sp/><sp/><sp/>}</highlight></codeline>
<codeline lineno="90"><highlight class="normal"><sp/><sp/><sp/><sp/>}</highlight></codeline>
<codeline lineno="91"><highlight class="normal">};</highlight></codeline>
<codeline lineno="92"><highlight class="normal"></highlight></codeline>
<codeline lineno="93"><highlight class="normal"></highlight><highlight class="keyword">template</highlight><highlight class="normal"><sp/>&lt;</highlight><highlight class="keyword">class</highlight><highlight class="normal"><sp/>Backend&gt;</highlight></codeline>
<codeline lineno="94"><highlight class="normal"></highlight><highlight class="keyword">struct<sp/></highlight><highlight class="normal">HeatTransferTrianglesOperator</highlight></codeline>
<codeline lineno="95"><highlight class="normal">{</highlight></codeline>
<codeline lineno="96"><highlight class="normal"><sp/><sp/><sp/><sp/></highlight><highlight class="keyword">template</highlight><highlight class="normal"><sp/>&lt;</highlight><highlight class="keyword">typename</highlight><highlight class="normal"><sp/>Callable&gt;</highlight></codeline>
<codeline lineno="97"><highlight class="normal"><sp/><sp/><sp/><sp/>__host__<sp/>__device__<sp/></highlight><highlight class="keywordtype">void</highlight><highlight class="normal"><sp/>operator()(</highlight></codeline>
<codeline lineno="98"><highlight class="normal"><sp/><sp/><sp/><sp/><sp/><sp/><sp/><sp/>Callable<sp/>function_ptr,</highlight></codeline>
<codeline lineno="99"><highlight class="normal"><sp/><sp/><sp/><sp/><sp/><sp/><sp/><sp/><ref refid="structIRockyDeviceModel" kindref="compound">IRockyDeviceModel</ref>&amp;<sp/>device_model_api,</highlight></codeline>
<codeline lineno="100"><highlight class="normal"><sp/><sp/><sp/><sp/><sp/><sp/><sp/><sp/><ref refid="structIRockySPHDeviceModel" kindref="compound">IRockySPHDeviceModel</ref>&amp;<sp/>sph_model,</highlight></codeline>
<codeline lineno="101"><highlight class="normal"><sp/><sp/><sp/><sp/><sp/><sp/><sp/><sp/><ref refid="structIRockySPHTriangleInteraction" kindref="compound">IRockySPHTriangleInteraction</ref>&amp;<sp/>sph_interaction_api,</highlight></codeline>
<codeline lineno="102"><highlight class="normal"><sp/><sp/><sp/><sp/><sp/><sp/><sp/><sp/></highlight><highlight class="keywordtype">void</highlight><highlight class="normal">*<sp/>udf_data)</highlight></codeline>
<codeline lineno="103"><highlight class="normal"><sp/><sp/><sp/><sp/>{</highlight></codeline>
<codeline lineno="104"><highlight class="normal"><sp/><sp/><sp/><sp/><sp/><sp/><sp/><sp/></highlight><highlight class="comment">//<sp/>Compute<sp/>and<sp/>add<sp/>heat<sp/>transfer</highlight><highlight class="normal"></highlight></codeline>
<codeline lineno="105"><highlight class="normal"><sp/><sp/><sp/><sp/><sp/><sp/><sp/><sp/>real_sph<sp/>heat_transfer<sp/>=</highlight></codeline>
<codeline lineno="106"><highlight class="normal"><sp/><sp/><sp/><sp/><sp/><sp/><sp/><sp/><sp/><sp/><sp/><sp/>function_ptr(device_model_api,<sp/>sph_model,<sp/>sph_interaction_api,<sp/>udf_data);</highlight></codeline>
<codeline lineno="107"><highlight class="normal"></highlight></codeline>
<codeline lineno="108"><highlight class="normal"><sp/><sp/><sp/><sp/><sp/><sp/><sp/><sp/></highlight><highlight class="comment">//<sp/>reduction<sp/>factor<sp/>for<sp/>SPH<sp/>elements<sp/>with<sp/>multiple<sp/>triangle<sp/>interactions</highlight><highlight class="normal"></highlight></codeline>
<codeline lineno="109"><highlight class="normal"><sp/><sp/><sp/><sp/><sp/><sp/><sp/><sp/></highlight><highlight class="comment">//<sp/>(1<sp/>/<sp/>number<sp/>of<sp/>simultaneous<sp/>triangle<sp/>interactions)</highlight><highlight class="normal"></highlight></codeline>
<codeline lineno="110"><highlight class="normal"><sp/><sp/><sp/><sp/><sp/><sp/><sp/><sp/>heat_transfer<sp/>/=<sp/>max(1.0f,<sp/>sph_model._impl.device_model-&gt;bnd_force_coefficient[sph_interaction_api._impl-&gt;home_index]);</highlight></codeline>
<codeline lineno="111"><highlight class="normal"></highlight></codeline>
<codeline lineno="112"><highlight class="normal"><sp/><sp/><sp/><sp/><sp/><sp/><sp/><sp/>sph_interaction_api.<ref refid="structIRockySPHTriangleInteraction_1ae83d8750e222b2a46e6f901fd20b80d5" kindref="member">get_home_element</ref>().<ref refid="structIRockySPHElement_1a326bd60795936f9c4b77a9e000b1fa99" kindref="member">get_scalars</ref>().<ref refid="structIRockySPHElementScalars_1ace6ee0291cca05f39eb04ba4c760afe0" kindref="member">add_heat_transfer</ref>(heat_transfer);</highlight></codeline>
<codeline lineno="113"><highlight class="normal"></highlight></codeline>
<codeline lineno="114"><highlight class="normal"><sp/><sp/><sp/><sp/><sp/><sp/><sp/><sp/></highlight><highlight class="comment">//<sp/>Recording<sp/>data<sp/>for<sp/>SPH<sp/>Boundary<sp/>Statistics</highlight><highlight class="normal"></highlight></codeline>
<codeline lineno="115"><highlight class="normal"><sp/><sp/><sp/><sp/><sp/><sp/><sp/><sp/></highlight><highlight class="keyword">const</highlight><highlight class="normal"><sp/></highlight><highlight class="keyword">auto</highlight><highlight class="normal">&amp;<sp/>data_recorder<sp/>=<sp/>sph_model._impl.device_model-&gt;boundary_data_recorder;</highlight></codeline>
<codeline lineno="116"><highlight class="normal"><sp/><sp/><sp/><sp/><sp/><sp/><sp/><sp/></highlight><highlight class="keywordflow">if</highlight><highlight class="normal"><sp/>(data_recorder</highlight></codeline>
<codeline lineno="117"><highlight class="normal"><sp/><sp/><sp/><sp/><sp/><sp/><sp/><sp/><sp/><sp/><sp/><sp/>&amp;&amp;<sp/>data_recorder-&gt;is_enabled(SPHBoundaryDataRecorder::tSPHTriangleHeatTransfer))</highlight></codeline>
<codeline lineno="118"><highlight class="normal"><sp/><sp/><sp/><sp/><sp/><sp/><sp/><sp/>{</highlight></codeline>
<codeline lineno="119"><highlight class="normal"><sp/><sp/><sp/><sp/><sp/><sp/><sp/><sp/><sp/><sp/><sp/><sp/></highlight><highlight class="keyword">const</highlight><highlight class="normal"><sp/></highlight><highlight class="keywordtype">int</highlight><highlight class="normal"><sp/>index<sp/>=</highlight></codeline>
<codeline lineno="120"><highlight class="normal"><sp/><sp/><sp/><sp/><sp/><sp/><sp/><sp/><sp/><sp/><sp/><sp/><sp/><sp/><sp/><sp/>data_recorder-&gt;get_scalar_index(SPHBoundaryDataRecorder::tSPHTriangleHeatTransfer);</highlight></codeline>
<codeline lineno="121"><highlight class="normal"><sp/><sp/><sp/><sp/><sp/><sp/><sp/><sp/><sp/><sp/><sp/><sp/></highlight><highlight class="keyword">auto</highlight><highlight class="normal"><sp/>triangle_scalars<sp/>=<sp/>sph_interaction_api.<ref refid="structIRockySPHTriangleInteraction_1a469b4ac53234c9e707fee62725b0470a" kindref="member">get_near_triangle</ref>().<ref refid="structIRockyGeometryTriangle_1a525086257224ba19ec3bbfec2522bdba" kindref="member">get_scalars</ref>();</highlight></codeline>
<codeline lineno="122"><highlight class="normal"><sp/><sp/><sp/><sp/><sp/><sp/><sp/><sp/><sp/><sp/><sp/><sp/>triangle_scalars.<ref refid="structIRockyTriangleScalars_1ab9721444212bd5fe4e3af03fe3a70294" kindref="member">add_scalar</ref>(index,<sp/>heat_transfer<sp/>*<sp/>device_model_api.<ref refid="structIRockyDeviceModel_1ab03adbadfc1d2a7a8f3a1f849be73d1a" kindref="member">get_timestep</ref>());</highlight></codeline>
<codeline lineno="123"><highlight class="normal"><sp/><sp/><sp/><sp/><sp/><sp/><sp/><sp/>}</highlight></codeline>
<codeline lineno="124"><highlight class="normal"></highlight></codeline>
<codeline lineno="125"><highlight class="normal"><sp/><sp/><sp/><sp/><sp/><sp/><sp/><sp/></highlight><highlight class="comment">//<sp/>Accumulation<sp/>in<sp/>a<sp/>scalar<sp/>used<sp/>for<sp/>heat<sp/>coupling<sp/>(positive<sp/>when<sp/>triangles<sp/>receive<sp/>heat)</highlight><highlight class="normal"></highlight></codeline>
<codeline lineno="126"><highlight class="normal"><sp/><sp/><sp/><sp/><sp/><sp/><sp/><sp/></highlight><highlight class="keyword">auto</highlight><highlight class="normal">*<sp/>triangle_scalars<sp/>=<sp/>device_model_api._impl.model-&gt;triangle_scalars;</highlight></codeline>
<codeline lineno="127"><highlight class="normal"><sp/><sp/><sp/><sp/><sp/><sp/><sp/><sp/></highlight><highlight class="keywordflow">if</highlight><highlight class="normal"><sp/>(triangle_scalars<sp/>&amp;&amp;<sp/>triangle_scalars-&gt;is_heat_exchanged_enabled())</highlight></codeline>
<codeline lineno="128"><highlight class="normal"><sp/><sp/><sp/><sp/><sp/><sp/><sp/><sp/>{</highlight></codeline>
<codeline lineno="129"><highlight class="normal"><sp/><sp/><sp/><sp/><sp/><sp/><sp/><sp/><sp/><sp/><sp/><sp/>Backend::AtomicAdd(</highlight></codeline>
<codeline lineno="130"><highlight class="normal"><sp/><sp/><sp/><sp/><sp/><sp/><sp/><sp/><sp/><sp/><sp/><sp/><sp/><sp/><sp/><sp/>&amp;triangle_scalars-&gt;get_heat_exchanged(sph_interaction_api._impl-&gt;near_index),</highlight></codeline>
<codeline lineno="131"><highlight class="normal"><sp/><sp/><sp/><sp/><sp/><sp/><sp/><sp/><sp/><sp/><sp/><sp/><sp/><sp/><sp/><sp/></highlight><highlight class="keyword">static_cast&lt;</highlight><highlight class="keywordtype">double</highlight><highlight class="keyword">&gt;</highlight><highlight class="normal">(-heat_transfer<sp/>*<sp/>device_model_api.<ref refid="structIRockyDeviceModel_1ab03adbadfc1d2a7a8f3a1f849be73d1a" kindref="member">get_timestep</ref>()));</highlight></codeline>
<codeline lineno="132"><highlight class="normal"><sp/><sp/><sp/><sp/><sp/><sp/><sp/><sp/>}</highlight></codeline>
<codeline lineno="133"><highlight class="normal"><sp/><sp/><sp/><sp/>}</highlight></codeline>
<codeline lineno="134"><highlight class="normal">};</highlight></codeline>
<codeline lineno="135"><highlight class="normal"></highlight></codeline>
<codeline lineno="136"><highlight class="normal"></highlight><highlight class="keyword">template</highlight><highlight class="normal"><sp/>&lt;</highlight><highlight class="keyword">class</highlight><highlight class="normal"><sp/>Backend&gt;</highlight></codeline>
<codeline lineno="137"><highlight class="normal"></highlight><highlight class="keyword">struct<sp/></highlight><highlight class="normal">ForceElementInteractionOperator</highlight></codeline>
<codeline lineno="138"><highlight class="normal">{</highlight></codeline>
<codeline lineno="139"><highlight class="normal"><sp/><sp/><sp/><sp/></highlight><highlight class="keyword">template</highlight><highlight class="normal"><sp/>&lt;</highlight><highlight class="keyword">typename</highlight><highlight class="normal"><sp/>Callable&gt;</highlight></codeline>
<codeline lineno="140"><highlight class="normal"><sp/><sp/><sp/><sp/>__host__<sp/>__device__<sp/></highlight><highlight class="keywordtype">void</highlight><highlight class="normal"><sp/>operator()(</highlight></codeline>
<codeline lineno="141"><highlight class="normal"><sp/><sp/><sp/><sp/><sp/><sp/><sp/><sp/>Callable<sp/>function_ptr,</highlight></codeline>
<codeline lineno="142"><highlight class="normal"><sp/><sp/><sp/><sp/><sp/><sp/><sp/><sp/><ref refid="structIRockyDeviceModel" kindref="compound">IRockyDeviceModel</ref>&amp;<sp/>device_model_api,</highlight></codeline>
<codeline lineno="143"><highlight class="normal"><sp/><sp/><sp/><sp/><sp/><sp/><sp/><sp/><ref refid="structIRockySPHDeviceModel" kindref="compound">IRockySPHDeviceModel</ref>&amp;<sp/>sph_model,</highlight></codeline>
<codeline lineno="144"><highlight class="normal"><sp/><sp/><sp/><sp/><sp/><sp/><sp/><sp/><ref refid="structIRockySPHElementInteraction" kindref="compound">IRockySPHElementInteraction</ref>&amp;<sp/>sph_interaction_api,</highlight></codeline>
<codeline lineno="145"><highlight class="normal"><sp/><sp/><sp/><sp/><sp/><sp/><sp/><sp/></highlight><highlight class="keywordtype">void</highlight><highlight class="normal">*<sp/>udf_data)</highlight></codeline>
<codeline lineno="146"><highlight class="normal"><sp/><sp/><sp/><sp/>{</highlight></codeline>
<codeline lineno="147"><highlight class="normal"><sp/><sp/><sp/><sp/><sp/><sp/><sp/><sp/></highlight><highlight class="comment">//<sp/>custom<sp/>calculation<sp/>of<sp/>the<sp/>element-to-element<sp/>acceleration</highlight><highlight class="normal"></highlight></codeline>
<codeline lineno="148"><highlight class="normal"><sp/><sp/><sp/><sp/><sp/><sp/><sp/><sp/></highlight><highlight class="keyword">const</highlight><highlight class="normal"><sp/>real_sph3<sp/>acceleration<sp/>=</highlight></codeline>
<codeline lineno="149"><highlight class="normal"><sp/><sp/><sp/><sp/><sp/><sp/><sp/><sp/><sp/><sp/><sp/><sp/>function_ptr(device_model_api,<sp/>sph_model,<sp/>sph_interaction_api,<sp/>udf_data);</highlight></codeline>
<codeline lineno="150"><highlight class="normal"></highlight></codeline>
<codeline lineno="151"><highlight class="normal"><sp/><sp/><sp/><sp/><sp/><sp/><sp/><sp/>sph_interaction_api.<ref refid="structIRockySPHElementInteraction_1a713381036ee74bb8476435037c14124b" kindref="member">add_acceleration</ref>(acceleration);</highlight></codeline>
<codeline lineno="152"><highlight class="normal"><sp/><sp/><sp/><sp/>}</highlight></codeline>
<codeline lineno="153"><highlight class="normal">};</highlight></codeline>
<codeline lineno="154"><highlight class="normal"></highlight></codeline>
<codeline lineno="155"><highlight class="normal"></highlight><highlight class="keyword">template</highlight><highlight class="normal"><sp/>&lt;</highlight><highlight class="keyword">class</highlight><highlight class="normal"><sp/>Backend&gt;</highlight></codeline>
<codeline lineno="156"><highlight class="normal"></highlight><highlight class="keyword">struct<sp/></highlight><highlight class="normal">ForceTriangleInteractionOperator</highlight></codeline>
<codeline lineno="157"><highlight class="normal">{</highlight></codeline>
<codeline lineno="158"><highlight class="normal"><sp/><sp/><sp/><sp/></highlight><highlight class="keyword">template</highlight><highlight class="normal"><sp/>&lt;</highlight><highlight class="keyword">typename</highlight><highlight class="normal"><sp/>Callable&gt;</highlight></codeline>
<codeline lineno="159"><highlight class="normal"><sp/><sp/><sp/><sp/>__host__<sp/>__device__<sp/></highlight><highlight class="keywordtype">void</highlight><highlight class="normal"><sp/>operator()(</highlight></codeline>
<codeline lineno="160"><highlight class="normal"><sp/><sp/><sp/><sp/><sp/><sp/><sp/><sp/>Callable<sp/>function_ptr,</highlight></codeline>
<codeline lineno="161"><highlight class="normal"><sp/><sp/><sp/><sp/><sp/><sp/><sp/><sp/><ref refid="structIRockyDeviceModel" kindref="compound">IRockyDeviceModel</ref>&amp;<sp/>device_model_api,</highlight></codeline>
<codeline lineno="162"><highlight class="normal"><sp/><sp/><sp/><sp/><sp/><sp/><sp/><sp/><ref refid="structIRockySPHDeviceModel" kindref="compound">IRockySPHDeviceModel</ref>&amp;<sp/>sph_model,</highlight></codeline>
<codeline lineno="163"><highlight class="normal"><sp/><sp/><sp/><sp/><sp/><sp/><sp/><sp/><ref refid="structIRockySPHTriangleInteraction" kindref="compound">IRockySPHTriangleInteraction</ref>&amp;<sp/>sph_interaction_api,</highlight></codeline>
<codeline lineno="164"><highlight class="normal"><sp/><sp/><sp/><sp/><sp/><sp/><sp/><sp/></highlight><highlight class="keywordtype">void</highlight><highlight class="normal">*<sp/>udf_data)</highlight></codeline>
<codeline lineno="165"><highlight class="normal"><sp/><sp/><sp/><sp/>{</highlight></codeline>
<codeline lineno="166"><highlight class="normal"><sp/><sp/><sp/><sp/><sp/><sp/><sp/><sp/></highlight><highlight class="comment">//<sp/>custom<sp/>calculation<sp/>of<sp/>the<sp/>element-to-triangle<sp/>acceleration</highlight><highlight class="normal"></highlight></codeline>
<codeline lineno="167"><highlight class="normal"><sp/><sp/><sp/><sp/><sp/><sp/><sp/><sp/></highlight><highlight class="keyword">const</highlight><highlight class="normal"><sp/>real_sph3<sp/>acceleration<sp/>=</highlight></codeline>
<codeline lineno="168"><highlight class="normal"><sp/><sp/><sp/><sp/><sp/><sp/><sp/><sp/><sp/><sp/><sp/><sp/>function_ptr(device_model_api,<sp/>sph_model,<sp/>sph_interaction_api,<sp/>udf_data);</highlight></codeline>
<codeline lineno="169"><highlight class="normal"></highlight></codeline>
<codeline lineno="170"><highlight class="normal"><sp/><sp/><sp/><sp/><sp/><sp/><sp/><sp/>sph_interaction_api.<ref refid="structIRockySPHTriangleInteraction_1a1578dfd6da083096eb169fe24913dd5b" kindref="member">add_acceleration</ref>(acceleration);</highlight></codeline>
<codeline lineno="171"><highlight class="normal"><sp/><sp/><sp/><sp/>}</highlight></codeline>
<codeline lineno="172"><highlight class="normal">};</highlight></codeline>
<codeline lineno="173"><highlight class="normal"></highlight></codeline>
<codeline lineno="174"><highlight class="normal"></highlight><highlight class="keyword">template</highlight><highlight class="normal"><sp/>&lt;</highlight><highlight class="keyword">class</highlight><highlight class="normal"><sp/>Backend&gt;</highlight></codeline>
<codeline lineno="175"><highlight class="normal"></highlight><highlight class="keyword">struct<sp/></highlight><highlight class="normal">ForceElementOperator</highlight></codeline>
<codeline lineno="176"><highlight class="normal">{</highlight></codeline>
<codeline lineno="177"><highlight class="normal"><sp/><sp/><sp/><sp/></highlight><highlight class="keyword">template</highlight><highlight class="normal"><sp/>&lt;</highlight><highlight class="keyword">typename</highlight><highlight class="normal"><sp/>Callable&gt;</highlight></codeline>
<codeline lineno="178"><highlight class="normal"><sp/><sp/><sp/><sp/>__host__<sp/>__device__<sp/></highlight><highlight class="keywordtype">void</highlight><highlight class="normal"><sp/>operator()(</highlight></codeline>
<codeline lineno="179"><highlight class="normal"><sp/><sp/><sp/><sp/><sp/><sp/><sp/><sp/>Callable<sp/>function_ptr,</highlight></codeline>
<codeline lineno="180"><highlight class="normal"><sp/><sp/><sp/><sp/><sp/><sp/><sp/><sp/><ref refid="structIRockyDeviceModel" kindref="compound">IRockyDeviceModel</ref>&amp;<sp/>device_model_api,</highlight></codeline>
<codeline lineno="181"><highlight class="normal"><sp/><sp/><sp/><sp/><sp/><sp/><sp/><sp/><ref refid="structIRockySPHDeviceModel" kindref="compound">IRockySPHDeviceModel</ref>&amp;<sp/>sph_model,</highlight></codeline>
<codeline lineno="182"><highlight class="normal"><sp/><sp/><sp/><sp/><sp/><sp/><sp/><sp/><ref refid="structIRockySPHElement" kindref="compound">IRockySPHElement</ref>&amp;<sp/>sph_element_api,</highlight></codeline>
<codeline lineno="183"><highlight class="normal"><sp/><sp/><sp/><sp/><sp/><sp/><sp/><sp/></highlight><highlight class="keywordtype">void</highlight><highlight class="normal">*<sp/>udf_data)</highlight></codeline>
<codeline lineno="184"><highlight class="normal"><sp/><sp/><sp/><sp/>{</highlight></codeline>
<codeline lineno="185"><highlight class="normal"><sp/><sp/><sp/><sp/><sp/><sp/><sp/><sp/></highlight><highlight class="comment">//<sp/>custom<sp/>calculation<sp/>of<sp/>the<sp/>element<sp/>acceleration<sp/>(due<sp/>to<sp/>a<sp/>body<sp/>force)</highlight><highlight class="normal"></highlight></codeline>
<codeline lineno="186"><highlight class="normal"><sp/><sp/><sp/><sp/><sp/><sp/><sp/><sp/></highlight><highlight class="keyword">const</highlight><highlight class="normal"><sp/>real_sph3<sp/>acceleration<sp/>=</highlight></codeline>
<codeline lineno="187"><highlight class="normal"><sp/><sp/><sp/><sp/><sp/><sp/><sp/><sp/><sp/><sp/><sp/><sp/>function_ptr(device_model_api,<sp/>sph_model,<sp/>sph_element_api,<sp/>udf_data);</highlight></codeline>
<codeline lineno="188"><highlight class="normal"></highlight></codeline>
<codeline lineno="189"><highlight class="normal"><sp/><sp/><sp/><sp/><sp/><sp/><sp/><sp/>sph_element_api.<ref refid="structIRockySPHElement_1a2f90b3a2980c2fa73cd53e72ea277f76" kindref="member">add_acceleration</ref>(acceleration);</highlight></codeline>
<codeline lineno="190"><highlight class="normal"><sp/><sp/><sp/><sp/>}</highlight></codeline>
<codeline lineno="191"><highlight class="normal">};</highlight></codeline>
<codeline lineno="192"><highlight class="normal"></highlight></codeline>
<codeline lineno="193"><highlight class="normal"></highlight><highlight class="keyword">template</highlight><highlight class="normal"><sp/>&lt;</highlight><highlight class="keyword">class</highlight><highlight class="normal"><sp/>Backend&gt;</highlight></codeline>
<codeline lineno="194"><highlight class="normal"></highlight><highlight class="keyword">struct<sp/></highlight><highlight class="normal">MolecularViscosityElementOperator</highlight></codeline>
<codeline lineno="195"><highlight class="normal">{</highlight></codeline>
<codeline lineno="196"><highlight class="normal"><sp/><sp/><sp/><sp/></highlight><highlight class="keyword">template</highlight><highlight class="normal"><sp/>&lt;</highlight><highlight class="keyword">typename</highlight><highlight class="normal"><sp/>Callable&gt;</highlight></codeline>
<codeline lineno="197"><highlight class="normal"><sp/><sp/><sp/><sp/>__host__<sp/>__device__<sp/></highlight><highlight class="keywordtype">void</highlight><highlight class="normal"><sp/>operator()(</highlight></codeline>
<codeline lineno="198"><highlight class="normal"><sp/><sp/><sp/><sp/><sp/><sp/><sp/><sp/>Callable<sp/>function_ptr,</highlight></codeline>
<codeline lineno="199"><highlight class="normal"><sp/><sp/><sp/><sp/><sp/><sp/><sp/><sp/><ref refid="structIRockyDeviceModel" kindref="compound">IRockyDeviceModel</ref>&amp;<sp/>device_model_api,</highlight></codeline>
<codeline lineno="200"><highlight class="normal"><sp/><sp/><sp/><sp/><sp/><sp/><sp/><sp/><ref refid="structIRockySPHDeviceModel" kindref="compound">IRockySPHDeviceModel</ref>&amp;<sp/>sph_model,</highlight></codeline>
<codeline lineno="201"><highlight class="normal"><sp/><sp/><sp/><sp/><sp/><sp/><sp/><sp/><ref refid="structIRockySPHElement" kindref="compound">IRockySPHElement</ref>&amp;<sp/>sph_element_api,</highlight></codeline>
<codeline lineno="202"><highlight class="normal"><sp/><sp/><sp/><sp/><sp/><sp/><sp/><sp/></highlight><highlight class="keywordtype">void</highlight><highlight class="normal">*<sp/>udf_data)</highlight></codeline>
<codeline lineno="203"><highlight class="normal"><sp/><sp/><sp/><sp/>{</highlight></codeline>
<codeline lineno="204"><highlight class="normal"><sp/><sp/><sp/><sp/><sp/><sp/><sp/><sp/></highlight><highlight class="comment">//<sp/>custom<sp/>calculation<sp/>of<sp/>the<sp/>element<sp/>viscosity</highlight><highlight class="normal"></highlight></codeline>
<codeline lineno="205"><highlight class="normal"><sp/><sp/><sp/><sp/><sp/><sp/><sp/><sp/></highlight><highlight class="keyword">const</highlight><highlight class="normal"><sp/>real_sph<sp/>molecular_viscosity<sp/>=</highlight></codeline>
<codeline lineno="206"><highlight class="normal"><sp/><sp/><sp/><sp/><sp/><sp/><sp/><sp/><sp/><sp/><sp/><sp/>function_ptr(device_model_api,<sp/>sph_model,<sp/>sph_element_api,<sp/>udf_data);</highlight></codeline>
<codeline lineno="207"><highlight class="normal"></highlight></codeline>
<codeline lineno="208"><highlight class="normal"><sp/><sp/><sp/><sp/><sp/><sp/><sp/><sp/>sph_element_api.<ref refid="structIRockySPHElement_1abc6efc9b72adc7c3b487e760a2c53534" kindref="member">set_molecular_viscosity</ref>(molecular_viscosity);</highlight></codeline>
<codeline lineno="209"><highlight class="normal"><sp/><sp/><sp/><sp/>}</highlight></codeline>
<codeline lineno="210"><highlight class="normal">};</highlight></codeline>
<codeline lineno="211"><highlight class="normal"></highlight></codeline>
<codeline lineno="212"><highlight class="normal"></highlight><highlight class="keyword">template</highlight><highlight class="normal"><sp/>&lt;</highlight><highlight class="keyword">class</highlight><highlight class="normal"><sp/>backend,<sp/></highlight><highlight class="keyword">typename</highlight><highlight class="normal"><sp/>Operator,<sp/></highlight><highlight class="keyword">typename</highlight><highlight class="normal"><sp/>Functor&gt;</highlight></codeline>
<codeline lineno="213"><highlight class="normal">__host__<sp/>__device__<sp/></highlight><highlight class="keywordtype">void</highlight><highlight class="normal"><sp/>launch_sph_particles_function(</highlight></codeline>
<codeline lineno="214"><highlight class="normal"><sp/><sp/><sp/><sp/>SDeviceModel*<sp/>device_data,</highlight></codeline>
<codeline lineno="215"><highlight class="normal"><sp/><sp/><sp/><sp/>SPHDeviceModel*<sp/>sph_device,</highlight></codeline>
<codeline lineno="216"><highlight class="normal"><sp/><sp/><sp/><sp/></highlight><highlight class="keywordtype">double</highlight><highlight class="normal"><sp/>current_time,</highlight></codeline>
<codeline lineno="217"><highlight class="normal"><sp/><sp/><sp/><sp/>Functor<sp/>function_ptr,</highlight></codeline>
<codeline lineno="218"><highlight class="normal"><sp/><sp/><sp/><sp/></highlight><highlight class="keywordtype">void</highlight><highlight class="normal">*<sp/>udf_data)</highlight></codeline>
<codeline lineno="219"><highlight class="normal">{</highlight></codeline>
<codeline lineno="220"><highlight class="normal"><sp/><sp/><sp/><sp/><ref refid="structIRockyDeviceModel" kindref="compound">IRockyDeviceModel</ref><sp/>device_model_api;</highlight></codeline>
<codeline lineno="221"><highlight class="normal"><sp/><sp/><sp/><sp/>device_model_api._impl.model<sp/>=<sp/>device_data;</highlight></codeline>
<codeline lineno="222"><highlight class="normal"><sp/><sp/><sp/><sp/>device_model_api._impl.current_time<sp/>=<sp/>current_time;</highlight></codeline>
<codeline lineno="223"><highlight class="normal"><sp/><sp/><sp/><sp/><ref refid="structIRockySPHDeviceModel" kindref="compound">IRockySPHDeviceModel</ref><sp/>sph_model(device_data,<sp/>sph_device-&gt;gen_sph,<sp/>sph_device);</highlight></codeline>
<codeline lineno="224"><highlight class="normal"></highlight></codeline>
<codeline lineno="225"><highlight class="normal"><sp/><sp/><sp/><sp/></highlight><highlight class="keywordtype">int</highlight><highlight class="normal"><sp/>thread_start,<sp/>thread_step,<sp/>thread_stop;</highlight></codeline>
<codeline lineno="226"><highlight class="normal"><sp/><sp/><sp/><sp/>backend::ThreadIteration(</highlight></codeline>
<codeline lineno="227"><highlight class="normal"><sp/><sp/><sp/><sp/><sp/><sp/><sp/><sp/>thread_start,<sp/>thread_step,<sp/>thread_stop,<sp/>sph_device-&gt;gen_sph-&gt;nprt_active);</highlight></codeline>
<codeline lineno="228"><highlight class="normal"><sp/><sp/><sp/><sp/></highlight><highlight class="keywordflow">for</highlight><highlight class="normal"><sp/>(</highlight><highlight class="keywordtype">int</highlight><highlight class="normal"><sp/>i<sp/>=<sp/>thread_start;<sp/>i<sp/>&lt;<sp/>thread_stop;<sp/>i<sp/>+=<sp/>thread_step)</highlight></codeline>
<codeline lineno="229"><highlight class="normal"><sp/><sp/><sp/><sp/>{</highlight></codeline>
<codeline lineno="230"><highlight class="normal"><sp/><sp/><sp/><sp/><sp/><sp/><sp/><sp/></highlight><highlight class="comment">//<sp/>Particle<sp/>Interface</highlight><highlight class="normal"></highlight></codeline>
<codeline lineno="231"><highlight class="normal"><sp/><sp/><sp/><sp/><sp/><sp/><sp/><sp/><ref refid="structIRockySPHElement" kindref="compound">IRockySPHElement</ref><sp/>sph_particle_api<sp/>{<sp/>RockySPHElement(sph_device,<sp/>i),<sp/>current_time<sp/>};</highlight></codeline>
<codeline lineno="232"><highlight class="normal"><sp/><sp/><sp/><sp/><sp/><sp/><sp/><sp/></highlight><highlight class="keywordflow">if</highlight><highlight class="normal"><sp/>(sph_particle_api.is_enabled()<sp/>&amp;&amp;<sp/>!sph_particle_api._impl.is_ghost())</highlight></codeline>
<codeline lineno="233"><highlight class="normal"><sp/><sp/><sp/><sp/><sp/><sp/><sp/><sp/>{</highlight></codeline>
<codeline lineno="234"><highlight class="normal"><sp/><sp/><sp/><sp/><sp/><sp/><sp/><sp/><sp/><sp/><sp/><sp/></highlight><highlight class="comment">//<sp/>Trigger<sp/>user<sp/>kernel</highlight><highlight class="normal"></highlight></codeline>
<codeline lineno="235"><highlight class="normal"><sp/><sp/><sp/><sp/><sp/><sp/><sp/><sp/><sp/><sp/><sp/><sp/>Operator<sp/>caller{};</highlight></codeline>
<codeline lineno="236"><highlight class="normal"><sp/><sp/><sp/><sp/><sp/><sp/><sp/><sp/><sp/><sp/><sp/><sp/>caller(function_ptr,<sp/>device_model_api,<sp/>sph_model,<sp/>sph_particle_api,<sp/>udf_data);</highlight></codeline>
<codeline lineno="237"><highlight class="normal"><sp/><sp/><sp/><sp/><sp/><sp/><sp/><sp/>}</highlight></codeline>
<codeline lineno="238"><highlight class="normal"><sp/><sp/><sp/><sp/>}</highlight></codeline>
<codeline lineno="239"><highlight class="normal">}</highlight></codeline>
<codeline lineno="240"><highlight class="normal"></highlight></codeline>
<codeline lineno="241"><highlight class="normal"></highlight><highlight class="keyword">template</highlight><highlight class="normal"><sp/>&lt;</highlight><highlight class="keyword">class</highlight><highlight class="normal"><sp/>Backend,<sp/></highlight><highlight class="keyword">typename</highlight><highlight class="normal"><sp/>Operator,<sp/></highlight><highlight class="keyword">typename</highlight><highlight class="normal"><sp/>Functor,<sp/></highlight><highlight class="keyword">class</highlight><highlight class="normal"><sp/>SPHNeighborsHandler&gt;</highlight></codeline>
<codeline lineno="242"><highlight class="normal">__host__<sp/>__device__<sp/></highlight><highlight class="keywordtype">void</highlight><highlight class="normal"><sp/>launch_sph_interactions_particles(</highlight></codeline>
<codeline lineno="243"><highlight class="normal"><sp/><sp/><sp/><sp/>SDeviceModel*<sp/>device_data,</highlight></codeline>
<codeline lineno="244"><highlight class="normal"><sp/><sp/><sp/><sp/>SPHDeviceModel*<sp/>sph_device,</highlight></codeline>
<codeline lineno="245"><highlight class="normal"><sp/><sp/><sp/><sp/></highlight><highlight class="keywordtype">double</highlight><highlight class="normal"><sp/>current_time,</highlight></codeline>
<codeline lineno="246"><highlight class="normal"><sp/><sp/><sp/><sp/>Functor<sp/>function_ptr,</highlight></codeline>
<codeline lineno="247"><highlight class="normal"><sp/><sp/><sp/><sp/></highlight><highlight class="keywordtype">void</highlight><highlight class="normal">*<sp/>udf_data,</highlight></codeline>
<codeline lineno="248"><highlight class="normal"><sp/><sp/><sp/><sp/>SPHNeighborsHandler&amp;<sp/>handler)</highlight></codeline>
<codeline lineno="249"><highlight class="normal">{</highlight></codeline>
<codeline lineno="250"><highlight class="normal"><sp/><sp/><sp/><sp/><ref refid="structIRockyDeviceModel" kindref="compound">IRockyDeviceModel</ref><sp/>device_model_api;</highlight></codeline>
<codeline lineno="251"><highlight class="normal"><sp/><sp/><sp/><sp/>device_model_api._impl.model<sp/>=<sp/>device_data;</highlight></codeline>
<codeline lineno="252"><highlight class="normal"><sp/><sp/><sp/><sp/>device_model_api._impl.current_time<sp/>=<sp/>current_time;</highlight></codeline>
<codeline lineno="253"><highlight class="normal"><sp/><sp/><sp/><sp/><ref refid="structIRockySPHDeviceModel" kindref="compound">IRockySPHDeviceModel</ref><sp/>sph_model(device_data,<sp/>sph_device-&gt;gen_sph,<sp/>sph_device);</highlight></codeline>
<codeline lineno="254"><highlight class="normal"></highlight></codeline>
<codeline lineno="255"><highlight class="normal"><sp/><sp/><sp/><sp/>RockySPHElementInteraction<sp/>sph_interaction(device_data,<sp/>sph_device,<sp/>current_time);</highlight></codeline>
<codeline lineno="256"><highlight class="normal"><sp/><sp/><sp/><sp/><ref refid="structIRockySPHElementInteraction" kindref="compound">IRockySPHElementInteraction</ref><sp/>sph_interaction_api<sp/>{<sp/>&amp;sph_interaction<sp/>};</highlight></codeline>
<codeline lineno="257"><highlight class="normal"></highlight></codeline>
<codeline lineno="258"><highlight class="normal"><sp/><sp/><sp/><sp/>sph::iterator::IterateElements(handler,<sp/>[&amp;](</highlight><highlight class="keyword">const</highlight><highlight class="normal"><sp/></highlight><highlight class="keyword">auto</highlight><highlight class="normal">&amp;<sp/>search_element)</highlight></codeline>
<codeline lineno="259"><highlight class="normal"><sp/><sp/><sp/><sp/>{</highlight></codeline>
<codeline lineno="260"><highlight class="normal"><sp/><sp/><sp/><sp/><sp/><sp/><sp/><sp/></highlight><highlight class="keyword">const</highlight><highlight class="normal"><sp/></highlight><highlight class="keywordtype">int</highlight><highlight class="normal"><sp/>home_index<sp/>=<sp/>search_element.get_home_index();</highlight></codeline>
<codeline lineno="261"><highlight class="normal"><sp/><sp/><sp/><sp/><sp/><sp/><sp/><sp/></highlight><highlight class="comment">//<sp/>Home<sp/>Interaction<sp/>Interface</highlight><highlight class="normal"></highlight></codeline>
<codeline lineno="262"><highlight class="normal"><sp/><sp/><sp/><sp/><sp/><sp/><sp/><sp/>sph_interaction.reset_home_element(home_index);</highlight></codeline>
<codeline lineno="263"><highlight class="normal"></highlight></codeline>
<codeline lineno="264"><highlight class="normal"><sp/><sp/><sp/><sp/><sp/><sp/><sp/><sp/></highlight><highlight class="comment">//<sp/>Loop<sp/>over<sp/>number<sp/>of<sp/>active<sp/>interactions</highlight><highlight class="normal"></highlight></codeline>
<codeline lineno="265"><highlight class="normal"><sp/><sp/><sp/><sp/><sp/><sp/><sp/><sp/>sph::iterator::IterateNeighbors(handler,<sp/>[&amp;](</highlight><highlight class="keyword">const</highlight><highlight class="normal"><sp/></highlight><highlight class="keyword">auto</highlight><highlight class="normal">&amp;<sp/>neighbor_element)</highlight></codeline>
<codeline lineno="266"><highlight class="normal"><sp/><sp/><sp/><sp/><sp/><sp/><sp/><sp/>{</highlight></codeline>
<codeline lineno="267"><highlight class="normal"><sp/><sp/><sp/><sp/><sp/><sp/><sp/><sp/><sp/><sp/><sp/><sp/></highlight><highlight class="comment">//<sp/>Near<sp/>Interaction<sp/>Interface</highlight><highlight class="normal"></highlight></codeline>
<codeline lineno="268"><highlight class="normal"><sp/><sp/><sp/><sp/><sp/><sp/><sp/><sp/><sp/><sp/><sp/><sp/>sph_interaction.reset_near_element(</highlight></codeline>
<codeline lineno="269"><highlight class="normal"><sp/><sp/><sp/><sp/><sp/><sp/><sp/><sp/><sp/><sp/><sp/><sp/><sp/><sp/><sp/><sp/>neighbor_element.get_near_index(),<sp/>neighbor_element.get_periodic());</highlight></codeline>
<codeline lineno="270"><highlight class="normal"></highlight></codeline>
<codeline lineno="271"><highlight class="normal"><sp/><sp/><sp/><sp/><sp/><sp/><sp/><sp/><sp/><sp/><sp/><sp/></highlight><highlight class="comment">//<sp/>Trigger<sp/>user<sp/>kernel</highlight><highlight class="normal"></highlight></codeline>
<codeline lineno="272"><highlight class="normal"><sp/><sp/><sp/><sp/><sp/><sp/><sp/><sp/><sp/><sp/><sp/><sp/>Operator<sp/>caller<sp/>{};</highlight></codeline>
<codeline lineno="273"><highlight class="normal"><sp/><sp/><sp/><sp/><sp/><sp/><sp/><sp/><sp/><sp/><sp/><sp/>caller(function_ptr,<sp/>device_model_api,<sp/>sph_model,<sp/>sph_interaction_api,<sp/>udf_data);</highlight></codeline>
<codeline lineno="274"><highlight class="normal"><sp/><sp/><sp/><sp/><sp/><sp/><sp/><sp/>});</highlight></codeline>
<codeline lineno="275"><highlight class="normal"><sp/><sp/><sp/><sp/>});</highlight></codeline>
<codeline lineno="276"><highlight class="normal">}</highlight></codeline>
<codeline lineno="277"><highlight class="normal"></highlight></codeline>
<codeline lineno="278"><highlight class="normal"></highlight><highlight class="keyword">template</highlight><highlight class="normal"><sp/>&lt;</highlight><highlight class="keyword">class</highlight><highlight class="normal"><sp/>Backend,<sp/></highlight><highlight class="keyword">typename</highlight><highlight class="normal"><sp/>Operator,<sp/></highlight><highlight class="keyword">typename</highlight><highlight class="normal"><sp/>Functor&gt;</highlight></codeline>
<codeline lineno="279"><highlight class="normal">__host__<sp/>__device__<sp/></highlight><highlight class="keywordtype">void</highlight><highlight class="normal"><sp/>launch_sph_interactions_triangles(</highlight></codeline>
<codeline lineno="280"><highlight class="normal"><sp/><sp/><sp/><sp/>SDeviceModel*<sp/>device_data,</highlight></codeline>
<codeline lineno="281"><highlight class="normal"><sp/><sp/><sp/><sp/>SPHDeviceModel*<sp/>sph_device,</highlight></codeline>
<codeline lineno="282"><highlight class="normal"><sp/><sp/><sp/><sp/></highlight><highlight class="keywordtype">double</highlight><highlight class="normal"><sp/>current_time,</highlight></codeline>
<codeline lineno="283"><highlight class="normal"><sp/><sp/><sp/><sp/>Functor<sp/>function_ptr,</highlight></codeline>
<codeline lineno="284"><highlight class="normal"><sp/><sp/><sp/><sp/></highlight><highlight class="keywordtype">void</highlight><highlight class="normal">*<sp/>udf_data)</highlight></codeline>
<codeline lineno="285"><highlight class="normal">{</highlight></codeline>
<codeline lineno="286"><highlight class="normal"><sp/><sp/><sp/><sp/><ref refid="structIRockyDeviceModel" kindref="compound">IRockyDeviceModel</ref><sp/>device_model_api;</highlight></codeline>
<codeline lineno="287"><highlight class="normal"><sp/><sp/><sp/><sp/>device_model_api._impl.model<sp/>=<sp/>device_data;</highlight></codeline>
<codeline lineno="288"><highlight class="normal"><sp/><sp/><sp/><sp/>device_model_api._impl.current_time<sp/>=<sp/>current_time;</highlight></codeline>
<codeline lineno="289"><highlight class="normal"><sp/><sp/><sp/><sp/><ref refid="structIRockySPHDeviceModel" kindref="compound">IRockySPHDeviceModel</ref><sp/>sph_model(device_data,<sp/>sph_device-&gt;gen_sph,<sp/>sph_device);</highlight></codeline>
<codeline lineno="290"><highlight class="normal"></highlight></codeline>
<codeline lineno="291"><highlight class="normal"><sp/><sp/><sp/><sp/>RockySPHTriangleInteraction<sp/>sph_interaction(device_data,<sp/>sph_device,<sp/>current_time);</highlight></codeline>
<codeline lineno="292"><highlight class="normal"><sp/><sp/><sp/><sp/><ref refid="structIRockySPHTriangleInteraction" kindref="compound">IRockySPHTriangleInteraction</ref><sp/>sph_interaction_api<sp/>{<sp/>&amp;sph_interaction<sp/>};</highlight></codeline>
<codeline lineno="293"><highlight class="normal"></highlight></codeline>
<codeline lineno="294"><highlight class="normal"><sp/><sp/><sp/><sp/></highlight><highlight class="keyword">const</highlight><highlight class="normal"><sp/></highlight><highlight class="keyword">auto</highlight><highlight class="normal">&amp;<sp/>periodic_domain<sp/>=<sp/>device_data-&gt;gen-&gt;periodic_domain;</highlight></codeline>
<codeline lineno="295"><highlight class="normal"></highlight></codeline>
<codeline lineno="296"><highlight class="normal"><sp/><sp/><sp/><sp/></highlight><highlight class="comment">//<sp/>loop<sp/>only<sp/>over<sp/>element/triangle<sp/>pairs<sp/>with<sp/>projection<sp/>inside<sp/>the<sp/>triangle</highlight><highlight class="normal"></highlight></codeline>
<codeline lineno="297"><highlight class="normal"><sp/><sp/><sp/><sp/></highlight><highlight class="keywordtype">int</highlight><highlight class="normal"><sp/>thread_start,<sp/>thread_step,<sp/>thread_stop;</highlight></codeline>
<codeline lineno="298"><highlight class="normal"><sp/><sp/><sp/><sp/>Backend::ThreadIteration(thread_start,<sp/>thread_step,<sp/>thread_stop,<sp/>sph_device-&gt;gen_sph-&gt;n_triangle_force_pairs);</highlight></codeline>
<codeline lineno="299"><highlight class="normal"><sp/><sp/><sp/><sp/></highlight><highlight class="keywordflow">for</highlight><highlight class="normal"><sp/>(</highlight><highlight class="keywordtype">int</highlight><highlight class="normal"><sp/>i<sp/>=<sp/>thread_start;<sp/>i<sp/>&lt;<sp/>thread_stop;<sp/>i<sp/>+=<sp/>thread_step)</highlight></codeline>
<codeline lineno="300"><highlight class="normal"><sp/><sp/><sp/><sp/>{</highlight></codeline>
<codeline lineno="301"><highlight class="normal"><sp/><sp/><sp/><sp/><sp/><sp/><sp/><sp/></highlight><highlight class="keyword">const</highlight><highlight class="normal"><sp/></highlight><highlight class="keywordtype">int</highlight><highlight class="normal"><sp/>index<sp/>=<sp/>sph_device-&gt;triangle_force_pairs[i];</highlight></codeline>
<codeline lineno="302"><highlight class="normal"><sp/><sp/><sp/><sp/><sp/><sp/><sp/><sp/>cuda_sph_contact*<sp/>_sph_interaction<sp/>=<sp/>sph_device-&gt;cnt_sph_t<sp/>+<sp/>index;</highlight></codeline>
<codeline lineno="303"><highlight class="normal"><sp/><sp/><sp/><sp/><sp/><sp/><sp/><sp/>PeriodicPosition<sp/>cnt_per<sp/>{};</highlight></codeline>
<codeline lineno="304"><highlight class="normal"><sp/><sp/><sp/><sp/><sp/><sp/><sp/><sp/></highlight><highlight class="keywordflow">if</highlight><highlight class="normal"><sp/>(periodic_domain.enabled())</highlight></codeline>
<codeline lineno="305"><highlight class="normal"><sp/><sp/><sp/><sp/><sp/><sp/><sp/><sp/><sp/><sp/><sp/><sp/>cnt_per<sp/>=<sp/>sph_device-&gt;per_sph_cnt_t[index];</highlight></codeline>
<codeline lineno="306"><highlight class="normal"></highlight></codeline>
<codeline lineno="307"><highlight class="normal"><sp/><sp/><sp/><sp/><sp/><sp/><sp/><sp/></highlight><highlight class="comment">//<sp/>Interaction<sp/>Interface</highlight><highlight class="normal"></highlight></codeline>
<codeline lineno="308"><highlight class="normal"><sp/><sp/><sp/><sp/><sp/><sp/><sp/><sp/>sph_interaction.reset_triangle_contact(_sph_interaction,<sp/>cnt_per);</highlight></codeline>
<codeline lineno="309"><highlight class="normal"></highlight></codeline>
<codeline lineno="310"><highlight class="normal"><sp/><sp/><sp/><sp/><sp/><sp/><sp/><sp/></highlight><highlight class="comment">//<sp/>ROCKY-17943:<sp/>For<sp/>periodic<sp/>cases,<sp/>skipping<sp/>interaction<sp/>w/<sp/>triangles,<sp/>such<sp/>that</highlight><highlight class="normal"></highlight></codeline>
<codeline lineno="311"><highlight class="normal"><sp/><sp/><sp/><sp/><sp/><sp/><sp/><sp/></highlight><highlight class="comment">//<sp/>the<sp/>projected<sp/>point<sp/>is<sp/>positioned<sp/>outside<sp/>periodic<sp/>domain</highlight><highlight class="normal"></highlight></codeline>
<codeline lineno="312"><highlight class="normal"><sp/><sp/><sp/><sp/><sp/><sp/><sp/><sp/></highlight><highlight class="keywordflow">if</highlight><highlight class="normal"><sp/>(periodic_domain.enabled()</highlight></codeline>
<codeline lineno="313"><highlight class="normal"><sp/><sp/><sp/><sp/><sp/><sp/><sp/><sp/><sp/><sp/><sp/><sp/>&amp;&amp;<sp/>periodic_domain.is_outside_cartesian_periodic_bounds(sph_interaction.inside_point))</highlight></codeline>
<codeline lineno="314"><highlight class="normal"><sp/><sp/><sp/><sp/><sp/><sp/><sp/><sp/>{</highlight></codeline>
<codeline lineno="315"><highlight class="normal"><sp/><sp/><sp/><sp/><sp/><sp/><sp/><sp/><sp/><sp/><sp/><sp/></highlight><highlight class="keywordflow">continue</highlight><highlight class="normal">;</highlight></codeline>
<codeline lineno="316"><highlight class="normal"><sp/><sp/><sp/><sp/><sp/><sp/><sp/><sp/>}</highlight></codeline>
<codeline lineno="317"><highlight class="normal"></highlight></codeline>
<codeline lineno="318"><highlight class="normal"><sp/><sp/><sp/><sp/><sp/><sp/><sp/><sp/></highlight><highlight class="comment">//<sp/>Trigger<sp/>user<sp/>kernel</highlight><highlight class="normal"></highlight></codeline>
<codeline lineno="319"><highlight class="normal"><sp/><sp/><sp/><sp/><sp/><sp/><sp/><sp/>Operator<sp/>caller<sp/>{};</highlight></codeline>
<codeline lineno="320"><highlight class="normal"><sp/><sp/><sp/><sp/><sp/><sp/><sp/><sp/>caller(function_ptr,<sp/>device_model_api,<sp/>sph_model,<sp/>sph_interaction_api,<sp/>udf_data);</highlight></codeline>
<codeline lineno="321"><highlight class="normal"><sp/><sp/><sp/><sp/>}</highlight></codeline>
<codeline lineno="322"><highlight class="normal">}</highlight></codeline>
<codeline lineno="323"><highlight class="normal"></highlight></codeline>
<codeline lineno="324"><highlight class="normal">}<sp/><sp/></highlight><highlight class="comment">//<sp/>namespace<sp/>device</highlight><highlight class="normal"></highlight></codeline>
    </programlisting>
    <location file="source/c++/rocky20/api/sph/api_device_sph.hpp"/>
  </compounddef>
</doxygen>
