<?xml version='1.0' encoding='UTF-8' standalone='no'?>
<doxygen xmlns:xsi="http://www.w3.org/2001/XMLSchema-instance" xsi:noNamespaceSchemaLocation="compound.xsd" version="1.10.0" xml:lang="en-US">
  <compounddef id="classIRockyPluginDataEntry" kind="class" language="C++" prot="public">
    <compoundname>IRockyPluginDataEntry</compoundname>
    <includes refid="rocky__plugin__data_8h" local="no">rocky_plugin_data.h</includes>
    <sectiondef kind="public-func">
      <memberdef kind="function" id="classIRockyPluginDataEntry_1a67a2a72cd88df362f2fbe128b6814c17" prot="public" static="no" const="yes" explicit="no" inline="no" virt="non-virtual">
        <type>bool</type>
        <definition>bool IRockyPluginDataEntry::has</definition>
        <argsstring>(const char *_name) const</argsstring>
        <name>has</name>
        <qualifiedname>IRockyPluginDataEntry::has</qualifiedname>
        <param>
          <type>const char *</type>
          <declname>_name</declname>
        </param>
        <briefdescription>
        </briefdescription>
        <detaileddescription>
<para><simplesect kind="return"><para>True if the parameter specified by name actually exists in the <computeroutput><ref refid="classIRockyPluginDataEntry" kindref="compound">IRockyPluginDataEntry</ref></computeroutput> object. Otherwise, it returns false.</para>
</simplesect>
<parameterlist kind="param"><parameteritem>
<parameternamelist>
<parametername>_name</parametername>
</parameternamelist>
<parameterdescription>
<para>The name of the parameter, as specified in the module definition Python file </para>
</parameterdescription>
</parameteritem>
</parameterlist>
</para>
        </detaileddescription>
        <inbodydescription>
        </inbodydescription>
        <location file="source/c++/rocky20/api/rocky_plugin_data.h" line="41" column="10" bodyfile="source/c++/rocky20/api/rocky_plugin_data.cpp" bodystart="10" bodyend="13"/>
      </memberdef>
      <memberdef kind="function" id="classIRockyPluginDataEntry_1afb831ee2119c05117bde33db7e5f965c" prot="public" static="no" const="yes" explicit="no" inline="no" virt="non-virtual">
        <type>bool</type>
        <definition>bool IRockyPluginDataEntry::get_bool</definition>
        <argsstring>(const char *_name) const</argsstring>
        <name>get_bool</name>
        <qualifiedname>IRockyPluginDataEntry::get_bool</qualifiedname>
        <param>
          <type>const char *</type>
          <declname>_name</declname>
        </param>
        <briefdescription>
        </briefdescription>
        <detaileddescription>
<para><simplesect kind="return"><para>The boolean value specified for the given parameter in the Rocky UI through a checkbox.</para>
</simplesect>
<parameterlist kind="param"><parameteritem>
<parameternamelist>
<parametername>_name</parametername>
</parameternamelist>
<parameterdescription>
<para>The name of the boolean parameter, as specified in the module definition Python file. </para>
</parameterdescription>
</parameteritem>
</parameterlist>
</para>
        </detaileddescription>
        <inbodydescription>
        </inbodydescription>
        <location file="source/c++/rocky20/api/rocky_plugin_data.h" line="50" column="10" bodyfile="source/c++/rocky20/api/rocky_plugin_data.cpp" bodystart="15" bodyend="18"/>
      </memberdef>
      <memberdef kind="function" id="classIRockyPluginDataEntry_1ab1a99ba3c573dbfc7547cc35ded461be" prot="public" static="no" const="yes" explicit="no" inline="no" virt="non-virtual">
        <type>int</type>
        <definition>int IRockyPluginDataEntry::get_int</definition>
        <argsstring>(const char *_name) const</argsstring>
        <name>get_int</name>
        <qualifiedname>IRockyPluginDataEntry::get_int</qualifiedname>
        <param>
          <type>const char *</type>
          <declname>_name</declname>
        </param>
        <briefdescription>
        </briefdescription>
        <detaileddescription>
<para><simplesect kind="return"><para>The integer value specified for the given parameter in the Rocky UI.</para>
</simplesect>
<parameterlist kind="param"><parameteritem>
<parameternamelist>
<parametername>_name</parametername>
</parameternamelist>
<parameterdescription>
<para>The name of the integer parameter, as specified in the module definition Python file. </para>
</parameterdescription>
</parameteritem>
</parameterlist>
</para>
        </detaileddescription>
        <inbodydescription>
        </inbodydescription>
        <location file="source/c++/rocky20/api/rocky_plugin_data.h" line="59" column="9" bodyfile="source/c++/rocky20/api/rocky_plugin_data.cpp" bodystart="20" bodyend="23"/>
      </memberdef>
      <memberdef kind="function" id="classIRockyPluginDataEntry_1af0df7ed2b038b1a48228a24b1b840692" prot="public" static="no" const="yes" explicit="no" inline="no" virt="non-virtual">
        <type>double</type>
        <definition>double IRockyPluginDataEntry::get_double</definition>
        <argsstring>(const char *_name) const</argsstring>
        <name>get_double</name>
        <qualifiedname>IRockyPluginDataEntry::get_double</qualifiedname>
        <param>
          <type>const char *</type>
          <declname>_name</declname>
        </param>
        <briefdescription>
        </briefdescription>
        <detaileddescription>
<para><simplesect kind="return"><para>The double precision value specified for the given parameter in the Rocky UI.</para>
</simplesect>
<parameterlist kind="param"><parameteritem>
<parameternamelist>
<parametername>_name</parametername>
</parameternamelist>
<parameterdescription>
<para>The name of the double precision parameter, as specified in the module definition Python file. </para>
</parameterdescription>
</parameteritem>
</parameterlist>
</para>
        </detaileddescription>
        <inbodydescription>
        </inbodydescription>
        <location file="source/c++/rocky20/api/rocky_plugin_data.h" line="68" column="12" bodyfile="source/c++/rocky20/api/rocky_plugin_data.cpp" bodystart="25" bodyend="28"/>
      </memberdef>
      <memberdef kind="function" id="classIRockyPluginDataEntry_1a9e4a1299866b05178f910869689c7ac9" prot="public" static="no" const="yes" explicit="no" inline="no" virt="non-virtual">
        <type>std::string</type>
        <definition>std::string IRockyPluginDataEntry::get_string</definition>
        <argsstring>(const char *_name) const</argsstring>
        <name>get_string</name>
        <qualifiedname>IRockyPluginDataEntry::get_string</qualifiedname>
        <param>
          <type>const char *</type>
          <declname>_name</declname>
        </param>
        <briefdescription>
        </briefdescription>
        <detaileddescription>
<para><simplesect kind="return"><para>The string value specified for the given parameter in the Rocky UI.</para>
</simplesect>
<parameterlist kind="param"><parameteritem>
<parameternamelist>
<parametername>_name</parametername>
</parameternamelist>
<parameterdescription>
<para>The name of the string parameter, as specified in the module definition Python file. </para>
</parameterdescription>
</parameteritem>
</parameterlist>
</para>
        </detaileddescription>
        <inbodydescription>
        </inbodydescription>
        <location file="source/c++/rocky20/api/rocky_plugin_data.h" line="76" column="17" bodyfile="source/c++/rocky20/api/rocky_plugin_data.cpp" bodystart="30" bodyend="33"/>
      </memberdef>
      <memberdef kind="function" id="classIRockyPluginDataEntry_1ad0ca70feaf5f67d7ebb52802dad39989" prot="public" static="no" const="yes" explicit="no" inline="no" virt="non-virtual">
        <type>int</type>
        <definition>int IRockyPluginDataEntry::get_list_size</definition>
        <argsstring>(const char *_name) const</argsstring>
        <name>get_list_size</name>
        <qualifiedname>IRockyPluginDataEntry::get_list_size</qualifiedname>
        <param>
          <type>const char *</type>
          <declname>_name</declname>
        </param>
        <briefdescription>
        </briefdescription>
        <detaileddescription>
<para><simplesect kind="return"><para>The number of <computeroutput><ref refid="classIRockyPluginDataEntry" kindref="compound">IRockyPluginDataEntry</ref></computeroutput> objects that the list contains.</para>
</simplesect>
<parameterlist kind="param"><parameteritem>
<parameternamelist>
<parametername>_name</parametername>
</parameternamelist>
<parameterdescription>
<para>The name of the list, as specified in the module definition Python file. </para>
</parameterdescription>
</parameteritem>
</parameterlist>
</para>
        </detaileddescription>
        <inbodydescription>
        </inbodydescription>
        <location file="source/c++/rocky20/api/rocky_plugin_data.h" line="85" column="9" bodyfile="source/c++/rocky20/api/rocky_plugin_data.cpp" bodystart="35" bodyend="38"/>
      </memberdef>
      <memberdef kind="function" id="classIRockyPluginDataEntry_1ab8a6c4631f842a5c2d724f4661287665" prot="public" static="no" const="yes" explicit="no" inline="no" virt="non-virtual">
        <type><ref refid="classIRockyPluginDataEntry" kindref="compound">IRockyPluginDataEntry</ref></type>
        <definition>IRockyPluginDataEntry IRockyPluginDataEntry::get_list_item</definition>
        <argsstring>(const char *_name, int item_index) const</argsstring>
        <name>get_list_item</name>
        <qualifiedname>IRockyPluginDataEntry::get_list_item</qualifiedname>
        <param>
          <type>const char *</type>
          <declname>_name</declname>
        </param>
        <param>
          <type>int</type>
          <declname>item_index</declname>
        </param>
        <briefdescription>
        </briefdescription>
        <detaileddescription>
<para><simplesect kind="return"><para>An <computeroutput><ref refid="classIRockyPluginDataEntry" kindref="compound">IRockyPluginDataEntry</ref></computeroutput> object contained in the list.</para>
</simplesect>
<parameterlist kind="param"><parameteritem>
<parameternamelist>
<parametername>_name</parametername>
</parameternamelist>
<parameterdescription>
<para>The name of the list, as specified in the module definition Python file.</para>
</parameterdescription>
</parameteritem>
<parameteritem>
<parameternamelist>
<parametername>item_index</parametername>
</parameternamelist>
<parameterdescription>
<para>The index that specifies the position in the list of the item to be retrieved. </para>
</parameterdescription>
</parameteritem>
</parameterlist>
</para>
        </detaileddescription>
        <inbodydescription>
        </inbodydescription>
        <location file="source/c++/rocky20/api/rocky_plugin_data.h" line="97" column="27" bodyfile="source/c++/rocky20/api/rocky_plugin_data.cpp" bodystart="40" bodyend="46"/>
      </memberdef>
    </sectiondef>
    <briefdescription>
    </briefdescription>
    <detaileddescription>
<para><computeroutput><ref refid="classIRockyPluginDataEntry" kindref="compound">IRockyPluginDataEntry</ref></computeroutput> is a data unit corresponding to a single entity in Rocky (a geometry, a material interaction, etc). It gives access to values of custom module data entered manually through the Rocky UI. <computeroutput><ref refid="classIRockyPluginDataEntry" kindref="compound">IRockyPluginDataEntry</ref></computeroutput> may contain boolean, integer, double precision, and string data. Data arranged in lists of <computeroutput><ref refid="classIRockyPluginDataEntry" kindref="compound">IRockyPluginDataEntry</ref></computeroutput> is also allowed. The value of a parameter is retrieved passing to the corresponding function the name string, as specified in the Python file that defines the components of the module. </para>
    </detaileddescription>
    <location file="source/c++/rocky20/api/rocky_plugin_data.h" line="29" column="1" bodyfile="source/c++/rocky20/api/rocky_plugin_data.h" bodystart="30" bodyend="98"/>
    <listofallmembers>
      <member refid="classIRockyPluginDataEntry_1afb831ee2119c05117bde33db7e5f965c" prot="public" virt="non-virtual"><scope>IRockyPluginDataEntry</scope><name>get_bool</name></member>
      <member refid="classIRockyPluginDataEntry_1af0df7ed2b038b1a48228a24b1b840692" prot="public" virt="non-virtual"><scope>IRockyPluginDataEntry</scope><name>get_double</name></member>
      <member refid="classIRockyPluginDataEntry_1ab1a99ba3c573dbfc7547cc35ded461be" prot="public" virt="non-virtual"><scope>IRockyPluginDataEntry</scope><name>get_int</name></member>
      <member refid="classIRockyPluginDataEntry_1ab8a6c4631f842a5c2d724f4661287665" prot="public" virt="non-virtual"><scope>IRockyPluginDataEntry</scope><name>get_list_item</name></member>
      <member refid="classIRockyPluginDataEntry_1ad0ca70feaf5f67d7ebb52802dad39989" prot="public" virt="non-virtual"><scope>IRockyPluginDataEntry</scope><name>get_list_size</name></member>
      <member refid="classIRockyPluginDataEntry_1a9e4a1299866b05178f910869689c7ac9" prot="public" virt="non-virtual"><scope>IRockyPluginDataEntry</scope><name>get_string</name></member>
      <member refid="classIRockyPluginDataEntry_1a67a2a72cd88df362f2fbe128b6814c17" prot="public" virt="non-virtual"><scope>IRockyPluginDataEntry</scope><name>has</name></member>
    </listofallmembers>
  </compounddef>
</doxygen>
