<?xml version='1.0' encoding='UTF-8' standalone='no'?>
<doxygen xmlns:xsi="http://www.w3.org/2001/XMLSchema-instance" xsi:noNamespaceSchemaLocation="compound.xsd" version="1.10.0" xml:lang="en-US">
  <compounddef id="classIRockyTimestepData" kind="class" language="C++" prot="public">
    <compoundname>IRockyTimestepData</compoundname>
    <basecompoundref refid="classIRockyInteractionCalculationsData" prot="public" virt="non-virtual">IRockyInteractionCalculationsData</basecompoundref>
    <includes refid="rocky__timestep__api_8h" local="no">rocky_timestep_api.h</includes>
    <sectiondef kind="public-func">
      <memberdef kind="function" id="classIRockyTimestepData_1a3a8aecd285747c87e9987fd439a14a3b" prot="public" static="no" const="yes" explicit="no" inline="no" virt="non-virtual">
        <type>int</type>
        <definition>int IRockyTimestepData::get_loading_n_steps</definition>
        <argsstring>() const</argsstring>
        <name>get_loading_n_steps</name>
        <qualifiedname>IRockyTimestepData::get_loading_n_steps</qualifiedname>
        <briefdescription>
        </briefdescription>
        <detaileddescription>
<para><simplesect kind="return"><para>The minimum number of timesteps that the loading period of the shortest collision in a simulation can have. This is a parameter whose value is specified through the Rocky UI. </para>
</simplesect>
</para>
        </detaileddescription>
        <inbodydescription>
        </inbodydescription>
        <location file="source/c++/rocky20/api/rocky_timestep_api.h" line="161" column="9" bodyfile="source/c++/rocky20/api/rocky_timestep_api.cpp" bodystart="155" bodyend="158"/>
      </memberdef>
    </sectiondef>
    <briefdescription>
    </briefdescription>
    <detaileddescription>
<para>An <computeroutput><ref refid="classIRockyTimestepData" kindref="compound">IRockyTimestepData</ref></computeroutput> object provides the data and methods needed to estimate a stable simulation timestep when a module implements a custom contact force model. The class <computeroutput><ref refid="classIRockyTimestepData" kindref="compound">IRockyTimestepData</ref></computeroutput> inherits all public methods of the class <computeroutput><ref refid="classIRockyInteractionCalculationsData" kindref="compound">IRockyInteractionCalculationsData</ref></computeroutput>. </para>
    </detaileddescription>
    <inheritancegraph>
      <node id="2">
        <label>IRockyInteractionCalculationsData</label>
        <link refid="classIRockyInteractionCalculationsData"/>
      </node>
      <node id="1">
        <label>IRockyTimestepData</label>
        <link refid="classIRockyTimestepData"/>
        <childnode refid="2" relation="public-inheritance">
        </childnode>
      </node>
    </inheritancegraph>
    <collaborationgraph>
      <node id="2">
        <label>IRockyInteractionCalculationsData</label>
        <link refid="classIRockyInteractionCalculationsData"/>
      </node>
      <node id="1">
        <label>IRockyTimestepData</label>
        <link refid="classIRockyTimestepData"/>
        <childnode refid="2" relation="public-inheritance">
        </childnode>
      </node>
    </collaborationgraph>
    <location file="source/c++/rocky20/api/rocky_timestep_api.h" line="152" column="1" bodyfile="source/c++/rocky20/api/rocky_timestep_api.h" bodystart="153" bodyend="167"/>
    <listofallmembers>
      <member refid="classIRockyInteractionCalculationsData_1a05cb28a940233bc976b806a5893c639c" prot="public" virt="non-virtual"><scope>IRockyTimestepData</scope><name>get_geometry_material_index</name></member>
      <member refid="classIRockyTimestepData_1a3a8aecd285747c87e9987fd439a14a3b" prot="public" virt="non-virtual"><scope>IRockyTimestepData</scope><name>get_loading_n_steps</name></member>
      <member refid="classIRockyInteractionCalculationsData_1a609eb08b9a568e07c35953bd616d9551" prot="public" virt="non-virtual"><scope>IRockyTimestepData</scope><name>get_material</name></member>
      <member refid="classIRockyInteractionCalculationsData_1aeb94fd8ed1f75bd0523634285ad94e4d" prot="public" virt="non-virtual"><scope>IRockyTimestepData</scope><name>get_material_interaction</name></member>
      <member refid="classIRockyInteractionCalculationsData_1a1cf7ad2b906aa2f033494b390522bbb3" prot="public" virt="non-virtual"><scope>IRockyTimestepData</scope><name>get_material_interaction_index</name></member>
      <member refid="classIRockyInteractionCalculationsData_1a986da6321cca08d20d20dbd43962a74a" prot="public" virt="non-virtual"><scope>IRockyTimestepData</scope><name>get_number_geometry_materials</name></member>
      <member refid="classIRockyInteractionCalculationsData_1ab5fb8e3d498bfc78f116eec7b53b22b8" prot="public" virt="non-virtual"><scope>IRockyTimestepData</scope><name>get_number_particle_groups</name></member>
      <member refid="classIRockyInteractionCalculationsData_1a700a3993ce6c50786c1323e0b91a7c3a" prot="public" virt="non-virtual"><scope>IRockyTimestepData</scope><name>get_particle_material_index</name></member>
      <member refid="classIRockyInteractionCalculationsData_1ac12016128279790932537b32c1c7410d" prot="public" virt="non-virtual"><scope>IRockyTimestepData</scope><name>get_particle_max_sieve_size</name></member>
      <member refid="classIRockyInteractionCalculationsData_1a641adbab81c6c430aa1b0eae6eff29f4" prot="public" virt="non-virtual"><scope>IRockyTimestepData</scope><name>get_particle_min_mass</name></member>
      <member refid="classIRockyInteractionCalculationsData_1a1ce09b00f677c903a2d25426f8447300" prot="public" virt="non-virtual"><scope>IRockyTimestepData</scope><name>get_particle_min_sieve_size</name></member>
    </listofallmembers>
  </compounddef>
</doxygen>
