<?xml version='1.0' encoding='UTF-8' standalone='no'?>
<doxygen xmlns:xsi="http://www.w3.org/2001/XMLSchema-instance" xsi:noNamespaceSchemaLocation="compound.xsd" version="1.10.0" xml:lang="en-US">
  <compounddef id="dir_49e56c817e5e54854c35e136979f97ca" kind="dir">
    <compoundname>docs</compoundname>
    <innerdir refid="dir_ed236b01de30ea261f51f793a323b70a">docs/sdk_manual</innerdir>
    <briefdescription>
    </briefdescription>
    <detaileddescription>
    </detaileddescription>
    <location file="docs/"/>
  </compounddef>
</doxygen>
