<?xml version='1.0' encoding='UTF-8' standalone='no'?>
<doxygen xmlns:xsi="http://www.w3.org/2001/XMLSchema-instance" xsi:noNamespaceSchemaLocation="compound.xsd" version="1.10.0" xml:lang="en-US">
  <compounddef id="dir_04a4feaf085f2323de96e1b0ca127830" kind="dir">
    <compoundname>source/c++/rocky20/api</compoundname>
    <innerdir refid="dir_047b61a616e716ab12f61c3f25b94dad">source/c++/rocky20/api/device</innerdir>
    <innerdir refid="dir_73defce0f3034688ade5b24ad0c9ed4d">source/c++/rocky20/api/sph</innerdir>
    <innerdir refid="dir_b9a7f294d4514fb4b826afff087350ae">source/c++/rocky20/api/tests</innerdir>
    <innerfile refid="dll__export_8cpp">dll_export.cpp</innerfile>
    <innerfile refid="dll__export_8h">dll_export.h</innerfile>
    <innerfile refid="rocky__api_8cpp">rocky_api.cpp</innerfile>
    <innerfile refid="rocky__api_8h">rocky_api.h</innerfile>
    <innerfile refid="rocky__api__cfd_8cpp">rocky_api_cfd.cpp</innerfile>
    <innerfile refid="rocky__api__cfd_8h">rocky_api_cfd.h</innerfile>
    <innerfile refid="rocky__api__cfd__functions_8h">rocky_api_cfd_functions.h</innerfile>
    <innerfile refid="rocky__api__contact__functions_8h">rocky_api_contact_functions.h</innerfile>
    <innerfile refid="rocky__api__functions_8h">rocky_api_functions.h</innerfile>
    <innerfile refid="rocky__api__sph_8cpp">rocky_api_sph.cpp</innerfile>
    <innerfile refid="rocky__api__sph_8h">rocky_api_sph.h</innerfile>
    <innerfile refid="rocky__api__sph__functions_8h">rocky_api_sph_functions.h</innerfile>
    <innerfile refid="rocky__api__vicinity_8h">rocky_api_vicinity.h</innerfile>
    <innerfile refid="rocky__api__vicinity__functions_8h">rocky_api_vicinity_functions.h</innerfile>
    <innerfile refid="rocky__boundary_8hpp">rocky_boundary.hpp</innerfile>
    <innerfile refid="rocky__boundary__api_8hpp">rocky_boundary_api.hpp</innerfile>
    <innerfile refid="rocky__boundary__deformation_8cpp">rocky_boundary_deformation.cpp</innerfile>
    <innerfile refid="rocky__boundary__deformation_8h">rocky_boundary_deformation.h</innerfile>
    <innerfile refid="rocky__boundary__scalars_8hpp">rocky_boundary_scalars.hpp</innerfile>
    <innerfile refid="rocky__breakage__api_8cpp">rocky_breakage_api.cpp</innerfile>
    <innerfile refid="rocky__breakage__api_8h">rocky_breakage_api.h</innerfile>
    <innerfile refid="rocky__cfd_8hpp">rocky_cfd.hpp</innerfile>
    <innerfile refid="rocky__cfd__model_8cpp">rocky_cfd_model.cpp</innerfile>
    <innerfile refid="rocky__cfd__model_8h">rocky_cfd_model.h</innerfile>
    <innerfile refid="rocky__contact_8hpp">rocky_contact.hpp</innerfile>
    <innerfile refid="rocky__contact__api_8hpp">rocky_contact_api.hpp</innerfile>
    <innerfile refid="rocky__contact__data__recorder__api_8cpp">rocky_contact_data_recorder_api.cpp</innerfile>
    <innerfile refid="rocky__contact__data__recorder__api_8h">rocky_contact_data_recorder_api.h</innerfile>
    <innerfile refid="rocky__contact__intermediate__data__api_8hpp">rocky_contact_intermediate_data_api.hpp</innerfile>
    <innerfile refid="rocky__contact__output__data__api_8hpp">rocky_contact_output_data_api.hpp</innerfile>
    <innerfile refid="rocky__contact__scalars_8cpp">rocky_contact_scalars.cpp</innerfile>
    <innerfile refid="rocky__contact__scalars_8hpp">rocky_contact_scalars.hpp</innerfile>
    <innerfile refid="rocky__fluid__scalars_8cpp">rocky_fluid_scalars.cpp</innerfile>
    <innerfile refid="rocky__fluid__scalars_8hpp">rocky_fluid_scalars.hpp</innerfile>
    <innerfile refid="rocky__joint__api_8hpp">rocky_joint_api.hpp</innerfile>
    <innerfile refid="rocky__joint__scalars_8cpp">rocky_joint_scalars.cpp</innerfile>
    <innerfile refid="rocky__joint__scalars_8hpp">rocky_joint_scalars.hpp</innerfile>
    <innerfile refid="rocky__material__api_8hpp">rocky_material_api.hpp</innerfile>
    <innerfile refid="rocky__model_8hpp">rocky_model.hpp</innerfile>
    <innerfile refid="rocky__model__api_8hpp">rocky_model_api.hpp</innerfile>
    <innerfile refid="rocky__output__collections__api_8hpp">rocky_output_collections_api.hpp</innerfile>
    <innerfile refid="rocky__output__properties_8cpp">rocky_output_properties.cpp</innerfile>
    <innerfile refid="rocky__output__properties_8h">rocky_output_properties.h</innerfile>
    <innerfile refid="rocky__pair__scalars_8hpp">rocky_pair_scalars.hpp</innerfile>
    <innerfile refid="rocky__particle_8hpp">rocky_particle.hpp</innerfile>
    <innerfile refid="rocky__particle__api_8hpp">rocky_particle_api.hpp</innerfile>
    <innerfile refid="rocky__particle__scalars_8cpp">rocky_particle_scalars.cpp</innerfile>
    <innerfile refid="rocky__particle__scalars_8hpp">rocky_particle_scalars.hpp</innerfile>
    <innerfile refid="rocky__plugin__data_8cpp">rocky_plugin_data.cpp</innerfile>
    <innerfile refid="rocky__plugin__data_8h">rocky_plugin_data.h</innerfile>
    <innerfile refid="rocky__point__cloud_8cpp">rocky_point_cloud.cpp</innerfile>
    <innerfile refid="rocky__point__cloud_8h">rocky_point_cloud.h</innerfile>
    <innerfile refid="rocky__point__cloud__api_8hpp">rocky_point_cloud_api.hpp</innerfile>
    <innerfile refid="rocky__scalars_8cpp">rocky_scalars.cpp</innerfile>
    <innerfile refid="rocky__scalars_8h">rocky_scalars.h</innerfile>
    <innerfile refid="rocky__statistics__data_8hpp">rocky_statistics_data.hpp</innerfile>
    <innerfile refid="rocky__time__curve__data_8cpp">rocky_time_curve_data.cpp</innerfile>
    <innerfile refid="rocky__time__curve__data_8hpp">rocky_time_curve_data.hpp</innerfile>
    <innerfile refid="rocky__timestep__api_8cpp">rocky_timestep_api.cpp</innerfile>
    <innerfile refid="rocky__timestep__api_8h">rocky_timestep_api.h</innerfile>
    <innerfile refid="rocky__triangle__scalars_8cpp">rocky_triangle_scalars.cpp</innerfile>
    <innerfile refid="rocky__triangle__scalars_8hpp">rocky_triangle_scalars.hpp</innerfile>
    <innerfile refid="rocky__vicinity__pair__api_8hpp">rocky_vicinity_pair_api.hpp</innerfile>
    <briefdescription>
    </briefdescription>
    <detaileddescription>
    </detaileddescription>
    <location file="source/c++/rocky20/api/"/>
  </compounddef>
</doxygen>
