<?xml version='1.0' encoding='UTF-8' standalone='no'?>
<doxygen xmlns:xsi="http://www.w3.org/2001/XMLSchema-instance" xsi:noNamespaceSchemaLocation="compound.xsd" version="1.10.0" xml:lang="en-US">
  <compounddef id="dir_fc907dd8a19288f35eaf149283de05d4" kind="dir">
    <compoundname>source/c++/rocky20</compoundname>
    <innerdir refid="dir_04a4feaf085f2323de96e1b0ca127830">source/c++/rocky20/api</innerdir>
    <briefdescription>
    </briefdescription>
    <detaileddescription>
    </detaileddescription>
    <location file="source/c++/rocky20/"/>
  </compounddef>
</doxygen>
