<?xml version='1.0' encoding='UTF-8' standalone='no'?>
<doxygen xmlns:xsi="http://www.w3.org/2001/XMLSchema-instance" xsi:noNamespaceSchemaLocation="compound.xsd" version="1.10.0" xml:lang="en-US">
  <compounddef id="dir_73defce0f3034688ade5b24ad0c9ed4d" kind="dir">
    <compoundname>source/c++/rocky20/api/sph</compoundname>
    <innerfile refid="api__cuda__sph_8hpp">api_cuda_sph.hpp</innerfile>
    <innerfile refid="api__device__sph_8hpp">api_device_sph.hpp</innerfile>
    <innerfile refid="api__omp__sph_8hpp">api_omp_sph.hpp</innerfile>
    <innerfile refid="rocky__sph_8hpp">rocky_sph.hpp</innerfile>
    <innerfile refid="rocky__sph__element_8hpp">rocky_sph_element.hpp</innerfile>
    <innerfile refid="rocky__sph__element__api_8hpp">rocky_sph_element_api.hpp</innerfile>
    <innerfile refid="rocky__sph__element__scalars_8cpp">rocky_sph_element_scalars.cpp</innerfile>
    <innerfile refid="rocky__sph__element__scalars_8hpp">rocky_sph_element_scalars.hpp</innerfile>
    <innerfile refid="rocky__sph__interaction_8hpp">rocky_sph_interaction.hpp</innerfile>
    <innerfile refid="rocky__sph__interaction__api_8hpp">rocky_sph_interaction_api.hpp</innerfile>
    <innerfile refid="rocky__sph__model_8hpp">rocky_sph_model.hpp</innerfile>
    <innerfile refid="rocky__sph__model__api_8cpp">rocky_sph_model_api.cpp</innerfile>
    <innerfile refid="rocky__sph__model__api_8hpp">rocky_sph_model_api.hpp</innerfile>
    <briefdescription>
    </briefdescription>
    <detaileddescription>
    </detaileddescription>
    <location file="source/c++/rocky20/api/sph/"/>
  </compounddef>
</doxygen>
