<?xml version='1.0' encoding='UTF-8' standalone='no'?>
<doxygen xmlns:xsi="http://www.w3.org/2001/XMLSchema-instance" xsi:noNamespaceSchemaLocation="compound.xsd" version="1.10.0" xml:lang="en-US">
  <compounddef id="dir_b2f33c71d4aa5e7af42a1ca61ff5af1b" kind="dir">
    <compoundname>source</compoundname>
    <innerdir refid="dir_5bec2c41045c5679e0f388d0726ce756">source/c++</innerdir>
    <briefdescription>
    </briefdescription>
    <detaileddescription>
    </detaileddescription>
    <location file="source/"/>
  </compounddef>
</doxygen>
