<?xml version='1.0' encoding='UTF-8' standalone='no'?>
<doxygen xmlns:xsi="http://www.w3.org/2001/XMLSchema-instance" xsi:noNamespaceSchemaLocation="compound.xsd" version="1.10.0" xml:lang="en-US">
  <compounddef id="dir_5bec2c41045c5679e0f388d0726ce756" kind="dir">
    <compoundname>source/c++</compoundname>
    <innerdir refid="dir_fc907dd8a19288f35eaf149283de05d4">source/c++/rocky20</innerdir>
    <briefdescription>
    </briefdescription>
    <detaileddescription>
    </detaileddescription>
    <location file="source/c++/"/>
  </compounddef>
</doxygen>
