<?xml version='1.0' encoding='UTF-8' standalone='no'?>
<doxygen xmlns:xsi="http://www.w3.org/2001/XMLSchema-instance" xsi:noNamespaceSchemaLocation="compound.xsd" version="1.10.0" xml:lang="en-US">
  <compounddef id="dll__export_8h" kind="file" language="C++">
    <compoundname>dll_export.h</compoundname>
    <includedby refid="dll__export_8cpp" local="yes">source/c++/rocky20/api/dll_export.cpp</includedby>
    <includedby refid="rocky__api_8h" local="yes">source/c++/rocky20/api/rocky_api.h</includedby>
    <includedby refid="rocky__api__functions_8h" local="yes">source/c++/rocky20/api/rocky_api_functions.h</includedby>
    <invincdepgraph>
      <node id="3">
        <label>source/c++/rocky20/api/device/api_cuda.hpp</label>
        <link refid="api__cuda_8hpp_source"/>
        <childnode refid="4" relation="include">
        </childnode>
        <childnode refid="5" relation="include">
        </childnode>
        <childnode refid="6" relation="include">
        </childnode>
        <childnode refid="7" relation="include">
        </childnode>
        <childnode refid="8" relation="include">
        </childnode>
        <childnode refid="9" relation="include">
        </childnode>
      </node>
      <node id="4">
        <label>source/c++/rocky20/api/device/api_cuda_cfd_coupling.hpp</label>
        <link refid="api__cuda__cfd__coupling_8hpp_source"/>
      </node>
      <node id="5">
        <label>source/c++/rocky20/api/device/api_cuda_contacts.hpp</label>
        <link refid="api__cuda__contacts_8hpp_source"/>
      </node>
      <node id="6">
        <label>source/c++/rocky20/api/device/api_cuda_joints.hpp</label>
        <link refid="api__cuda__joints_8hpp_source"/>
      </node>
      <node id="7">
        <label>source/c++/rocky20/api/device/api_cuda_particles.hpp</label>
        <link refid="api__cuda__particles_8hpp_source"/>
      </node>
      <node id="8">
        <label>source/c++/rocky20/api/device/api_cuda_triangles.hpp</label>
        <link refid="api__cuda__triangles_8hpp_source"/>
      </node>
      <node id="10">
        <label>source/c++/rocky20/api/device/api_omp_contacts.hpp</label>
        <link refid="api__omp__contacts_8hpp_source"/>
        <childnode refid="2" relation="include">
        </childnode>
      </node>
      <node id="1">
        <label>source/c++/rocky20/api/dll_export.h</label>
        <link refid="dll__export_8h"/>
        <childnode refid="2" relation="include">
        </childnode>
        <childnode refid="14" relation="include">
        </childnode>
      </node>
      <node id="2">
        <label>source/c++/rocky20/api/rocky_api.h</label>
        <link refid="rocky__api_8h_source"/>
        <childnode refid="3" relation="include">
        </childnode>
        <childnode refid="5" relation="include">
        </childnode>
        <childnode refid="10" relation="include">
        </childnode>
        <childnode refid="11" relation="include">
        </childnode>
        <childnode refid="12" relation="include">
        </childnode>
        <childnode refid="13" relation="include">
        </childnode>
      </node>
      <node id="11">
        <label>source/c++/rocky20/api/rocky_api_cfd.h</label>
        <link refid="rocky__api__cfd_8h_source"/>
      </node>
      <node id="14">
        <label>source/c++/rocky20/api/rocky_api_functions.h</label>
        <link refid="rocky__api__functions_8h_source"/>
        <childnode refid="5" relation="include">
        </childnode>
        <childnode refid="10" relation="include">
        </childnode>
        <childnode refid="2" relation="include">
        </childnode>
      </node>
      <node id="12">
        <label>source/c++/rocky20/api/rocky_api_sph.h</label>
        <link refid="rocky__api__sph_8h_source"/>
      </node>
      <node id="9">
        <label>source/c++/rocky20/api/sph/api_cuda_sph.hpp</label>
        <link refid="api__cuda__sph_8hpp_source"/>
      </node>
      <node id="13">
        <label>source/c++/rocky20/api/sph/api_omp_sph.hpp</label>
        <link refid="api__omp__sph_8hpp_source"/>
        <childnode refid="12" relation="include">
        </childnode>
      </node>
    </invincdepgraph>
    <sectiondef kind="define">
      <memberdef kind="define" id="dll__export_8h_1a1b071f25f54b60a7c3ddb92f1b62a6e6" prot="public" static="no">
        <name>ROCKYAPI_EXPORT</name>
        <briefdescription>
        </briefdescription>
        <detaileddescription>
        </detaileddescription>
        <inbodydescription>
        </inbodydescription>
        <location file="source/c++/rocky20/api/dll_export.h" line="10" column="15" bodyfile="source/c++/rocky20/api/dll_export.h" bodystart="10" bodyend="-1"/>
      </memberdef>
      <memberdef kind="define" id="dll__export_8h_1a80e0d63dde84da8193f42ce51a36e7fc" prot="public" static="no">
        <name>ROCKY_PLUGIN_INFO</name>
        <param><defname>plugin_name</defname></param>
        <param><defname>plugin_version</defname></param>
        <initializer>    extern &quot;C&quot; { ROCKYAPI_EXPORT RockyPluginInfo info = { get_api_version(), plugin_name, plugin_version }; }</initializer>
        <briefdescription>
        </briefdescription>
        <detaileddescription>
        </detaileddescription>
        <inbodydescription>
        </inbodydescription>
        <location file="source/c++/rocky20/api/dll_export.h" line="26" column="9" bodyfile="source/c++/rocky20/api/dll_export.h" bodystart="26" bodyend="27"/>
      </memberdef>
    </sectiondef>
    <sectiondef kind="func">
      <memberdef kind="function" id="dll__export_8h_1a141f0ac7e476c82d6551fe828c5ef656" prot="public" static="no" const="no" explicit="no" inline="no" noexcept="yes" virt="non-virtual">
        <type>int</type>
        <definition>int get_api_version</definition>
        <argsstring>() noexcept</argsstring>
        <name>get_api_version</name>
        <briefdescription>
        </briefdescription>
        <detaileddescription>
        </detaileddescription>
        <inbodydescription>
        </inbodydescription>
        <location file="source/c++/rocky20/api/dll_export.h" line="24" column="5" bodyfile="source/c++/rocky20/api/dll_export.cpp" bodystart="13" bodyend="20" declfile="source/c++/rocky20/api/dll_export.h" declline="24" declcolumn="5"/>
      </memberdef>
    </sectiondef>
    <briefdescription>
    </briefdescription>
    <detaileddescription>
    </detaileddescription>
    <programlisting>
<codeline lineno="1"><highlight class="comment">//<sp/>(C)<sp/>2024<sp/>ANSYS,<sp/>Inc.<sp/>Unauthorized<sp/>use,<sp/>distribution,<sp/>or<sp/>duplication<sp/>is<sp/>prohibited.</highlight><highlight class="normal"></highlight></codeline>
<codeline lineno="2"><highlight class="normal"></highlight><highlight class="preprocessor">#pragma<sp/>once</highlight><highlight class="normal"></highlight></codeline>
<codeline lineno="3"><highlight class="normal"></highlight><highlight class="preprocessor">#if<sp/>defined(WIN32)<sp/>||<sp/>defined(_WIN32)</highlight><highlight class="normal"></highlight></codeline>
<codeline lineno="4"><highlight class="normal"></highlight><highlight class="preprocessor"><sp/><sp/><sp/><sp/>#if<sp/>defined(ROCKYAPI_EXPORT_DLL)</highlight><highlight class="normal"></highlight></codeline>
<codeline lineno="5"><highlight class="normal"></highlight><highlight class="preprocessor"><sp/><sp/><sp/><sp/><sp/><sp/><sp/><sp/>#define<sp/>ROCKYAPI_EXPORT<sp/>__declspec(<sp/>dllexport<sp/>)</highlight><highlight class="normal"></highlight></codeline>
<codeline lineno="6"><highlight class="normal"></highlight><highlight class="preprocessor"><sp/><sp/><sp/><sp/>#else</highlight><highlight class="normal"></highlight></codeline>
<codeline lineno="7"><highlight class="normal"></highlight><highlight class="preprocessor"><sp/><sp/><sp/><sp/><sp/><sp/><sp/><sp/>#define<sp/>ROCKYAPI_EXPORT<sp/>__declspec(<sp/>dllimport<sp/>)</highlight><highlight class="normal"></highlight></codeline>
<codeline lineno="8"><highlight class="normal"></highlight><highlight class="preprocessor"><sp/><sp/><sp/><sp/>#endif</highlight><highlight class="normal"></highlight></codeline>
<codeline lineno="9"><highlight class="normal"></highlight><highlight class="preprocessor">#else</highlight><highlight class="normal"></highlight></codeline>
<codeline lineno="10"><highlight class="normal"></highlight><highlight class="preprocessor"><sp/><sp/><sp/><sp/>#define<sp/>ROCKYAPI_EXPORT</highlight><highlight class="normal"></highlight></codeline>
<codeline lineno="11"><highlight class="normal"></highlight><highlight class="preprocessor">#endif</highlight><highlight class="normal"></highlight></codeline>
<codeline lineno="12"><highlight class="normal"></highlight></codeline>
<codeline lineno="13"><highlight class="normal"></highlight><highlight class="comment">//<sp/>=================================================================================================</highlight><highlight class="normal"></highlight></codeline>
<codeline lineno="14"><highlight class="normal"></highlight><highlight class="comment">//<sp/>RockyPluginInfo</highlight><highlight class="normal"></highlight></codeline>
<codeline lineno="15"><highlight class="normal"></highlight><highlight class="comment">//<sp/>=================================================================================================</highlight><highlight class="normal"></highlight></codeline>
<codeline lineno="16"><highlight class="normal"></highlight><highlight class="keyword">struct<sp/></highlight><highlight class="normal">RockyPluginInfo</highlight></codeline>
<codeline lineno="17"><highlight class="normal">{</highlight></codeline>
<codeline lineno="18"><highlight class="normal"><sp/><sp/><sp/><sp/></highlight><highlight class="keywordtype">int</highlight><highlight class="normal"><sp/>api_version;</highlight></codeline>
<codeline lineno="19"><highlight class="normal"></highlight></codeline>
<codeline lineno="20"><highlight class="normal"><sp/><sp/><sp/><sp/></highlight><highlight class="keyword">const</highlight><highlight class="normal"><sp/></highlight><highlight class="keywordtype">char</highlight><highlight class="normal">*<sp/>plugin_name;</highlight></codeline>
<codeline lineno="21"><highlight class="normal"><sp/><sp/><sp/><sp/></highlight><highlight class="keyword">const</highlight><highlight class="normal"><sp/></highlight><highlight class="keywordtype">char</highlight><highlight class="normal">*<sp/>plugin_version;</highlight></codeline>
<codeline lineno="22"><highlight class="normal">};</highlight></codeline>
<codeline lineno="23"><highlight class="normal"></highlight></codeline>
<codeline lineno="24"><highlight class="normal"></highlight><highlight class="keywordtype">int</highlight><highlight class="normal"><sp/>get_api_version()<sp/>noexcept;</highlight></codeline>
<codeline lineno="25"><highlight class="normal"></highlight></codeline>
<codeline lineno="26"><highlight class="normal"></highlight><highlight class="preprocessor">#define<sp/>ROCKY_PLUGIN_INFO(plugin_name,<sp/>plugin_version)<sp/><sp/><sp/><sp/><sp/><sp/>\</highlight></codeline>
<codeline lineno="27"><highlight class="preprocessor"><sp/><sp/><sp/><sp/>extern<sp/>&quot;C&quot;<sp/>{<sp/>ROCKYAPI_EXPORT<sp/>RockyPluginInfo<sp/>info<sp/>=<sp/>{<sp/>get_api_version(),<sp/>plugin_name,<sp/>plugin_version<sp/>};<sp/>}</highlight></codeline>
    </programlisting>
    <location file="source/c++/rocky20/api/dll_export.h"/>
  </compounddef>
</doxygen>
