<?xml version='1.0' encoding='UTF-8' standalone='no'?>
<doxygen xmlns:xsi="http://www.w3.org/2001/XMLSchema-instance" xsi:noNamespaceSchemaLocation="compound.xsd" version="1.10.0" xml:lang="en-US">
  <compounddef id="introduction_8md" kind="file" language="Markdown">
    <compoundname>introduction.md</compoundname>
    <briefdescription>
    </briefdescription>
    <detaileddescription>
    </detaileddescription>
    <programlisting>
<codeline><highlight class="normal">##<sp/>Introduction<sp/>{#introduction}</highlight></codeline>
<codeline></codeline>
<codeline><highlight class="normal">The<sp/>Rocky<sp/>Solver<sp/>SDK<sp/>enables<sp/>the<sp/>development<sp/>of<sp/>custom<sp/>modules<sp/>for<sp/>Rocky.<sp/>A</highlight></codeline>
<codeline><highlight class="normal">Rocky<sp/>[module](#module)<sp/>is<sp/>a<sp/>compiled<sp/>library<sp/>that<sp/>attaches<sp/>to<sp/>the</highlight></codeline>
<codeline><highlight class="normal">Rocky<sp/>solver<sp/>at<sp/>strategic<sp/>points<sp/>during<sp/>the<sp/>simulation,<sp/>allowing</highlight></codeline>
<codeline><highlight class="normal">execution<sp/>of<sp/>custom<sp/>code.<sp/>For<sp/>example,<sp/>Rocky<sp/>modules<sp/>enable<sp/>users<sp/>to:</highlight></codeline>
<codeline></codeline>
<codeline><highlight class="normal">-<sp/><sp/><sp/>Apply<sp/>custom<sp/>models<sp/>to<sp/>some<sp/>simulated<sp/>entities.</highlight></codeline>
<codeline></codeline>
<codeline><highlight class="normal">-<sp/><sp/><sp/>Collect<sp/>custom<sp/>statistics<sp/>during<sp/>the<sp/>simulation.</highlight></codeline>
<codeline></codeline>
<codeline><highlight class="normal">-<sp/><sp/><sp/>Create<sp/>custom<sp/>post-processing<sp/>data.</highlight></codeline>
<codeline></codeline>
<codeline><highlight class="normal">The<sp/>Rocky<sp/>Solver<sp/>SDK<sp/>comprises:</highlight></codeline>
<codeline></codeline>
<codeline><highlight class="normal">-<sp/><sp/><sp/>Runtime<sp/>libraries<sp/>for<sp/>binding<sp/>to<sp/>Rocky<sp/>simulations<sp/>at<sp/>strategic</highlight></codeline>
<codeline><highlight class="normal"><sp/><sp/><sp/><sp/>moments.</highlight></codeline>
<codeline></codeline>
<codeline><highlight class="normal">-<sp/><sp/><sp/>C++<sp/>header<sp/>files<sp/>that<sp/>export<sp/>types<sp/>and<sp/>macros<sp/>related<sp/>to<sp/>the</highlight></codeline>
<codeline><highlight class="normal"><sp/><sp/><sp/><sp/>simulation<sp/>state.</highlight></codeline>
<codeline></codeline>
<codeline><highlight class="normal">-<sp/><sp/><sp/>Mechanisms<sp/>to<sp/>ease<sp/>compilation<sp/>of<sp/>Rocky<sp/>modules.</highlight></codeline>
    </programlisting>
    <location file="docs/sdk_manual/introduction.md"/>
  </compounddef>
</doxygen>
