<?xml version='1.0' encoding='UTF-8' standalone='no'?>
<doxygen xmlns:xsi="http://www.w3.org/2001/XMLSchema-instance" xsi:noNamespaceSchemaLocation="compound.xsd" version="1.10.0" xml:lang="en-US">
  <compounddef id="namespacerocky20_1_1addins" kind="namespace" language="C++">
    <compoundname>rocky20::addins</compoundname>
    <briefdescription>
    </briefdescription>
    <detaileddescription>
    </detaileddescription>
    <location file="source/c++/rocky20/api/rocky_plugin_data.h" line="9" column="17"/>
  </compounddef>
</doxygen>
