<?xml version='1.0' encoding='UTF-8' standalone='no'?>
<doxygen xmlns:xsi="http://www.w3.org/2001/XMLSchema-instance" xsi:noNamespaceSchemaLocation="compound.xsd" version="1.10.0" xml:lang="en-US">
  <compounddef id="namespacebackend" kind="namespace" language="C++">
    <compoundname>backend</compoundname>
    <sectiondef kind="func">
      <memberdef kind="function" id="api__backend_8hpp_1a09320f9d8636a66052881fa7e07f0841" prot="public" static="no" const="no" explicit="no" inline="no" virt="non-virtual">
        <templateparamlist>
          <param>
            <type>typename T</type>
          </param>
        </templateparamlist>
        <type>__host__ __device__ void</type>
        <definition>__host__ __device__ void backend::atomic_add</definition>
        <argsstring>(T *address, T val)</argsstring>
        <name>atomic_add</name>
        <qualifiedname>backend::atomic_add</qualifiedname>
        <param>
          <type>T *</type>
          <declname>address</declname>
        </param>
        <param>
          <type>T</type>
          <declname>val</declname>
        </param>
        <briefdescription>
        </briefdescription>
        <detaileddescription>
        </detaileddescription>
        <inbodydescription>
        </inbodydescription>
        <location file="source/c++/rocky20/api/device/api_backend.hpp" line="16" column="26" bodyfile="source/c++/rocky20/api/device/api_backend.hpp" bodystart="16" bodyend="23"/>
      </memberdef>
      <memberdef kind="function" id="api__backend_8hpp_1a01fcf9902a7bbbdf657608cbdb78a3b8" prot="public" static="no" const="no" explicit="no" inline="no" virt="non-virtual">
        <templateparamlist>
          <param>
            <type>typename T</type>
          </param>
        </templateparamlist>
        <type>__host__ __device__ void</type>
        <definition>__host__ __device__ void backend::atomic_add</definition>
        <argsstring>(T *address, T val, T &amp;current_value)</argsstring>
        <name>atomic_add</name>
        <qualifiedname>backend::atomic_add</qualifiedname>
        <param>
          <type>T *</type>
          <declname>address</declname>
        </param>
        <param>
          <type>T</type>
          <declname>val</declname>
        </param>
        <param>
          <type>T &amp;</type>
          <declname>current_value</declname>
        </param>
        <briefdescription>
        </briefdescription>
        <detaileddescription>
        </detaileddescription>
        <inbodydescription>
        </inbodydescription>
        <location file="source/c++/rocky20/api/device/api_backend.hpp" line="26" column="26" bodyfile="source/c++/rocky20/api/device/api_backend.hpp" bodystart="26" bodyend="33"/>
      </memberdef>
      <memberdef kind="function" id="api__backend_8hpp_1a4f72eb267c4a89e3cfdbf2759b00b914" prot="public" static="no" const="no" explicit="no" inline="no" virt="non-virtual">
        <templateparamlist>
          <param>
            <type>typename T</type>
          </param>
        </templateparamlist>
        <type>__host__ __device__ void</type>
        <definition>__host__ __device__ void backend::atomic_max</definition>
        <argsstring>(T *address, T val)</argsstring>
        <name>atomic_max</name>
        <qualifiedname>backend::atomic_max</qualifiedname>
        <param>
          <type>T *</type>
          <declname>address</declname>
        </param>
        <param>
          <type>T</type>
          <declname>val</declname>
        </param>
        <briefdescription>
        </briefdescription>
        <detaileddescription>
        </detaileddescription>
        <inbodydescription>
        </inbodydescription>
        <location file="source/c++/rocky20/api/device/api_backend.hpp" line="36" column="26" bodyfile="source/c++/rocky20/api/device/api_backend.hpp" bodystart="36" bodyend="43"/>
      </memberdef>
    </sectiondef>
    <briefdescription>
    </briefdescription>
    <detaileddescription>
    </detaileddescription>
    <location file="source/c++/rocky20/api/device/api_backend.hpp" line="12" column="1"/>
  </compounddef>
</doxygen>
