<?xml version='1.0' encoding='UTF-8' standalone='no'?>
<doxygen xmlns:xsi="http://www.w3.org/2001/XMLSchema-instance" xsi:noNamespaceSchemaLocation="compound.xsd" version="1.10.0" xml:lang="en-US">
  <compounddef id="namespacerocky_1_1omp" kind="namespace" language="C++">
    <compoundname>rocky::omp</compoundname>
    <sectiondef kind="func">
      <memberdef kind="function" id="api__omp__cfd__coupling_8hpp_1a627d55413e57627a0fb589e8791c4a1d" prot="public" static="no" const="no" explicit="no" inline="no" virt="non-virtual">
        <templateparamlist>
          <param>
            <type>class _Plugin</type>
            <defval>device::EmptyCustomCouplingPlugin</defval>
          </param>
        </templateparamlist>
        <type>void</type>
        <definition>void rocky::omp::select_and_dispatch_cfd_coupling_kernel</definition>
        <argsstring>(IRockyModel &amp;model, DeviceParticleGroupData *device_group_data, void **udf_devices_data)</argsstring>
        <name>select_and_dispatch_cfd_coupling_kernel</name>
        <qualifiedname>rocky::omp::select_and_dispatch_cfd_coupling_kernel</qualifiedname>
        <param>
          <type><ref refid="structIRockyModel" kindref="compound">IRockyModel</ref> &amp;</type>
          <declname>model</declname>
        </param>
        <param>
          <type>DeviceParticleGroupData *</type>
          <declname>device_group_data</declname>
        </param>
        <param>
          <type>void **</type>
          <declname>udf_devices_data</declname>
        </param>
        <briefdescription>
        </briefdescription>
        <detaileddescription>
        </detaileddescription>
        <inbodydescription>
        </inbodydescription>
        <location file="source/c++/rocky20/api/device/api_omp_cfd_coupling.hpp" line="11" column="6" bodyfile="source/c++/rocky20/api/device/api_omp_cfd_coupling.hpp" bodystart="11" bodyend="47"/>
      </memberdef>
      <memberdef kind="function" id="api__omp__cfd__coupling_8hpp_1a130f596c6fb426475aa92aee2b770261" prot="public" static="no" const="no" explicit="no" inline="yes" virt="non-virtual">
        <templateparamlist>
          <param>
            <type>typename _Op</type>
          </param>
        </templateparamlist>
        <type>void</type>
        <definition>void rocky::omp::dispatch_fluid_kernel</definition>
        <argsstring>(IRockyModel &amp;model, _Op op, void **udf_devices_data)</argsstring>
        <name>dispatch_fluid_kernel</name>
        <qualifiedname>rocky::omp::dispatch_fluid_kernel</qualifiedname>
        <param>
          <type><ref refid="structIRockyModel" kindref="compound">IRockyModel</ref> &amp;</type>
          <declname>model</declname>
        </param>
        <param>
          <type>_Op</type>
          <declname>op</declname>
        </param>
        <param>
          <type>void **</type>
          <declname>udf_devices_data</declname>
        </param>
        <briefdescription>
        </briefdescription>
        <detaileddescription>
        </detaileddescription>
        <inbodydescription>
        </inbodydescription>
        <location file="source/c++/rocky20/api/device/api_omp_cfd_coupling.hpp" line="51" column="6" bodyfile="source/c++/rocky20/api/device/api_omp_cfd_coupling.hpp" bodystart="51" bodyend="68"/>
      </memberdef>
      <memberdef kind="function" id="api__omp__contacts_8cpp_1acd62ff11ad8f44d046e1187afc9742b6" prot="public" static="no" const="no" explicit="no" inline="no" virt="non-virtual">
        <type>void</type>
        <definition>void rocky::omp::dispatch_frictional_contacts_kernel</definition>
        <argsstring>(IRockyModel &amp;model, contacts_f_type h_particle_contact_f_ptr, contacts_f_type h_triangle_contact_f_ptr, void *udf_data)</argsstring>
        <name>dispatch_frictional_contacts_kernel</name>
        <qualifiedname>rocky::omp::dispatch_frictional_contacts_kernel</qualifiedname>
        <param>
          <type><ref refid="structIRockyModel" kindref="compound">IRockyModel</ref> &amp;</type>
          <declname>model</declname>
        </param>
        <param>
          <type>contacts_f_type</type>
          <declname>h_particle_contact_f_ptr</declname>
        </param>
        <param>
          <type>contacts_f_type</type>
          <declname>h_triangle_contact_f_ptr</declname>
        </param>
        <param>
          <type>void *</type>
          <declname>udf_data</declname>
        </param>
        <briefdescription>
        </briefdescription>
        <detaileddescription>
        </detaileddescription>
        <inbodydescription>
        </inbodydescription>
        <location file="source/c++/rocky20/api/device/api_omp_contacts.cpp" line="14" column="6" bodyfile="source/c++/rocky20/api/device/api_omp_contacts.cpp" bodystart="14" bodyend="49" declfile="source/c++/rocky20/api/device/api_omp_contacts.hpp" declline="14" declcolumn="6"/>
      </memberdef>
      <memberdef kind="function" id="api__omp__contacts_8cpp_1ae82ca2e2d8d768b06c8ea1a3306ee4d0" prot="public" static="no" const="no" explicit="no" inline="no" virt="non-virtual">
        <type>void</type>
        <definition>void rocky::omp::dispatch_finished_contacts_kernel</definition>
        <argsstring>(IRockyModel &amp;model, contacts_f_type h_particle_contact_f_ptr, contacts_f_type h_triangle_contact_f_ptr, void *udf_data)</argsstring>
        <name>dispatch_finished_contacts_kernel</name>
        <qualifiedname>rocky::omp::dispatch_finished_contacts_kernel</qualifiedname>
        <param>
          <type><ref refid="structIRockyModel" kindref="compound">IRockyModel</ref> &amp;</type>
          <declname>model</declname>
        </param>
        <param>
          <type>contacts_f_type</type>
          <declname>h_particle_contact_f_ptr</declname>
        </param>
        <param>
          <type>contacts_f_type</type>
          <declname>h_triangle_contact_f_ptr</declname>
        </param>
        <param>
          <type>void *</type>
          <declname>udf_data</declname>
        </param>
        <briefdescription>
        </briefdescription>
        <detaileddescription>
        </detaileddescription>
        <inbodydescription>
        </inbodydescription>
        <location file="source/c++/rocky20/api/device/api_omp_contacts.cpp" line="52" column="6" bodyfile="source/c++/rocky20/api/device/api_omp_contacts.cpp" bodystart="52" bodyend="81" declfile="source/c++/rocky20/api/device/api_omp_contacts.hpp" declline="28" declcolumn="6"/>
      </memberdef>
      <memberdef kind="function" id="api__omp__contacts_8cpp_1a0289dab8e538f7a5ea2ef0d87079b0c8" prot="public" static="no" const="no" explicit="no" inline="no" virt="non-virtual">
        <type>void</type>
        <definition>void rocky::omp::dispatch_active_contacts_kernel</definition>
        <argsstring>(IRockyModel &amp;model, contacts_f_type h_particle_contact_f_ptr, contacts_f_type h_triangle_contact_f_ptr, void *udf_data)</argsstring>
        <name>dispatch_active_contacts_kernel</name>
        <qualifiedname>rocky::omp::dispatch_active_contacts_kernel</qualifiedname>
        <param>
          <type><ref refid="structIRockyModel" kindref="compound">IRockyModel</ref> &amp;</type>
          <declname>model</declname>
        </param>
        <param>
          <type>contacts_f_type</type>
          <declname>h_particle_contact_f_ptr</declname>
        </param>
        <param>
          <type>contacts_f_type</type>
          <declname>h_triangle_contact_f_ptr</declname>
        </param>
        <param>
          <type>void *</type>
          <declname>udf_data</declname>
        </param>
        <briefdescription>
        </briefdescription>
        <detaileddescription>
        </detaileddescription>
        <inbodydescription>
        </inbodydescription>
        <location file="source/c++/rocky20/api/device/api_omp_contacts.cpp" line="84" column="6" bodyfile="source/c++/rocky20/api/device/api_omp_contacts.cpp" bodystart="84" bodyend="113" declfile="source/c++/rocky20/api/device/api_omp_contacts.hpp" declline="35" declcolumn="6"/>
      </memberdef>
      <memberdef kind="function" id="api__omp__contacts_8cpp_1a5f052f3152af48f0913482df39d1f27b" prot="public" static="no" const="no" explicit="no" inline="no" virt="non-virtual">
        <type>void</type>
        <definition>void rocky::omp::dispatch_adhesive_contacts_kernel</definition>
        <argsstring>(IRockyModel &amp;model, contacts_f_type h_particle_contact_f_ptr, contacts_f_type h_triangle_contact_f_ptr, void *udf_data)</argsstring>
        <name>dispatch_adhesive_contacts_kernel</name>
        <qualifiedname>rocky::omp::dispatch_adhesive_contacts_kernel</qualifiedname>
        <param>
          <type><ref refid="structIRockyModel" kindref="compound">IRockyModel</ref> &amp;</type>
          <declname>model</declname>
        </param>
        <param>
          <type>contacts_f_type</type>
          <declname>h_particle_contact_f_ptr</declname>
        </param>
        <param>
          <type>contacts_f_type</type>
          <declname>h_triangle_contact_f_ptr</declname>
        </param>
        <param>
          <type>void *</type>
          <declname>udf_data</declname>
        </param>
        <briefdescription>
        </briefdescription>
        <detaileddescription>
        </detaileddescription>
        <inbodydescription>
        </inbodydescription>
        <location file="source/c++/rocky20/api/device/api_omp_contacts.cpp" line="116" column="6" bodyfile="source/c++/rocky20/api/device/api_omp_contacts.cpp" bodystart="116" bodyend="151" declfile="source/c++/rocky20/api/device/api_omp_contacts.hpp" declline="21" declcolumn="6"/>
      </memberdef>
      <memberdef kind="function" id="api__omp__contacts_8cpp_1ac1cc33ca61b95fd2fbeeb6d798818cb4" prot="public" static="no" const="no" explicit="no" inline="no" virt="non-virtual">
        <type>void</type>
        <definition>void rocky::omp::dispatch_all_contacts_kernel</definition>
        <argsstring>(IRockyModel &amp;model, contacts_f_type h_particle_contact_f_ptr, contacts_f_type h_triangle_contact_f_ptr, void *udf_data)</argsstring>
        <name>dispatch_all_contacts_kernel</name>
        <qualifiedname>rocky::omp::dispatch_all_contacts_kernel</qualifiedname>
        <param>
          <type><ref refid="structIRockyModel" kindref="compound">IRockyModel</ref> &amp;</type>
          <declname>model</declname>
        </param>
        <param>
          <type>contacts_f_type</type>
          <declname>h_particle_contact_f_ptr</declname>
        </param>
        <param>
          <type>contacts_f_type</type>
          <declname>h_triangle_contact_f_ptr</declname>
        </param>
        <param>
          <type>void *</type>
          <declname>udf_data</declname>
        </param>
        <briefdescription>
        </briefdescription>
        <detaileddescription>
        </detaileddescription>
        <inbodydescription>
        </inbodydescription>
        <location file="source/c++/rocky20/api/device/api_omp_contacts.cpp" line="154" column="6" bodyfile="source/c++/rocky20/api/device/api_omp_contacts.cpp" bodystart="154" bodyend="183" declfile="source/c++/rocky20/api/device/api_omp_contacts.hpp" declline="42" declcolumn="6"/>
      </memberdef>
      <memberdef kind="function" id="api__omp__contacts_8cpp_1a08e8186a0424f2bee2079163fe66605d" prot="public" static="no" const="no" explicit="no" inline="no" virt="non-virtual">
        <type>void</type>
        <definition>void rocky::omp::dispatch_adhesive_contact_forces_kernel</definition>
        <argsstring>(IRockyModel &amp;model, adhesion_forces_f_type h_particle_contact_f_ptr, adhesion_forces_f_type h_triangle_contact_f_ptr, void *udf_data)</argsstring>
        <name>dispatch_adhesive_contact_forces_kernel</name>
        <qualifiedname>rocky::omp::dispatch_adhesive_contact_forces_kernel</qualifiedname>
        <param>
          <type><ref refid="structIRockyModel" kindref="compound">IRockyModel</ref> &amp;</type>
          <declname>model</declname>
        </param>
        <param>
          <type>adhesion_forces_f_type</type>
          <declname>h_particle_contact_f_ptr</declname>
        </param>
        <param>
          <type>adhesion_forces_f_type</type>
          <declname>h_triangle_contact_f_ptr</declname>
        </param>
        <param>
          <type>void *</type>
          <declname>udf_data</declname>
        </param>
        <briefdescription>
        </briefdescription>
        <detaileddescription>
        </detaileddescription>
        <inbodydescription>
        </inbodydescription>
        <location file="source/c++/rocky20/api/device/api_omp_contacts.cpp" line="185" column="6" bodyfile="source/c++/rocky20/api/device/api_omp_contacts.cpp" bodystart="185" bodyend="214" declfile="source/c++/rocky20/api/device/api_omp_contacts.hpp" declline="73" declcolumn="6"/>
      </memberdef>
      <memberdef kind="function" id="api__omp__contacts_8cpp_1a91abcd7f68d046f56b8d9f51bbdabce2" prot="public" static="no" const="no" explicit="no" inline="no" virt="non-virtual">
        <type>void</type>
        <definition>void rocky::omp::dispatch_boundaries_wear_kernel</definition>
        <argsstring>(IRockyModel &amp;model, triangle_wear_f_type triangle_wear_f_ptr, void *udf_data)</argsstring>
        <name>dispatch_boundaries_wear_kernel</name>
        <qualifiedname>rocky::omp::dispatch_boundaries_wear_kernel</qualifiedname>
        <param>
          <type><ref refid="structIRockyModel" kindref="compound">IRockyModel</ref> &amp;</type>
          <declname>model</declname>
        </param>
        <param>
          <type>triangle_wear_f_type</type>
          <declname>triangle_wear_f_ptr</declname>
        </param>
        <param>
          <type>void *</type>
          <declname>udf_data</declname>
        </param>
        <briefdescription>
        </briefdescription>
        <detaileddescription>
        </detaileddescription>
        <inbodydescription>
        </inbodydescription>
        <location file="source/c++/rocky20/api/device/api_omp_contacts.cpp" line="218" column="6" bodyfile="source/c++/rocky20/api/device/api_omp_contacts.cpp" bodystart="218" bodyend="234" declfile="source/c++/rocky20/api/device/api_omp_contacts.hpp" declline="81" declcolumn="6"/>
      </memberdef>
      <memberdef kind="function" id="api__omp__contacts_8hpp_1aebec3e184a2ef6bcaedcfbadc6d7419c" prot="public" static="no" const="no" explicit="no" inline="no" virt="non-virtual">
        <templateparamlist>
          <param>
            <type>typename ContactFunctions</type>
          </param>
        </templateparamlist>
        <type>void</type>
        <definition>void rocky::omp::dispatch_frictional_contact_forces_kernel</definition>
        <argsstring>(IRockyModel &amp;model, const ContactFunctions &amp;function_ptrs, void *udf_data)</argsstring>
        <name>dispatch_frictional_contact_forces_kernel</name>
        <qualifiedname>rocky::omp::dispatch_frictional_contact_forces_kernel</qualifiedname>
        <param>
          <type><ref refid="structIRockyModel" kindref="compound">IRockyModel</ref> &amp;</type>
          <declname>model</declname>
        </param>
        <param>
          <type>const ContactFunctions &amp;</type>
          <declname>function_ptrs</declname>
        </param>
        <param>
          <type>void *</type>
          <declname>udf_data</declname>
        </param>
        <briefdescription>
        </briefdescription>
        <detaileddescription>
        </detaileddescription>
        <inbodydescription>
        </inbodydescription>
        <location file="source/c++/rocky20/api/device/api_omp_contacts.hpp" line="50" column="6" bodyfile="source/c++/rocky20/api/device/api_omp_contacts.hpp" bodystart="50" bodyend="71"/>
      </memberdef>
      <memberdef kind="function" id="api__omp__joints_8hpp_1a39f03f0eb9ba3a4e6a16f1d0e4764aa3" prot="public" static="no" const="no" explicit="no" inline="no" virt="non-virtual">
        <type>void</type>
        <definition>void rocky::omp::dispatch_joints_kernel</definition>
        <argsstring>(IRockyModel &amp;model, joints_f_type h_joint_forces_f_ptr, void *udf_data)</argsstring>
        <name>dispatch_joints_kernel</name>
        <qualifiedname>rocky::omp::dispatch_joints_kernel</qualifiedname>
        <param>
          <type><ref refid="structIRockyModel" kindref="compound">IRockyModel</ref> &amp;</type>
          <declname>model</declname>
        </param>
        <param>
          <type>joints_f_type</type>
          <declname>h_joint_forces_f_ptr</declname>
        </param>
        <param>
          <type>void *</type>
          <declname>udf_data</declname>
        </param>
        <briefdescription>
        </briefdescription>
        <detaileddescription>
        </detaileddescription>
        <inbodydescription>
        </inbodydescription>
        <location file="source/c++/rocky20/api/device/api_omp_joints.hpp" line="11" column="6" bodyfile="source/c++/rocky20/api/device/api_omp_joints.hpp" bodystart="11" bodyend="28"/>
      </memberdef>
      <memberdef kind="function" id="api__omp__joints_8hpp_1a18634076d575a37a8bf6e5d999c1be7e" prot="public" static="no" const="no" explicit="no" inline="no" virt="non-virtual">
        <type>void</type>
        <definition>void rocky::omp::dispatch_joint_forces_kernel</definition>
        <argsstring>(IRockyModel &amp;model, joint_forces_f_type h_joint_forces_f_ptr, void *udf_data)</argsstring>
        <name>dispatch_joint_forces_kernel</name>
        <qualifiedname>rocky::omp::dispatch_joint_forces_kernel</qualifiedname>
        <param>
          <type><ref refid="structIRockyModel" kindref="compound">IRockyModel</ref> &amp;</type>
          <declname>model</declname>
        </param>
        <param>
          <type>joint_forces_f_type</type>
          <declname>h_joint_forces_f_ptr</declname>
        </param>
        <param>
          <type>void *</type>
          <declname>udf_data</declname>
        </param>
        <briefdescription>
        </briefdescription>
        <detaileddescription>
        </detaileddescription>
        <inbodydescription>
        </inbodydescription>
        <location file="source/c++/rocky20/api/device/api_omp_joints.hpp" line="30" column="6" bodyfile="source/c++/rocky20/api/device/api_omp_joints.hpp" bodystart="30" bodyend="46"/>
      </memberdef>
      <memberdef kind="function" id="api__omp__joints_8hpp_1a1c7eba42e60afb66a8cbeb82e148f05c" prot="public" static="no" const="no" explicit="no" inline="no" virt="non-virtual">
        <type>void</type>
        <definition>void rocky::omp::dispatch_joint_breakage_kernel</definition>
        <argsstring>(IRockyModel &amp;model, joint_breakage_f_type h_joint_breakage_f_ptr, void *udf_data)</argsstring>
        <name>dispatch_joint_breakage_kernel</name>
        <qualifiedname>rocky::omp::dispatch_joint_breakage_kernel</qualifiedname>
        <param>
          <type><ref refid="structIRockyModel" kindref="compound">IRockyModel</ref> &amp;</type>
          <declname>model</declname>
        </param>
        <param>
          <type>joint_breakage_f_type</type>
          <declname>h_joint_breakage_f_ptr</declname>
        </param>
        <param>
          <type>void *</type>
          <declname>udf_data</declname>
        </param>
        <briefdescription>
        </briefdescription>
        <detaileddescription>
        </detaileddescription>
        <inbodydescription>
        </inbodydescription>
        <location file="source/c++/rocky20/api/device/api_omp_joints.hpp" line="48" column="6" bodyfile="source/c++/rocky20/api/device/api_omp_joints.hpp" bodystart="48" bodyend="68"/>
      </memberdef>
      <memberdef kind="function" id="api__omp__particles_8hpp_1a7c414b9ff312dc4b0051a584604a5e58" prot="public" static="no" const="no" explicit="no" inline="no" virt="non-virtual">
        <type>void</type>
        <definition>void rocky::omp::dispatch_particles_kernel</definition>
        <argsstring>(IRockyModel &amp;model, particles_f_type h_particle_f_ptr, void *udf_data)</argsstring>
        <name>dispatch_particles_kernel</name>
        <qualifiedname>rocky::omp::dispatch_particles_kernel</qualifiedname>
        <param>
          <type><ref refid="structIRockyModel" kindref="compound">IRockyModel</ref> &amp;</type>
          <declname>model</declname>
        </param>
        <param>
          <type>particles_f_type</type>
          <declname>h_particle_f_ptr</declname>
        </param>
        <param>
          <type>void *</type>
          <declname>udf_data</declname>
        </param>
        <briefdescription>
        </briefdescription>
        <detaileddescription>
        </detaileddescription>
        <inbodydescription>
        </inbodydescription>
        <location file="source/c++/rocky20/api/device/api_omp_particles.hpp" line="10" column="6" bodyfile="source/c++/rocky20/api/device/api_omp_particles.hpp" bodystart="10" bodyend="29"/>
      </memberdef>
      <memberdef kind="function" id="api__omp__particles_8hpp_1aeb6457c3bf7a79fd2f135d3c30ca7314" prot="public" static="no" const="no" explicit="no" inline="no" virt="non-virtual">
        <type>void</type>
        <definition>void rocky::omp::dispatch_instantaneous_breakage_kernel</definition>
        <argsstring>(IRockyModel &amp;model, instantaneous_breakage_f_type h_instantaneous_breakage_f_ptr, void *udf_data)</argsstring>
        <name>dispatch_instantaneous_breakage_kernel</name>
        <qualifiedname>rocky::omp::dispatch_instantaneous_breakage_kernel</qualifiedname>
        <param>
          <type><ref refid="structIRockyModel" kindref="compound">IRockyModel</ref> &amp;</type>
          <declname>model</declname>
        </param>
        <param>
          <type>instantaneous_breakage_f_type</type>
          <declname>h_instantaneous_breakage_f_ptr</declname>
        </param>
        <param>
          <type>void *</type>
          <declname>udf_data</declname>
        </param>
        <briefdescription>
        </briefdescription>
        <detaileddescription>
        </detaileddescription>
        <inbodydescription>
        </inbodydescription>
        <location file="source/c++/rocky20/api/device/api_omp_particles.hpp" line="31" column="6" bodyfile="source/c++/rocky20/api/device/api_omp_particles.hpp" bodystart="31" bodyend="48"/>
      </memberdef>
      <memberdef kind="function" id="api__omp__triangles_8hpp_1aeec2db06a4f4992d5d5bb57c70139b4a" prot="public" static="no" const="no" explicit="no" inline="no" virt="non-virtual">
        <type>void</type>
        <definition>void rocky::omp::dispatch_triangles_kernel</definition>
        <argsstring>(IRockyModel &amp;model, triangles_f_type h_triangle_f_ptr, void *udf_data)</argsstring>
        <name>dispatch_triangles_kernel</name>
        <qualifiedname>rocky::omp::dispatch_triangles_kernel</qualifiedname>
        <param>
          <type><ref refid="structIRockyModel" kindref="compound">IRockyModel</ref> &amp;</type>
          <declname>model</declname>
        </param>
        <param>
          <type>triangles_f_type</type>
          <declname>h_triangle_f_ptr</declname>
        </param>
        <param>
          <type>void *</type>
          <declname>udf_data</declname>
        </param>
        <briefdescription>
        </briefdescription>
        <detaileddescription>
        </detaileddescription>
        <inbodydescription>
        </inbodydescription>
        <location file="source/c++/rocky20/api/device/api_omp_triangles.hpp" line="10" column="6" bodyfile="source/c++/rocky20/api/device/api_omp_triangles.hpp" bodystart="10" bodyend="29"/>
      </memberdef>
      <memberdef kind="function" id="api__omp__sph_8hpp_1a26dc5e7f2a059ce1424a20e27f826055" prot="public" static="no" const="no" explicit="no" inline="yes" virt="non-virtual">
        <templateparamlist>
          <param>
            <type>typename Operator</type>
            <defval>device::DefaultOperator&lt;OMPBackend&gt;</defval>
          </param>
          <param>
            <type>typename Functor</type>
          </param>
        </templateparamlist>
        <type>void</type>
        <definition>void rocky::omp::dispatch_sph_elements_kernel</definition>
        <argsstring>(IRockyModel &amp;model, Functor &amp;omp_dispatch_particle_f, void *udf_data)</argsstring>
        <name>dispatch_sph_elements_kernel</name>
        <qualifiedname>rocky::omp::dispatch_sph_elements_kernel</qualifiedname>
        <param>
          <type><ref refid="structIRockyModel" kindref="compound">IRockyModel</ref> &amp;</type>
          <declname>model</declname>
        </param>
        <param>
          <type>Functor &amp;</type>
          <declname>omp_dispatch_particle_f</declname>
        </param>
        <param>
          <type>void *</type>
          <declname>udf_data</declname>
        </param>
        <briefdescription>
        </briefdescription>
        <detaileddescription>
        </detaileddescription>
        <inbodydescription>
        </inbodydescription>
        <location file="source/c++/rocky20/api/sph/api_omp_sph.hpp" line="14" column="13" bodyfile="source/c++/rocky20/api/sph/api_omp_sph.hpp" bodystart="14" bodyend="31"/>
      </memberdef>
      <memberdef kind="function" id="api__omp__sph_8hpp_1a5493048f414840fa27bbc8b67cbff08d" prot="public" static="no" const="no" explicit="no" inline="yes" virt="non-virtual">
        <templateparamlist>
          <param>
            <type>typename Operator</type>
            <defval>device::DefaultElementsOperator&lt;OMPBackend&gt;</defval>
          </param>
          <param>
            <type>typename Functor</type>
          </param>
        </templateparamlist>
        <type>void</type>
        <definition>void rocky::omp::dispatch_sph_interactions_elements_kernel</definition>
        <argsstring>(IRockyModel &amp;model, Functor &amp;sph_particle_interaction_f, void *udf_data, IterationType it_type=itAll)</argsstring>
        <name>dispatch_sph_interactions_elements_kernel</name>
        <qualifiedname>rocky::omp::dispatch_sph_interactions_elements_kernel</qualifiedname>
        <param>
          <type><ref refid="structIRockyModel" kindref="compound">IRockyModel</ref> &amp;</type>
          <declname>model</declname>
        </param>
        <param>
          <type>Functor &amp;</type>
          <declname>sph_particle_interaction_f</declname>
        </param>
        <param>
          <type>void *</type>
          <declname>udf_data</declname>
        </param>
        <param>
          <type>IterationType</type>
          <declname>it_type</declname>
          <defval>itAll</defval>
        </param>
        <briefdescription>
        </briefdescription>
        <detaileddescription>
        </detaileddescription>
        <inbodydescription>
        </inbodydescription>
        <location file="source/c++/rocky20/api/sph/api_omp_sph.hpp" line="34" column="13" bodyfile="source/c++/rocky20/api/sph/api_omp_sph.hpp" bodystart="34" bodyend="172"/>
      </memberdef>
      <memberdef kind="function" id="api__omp__sph_8hpp_1a5f2bd517f44cebd92d79318d21ede574" prot="public" static="no" const="no" explicit="no" inline="yes" virt="non-virtual">
        <templateparamlist>
          <param>
            <type>typename Operator</type>
            <defval>device::DefaultTrianglesOperator&lt;OMPBackend&gt;</defval>
          </param>
          <param>
            <type>typename Functor</type>
          </param>
        </templateparamlist>
        <type>void</type>
        <definition>void rocky::omp::dispatch_sph_interactions_triangles_kernel</definition>
        <argsstring>(IRockyModel &amp;model, Functor &amp;sph_triangle_interaction_f, void *udf_data)</argsstring>
        <name>dispatch_sph_interactions_triangles_kernel</name>
        <qualifiedname>rocky::omp::dispatch_sph_interactions_triangles_kernel</qualifiedname>
        <param>
          <type><ref refid="structIRockyModel" kindref="compound">IRockyModel</ref> &amp;</type>
          <declname>model</declname>
        </param>
        <param>
          <type>Functor &amp;</type>
          <declname>sph_triangle_interaction_f</declname>
        </param>
        <param>
          <type>void *</type>
          <declname>udf_data</declname>
        </param>
        <briefdescription>
        </briefdescription>
        <detaileddescription>
        </detaileddescription>
        <inbodydescription>
        </inbodydescription>
        <location file="source/c++/rocky20/api/sph/api_omp_sph.hpp" line="175" column="13" bodyfile="source/c++/rocky20/api/sph/api_omp_sph.hpp" bodystart="175" bodyend="197"/>
      </memberdef>
    </sectiondef>
    <briefdescription>
    </briefdescription>
    <detaileddescription>
    </detaileddescription>
    <location file="source/c++/rocky20/api/device/api_omp_cfd_coupling.hpp" line="7" column="1"/>
  </compounddef>
</doxygen>
