<?xml version='1.0' encoding='UTF-8' standalone='no'?>
<doxygen xmlns:xsi="http://www.w3.org/2001/XMLSchema-instance" xsi:noNamespaceSchemaLocation="compound.xsd" version="1.10.0" xml:lang="en-US">
  <compounddef id="namespacerocky" kind="namespace" language="C++">
    <compoundname>rocky</compoundname>
    <innernamespace refid="namespacerocky_1_1cuda">rocky::cuda</innernamespace>
    <innernamespace refid="namespacerocky_1_1omp">rocky::omp</innernamespace>
    <briefdescription>
    </briefdescription>
    <detaileddescription>
    </detaileddescription>
    <location file="source/c++/rocky20/api/device/api_cuda.hpp" line="8" column="1"/>
  </compounddef>
</doxygen>
