<?xml version='1.0' encoding='UTF-8' standalone='no'?>
<doxygen xmlns:xsi="http://www.w3.org/2001/XMLSchema-instance" xsi:noNamespaceSchemaLocation="compound.xsd" version="1.10.0" xml:lang="en-US">
  <compounddef id="namespacerocky_1_1cuda" kind="namespace" language="C++">
    <compoundname>rocky::cuda</compoundname>
    <sectiondef kind="func">
      <memberdef kind="function" id="api__cuda_8hpp_1a2c4664d70cb760cc804e8d859c00a203" prot="public" static="no" const="no" explicit="no" inline="yes" virt="non-virtual">
        <type>void</type>
        <definition>void rocky::cuda::sync_devices</definition>
        <argsstring>(IRockyModel &amp;model)</argsstring>
        <name>sync_devices</name>
        <qualifiedname>rocky::cuda::sync_devices</qualifiedname>
        <param>
          <type><ref refid="structIRockyModel" kindref="compound">IRockyModel</ref> &amp;</type>
          <declname>model</declname>
        </param>
        <briefdescription>
        </briefdescription>
        <detaileddescription>
        </detaileddescription>
        <inbodydescription>
        </inbodydescription>
        <location file="source/c++/rocky20/api/device/api_cuda.hpp" line="11" column="13" bodyfile="source/c++/rocky20/api/device/api_cuda.hpp" bodystart="11" bodyend="19"/>
      </memberdef>
      <memberdef kind="function" id="api__cuda__cfd__coupling_8hpp_1af016afb57a5ec79c20ea166aa410294f" prot="public" static="no" const="no" explicit="no" inline="no" virt="non-virtual">
        <templateparamlist>
          <param>
            <type>class _Plugin</type>
            <defval>device::EmptyCustomCouplingPlugin</defval>
          </param>
        </templateparamlist>
        <type>void</type>
        <definition>void rocky::cuda::select_and_dispatch_cfd_coupling_kernel</definition>
        <argsstring>(IRockyModel &amp;model, DeviceParticleGroupData *device_group_data, void **udf_devices_data)</argsstring>
        <name>select_and_dispatch_cfd_coupling_kernel</name>
        <qualifiedname>rocky::cuda::select_and_dispatch_cfd_coupling_kernel</qualifiedname>
        <param>
          <type><ref refid="structIRockyModel" kindref="compound">IRockyModel</ref> &amp;</type>
          <declname>model</declname>
        </param>
        <param>
          <type>DeviceParticleGroupData *</type>
          <declname>device_group_data</declname>
        </param>
        <param>
          <type>void **</type>
          <declname>udf_devices_data</declname>
        </param>
        <briefdescription>
        </briefdescription>
        <detaileddescription>
        </detaileddescription>
        <inbodydescription>
        </inbodydescription>
        <location file="source/c++/rocky20/api/device/api_cuda_cfd_coupling.hpp" line="11" column="6" bodyfile="source/c++/rocky20/api/device/api_cuda_cfd_coupling.hpp" bodystart="11" bodyend="50"/>
      </memberdef>
      <memberdef kind="function" id="api__cuda__cfd__coupling_8hpp_1a3645e2f6bdc5760ecf12e18e87261ba6" prot="public" static="no" const="no" explicit="no" inline="yes" virt="non-virtual">
        <templateparamlist>
          <param>
            <type>typename _Op</type>
          </param>
        </templateparamlist>
        <type>__global__ void</type>
        <definition>__global__ void rocky::cuda::cuda_dispatch_fluid_kernel</definition>
        <argsstring>(SDeviceModel *device_data, double current_time, _Op op, void *udf_data)</argsstring>
        <name>cuda_dispatch_fluid_kernel</name>
        <qualifiedname>rocky::cuda::cuda_dispatch_fluid_kernel</qualifiedname>
        <param>
          <type>SDeviceModel *</type>
          <declname>device_data</declname>
        </param>
        <param>
          <type>double</type>
          <declname>current_time</declname>
        </param>
        <param>
          <type>_Op</type>
          <declname>op</declname>
        </param>
        <param>
          <type>void *</type>
          <declname>udf_data</declname>
        </param>
        <briefdescription>
        </briefdescription>
        <detaileddescription>
        </detaileddescription>
        <inbodydescription>
        </inbodydescription>
        <location file="source/c++/rocky20/api/device/api_cuda_cfd_coupling.hpp" line="56" column="17" bodyfile="source/c++/rocky20/api/device/api_cuda_cfd_coupling.hpp" bodystart="56" bodyend="59"/>
      </memberdef>
      <memberdef kind="function" id="api__cuda__cfd__coupling_8hpp_1afd6516b96af31461fe765a9c509ac364" prot="public" static="no" const="no" explicit="no" inline="yes" virt="non-virtual">
        <templateparamlist>
          <param>
            <type>typename _Op</type>
          </param>
        </templateparamlist>
        <type>void</type>
        <definition>void rocky::cuda::dispatch_fluid_kernel</definition>
        <argsstring>(IRockyModel &amp;model, _Op op, void **udf_devices_data)</argsstring>
        <name>dispatch_fluid_kernel</name>
        <qualifiedname>rocky::cuda::dispatch_fluid_kernel</qualifiedname>
        <param>
          <type><ref refid="structIRockyModel" kindref="compound">IRockyModel</ref> &amp;</type>
          <declname>model</declname>
        </param>
        <param>
          <type>_Op</type>
          <declname>op</declname>
        </param>
        <param>
          <type>void **</type>
          <declname>udf_devices_data</declname>
        </param>
        <briefdescription>
        </briefdescription>
        <detaileddescription>
        </detaileddescription>
        <inbodydescription>
        </inbodydescription>
        <location file="source/c++/rocky20/api/device/api_cuda_cfd_coupling.hpp" line="63" column="6" bodyfile="source/c++/rocky20/api/device/api_cuda_cfd_coupling.hpp" bodystart="63" bodyend="81"/>
      </memberdef>
      <memberdef kind="function" id="api__cuda__contacts_8hpp_1a03725bc299074b9785d8d5736541388c" prot="public" static="no" const="no" explicit="no" inline="no" virt="non-virtual">
        <templateparamlist>
          <param>
            <type>typename Callable</type>
          </param>
        </templateparamlist>
        <type>__global__ void</type>
        <definition>__global__ void rocky::cuda::execute_frictional_contacts_function</definition>
        <argsstring>(SDeviceModel *device_data, cu_real time_curr, Callable particle_contact_f_ptr, Callable triangle_contact_f_ptr, void *udf_device_data)</argsstring>
        <name>execute_frictional_contacts_function</name>
        <qualifiedname>rocky::cuda::execute_frictional_contacts_function</qualifiedname>
        <param>
          <type>SDeviceModel *</type>
          <declname>device_data</declname>
        </param>
        <param>
          <type>cu_real</type>
          <declname>time_curr</declname>
        </param>
        <param>
          <type>Callable</type>
          <declname>particle_contact_f_ptr</declname>
        </param>
        <param>
          <type>Callable</type>
          <declname>triangle_contact_f_ptr</declname>
        </param>
        <param>
          <type>void *</type>
          <declname>udf_device_data</declname>
        </param>
        <briefdescription>
        </briefdescription>
        <detaileddescription>
        </detaileddescription>
        <inbodydescription>
        </inbodydescription>
        <location file="source/c++/rocky20/api/device/api_cuda_contacts.hpp" line="17" column="17" bodyfile="source/c++/rocky20/api/device/api_cuda_contacts.hpp" bodystart="17" bodyend="44"/>
      </memberdef>
      <memberdef kind="function" id="api__cuda__contacts_8hpp_1a48069e9bbde7285d9793d395d3127489" prot="public" static="no" const="no" explicit="no" inline="no" virt="non-virtual">
        <templateparamlist>
          <param>
            <type>typename Callable</type>
          </param>
        </templateparamlist>
        <type>__global__ void</type>
        <definition>__global__ void rocky::cuda::execute_finished_contacts_function</definition>
        <argsstring>(SDeviceModel *device_data, cu_real time_curr, Callable particle_contact_f_ptr, Callable triangle_contact_f_ptr, void *udf_device_data)</argsstring>
        <name>execute_finished_contacts_function</name>
        <qualifiedname>rocky::cuda::execute_finished_contacts_function</qualifiedname>
        <param>
          <type>SDeviceModel *</type>
          <declname>device_data</declname>
        </param>
        <param>
          <type>cu_real</type>
          <declname>time_curr</declname>
        </param>
        <param>
          <type>Callable</type>
          <declname>particle_contact_f_ptr</declname>
        </param>
        <param>
          <type>Callable</type>
          <declname>triangle_contact_f_ptr</declname>
        </param>
        <param>
          <type>void *</type>
          <declname>udf_device_data</declname>
        </param>
        <briefdescription>
        </briefdescription>
        <detaileddescription>
        </detaileddescription>
        <inbodydescription>
        </inbodydescription>
        <location file="source/c++/rocky20/api/device/api_cuda_contacts.hpp" line="47" column="17" bodyfile="source/c++/rocky20/api/device/api_cuda_contacts.hpp" bodystart="47" bodyend="72"/>
      </memberdef>
      <memberdef kind="function" id="api__cuda__contacts_8hpp_1ac4216b1aa5d4f33502924b4b1497a291" prot="public" static="no" const="no" explicit="no" inline="no" virt="non-virtual">
        <templateparamlist>
          <param>
            <type>typename Callable</type>
          </param>
        </templateparamlist>
        <type>__global__ void</type>
        <definition>__global__ void rocky::cuda::execute_active_contacts_function</definition>
        <argsstring>(SDeviceModel *device_data, cu_real time_curr, Callable particle_contact_f_ptr, Callable triangle_contact_f_ptr, void *udf_device_data)</argsstring>
        <name>execute_active_contacts_function</name>
        <qualifiedname>rocky::cuda::execute_active_contacts_function</qualifiedname>
        <param>
          <type>SDeviceModel *</type>
          <declname>device_data</declname>
        </param>
        <param>
          <type>cu_real</type>
          <declname>time_curr</declname>
        </param>
        <param>
          <type>Callable</type>
          <declname>particle_contact_f_ptr</declname>
        </param>
        <param>
          <type>Callable</type>
          <declname>triangle_contact_f_ptr</declname>
        </param>
        <param>
          <type>void *</type>
          <declname>udf_device_data</declname>
        </param>
        <briefdescription>
        </briefdescription>
        <detaileddescription>
        </detaileddescription>
        <inbodydescription>
        </inbodydescription>
        <location file="source/c++/rocky20/api/device/api_cuda_contacts.hpp" line="75" column="17" bodyfile="source/c++/rocky20/api/device/api_cuda_contacts.hpp" bodystart="75" bodyend="100"/>
      </memberdef>
      <memberdef kind="function" id="api__cuda__contacts_8hpp_1a57afd06652201b16fec4f2e21bbc7687" prot="public" static="no" const="no" explicit="no" inline="no" virt="non-virtual">
        <templateparamlist>
          <param>
            <type>typename Callable</type>
          </param>
        </templateparamlist>
        <type>void</type>
        <definition>void rocky::cuda::dispatch_frictional_contacts_kernel</definition>
        <argsstring>(IRockyModel &amp;model, Callable h_particle_contact_f_ptr, Callable h_triangle_contact_f_ptr, void **udf_devices_data)</argsstring>
        <name>dispatch_frictional_contacts_kernel</name>
        <qualifiedname>rocky::cuda::dispatch_frictional_contacts_kernel</qualifiedname>
        <param>
          <type><ref refid="structIRockyModel" kindref="compound">IRockyModel</ref> &amp;</type>
          <declname>model</declname>
        </param>
        <param>
          <type>Callable</type>
          <declname>h_particle_contact_f_ptr</declname>
        </param>
        <param>
          <type>Callable</type>
          <declname>h_triangle_contact_f_ptr</declname>
        </param>
        <param>
          <type>void **</type>
          <declname>udf_devices_data</declname>
        </param>
        <briefdescription>
        </briefdescription>
        <detaileddescription>
        </detaileddescription>
        <inbodydescription>
        </inbodydescription>
        <location file="source/c++/rocky20/api/device/api_cuda_contacts.hpp" line="103" column="6" bodyfile="source/c++/rocky20/api/device/api_cuda_contacts.hpp" bodystart="103" bodyend="129"/>
      </memberdef>
      <memberdef kind="function" id="api__cuda__contacts_8hpp_1a5b0d7e897e0305c302b9cd9e52d182a5" prot="public" static="no" const="no" explicit="no" inline="no" virt="non-virtual">
        <templateparamlist>
          <param>
            <type>typename Callable</type>
          </param>
        </templateparamlist>
        <type>void</type>
        <definition>void rocky::cuda::dispatch_finished_contacts_kernel</definition>
        <argsstring>(IRockyModel &amp;model, Callable h_particle_contact_f_ptr, Callable h_triangle_contact_f_ptr, void **udf_devices_data)</argsstring>
        <name>dispatch_finished_contacts_kernel</name>
        <qualifiedname>rocky::cuda::dispatch_finished_contacts_kernel</qualifiedname>
        <param>
          <type><ref refid="structIRockyModel" kindref="compound">IRockyModel</ref> &amp;</type>
          <declname>model</declname>
        </param>
        <param>
          <type>Callable</type>
          <declname>h_particle_contact_f_ptr</declname>
        </param>
        <param>
          <type>Callable</type>
          <declname>h_triangle_contact_f_ptr</declname>
        </param>
        <param>
          <type>void **</type>
          <declname>udf_devices_data</declname>
        </param>
        <briefdescription>
        </briefdescription>
        <detaileddescription>
        </detaileddescription>
        <inbodydescription>
        </inbodydescription>
        <location file="source/c++/rocky20/api/device/api_cuda_contacts.hpp" line="133" column="6" bodyfile="source/c++/rocky20/api/device/api_cuda_contacts.hpp" bodystart="133" bodyend="157"/>
      </memberdef>
      <memberdef kind="function" id="api__cuda__contacts_8hpp_1a6b9334edb57803f2505368a72883e19f" prot="public" static="no" const="no" explicit="no" inline="no" virt="non-virtual">
        <templateparamlist>
          <param>
            <type>typename Callable</type>
          </param>
        </templateparamlist>
        <type>void</type>
        <definition>void rocky::cuda::dispatch_active_contacts_kernel</definition>
        <argsstring>(IRockyModel &amp;model, Callable h_particle_contact_f_ptr, Callable h_triangle_contact_f_ptr, void **udf_devices_data)</argsstring>
        <name>dispatch_active_contacts_kernel</name>
        <qualifiedname>rocky::cuda::dispatch_active_contacts_kernel</qualifiedname>
        <param>
          <type><ref refid="structIRockyModel" kindref="compound">IRockyModel</ref> &amp;</type>
          <declname>model</declname>
        </param>
        <param>
          <type>Callable</type>
          <declname>h_particle_contact_f_ptr</declname>
        </param>
        <param>
          <type>Callable</type>
          <declname>h_triangle_contact_f_ptr</declname>
        </param>
        <param>
          <type>void **</type>
          <declname>udf_devices_data</declname>
        </param>
        <briefdescription>
        </briefdescription>
        <detaileddescription>
        </detaileddescription>
        <inbodydescription>
        </inbodydescription>
        <location file="source/c++/rocky20/api/device/api_cuda_contacts.hpp" line="161" column="6" bodyfile="source/c++/rocky20/api/device/api_cuda_contacts.hpp" bodystart="161" bodyend="185"/>
      </memberdef>
      <memberdef kind="function" id="api__cuda__contacts_8hpp_1ad457b56f75e7cfbf92facbb85dab95e4" prot="public" static="no" const="no" explicit="no" inline="no" virt="non-virtual">
        <templateparamlist>
          <param>
            <type>typename Callable</type>
          </param>
        </templateparamlist>
        <type>__global__ void</type>
        <definition>__global__ void rocky::cuda::execute_adhesive_contacts_function</definition>
        <argsstring>(SDeviceModel *device_data, cu_real time_curr, Callable particle_contact_f_ptr, Callable triangle_contact_f_ptr, void *udf_device_data)</argsstring>
        <name>execute_adhesive_contacts_function</name>
        <qualifiedname>rocky::cuda::execute_adhesive_contacts_function</qualifiedname>
        <param>
          <type>SDeviceModel *</type>
          <declname>device_data</declname>
        </param>
        <param>
          <type>cu_real</type>
          <declname>time_curr</declname>
        </param>
        <param>
          <type>Callable</type>
          <declname>particle_contact_f_ptr</declname>
        </param>
        <param>
          <type>Callable</type>
          <declname>triangle_contact_f_ptr</declname>
        </param>
        <param>
          <type>void *</type>
          <declname>udf_device_data</declname>
        </param>
        <briefdescription>
        </briefdescription>
        <detaileddescription>
        </detaileddescription>
        <inbodydescription>
        </inbodydescription>
        <location file="source/c++/rocky20/api/device/api_cuda_contacts.hpp" line="190" column="17" bodyfile="source/c++/rocky20/api/device/api_cuda_contacts.hpp" bodystart="190" bodyend="223"/>
      </memberdef>
      <memberdef kind="function" id="api__cuda__contacts_8hpp_1ae0e600ae12a59f45864ab9a37f1ee122" prot="public" static="no" const="no" explicit="no" inline="no" virt="non-virtual">
        <templateparamlist>
          <param>
            <type>typename Callable</type>
          </param>
        </templateparamlist>
        <type>void</type>
        <definition>void rocky::cuda::dispatch_adhesive_contacts_kernel</definition>
        <argsstring>(IRockyModel &amp;model, Callable h_particle_contact_f_ptr, Callable h_triangle_contact_f_ptr, void **udf_devices_data)</argsstring>
        <name>dispatch_adhesive_contacts_kernel</name>
        <qualifiedname>rocky::cuda::dispatch_adhesive_contacts_kernel</qualifiedname>
        <param>
          <type><ref refid="structIRockyModel" kindref="compound">IRockyModel</ref> &amp;</type>
          <declname>model</declname>
        </param>
        <param>
          <type>Callable</type>
          <declname>h_particle_contact_f_ptr</declname>
        </param>
        <param>
          <type>Callable</type>
          <declname>h_triangle_contact_f_ptr</declname>
        </param>
        <param>
          <type>void **</type>
          <declname>udf_devices_data</declname>
        </param>
        <briefdescription>
        </briefdescription>
        <detaileddescription>
        </detaileddescription>
        <inbodydescription>
        </inbodydescription>
        <location file="source/c++/rocky20/api/device/api_cuda_contacts.hpp" line="226" column="6" bodyfile="source/c++/rocky20/api/device/api_cuda_contacts.hpp" bodystart="226" bodyend="253"/>
      </memberdef>
      <memberdef kind="function" id="api__cuda__contacts_8hpp_1a89b7161800993cd0283b5cf87ad68fdd" prot="public" static="no" const="no" explicit="no" inline="no" virt="non-virtual">
        <templateparamlist>
          <param>
            <type>typename Callable</type>
          </param>
        </templateparamlist>
        <type>__global__ void</type>
        <definition>__global__ void rocky::cuda::execute_all_contacts_function</definition>
        <argsstring>(SDeviceModel *device_data, cu_real time_curr, Callable particle_contact_f_ptr, Callable triangle_contact_f_ptr, void *udf_device_data)</argsstring>
        <name>execute_all_contacts_function</name>
        <qualifiedname>rocky::cuda::execute_all_contacts_function</qualifiedname>
        <param>
          <type>SDeviceModel *</type>
          <declname>device_data</declname>
        </param>
        <param>
          <type>cu_real</type>
          <declname>time_curr</declname>
        </param>
        <param>
          <type>Callable</type>
          <declname>particle_contact_f_ptr</declname>
        </param>
        <param>
          <type>Callable</type>
          <declname>triangle_contact_f_ptr</declname>
        </param>
        <param>
          <type>void *</type>
          <declname>udf_device_data</declname>
        </param>
        <briefdescription>
        </briefdescription>
        <detaileddescription>
        </detaileddescription>
        <inbodydescription>
        </inbodydescription>
        <location file="source/c++/rocky20/api/device/api_cuda_contacts.hpp" line="259" column="17" bodyfile="source/c++/rocky20/api/device/api_cuda_contacts.hpp" bodystart="259" bodyend="284"/>
      </memberdef>
      <memberdef kind="function" id="api__cuda__contacts_8hpp_1a070a3ce81cc55e96883f036c78c65939" prot="public" static="no" const="no" explicit="no" inline="no" virt="non-virtual">
        <templateparamlist>
          <param>
            <type>typename Callable</type>
          </param>
        </templateparamlist>
        <type>void</type>
        <definition>void rocky::cuda::dispatch_all_contacts_kernel</definition>
        <argsstring>(IRockyModel &amp;model, Callable h_particle_contact_f_ptr, Callable h_triangle_contact_f_ptr, void **udf_device_data)</argsstring>
        <name>dispatch_all_contacts_kernel</name>
        <qualifiedname>rocky::cuda::dispatch_all_contacts_kernel</qualifiedname>
        <param>
          <type><ref refid="structIRockyModel" kindref="compound">IRockyModel</ref> &amp;</type>
          <declname>model</declname>
        </param>
        <param>
          <type>Callable</type>
          <declname>h_particle_contact_f_ptr</declname>
        </param>
        <param>
          <type>Callable</type>
          <declname>h_triangle_contact_f_ptr</declname>
        </param>
        <param>
          <type>void **</type>
          <declname>udf_device_data</declname>
        </param>
        <briefdescription>
        </briefdescription>
        <detaileddescription>
        </detaileddescription>
        <inbodydescription>
        </inbodydescription>
        <location file="source/c++/rocky20/api/device/api_cuda_contacts.hpp" line="287" column="6" bodyfile="source/c++/rocky20/api/device/api_cuda_contacts.hpp" bodystart="287" bodyend="310"/>
      </memberdef>
      <memberdef kind="function" id="api__cuda__contacts_8hpp_1a89987ad3e0bc4525e48a34df4794d2b0" prot="public" static="no" const="no" explicit="no" inline="no" virt="non-virtual">
        <templateparamlist>
          <param>
            <type>typename CallableCollection</type>
          </param>
        </templateparamlist>
        <type>__global__ void</type>
        <definition>__global__ void rocky::cuda::execute_frictional_particle_contact_forces_function</definition>
        <argsstring>(SDeviceModel *device_data, cu_real time_curr, const CallableCollection functions, void *udf_device_data)</argsstring>
        <name>execute_frictional_particle_contact_forces_function</name>
        <qualifiedname>rocky::cuda::execute_frictional_particle_contact_forces_function</qualifiedname>
        <param>
          <type>SDeviceModel *</type>
          <declname>device_data</declname>
        </param>
        <param>
          <type>cu_real</type>
          <declname>time_curr</declname>
        </param>
        <param>
          <type>const CallableCollection</type>
          <declname>functions</declname>
        </param>
        <param>
          <type>void *</type>
          <declname>udf_device_data</declname>
        </param>
        <briefdescription>
        </briefdescription>
        <detaileddescription>
        </detaileddescription>
        <inbodydescription>
        </inbodydescription>
        <location file="source/c++/rocky20/api/device/api_cuda_contacts.hpp" line="316" column="17" bodyfile="source/c++/rocky20/api/device/api_cuda_contacts.hpp" bodystart="316" bodyend="324"/>
      </memberdef>
      <memberdef kind="function" id="api__cuda__contacts_8hpp_1a7888bef32a3ad71f8211709cec6994d7" prot="public" static="no" const="no" explicit="no" inline="no" virt="non-virtual">
        <templateparamlist>
          <param>
            <type>typename CallableCollection</type>
          </param>
        </templateparamlist>
        <type>__global__ void</type>
        <definition>__global__ void rocky::cuda::execute_frictional_triangle_contact_forces_function</definition>
        <argsstring>(SDeviceModel *device_data, cu_real time_curr, const CallableCollection functions, void *udf_device_data)</argsstring>
        <name>execute_frictional_triangle_contact_forces_function</name>
        <qualifiedname>rocky::cuda::execute_frictional_triangle_contact_forces_function</qualifiedname>
        <param>
          <type>SDeviceModel *</type>
          <declname>device_data</declname>
        </param>
        <param>
          <type>cu_real</type>
          <declname>time_curr</declname>
        </param>
        <param>
          <type>const CallableCollection</type>
          <declname>functions</declname>
        </param>
        <param>
          <type>void *</type>
          <declname>udf_device_data</declname>
        </param>
        <briefdescription>
        </briefdescription>
        <detaileddescription>
        </detaileddescription>
        <inbodydescription>
        </inbodydescription>
        <location file="source/c++/rocky20/api/device/api_cuda_contacts.hpp" line="327" column="17" bodyfile="source/c++/rocky20/api/device/api_cuda_contacts.hpp" bodystart="327" bodyend="335"/>
      </memberdef>
      <memberdef kind="function" id="api__cuda__contacts_8hpp_1ad757cc173336c84841d1c8110e6d79dd" prot="public" static="no" const="no" explicit="no" inline="no" virt="non-virtual">
        <templateparamlist>
          <param>
            <type>typename CallableCollection</type>
          </param>
        </templateparamlist>
        <type>void</type>
        <definition>void rocky::cuda::dispatch_frictional_contact_forces_kernel</definition>
        <argsstring>(IRockyModel &amp;model, const CallableCollection &amp;function_ptrs, void **udf_devices_data)</argsstring>
        <name>dispatch_frictional_contact_forces_kernel</name>
        <qualifiedname>rocky::cuda::dispatch_frictional_contact_forces_kernel</qualifiedname>
        <param>
          <type><ref refid="structIRockyModel" kindref="compound">IRockyModel</ref> &amp;</type>
          <declname>model</declname>
        </param>
        <param>
          <type>const CallableCollection &amp;</type>
          <declname>function_ptrs</declname>
        </param>
        <param>
          <type>void **</type>
          <declname>udf_devices_data</declname>
        </param>
        <briefdescription>
        </briefdescription>
        <detaileddescription>
        </detaileddescription>
        <inbodydescription>
        </inbodydescription>
        <location file="source/c++/rocky20/api/device/api_cuda_contacts.hpp" line="339" column="6" bodyfile="source/c++/rocky20/api/device/api_cuda_contacts.hpp" bodystart="339" bodyend="380"/>
      </memberdef>
      <memberdef kind="function" id="api__cuda__contacts_8hpp_1a84b64d6fb8e767cf2f24371f87bdc1cd" prot="public" static="no" const="no" explicit="no" inline="no" virt="non-virtual">
        <templateparamlist>
          <param>
            <type>typename Callable</type>
          </param>
        </templateparamlist>
        <type>__global__ void</type>
        <definition>__global__ void rocky::cuda::execute_adhesive_contact_forces_function</definition>
        <argsstring>(SDeviceModel *device_data, cu_real time_curr, Callable particle_contact_f_ptr, Callable triangle_contact_f_ptr, void *udf_device_data)</argsstring>
        <name>execute_adhesive_contact_forces_function</name>
        <qualifiedname>rocky::cuda::execute_adhesive_contact_forces_function</qualifiedname>
        <param>
          <type>SDeviceModel *</type>
          <declname>device_data</declname>
        </param>
        <param>
          <type>cu_real</type>
          <declname>time_curr</declname>
        </param>
        <param>
          <type>Callable</type>
          <declname>particle_contact_f_ptr</declname>
        </param>
        <param>
          <type>Callable</type>
          <declname>triangle_contact_f_ptr</declname>
        </param>
        <param>
          <type>void *</type>
          <declname>udf_device_data</declname>
        </param>
        <briefdescription>
        </briefdescription>
        <detaileddescription>
        </detaileddescription>
        <inbodydescription>
        </inbodydescription>
        <location file="source/c++/rocky20/api/device/api_cuda_contacts.hpp" line="383" column="17" bodyfile="source/c++/rocky20/api/device/api_cuda_contacts.hpp" bodystart="383" bodyend="402"/>
      </memberdef>
      <memberdef kind="function" id="api__cuda__contacts_8hpp_1afd6f569f2c3b9007c5171c72e93cb169" prot="public" static="no" const="no" explicit="no" inline="no" virt="non-virtual">
        <templateparamlist>
          <param>
            <type>typename Callable</type>
          </param>
        </templateparamlist>
        <type>void</type>
        <definition>void rocky::cuda::dispatch_adhesive_contact_forces_kernel</definition>
        <argsstring>(IRockyModel &amp;model, Callable h_particle_contact_f_ptr, Callable h_triangle_contact_f_ptr, void **udf_devices_data)</argsstring>
        <name>dispatch_adhesive_contact_forces_kernel</name>
        <qualifiedname>rocky::cuda::dispatch_adhesive_contact_forces_kernel</qualifiedname>
        <param>
          <type><ref refid="structIRockyModel" kindref="compound">IRockyModel</ref> &amp;</type>
          <declname>model</declname>
        </param>
        <param>
          <type>Callable</type>
          <declname>h_particle_contact_f_ptr</declname>
        </param>
        <param>
          <type>Callable</type>
          <declname>h_triangle_contact_f_ptr</declname>
        </param>
        <param>
          <type>void **</type>
          <declname>udf_devices_data</declname>
        </param>
        <briefdescription>
        </briefdescription>
        <detaileddescription>
        </detaileddescription>
        <inbodydescription>
        </inbodydescription>
        <location file="source/c++/rocky20/api/device/api_cuda_contacts.hpp" line="405" column="6" bodyfile="source/c++/rocky20/api/device/api_cuda_contacts.hpp" bodystart="405" bodyend="440"/>
      </memberdef>
      <memberdef kind="function" id="api__cuda__contacts_8hpp_1af1f548827c8375728986c1495f00c2ac" prot="public" static="no" const="no" explicit="no" inline="no" virt="non-virtual">
        <templateparamlist>
          <param>
            <type>typename Callable</type>
          </param>
        </templateparamlist>
        <type>__global__ void</type>
        <definition>__global__ void rocky::cuda::execute_boundaries_wear_function_kernel</definition>
        <argsstring>(SDeviceModel *device_data, Callable triangle_wear_f_ptr, void *udf_device_data, cu_real time_curr)</argsstring>
        <name>execute_boundaries_wear_function_kernel</name>
        <qualifiedname>rocky::cuda::execute_boundaries_wear_function_kernel</qualifiedname>
        <param>
          <type>SDeviceModel *</type>
          <declname>device_data</declname>
        </param>
        <param>
          <type>Callable</type>
          <declname>triangle_wear_f_ptr</declname>
        </param>
        <param>
          <type>void *</type>
          <declname>udf_device_data</declname>
        </param>
        <param>
          <type>cu_real</type>
          <declname>time_curr</declname>
        </param>
        <briefdescription>
        </briefdescription>
        <detaileddescription>
        </detaileddescription>
        <inbodydescription>
        </inbodydescription>
        <location file="source/c++/rocky20/api/device/api_cuda_contacts.hpp" line="445" column="17" bodyfile="source/c++/rocky20/api/device/api_cuda_contacts.hpp" bodystart="445" bodyend="453"/>
      </memberdef>
      <memberdef kind="function" id="api__cuda__contacts_8hpp_1adede22eeb9eae877393bd16bf8577fb9" prot="public" static="no" const="no" explicit="no" inline="no" virt="non-virtual">
        <templateparamlist>
          <param>
            <type>typename Callable</type>
          </param>
        </templateparamlist>
        <type>void</type>
        <definition>void rocky::cuda::dispatch_boundaries_wear_kernel</definition>
        <argsstring>(IRockyModel &amp;model, Callable triangle_wear_f_ptr, void **udf_devices_data)</argsstring>
        <name>dispatch_boundaries_wear_kernel</name>
        <qualifiedname>rocky::cuda::dispatch_boundaries_wear_kernel</qualifiedname>
        <param>
          <type><ref refid="structIRockyModel" kindref="compound">IRockyModel</ref> &amp;</type>
          <declname>model</declname>
        </param>
        <param>
          <type>Callable</type>
          <declname>triangle_wear_f_ptr</declname>
        </param>
        <param>
          <type>void **</type>
          <declname>udf_devices_data</declname>
        </param>
        <briefdescription>
        </briefdescription>
        <detaileddescription>
        </detaileddescription>
        <inbodydescription>
        </inbodydescription>
        <location file="source/c++/rocky20/api/device/api_cuda_contacts.hpp" line="456" column="6" bodyfile="source/c++/rocky20/api/device/api_cuda_contacts.hpp" bodystart="456" bodyend="476"/>
      </memberdef>
      <memberdef kind="function" id="api__cuda__joints_8hpp_1a79701662052da15a37c67cc20547fb0e" prot="public" static="no" const="no" explicit="no" inline="no" virt="non-virtual">
        <templateparamlist>
          <param>
            <type>typename Callable</type>
          </param>
        </templateparamlist>
        <type>void</type>
        <definition>void rocky::cuda::dispatch_joints_kernel</definition>
        <argsstring>(IRockyModel &amp;model, Callable h_joint_f_ptr, void **udf_devices_data)</argsstring>
        <name>dispatch_joints_kernel</name>
        <qualifiedname>rocky::cuda::dispatch_joints_kernel</qualifiedname>
        <param>
          <type><ref refid="structIRockyModel" kindref="compound">IRockyModel</ref> &amp;</type>
          <declname>model</declname>
        </param>
        <param>
          <type>Callable</type>
          <declname>h_joint_f_ptr</declname>
        </param>
        <param>
          <type>void **</type>
          <declname>udf_devices_data</declname>
        </param>
        <briefdescription>
        </briefdescription>
        <detaileddescription>
        </detaileddescription>
        <inbodydescription>
        </inbodydescription>
        <location file="source/c++/rocky20/api/device/api_cuda_joints.hpp" line="11" column="6" bodyfile="source/c++/rocky20/api/device/api_cuda_joints.hpp" bodystart="11" bodyend="32"/>
      </memberdef>
      <memberdef kind="function" id="api__cuda__joints_8hpp_1a2d80617e1f22fb88b353425ffeda2b78" prot="public" static="no" const="no" explicit="no" inline="no" virt="non-virtual">
        <templateparamlist>
          <param>
            <type>typename Callable</type>
          </param>
        </templateparamlist>
        <type>__global__ void</type>
        <definition>__global__ void rocky::cuda::execute_joint_forces_function_kernel</definition>
        <argsstring>(SDeviceModel *device_data, int device_id, Callable joint_f_ptr, void *udf_device_data)</argsstring>
        <name>execute_joint_forces_function_kernel</name>
        <qualifiedname>rocky::cuda::execute_joint_forces_function_kernel</qualifiedname>
        <param>
          <type>SDeviceModel *</type>
          <declname>device_data</declname>
        </param>
        <param>
          <type>int</type>
          <declname>device_id</declname>
        </param>
        <param>
          <type>Callable</type>
          <declname>joint_f_ptr</declname>
        </param>
        <param>
          <type>void *</type>
          <declname>udf_device_data</declname>
        </param>
        <briefdescription>
        </briefdescription>
        <detaileddescription>
        </detaileddescription>
        <inbodydescription>
        </inbodydescription>
        <location file="source/c++/rocky20/api/device/api_cuda_joints.hpp" line="35" column="17" bodyfile="source/c++/rocky20/api/device/api_cuda_joints.hpp" bodystart="35" bodyend="45"/>
      </memberdef>
      <memberdef kind="function" id="api__cuda__joints_8hpp_1ac3cb50edb0d0f060cc23db6f59ea4888" prot="public" static="no" const="no" explicit="no" inline="no" virt="non-virtual">
        <templateparamlist>
          <param>
            <type>typename Callable</type>
          </param>
        </templateparamlist>
        <type>__global__ void</type>
        <definition>__global__ void rocky::cuda::execute_joint_breakage_function_kernel</definition>
        <argsstring>(SDeviceModel *device_data, int device_id, Callable joint_breakage_f_ptr, void *udf_device_data, typename CudaBackend::atomic_int_ptr nbreak_joints_a, cu_real time_curr)</argsstring>
        <name>execute_joint_breakage_function_kernel</name>
        <qualifiedname>rocky::cuda::execute_joint_breakage_function_kernel</qualifiedname>
        <param>
          <type>SDeviceModel *</type>
          <declname>device_data</declname>
        </param>
        <param>
          <type>int</type>
          <declname>device_id</declname>
        </param>
        <param>
          <type>Callable</type>
          <declname>joint_breakage_f_ptr</declname>
        </param>
        <param>
          <type>void *</type>
          <declname>udf_device_data</declname>
        </param>
        <param>
          <type>typename CudaBackend::atomic_int_ptr</type>
          <declname>nbreak_joints_a</declname>
        </param>
        <param>
          <type>cu_real</type>
          <declname>time_curr</declname>
        </param>
        <briefdescription>
        </briefdescription>
        <detaileddescription>
        </detaileddescription>
        <inbodydescription>
        </inbodydescription>
        <location file="source/c++/rocky20/api/device/api_cuda_joints.hpp" line="48" column="17" bodyfile="source/c++/rocky20/api/device/api_cuda_joints.hpp" bodystart="48" bodyend="62"/>
      </memberdef>
      <memberdef kind="function" id="api__cuda__joints_8hpp_1a5b037d12e75d4e21f5c44da92d3cbc0b" prot="public" static="no" const="no" explicit="no" inline="no" virt="non-virtual">
        <templateparamlist>
          <param>
            <type>typename Callable</type>
          </param>
        </templateparamlist>
        <type>void</type>
        <definition>void rocky::cuda::dispatch_joint_forces_kernel</definition>
        <argsstring>(IRockyModel &amp;model, Callable h_joint_f_ptr, void **udf_devices_data)</argsstring>
        <name>dispatch_joint_forces_kernel</name>
        <qualifiedname>rocky::cuda::dispatch_joint_forces_kernel</qualifiedname>
        <param>
          <type><ref refid="structIRockyModel" kindref="compound">IRockyModel</ref> &amp;</type>
          <declname>model</declname>
        </param>
        <param>
          <type>Callable</type>
          <declname>h_joint_f_ptr</declname>
        </param>
        <param>
          <type>void **</type>
          <declname>udf_devices_data</declname>
        </param>
        <briefdescription>
        </briefdescription>
        <detaileddescription>
        </detaileddescription>
        <inbodydescription>
        </inbodydescription>
        <location file="source/c++/rocky20/api/device/api_cuda_joints.hpp" line="65" column="6" bodyfile="source/c++/rocky20/api/device/api_cuda_joints.hpp" bodystart="65" bodyend="86"/>
      </memberdef>
      <memberdef kind="function" id="api__cuda__joints_8hpp_1a796567d1ef4e13f6b847f108865f352a" prot="public" static="no" const="no" explicit="no" inline="no" virt="non-virtual">
        <templateparamlist>
          <param>
            <type>typename Callable</type>
          </param>
        </templateparamlist>
        <type>void</type>
        <definition>void rocky::cuda::dispatch_joint_breakage_kernel</definition>
        <argsstring>(IRockyModel &amp;model, Callable h_joint_breakage_f_ptr, void **udf_devices_data)</argsstring>
        <name>dispatch_joint_breakage_kernel</name>
        <qualifiedname>rocky::cuda::dispatch_joint_breakage_kernel</qualifiedname>
        <param>
          <type><ref refid="structIRockyModel" kindref="compound">IRockyModel</ref> &amp;</type>
          <declname>model</declname>
        </param>
        <param>
          <type>Callable</type>
          <declname>h_joint_breakage_f_ptr</declname>
        </param>
        <param>
          <type>void **</type>
          <declname>udf_devices_data</declname>
        </param>
        <briefdescription>
        </briefdescription>
        <detaileddescription>
        </detaileddescription>
        <inbodydescription>
        </inbodydescription>
        <location file="source/c++/rocky20/api/device/api_cuda_joints.hpp" line="89" column="6" bodyfile="source/c++/rocky20/api/device/api_cuda_joints.hpp" bodystart="89" bodyend="112"/>
      </memberdef>
      <memberdef kind="function" id="api__cuda__particles_8hpp_1aff10aae7a7aa38a37b8d48d343ebc9d0" prot="public" static="no" const="no" explicit="no" inline="no" virt="non-virtual">
        <templateparamlist>
          <param>
            <type>typename Callable</type>
          </param>
        </templateparamlist>
        <type>void</type>
        <definition>void rocky::cuda::dispatch_particles_kernel</definition>
        <argsstring>(IRockyModel &amp;model, Callable h_particle_f_ptr, void **udf_devices_data)</argsstring>
        <name>dispatch_particles_kernel</name>
        <qualifiedname>rocky::cuda::dispatch_particles_kernel</qualifiedname>
        <param>
          <type><ref refid="structIRockyModel" kindref="compound">IRockyModel</ref> &amp;</type>
          <declname>model</declname>
        </param>
        <param>
          <type>Callable</type>
          <declname>h_particle_f_ptr</declname>
        </param>
        <param>
          <type>void **</type>
          <declname>udf_devices_data</declname>
        </param>
        <briefdescription>
        </briefdescription>
        <detaileddescription>
        </detaileddescription>
        <inbodydescription>
        </inbodydescription>
        <location file="source/c++/rocky20/api/device/api_cuda_particles.hpp" line="11" column="6" bodyfile="source/c++/rocky20/api/device/api_cuda_particles.hpp" bodystart="11" bodyend="33"/>
      </memberdef>
      <memberdef kind="function" id="api__cuda__particles_8hpp_1a4e5e6bdb929dac47dad62a34bdca65f2" prot="public" static="no" const="no" explicit="no" inline="no" virt="non-virtual">
        <templateparamlist>
          <param>
            <type>typename Callable</type>
          </param>
        </templateparamlist>
        <type>__global__ void</type>
        <definition>__global__ void rocky::cuda::execute_instantaneous_breakage_function_kernel</definition>
        <argsstring>(SDeviceModel *device_data, int device_id, Callable instantaneous_breakage_f_ptr, void *udf_device_data, cu_real time_curr)</argsstring>
        <name>execute_instantaneous_breakage_function_kernel</name>
        <qualifiedname>rocky::cuda::execute_instantaneous_breakage_function_kernel</qualifiedname>
        <param>
          <type>SDeviceModel *</type>
          <declname>device_data</declname>
        </param>
        <param>
          <type>int</type>
          <declname>device_id</declname>
        </param>
        <param>
          <type>Callable</type>
          <declname>instantaneous_breakage_f_ptr</declname>
        </param>
        <param>
          <type>void *</type>
          <declname>udf_device_data</declname>
        </param>
        <param>
          <type>cu_real</type>
          <declname>time_curr</declname>
        </param>
        <briefdescription>
        </briefdescription>
        <detaileddescription>
        </detaileddescription>
        <inbodydescription>
        </inbodydescription>
        <location file="source/c++/rocky20/api/device/api_cuda_particles.hpp" line="36" column="17" bodyfile="source/c++/rocky20/api/device/api_cuda_particles.hpp" bodystart="36" bodyend="48"/>
      </memberdef>
      <memberdef kind="function" id="api__cuda__particles_8hpp_1ac4840f602c941ebdc7c2cb30bc338c4a" prot="public" static="no" const="no" explicit="no" inline="no" virt="non-virtual">
        <templateparamlist>
          <param>
            <type>typename Callable</type>
          </param>
        </templateparamlist>
        <type>void</type>
        <definition>void rocky::cuda::dispatch_instantaneous_breakage_kernel</definition>
        <argsstring>(IRockyModel &amp;model, Callable h_instantaneous_breakage_f_ptr, void **udf_devices_data)</argsstring>
        <name>dispatch_instantaneous_breakage_kernel</name>
        <qualifiedname>rocky::cuda::dispatch_instantaneous_breakage_kernel</qualifiedname>
        <param>
          <type><ref refid="structIRockyModel" kindref="compound">IRockyModel</ref> &amp;</type>
          <declname>model</declname>
        </param>
        <param>
          <type>Callable</type>
          <declname>h_instantaneous_breakage_f_ptr</declname>
        </param>
        <param>
          <type>void **</type>
          <declname>udf_devices_data</declname>
        </param>
        <briefdescription>
        </briefdescription>
        <detaileddescription>
        </detaileddescription>
        <inbodydescription>
        </inbodydescription>
        <location file="source/c++/rocky20/api/device/api_cuda_particles.hpp" line="51" column="6" bodyfile="source/c++/rocky20/api/device/api_cuda_particles.hpp" bodystart="51" bodyend="73"/>
      </memberdef>
      <memberdef kind="function" id="api__cuda__triangles_8hpp_1a0a5ddd32d9d617e5a3dc5ccd7324fd2f" prot="public" static="no" const="no" explicit="no" inline="no" virt="non-virtual">
        <templateparamlist>
          <param>
            <type>typename Callable</type>
          </param>
        </templateparamlist>
        <type>void</type>
        <definition>void rocky::cuda::dispatch_triangles_kernel</definition>
        <argsstring>(IRockyModel &amp;model, Callable h_triangle_f_ptr, void **udf_devices_data)</argsstring>
        <name>dispatch_triangles_kernel</name>
        <qualifiedname>rocky::cuda::dispatch_triangles_kernel</qualifiedname>
        <param>
          <type><ref refid="structIRockyModel" kindref="compound">IRockyModel</ref> &amp;</type>
          <declname>model</declname>
        </param>
        <param>
          <type>Callable</type>
          <declname>h_triangle_f_ptr</declname>
        </param>
        <param>
          <type>void **</type>
          <declname>udf_devices_data</declname>
        </param>
        <briefdescription>
        </briefdescription>
        <detaileddescription>
        </detaileddescription>
        <inbodydescription>
        </inbodydescription>
        <location file="source/c++/rocky20/api/device/api_cuda_triangles.hpp" line="11" column="6" bodyfile="source/c++/rocky20/api/device/api_cuda_triangles.hpp" bodystart="11" bodyend="33"/>
      </memberdef>
      <memberdef kind="function" id="api__cuda__sph_8hpp_1aaf3854a9547aed0dbeb359ef57a86351" prot="public" static="no" const="no" explicit="no" inline="no" virt="non-virtual">
        <templateparamlist>
          <param>
            <type>typename Operator</type>
          </param>
          <param>
            <type>typename Functor</type>
          </param>
        </templateparamlist>
        <type>__global__ void</type>
        <definition>__global__ void rocky::cuda::execute_sph_particles_function</definition>
        <argsstring>(SDeviceModel *device_data, SPHDeviceModel *sph_device, double current_time, Functor sph_particles_f, void *udf_device_data)</argsstring>
        <name>execute_sph_particles_function</name>
        <qualifiedname>rocky::cuda::execute_sph_particles_function</qualifiedname>
        <param>
          <type>SDeviceModel *</type>
          <declname>device_data</declname>
        </param>
        <param>
          <type>SPHDeviceModel *</type>
          <declname>sph_device</declname>
        </param>
        <param>
          <type>double</type>
          <declname>current_time</declname>
        </param>
        <param>
          <type>Functor</type>
          <declname>sph_particles_f</declname>
        </param>
        <param>
          <type>void *</type>
          <declname>udf_device_data</declname>
        </param>
        <briefdescription>
        </briefdescription>
        <detaileddescription>
        </detaileddescription>
        <inbodydescription>
        </inbodydescription>
        <location file="source/c++/rocky20/api/sph/api_cuda_sph.hpp" line="12" column="17" bodyfile="source/c++/rocky20/api/sph/api_cuda_sph.hpp" bodystart="12" bodyend="21"/>
      </memberdef>
      <memberdef kind="function" id="api__cuda__sph_8hpp_1a4e6e6f32bad368d05910ff170cd7abb6" prot="public" static="no" const="no" explicit="no" inline="no" virt="non-virtual">
        <templateparamlist>
          <param>
            <type>typename Operator</type>
          </param>
          <param>
            <type>typename Functor</type>
          </param>
          <param>
            <type>class SPHNeighborsHandler</type>
          </param>
        </templateparamlist>
        <type>__global__ void</type>
        <definition>__global__ void rocky::cuda::execute_sph_interactions_function</definition>
        <argsstring>(SDeviceModel *device_data, SPHDeviceModel *sph_device, double current_time, Functor sph_particle_interaction_f, void *udf_device_data, IterationType it_type)</argsstring>
        <name>execute_sph_interactions_function</name>
        <qualifiedname>rocky::cuda::execute_sph_interactions_function</qualifiedname>
        <param>
          <type>SDeviceModel *</type>
          <declname>device_data</declname>
        </param>
        <param>
          <type>SPHDeviceModel *</type>
          <declname>sph_device</declname>
        </param>
        <param>
          <type>double</type>
          <declname>current_time</declname>
        </param>
        <param>
          <type>Functor</type>
          <declname>sph_particle_interaction_f</declname>
        </param>
        <param>
          <type>void *</type>
          <declname>udf_device_data</declname>
        </param>
        <param>
          <type>IterationType</type>
          <declname>it_type</declname>
        </param>
        <briefdescription>
        </briefdescription>
        <detaileddescription>
        </detaileddescription>
        <inbodydescription>
        </inbodydescription>
        <location file="source/c++/rocky20/api/sph/api_cuda_sph.hpp" line="24" column="17" bodyfile="source/c++/rocky20/api/sph/api_cuda_sph.hpp" bodystart="24" bodyend="41"/>
      </memberdef>
      <memberdef kind="function" id="api__cuda__sph_8hpp_1af346e08c633f30fb805aa232986ccf76" prot="public" static="no" const="no" explicit="no" inline="no" virt="non-virtual">
        <templateparamlist>
          <param>
            <type>typename Operator</type>
          </param>
          <param>
            <type>typename Functor</type>
          </param>
        </templateparamlist>
        <type>__global__ void</type>
        <definition>__global__ void rocky::cuda::execute_sph_interactions_triangle_function</definition>
        <argsstring>(SDeviceModel *device_data, SPHDeviceModel *sph_device, double current_time, Functor sph_triangle_interaction_f, void *udf_device_data)</argsstring>
        <name>execute_sph_interactions_triangle_function</name>
        <qualifiedname>rocky::cuda::execute_sph_interactions_triangle_function</qualifiedname>
        <param>
          <type>SDeviceModel *</type>
          <declname>device_data</declname>
        </param>
        <param>
          <type>SPHDeviceModel *</type>
          <declname>sph_device</declname>
        </param>
        <param>
          <type>double</type>
          <declname>current_time</declname>
        </param>
        <param>
          <type>Functor</type>
          <declname>sph_triangle_interaction_f</declname>
        </param>
        <param>
          <type>void *</type>
          <declname>udf_device_data</declname>
        </param>
        <briefdescription>
        </briefdescription>
        <detaileddescription>
        </detaileddescription>
        <inbodydescription>
        </inbodydescription>
        <location file="source/c++/rocky20/api/sph/api_cuda_sph.hpp" line="44" column="17" bodyfile="source/c++/rocky20/api/sph/api_cuda_sph.hpp" bodystart="44" bodyend="54"/>
      </memberdef>
      <memberdef kind="function" id="api__cuda__sph_8hpp_1a3d4aeae919e805611c527c29ba3bfb5e" prot="public" static="no" const="no" explicit="no" inline="no" virt="non-virtual">
        <templateparamlist>
          <param>
            <type>typename Operator</type>
            <defval>device::DefaultOperator&lt;CudaBackend&gt;</defval>
          </param>
          <param>
            <type>typename Functor</type>
          </param>
        </templateparamlist>
        <type>void</type>
        <definition>void rocky::cuda::dispatch_sph_elements_kernel</definition>
        <argsstring>(IRockyModel &amp;model, Functor &amp;sph_particles_f, void **udf_devices_data)</argsstring>
        <name>dispatch_sph_elements_kernel</name>
        <qualifiedname>rocky::cuda::dispatch_sph_elements_kernel</qualifiedname>
        <param>
          <type><ref refid="structIRockyModel" kindref="compound">IRockyModel</ref> &amp;</type>
          <declname>model</declname>
        </param>
        <param>
          <type>Functor &amp;</type>
          <declname>sph_particles_f</declname>
        </param>
        <param>
          <type>void **</type>
          <declname>udf_devices_data</declname>
        </param>
        <briefdescription>
        </briefdescription>
        <detaileddescription>
        </detaileddescription>
        <inbodydescription>
        </inbodydescription>
        <location file="source/c++/rocky20/api/sph/api_cuda_sph.hpp" line="58" column="6" bodyfile="source/c++/rocky20/api/sph/api_cuda_sph.hpp" bodystart="58" bodyend="103"/>
      </memberdef>
      <memberdef kind="function" id="api__cuda__sph_8hpp_1a70b120b0348de2ad9d27e735aae145b7" prot="public" static="no" const="no" explicit="no" inline="no" virt="non-virtual">
        <templateparamlist>
          <param>
            <type>typename Operator</type>
            <defval>device::DefaultElementsOperator&lt;CudaBackend&gt;</defval>
          </param>
          <param>
            <type>typename Functor</type>
          </param>
        </templateparamlist>
        <type>void</type>
        <definition>void rocky::cuda::dispatch_sph_interactions_elements_kernel</definition>
        <argsstring>(IRockyModel &amp;model, Functor &amp;sph_particle_interaction_f, void **udf_devices_data, IterationType it_type=itAll)</argsstring>
        <name>dispatch_sph_interactions_elements_kernel</name>
        <qualifiedname>rocky::cuda::dispatch_sph_interactions_elements_kernel</qualifiedname>
        <param>
          <type><ref refid="structIRockyModel" kindref="compound">IRockyModel</ref> &amp;</type>
          <declname>model</declname>
        </param>
        <param>
          <type>Functor &amp;</type>
          <declname>sph_particle_interaction_f</declname>
        </param>
        <param>
          <type>void **</type>
          <declname>udf_devices_data</declname>
        </param>
        <param>
          <type>IterationType</type>
          <declname>it_type</declname>
          <defval>itAll</defval>
        </param>
        <briefdescription>
        </briefdescription>
        <detaileddescription>
        </detaileddescription>
        <inbodydescription>
        </inbodydescription>
        <location file="source/c++/rocky20/api/sph/api_cuda_sph.hpp" line="106" column="6" bodyfile="source/c++/rocky20/api/sph/api_cuda_sph.hpp" bodystart="106" bodyend="307"/>
      </memberdef>
      <memberdef kind="function" id="api__cuda__sph_8hpp_1a11179bcf09491a814fb40c00bed78a1a" prot="public" static="no" const="no" explicit="no" inline="no" virt="non-virtual">
        <templateparamlist>
          <param>
            <type>typename Operator</type>
            <defval>device::DefaultTrianglesOperator&lt;CudaBackend&gt;</defval>
          </param>
          <param>
            <type>typename Functor</type>
          </param>
        </templateparamlist>
        <type>void</type>
        <definition>void rocky::cuda::dispatch_sph_interactions_triangles_kernel</definition>
        <argsstring>(IRockyModel &amp;model, Functor &amp;sph_triangle_interaction_f, void **udf_devices_data)</argsstring>
        <name>dispatch_sph_interactions_triangles_kernel</name>
        <qualifiedname>rocky::cuda::dispatch_sph_interactions_triangles_kernel</qualifiedname>
        <param>
          <type><ref refid="structIRockyModel" kindref="compound">IRockyModel</ref> &amp;</type>
          <declname>model</declname>
        </param>
        <param>
          <type>Functor &amp;</type>
          <declname>sph_triangle_interaction_f</declname>
        </param>
        <param>
          <type>void **</type>
          <declname>udf_devices_data</declname>
        </param>
        <briefdescription>
        </briefdescription>
        <detaileddescription>
        </detaileddescription>
        <inbodydescription>
        </inbodydescription>
        <location file="source/c++/rocky20/api/sph/api_cuda_sph.hpp" line="310" column="6" bodyfile="source/c++/rocky20/api/sph/api_cuda_sph.hpp" bodystart="310" bodyend="356"/>
      </memberdef>
    </sectiondef>
    <briefdescription>
    </briefdescription>
    <detaileddescription>
    </detaileddescription>
    <location file="source/c++/rocky20/api/device/api_cuda.hpp" line="8" column="1"/>
  </compounddef>
</doxygen>
