<?xml version='1.0' encoding='UTF-8' standalone='no'?>
<doxygen xmlns:xsi="http://www.w3.org/2001/XMLSchema-instance" xsi:noNamespaceSchemaLocation="compound.xsd" version="1.10.0" xml:lang="en-US">
  <compounddef id="rocky__api_8h" kind="file" language="C++">
    <compoundname>rocky_api.h</compoundname>
    <includes refid="dll__export_8h" local="yes">dll_export.h</includes>
    <includes refid="rocky__contact__api_8hpp" local="yes">rocky_contact_api.hpp</includes>
    <includes refid="rocky__contact__scalars_8hpp" local="yes">rocky_contact_scalars.hpp</includes>
    <includes refid="rocky__fluid__scalars_8hpp" local="yes">rocky_fluid_scalars.hpp</includes>
    <includes refid="rocky__joint__api_8hpp" local="yes">rocky_joint_api.hpp</includes>
    <includes refid="rocky__model__api_8hpp" local="yes">rocky_model_api.hpp</includes>
    <includes refid="rocky__particle__api_8hpp" local="yes">rocky_particle_api.hpp</includes>
    <includes refid="rocky__particle__scalars_8hpp" local="yes">rocky_particle_scalars.hpp</includes>
    <includes refid="rocky__joint__scalars_8hpp" local="yes">rocky_joint_scalars.hpp</includes>
    <includes refid="rocky__pair__scalars_8hpp" local="yes">rocky_pair_scalars.hpp</includes>
    <includes refid="rocky__boundary__scalars_8hpp" local="yes">rocky_boundary_scalars.hpp</includes>
    <includes refid="rocky__triangle__scalars_8hpp" local="yes">rocky_triangle_scalars.hpp</includes>
    <includes refid="rocky__plugin__data_8h" local="yes">rocky_plugin_data.h</includes>
    <includes refid="rocky__output__collections__api_8hpp" local="yes">rocky_output_collections_api.hpp</includes>
    <includes refid="rocky__timestep__api_8h" local="yes">rocky_timestep_api.h</includes>
    <includes refid="rocky__contact__data__recorder__api_8h" local="yes">rocky_contact_data_recorder_api.h</includes>
    <includes refid="rocky__statistics__data_8hpp" local="yes">rocky_statistics_data.hpp</includes>
    <includes refid="rocky__api__functions_8h" local="yes">rocky_api_functions.h</includes>
    <includes refid="api__backend_8hpp" local="yes">device/api_backend.hpp</includes>
    <includes refid="api__omp__contacts_8hpp" local="no">rocky20/api/device/api_omp_contacts.hpp</includes>
    <includes refid="api__device__contacts_8hpp" local="no">rocky20/api/device/api_device_contacts.hpp</includes>
    <includedby refid="api__cuda_8hpp" local="no">source/c++/rocky20/api/device/api_cuda.hpp</includedby>
    <includedby refid="api__cuda__contacts_8hpp" local="no">source/c++/rocky20/api/device/api_cuda_contacts.hpp</includedby>
    <includedby refid="api__omp__contacts_8cpp" local="no">source/c++/rocky20/api/device/api_omp_contacts.cpp</includedby>
    <includedby refid="api__omp__contacts_8hpp" local="no">source/c++/rocky20/api/device/api_omp_contacts.hpp</includedby>
    <includedby refid="rocky__api_8cpp" local="yes">source/c++/rocky20/api/rocky_api.cpp</includedby>
    <includedby refid="rocky__api__cfd_8h" local="yes">source/c++/rocky20/api/rocky_api_cfd.h</includedby>
    <includedby refid="rocky__api__sph_8h" local="yes">source/c++/rocky20/api/rocky_api_sph.h</includedby>
    <includedby refid="rocky__contact__scalars_8cpp" local="yes">source/c++/rocky20/api/rocky_contact_scalars.cpp</includedby>
    <includedby refid="rocky__fluid__scalars_8cpp" local="yes">source/c++/rocky20/api/rocky_fluid_scalars.cpp</includedby>
    <includedby refid="rocky__joint__scalars_8cpp" local="yes">source/c++/rocky20/api/rocky_joint_scalars.cpp</includedby>
    <includedby refid="rocky__particle__scalars_8cpp" local="yes">source/c++/rocky20/api/rocky_particle_scalars.cpp</includedby>
    <includedby refid="rocky__point__cloud_8cpp" local="yes">source/c++/rocky20/api/rocky_point_cloud.cpp</includedby>
    <includedby refid="rocky__timestep__api_8cpp" local="yes">source/c++/rocky20/api/rocky_timestep_api.cpp</includedby>
    <includedby refid="api__omp__sph_8hpp" local="no">source/c++/rocky20/api/sph/api_omp_sph.hpp</includedby>
    <includedby refid="rocky__sph__element__scalars_8cpp" local="yes">source/c++/rocky20/api/sph/rocky_sph_element_scalars.cpp</includedby>
    <includedby refid="rocky__sph__model__api_8cpp" local="yes">source/c++/rocky20/api/sph/rocky_sph_model_api.cpp</includedby>
    <incdepgraph>
      <node id="7">
        <label>rocky20/api/device/api_backend.hpp</label>
        <link refid="api__backend_8hpp_source"/>
        <childnode refid="8" relation="include">
        </childnode>
        <childnode refid="9" relation="include">
        </childnode>
      </node>
      <node id="53">
        <label>rocky20/api/device/api_device_contacts.hpp</label>
        <link refid="api__device__contacts_8hpp_source"/>
        <childnode refid="29" relation="include">
        </childnode>
        <childnode refid="54" relation="include">
        </childnode>
        <childnode refid="24" relation="include">
        </childnode>
      </node>
      <node id="52">
        <label>rocky20/api/device/api_omp_contacts.hpp</label>
        <link refid="api__omp__contacts_8hpp_source"/>
        <childnode refid="50" relation="include">
        </childnode>
        <childnode refid="1" relation="include">
        </childnode>
        <childnode refid="53" relation="include">
        </childnode>
        <childnode refid="9" relation="include">
        </childnode>
      </node>
      <node id="2">
        <label>dll_export.h</label>
        <link refid="dll__export_8h_source"/>
      </node>
      <node id="1">
        <label>source/c++/rocky20/api/rocky_api.h</label>
        <link refid="rocky__api_8h"/>
        <childnode refid="2" relation="include">
        </childnode>
        <childnode refid="3" relation="include">
        </childnode>
        <childnode refid="19" relation="include">
        </childnode>
        <childnode refid="25" relation="include">
        </childnode>
        <childnode refid="26" relation="include">
        </childnode>
        <childnode refid="29" relation="include">
        </childnode>
        <childnode refid="20" relation="include">
        </childnode>
        <childnode refid="22" relation="include">
        </childnode>
        <childnode refid="28" relation="include">
        </childnode>
        <childnode refid="34" relation="include">
        </childnode>
        <childnode refid="35" relation="include">
        </childnode>
        <childnode refid="11" relation="include">
        </childnode>
        <childnode refid="36" relation="include">
        </childnode>
        <childnode refid="39" relation="include">
        </childnode>
        <childnode refid="47" relation="include">
        </childnode>
        <childnode refid="48" relation="include">
        </childnode>
        <childnode refid="14" relation="include">
        </childnode>
        <childnode refid="50" relation="include">
        </childnode>
        <childnode refid="7" relation="include">
        </childnode>
        <childnode refid="52" relation="include">
        </childnode>
        <childnode refid="53" relation="include">
        </childnode>
      </node>
      <node id="51">
        <label>rocky_api_contact_functions.h</label>
        <link refid="rocky__api__contact__functions_8h_source"/>
      </node>
      <node id="50">
        <label>rocky_api_functions.h</label>
        <link refid="rocky__api__functions_8h_source"/>
        <childnode refid="2" relation="include">
        </childnode>
        <childnode refid="16" relation="include">
        </childnode>
        <childnode refid="51" relation="include">
        </childnode>
      </node>
      <node id="6">
        <label>rocky20/api/rocky_boundary.hpp</label>
        <link refid="rocky__boundary_8hpp_source"/>
        <childnode refid="5" relation="include">
        </childnode>
        <childnode refid="7" relation="include">
        </childnode>
        <childnode refid="10" relation="include">
        </childnode>
        <childnode refid="11" relation="include">
        </childnode>
      </node>
      <node id="16">
        <label>rocky20/api/rocky_boundary_api.hpp</label>
        <link refid="rocky__boundary__api_8hpp_source"/>
        <childnode refid="17" relation="include">
        </childnode>
        <childnode refid="5" relation="include">
        </childnode>
        <childnode refid="18" relation="include">
        </childnode>
        <childnode refid="6" relation="include">
        </childnode>
      </node>
      <node id="35">
        <label>rocky20/api/rocky_boundary_scalars.hpp</label>
        <link refid="rocky__boundary__scalars_8hpp_source"/>
        <childnode refid="12" relation="include">
        </childnode>
      </node>
      <node id="4">
        <label>rocky20/api/rocky_contact.hpp</label>
        <link refid="rocky__contact_8hpp_source"/>
        <childnode refid="5" relation="include">
        </childnode>
        <childnode refid="6" relation="include">
        </childnode>
        <childnode refid="16" relation="include">
        </childnode>
        <childnode refid="19" relation="include">
        </childnode>
        <childnode refid="20" relation="include">
        </childnode>
        <childnode refid="23" relation="include">
        </childnode>
      </node>
      <node id="3">
        <label>rocky_contact_api.hpp</label>
        <link refid="rocky__contact__api_8hpp_source"/>
        <childnode refid="4" relation="include">
        </childnode>
        <childnode refid="10" relation="include">
        </childnode>
        <childnode refid="24" relation="include">
        </childnode>
      </node>
      <node id="48">
        <label>rocky_contact_data_recorder_api.h</label>
        <link refid="rocky__contact__data__recorder__api_8h_source"/>
        <childnode refid="49" relation="include">
        </childnode>
      </node>
      <node id="19">
        <label>rocky20/api/rocky_contact_scalars.hpp</label>
        <link refid="rocky__contact__scalars_8hpp_source"/>
        <childnode refid="12" relation="include">
        </childnode>
      </node>
      <node id="25">
        <label>rocky_fluid_scalars.hpp</label>
        <link refid="rocky__fluid__scalars_8hpp_source"/>
        <childnode refid="12" relation="include">
        </childnode>
      </node>
      <node id="26">
        <label>rocky_joint_api.hpp</label>
        <link refid="rocky__joint__api_8hpp_source"/>
        <childnode refid="20" relation="include">
        </childnode>
        <childnode refid="27" relation="include">
        </childnode>
        <childnode refid="28" relation="include">
        </childnode>
      </node>
      <node id="28">
        <label>rocky_joint_scalars.hpp</label>
        <link refid="rocky__joint__scalars_8hpp_source"/>
        <childnode refid="12" relation="include">
        </childnode>
      </node>
      <node id="10">
        <label>rocky20/api/rocky_material_api.hpp</label>
        <link refid="rocky__material__api_8hpp_source"/>
        <childnode refid="5" relation="include">
        </childnode>
      </node>
      <node id="30">
        <label>rocky_model.hpp</label>
        <link refid="rocky__model_8hpp_source"/>
        <childnode refid="5" relation="include">
        </childnode>
        <childnode refid="31" relation="include">
        </childnode>
        <childnode refid="34" relation="include">
        </childnode>
        <childnode refid="35" relation="include">
        </childnode>
      </node>
      <node id="29">
        <label>rocky_model_api.hpp</label>
        <link refid="rocky__model__api_8hpp_source"/>
        <childnode refid="30" relation="include">
        </childnode>
        <childnode refid="20" relation="include">
        </childnode>
      </node>
      <node id="39">
        <label>rocky_output_collections_api.hpp</label>
        <link refid="rocky__output__collections__api_8hpp_source"/>
        <childnode refid="40" relation="include">
        </childnode>
        <childnode refid="42" relation="include">
        </childnode>
      </node>
      <node id="42">
        <label>rocky_output_properties.h</label>
        <link refid="rocky__output__properties_8h_source"/>
        <childnode refid="38" relation="include">
        </childnode>
        <childnode refid="43" relation="include">
        </childnode>
        <childnode refid="44" relation="include">
        </childnode>
        <childnode refid="45" relation="include">
        </childnode>
        <childnode refid="46" relation="include">
        </childnode>
      </node>
      <node id="34">
        <label>rocky20/api/rocky_pair_scalars.hpp</label>
        <link refid="rocky__pair__scalars_8hpp_source"/>
        <childnode refid="12" relation="include">
        </childnode>
      </node>
      <node id="21">
        <label>rocky_particle.hpp</label>
        <link refid="rocky__particle_8hpp_source"/>
        <childnode refid="7" relation="include">
        </childnode>
        <childnode refid="22" relation="include">
        </childnode>
        <childnode refid="5" relation="include">
        </childnode>
        <childnode refid="23" relation="include">
        </childnode>
      </node>
      <node id="20">
        <label>rocky20/api/rocky_particle_api.hpp</label>
        <link refid="rocky__particle__api_8hpp_source"/>
        <childnode refid="21" relation="include">
        </childnode>
        <childnode refid="10" relation="include">
        </childnode>
        <childnode refid="22" relation="include">
        </childnode>
      </node>
      <node id="22">
        <label>rocky20/api/rocky_particle_scalars.hpp</label>
        <link refid="rocky__particle__scalars_8hpp_source"/>
        <childnode refid="12" relation="include">
        </childnode>
      </node>
      <node id="36">
        <label>rocky_plugin_data.h</label>
        <link refid="rocky__plugin__data_8h_source"/>
        <childnode refid="37" relation="include">
        </childnode>
        <childnode refid="38" relation="include">
        </childnode>
      </node>
      <node id="32">
        <label>rocky_point_cloud.h</label>
        <link refid="rocky__point__cloud_8h_source"/>
        <childnode refid="33" relation="include">
        </childnode>
      </node>
      <node id="31">
        <label>rocky20/api/rocky_point_cloud_api.hpp</label>
        <link refid="rocky__point__cloud__api_8hpp_source"/>
        <childnode refid="32" relation="include">
        </childnode>
      </node>
      <node id="12">
        <label>rocky_scalars.h</label>
        <link refid="rocky__scalars_8h_source"/>
        <childnode refid="13" relation="include">
        </childnode>
        <childnode refid="7" relation="include">
        </childnode>
        <childnode refid="14" relation="include">
        </childnode>
      </node>
      <node id="14">
        <label>rocky20/api/rocky_statistics_data.hpp</label>
        <link refid="rocky__statistics__data_8hpp_source"/>
        <childnode refid="15" relation="include">
        </childnode>
        <childnode refid="7" relation="include">
        </childnode>
      </node>
      <node id="40">
        <label>rocky_time_curve_data.hpp</label>
        <link refid="rocky__time__curve__data_8hpp_source"/>
        <childnode refid="41" relation="include">
        </childnode>
      </node>
      <node id="47">
        <label>rocky_timestep_api.h</label>
        <link refid="rocky__timestep__api_8h_source"/>
        <childnode refid="37" relation="include">
        </childnode>
        <childnode refid="43" relation="include">
        </childnode>
      </node>
      <node id="11">
        <label>rocky_triangle_scalars.hpp</label>
        <link refid="rocky__triangle__scalars_8hpp_source"/>
        <childnode refid="12" relation="include">
        </childnode>
      </node>
      <node id="37">
        <label>memory</label>
      </node>
      <node id="41">
        <label>rocky20/addins/rocky_addin.h</label>
      </node>
      <node id="45">
        <label>rocky20/core/utils/rocky_exception.hpp</label>
      </node>
      <node id="17">
        <label>rocky20/core/utils/rocky_math.hpp</label>
      </node>
      <node id="8">
        <label>rocky20/cuda/cuda_basics.hpp</label>
      </node>
      <node id="24">
        <label>rocky20/device/device_contact.hpp</label>
      </node>
      <node id="54">
        <label>rocky20/device/device_forces.hpp</label>
      </node>
      <node id="27">
        <label>rocky20/device/device_joint_api.hpp</label>
      </node>
      <node id="5">
        <label>rocky20/device/device_model.hpp</label>
      </node>
      <node id="18">
        <label>rocky20/device/device_triangles.hpp</label>
      </node>
      <node id="23">
        <label>rocky20/device/element_properties.hpp</label>
      </node>
      <node id="9">
        <label>rocky20/device/omp_backend.hpp</label>
      </node>
      <node id="49">
        <label>rocky20/model/data_recorders.h</label>
      </node>
      <node id="33">
        <label>rocky20/model/point_cloud.h</label>
      </node>
      <node id="44">
        <label>rocky20/model/rocky_enums.h</label>
      </node>
      <node id="13">
        <label>rocky20/model/rocky_model.h</label>
      </node>
      <node id="46">
        <label>rocky20/model/scalars.h</label>
      </node>
      <node id="15">
        <label>rocky20/model/statistics_data.hpp</label>
      </node>
      <node id="38">
        <label>string</label>
      </node>
      <node id="43">
        <label>vector</label>
      </node>
    </incdepgraph>
    <invincdepgraph>
      <node id="2">
        <label>source/c++/rocky20/api/device/api_cuda.hpp</label>
        <link refid="api__cuda_8hpp_source"/>
        <childnode refid="3" relation="include">
        </childnode>
        <childnode refid="4" relation="include">
        </childnode>
        <childnode refid="5" relation="include">
        </childnode>
        <childnode refid="6" relation="include">
        </childnode>
        <childnode refid="7" relation="include">
        </childnode>
        <childnode refid="8" relation="include">
        </childnode>
      </node>
      <node id="3">
        <label>source/c++/rocky20/api/device/api_cuda_cfd_coupling.hpp</label>
        <link refid="api__cuda__cfd__coupling_8hpp_source"/>
      </node>
      <node id="4">
        <label>source/c++/rocky20/api/device/api_cuda_contacts.hpp</label>
        <link refid="api__cuda__contacts_8hpp_source"/>
      </node>
      <node id="5">
        <label>source/c++/rocky20/api/device/api_cuda_joints.hpp</label>
        <link refid="api__cuda__joints_8hpp_source"/>
      </node>
      <node id="6">
        <label>source/c++/rocky20/api/device/api_cuda_particles.hpp</label>
        <link refid="api__cuda__particles_8hpp_source"/>
      </node>
      <node id="7">
        <label>source/c++/rocky20/api/device/api_cuda_triangles.hpp</label>
        <link refid="api__cuda__triangles_8hpp_source"/>
      </node>
      <node id="9">
        <label>source/c++/rocky20/api/device/api_omp_contacts.hpp</label>
        <link refid="api__omp__contacts_8hpp_source"/>
        <childnode refid="1" relation="include">
        </childnode>
      </node>
      <node id="1">
        <label>source/c++/rocky20/api/rocky_api.h</label>
        <link refid="rocky__api_8h"/>
        <childnode refid="2" relation="include">
        </childnode>
        <childnode refid="4" relation="include">
        </childnode>
        <childnode refid="9" relation="include">
        </childnode>
        <childnode refid="10" relation="include">
        </childnode>
        <childnode refid="11" relation="include">
        </childnode>
        <childnode refid="12" relation="include">
        </childnode>
      </node>
      <node id="10">
        <label>source/c++/rocky20/api/rocky_api_cfd.h</label>
        <link refid="rocky__api__cfd_8h_source"/>
      </node>
      <node id="11">
        <label>source/c++/rocky20/api/rocky_api_sph.h</label>
        <link refid="rocky__api__sph_8h_source"/>
      </node>
      <node id="8">
        <label>source/c++/rocky20/api/sph/api_cuda_sph.hpp</label>
        <link refid="api__cuda__sph_8hpp_source"/>
      </node>
      <node id="12">
        <label>source/c++/rocky20/api/sph/api_omp_sph.hpp</label>
        <link refid="api__omp__sph_8hpp_source"/>
        <childnode refid="11" relation="include">
        </childnode>
      </node>
    </invincdepgraph>
    <innerclass refid="structIRockyModel" prot="public">IRockyModel</innerclass>
    <briefdescription>
    </briefdescription>
    <detaileddescription>
    </detaileddescription>
    <programlisting>
<codeline lineno="1"><highlight class="comment">//<sp/>(C)<sp/>2024<sp/>ANSYS,<sp/>Inc.<sp/>Unauthorized<sp/>use,<sp/>distribution,<sp/>or<sp/>duplication<sp/>is<sp/>prohibited.</highlight><highlight class="normal"></highlight></codeline>
<codeline lineno="2"><highlight class="normal"></highlight><highlight class="preprocessor">#pragma<sp/>once</highlight><highlight class="normal"></highlight></codeline>
<codeline lineno="3"><highlight class="normal"></highlight></codeline>
<codeline lineno="4"><highlight class="normal"></highlight><highlight class="comment">//<sp/>Includes<sp/>=======================================================================================</highlight><highlight class="normal"></highlight></codeline>
<codeline lineno="5"><highlight class="normal"></highlight><highlight class="preprocessor">#include<sp/>&quot;dll_export.h&quot;</highlight><highlight class="normal"></highlight></codeline>
<codeline lineno="6"><highlight class="normal"></highlight></codeline>
<codeline lineno="7"><highlight class="normal"></highlight><highlight class="preprocessor">#ifdef<sp/>ROCKY_CUDA_API</highlight><highlight class="normal"></highlight></codeline>
<codeline lineno="8"><highlight class="normal"></highlight></codeline>
<codeline lineno="9"><highlight class="normal"></highlight><highlight class="preprocessor">#define<sp/>ROCKY_FUNCTIONS<sp/>__host__<sp/>__device__</highlight><highlight class="normal"></highlight></codeline>
<codeline lineno="10"><highlight class="normal"></highlight></codeline>
<codeline lineno="11"><highlight class="normal"></highlight><highlight class="preprocessor">#else</highlight><highlight class="normal"></highlight></codeline>
<codeline lineno="12"><highlight class="normal"></highlight></codeline>
<codeline lineno="13"><highlight class="normal"></highlight><highlight class="comment">//#define<sp/>ROCKY_FUNCTIONS</highlight><highlight class="normal"></highlight></codeline>
<codeline lineno="14"><highlight class="normal"></highlight></codeline>
<codeline lineno="15"><highlight class="normal"></highlight><highlight class="preprocessor">#endif</highlight><highlight class="normal"></highlight></codeline>
<codeline lineno="16"><highlight class="normal"></highlight></codeline>
<codeline lineno="17"><highlight class="normal"></highlight><highlight class="preprocessor">#include<sp/>&quot;rocky_contact_api.hpp&quot;</highlight><highlight class="normal"></highlight></codeline>
<codeline lineno="18"><highlight class="normal"></highlight><highlight class="preprocessor">#include<sp/>&quot;rocky_contact_scalars.hpp&quot;</highlight><highlight class="normal"></highlight></codeline>
<codeline lineno="19"><highlight class="normal"></highlight><highlight class="preprocessor">#include<sp/>&quot;rocky_fluid_scalars.hpp&quot;</highlight><highlight class="normal"></highlight></codeline>
<codeline lineno="20"><highlight class="normal"></highlight><highlight class="preprocessor">#include<sp/>&quot;rocky_joint_api.hpp&quot;</highlight><highlight class="normal"></highlight></codeline>
<codeline lineno="21"><highlight class="normal"></highlight><highlight class="preprocessor">#include<sp/>&quot;rocky_model_api.hpp&quot;</highlight><highlight class="normal"></highlight></codeline>
<codeline lineno="22"><highlight class="normal"></highlight><highlight class="preprocessor">#include<sp/>&quot;rocky_particle_api.hpp&quot;</highlight><highlight class="normal"></highlight></codeline>
<codeline lineno="23"><highlight class="normal"></highlight><highlight class="preprocessor">#include<sp/>&quot;rocky_particle_scalars.hpp&quot;</highlight><highlight class="normal"></highlight></codeline>
<codeline lineno="24"><highlight class="normal"></highlight><highlight class="preprocessor">#include<sp/>&quot;rocky_joint_scalars.hpp&quot;</highlight><highlight class="normal"></highlight></codeline>
<codeline lineno="25"><highlight class="normal"></highlight><highlight class="preprocessor">#include<sp/>&quot;rocky_pair_scalars.hpp&quot;</highlight><highlight class="normal"></highlight></codeline>
<codeline lineno="26"><highlight class="normal"></highlight><highlight class="preprocessor">#include<sp/>&quot;rocky_boundary_scalars.hpp&quot;</highlight><highlight class="normal"></highlight></codeline>
<codeline lineno="27"><highlight class="normal"></highlight><highlight class="preprocessor">#include<sp/>&quot;rocky_triangle_scalars.hpp&quot;</highlight><highlight class="normal"></highlight></codeline>
<codeline lineno="28"><highlight class="normal"></highlight><highlight class="preprocessor">#include<sp/>&quot;rocky_plugin_data.h&quot;</highlight><highlight class="normal"></highlight></codeline>
<codeline lineno="29"><highlight class="normal"></highlight><highlight class="preprocessor">#include<sp/>&quot;rocky_output_collections_api.hpp&quot;</highlight><highlight class="normal"></highlight></codeline>
<codeline lineno="30"><highlight class="normal"></highlight><highlight class="preprocessor">#include<sp/>&quot;rocky_timestep_api.h&quot;</highlight><highlight class="normal"></highlight></codeline>
<codeline lineno="31"><highlight class="normal"></highlight><highlight class="preprocessor">#include<sp/>&quot;rocky_contact_data_recorder_api.h&quot;</highlight><highlight class="normal"></highlight></codeline>
<codeline lineno="32"><highlight class="normal"></highlight><highlight class="preprocessor">#include<sp/>&quot;rocky_statistics_data.hpp&quot;</highlight><highlight class="normal"></highlight></codeline>
<codeline lineno="33"><highlight class="normal"></highlight></codeline>
<codeline lineno="34"><highlight class="normal"></highlight><highlight class="comment">//<sp/>Forward<sp/>declarations<sp/>===========================================================================</highlight><highlight class="normal"></highlight></codeline>
<codeline lineno="35"><highlight class="normal"></highlight><highlight class="keyword">class<sp/></highlight><highlight class="normal">cuda_host;</highlight></codeline>
<codeline lineno="36"><highlight class="normal"></highlight><highlight class="keyword">typedef</highlight><highlight class="normal"><sp/>cuda_host<sp/>RockyModel;</highlight></codeline>
<codeline lineno="37"><highlight class="normal"></highlight><highlight class="keyword">struct<sp/></highlight><highlight class="normal">RockyParticle;</highlight></codeline>
<codeline lineno="38"><highlight class="normal"></highlight><highlight class="keyword">struct<sp/></highlight><highlight class="normal">RockyContact;</highlight></codeline>
<codeline lineno="39"><highlight class="normal"></highlight></codeline>
<codeline lineno="40"><highlight class="normal"></highlight><highlight class="keyword">struct<sp/></highlight><highlight class="normal">SDeviceModel;</highlight></codeline>
<codeline lineno="41"><highlight class="normal"></highlight></codeline>
<codeline lineno="42"><highlight class="normal"></highlight><highlight class="keyword">struct<sp/></highlight><highlight class="normal">cuda_material;</highlight></codeline>
<codeline lineno="43"><highlight class="normal"></highlight><highlight class="keyword">struct<sp/></highlight><highlight class="normal">MaterialInteraction;</highlight></codeline>
<codeline lineno="44"><highlight class="normal"></highlight></codeline>
<codeline lineno="45"><highlight class="normal"></highlight><highlight class="comment">//<sp/>================================================================================================</highlight><highlight class="normal"></highlight></codeline>
<codeline lineno="46"><highlight class="normal"></highlight><highlight class="comment">//<sp/>IRockyModel</highlight><highlight class="normal"></highlight></codeline>
<codeline lineno="47"><highlight class="normal"></highlight><highlight class="comment">//<sp/>================================================================================================</highlight><highlight class="normal"></highlight></codeline>
<codeline lineno="48"><highlight class="normal"></highlight></codeline>
<codeline lineno="49"><highlight class="normal"></highlight></codeline>
<codeline lineno="57" refid="structIRockyModel" refkind="compound"><highlight class="normal"></highlight><highlight class="keyword">struct<sp/></highlight><highlight class="normal"><ref refid="structIRockyModel" kindref="compound">IRockyModel</ref></highlight></codeline>
<codeline lineno="58"><highlight class="normal">{</highlight></codeline>
<codeline lineno="59"><highlight class="normal"></highlight></codeline>
<codeline lineno="60"><highlight class="normal"><sp/><sp/><sp/><sp/></highlight><highlight class="comment">//<sp/>Physics--------------------------------------------------------------</highlight><highlight class="normal"></highlight></codeline>
<codeline lineno="61"><highlight class="normal"></highlight></codeline>
<codeline lineno="69"><highlight class="normal"><sp/><sp/><sp/><sp/>double3<sp/><ref refid="structIRockyModel_1a5dcfa443dbca79a9c34001fca9873b93" kindref="member">get_gravity</ref>()<sp/></highlight><highlight class="keyword">const</highlight><highlight class="normal">;</highlight></codeline>
<codeline lineno="70"><highlight class="normal"></highlight></codeline>
<codeline lineno="78"><highlight class="normal"><sp/><sp/><sp/><sp/></highlight><highlight class="keywordtype">void</highlight><highlight class="normal"><sp/><ref refid="structIRockyModel_1a4ae85b1a5081581bd5c758d347d7e31c" kindref="member">set_gravity</ref>(</highlight><highlight class="keyword">const</highlight><highlight class="normal"><sp/>double3&amp;<sp/>gravity);</highlight></codeline>
<codeline lineno="79"><highlight class="normal"></highlight></codeline>
<codeline lineno="86"><highlight class="normal"><sp/><sp/><sp/><sp/></highlight><highlight class="keywordtype">double</highlight><highlight class="normal"><sp/><ref refid="structIRockyModel_1a3caea658ae1557e11ed4e72dc80fb0a2" kindref="member">get_softening_factor</ref>()<sp/></highlight><highlight class="keyword">const</highlight><highlight class="normal">;</highlight></codeline>
<codeline lineno="87"><highlight class="normal"></highlight></codeline>
<codeline lineno="91"><highlight class="normal"><sp/><sp/><sp/><sp/></highlight><highlight class="keywordtype">double</highlight><highlight class="normal"><sp/><ref refid="structIRockyModel_1a6c0be64519ddd583f26570ece5a4aee1" kindref="member">get_timestep</ref>()<sp/></highlight><highlight class="keyword">const</highlight><highlight class="normal">;</highlight></codeline>
<codeline lineno="92"><highlight class="normal"></highlight></codeline>
<codeline lineno="102"><highlight class="normal"><sp/><sp/><sp/><sp/></highlight><highlight class="keywordtype">void</highlight><highlight class="normal"><sp/><ref refid="structIRockyModel_1ada3d1d7b6e1de1d7e4ef0739a1f4dd8a" kindref="member">trigger_update_timestep</ref>()<sp/></highlight><highlight class="keyword">const</highlight><highlight class="normal">;</highlight></codeline>
<codeline lineno="103"><highlight class="normal"></highlight></codeline>
<codeline lineno="107"><highlight class="normal"><sp/><sp/><sp/><sp/></highlight><highlight class="keywordtype">bool</highlight><highlight class="normal"><sp/><ref refid="structIRockyModel_1ac1f146615e6b930769ff4008c4a0bb6c" kindref="member">is_thermal_simulation</ref>()<sp/></highlight><highlight class="keyword">const</highlight><highlight class="normal">;</highlight></codeline>
<codeline lineno="108"><highlight class="normal"></highlight></codeline>
<codeline lineno="113"><highlight class="normal"><sp/><sp/><sp/><sp/></highlight><highlight class="keywordtype">bool</highlight><highlight class="normal"><sp/><ref refid="structIRockyModel_1a021623b1b816354c3fe778f6de07c2e5" kindref="member">has_adhesion</ref>()<sp/></highlight><highlight class="keyword">const</highlight><highlight class="normal">;</highlight></codeline>
<codeline lineno="114"><highlight class="normal"></highlight></codeline>
<codeline lineno="128"><highlight class="normal"><sp/><sp/><sp/><sp/></highlight><highlight class="keywordtype">void</highlight><highlight class="normal"><sp/><ref refid="structIRockyModel_1ac9dd7ca3cdad5289325c080a10bf2ad7" kindref="member">set_adhesive_distance</ref>(</highlight><highlight class="keywordtype">int</highlight><highlight class="normal"><sp/>home_index,<sp/></highlight><highlight class="keywordtype">int</highlight><highlight class="normal"><sp/>near_index,<sp/></highlight><highlight class="keywordtype">double</highlight><highlight class="normal"><sp/>adhesive_distance);</highlight></codeline>
<codeline lineno="129"><highlight class="normal"></highlight></codeline>
<codeline lineno="146"><highlight class="normal"><sp/><sp/><sp/><sp/></highlight><highlight class="keywordtype">void</highlight><highlight class="normal"><sp/><ref refid="structIRockyModel_1a8c30579eb47a2e20abd0fc393b3b2532" kindref="member">set_minimum_restitution_coefficient</ref>(</highlight><highlight class="keywordtype">int</highlight><highlight class="normal"><sp/>home_index,<sp/></highlight><highlight class="keywordtype">int</highlight><highlight class="normal"><sp/>near_index,<sp/></highlight><highlight class="keywordtype">double</highlight><highlight class="normal"><sp/>minimum_restitution);</highlight></codeline>
<codeline lineno="147"><highlight class="normal"></highlight></codeline>
<codeline lineno="148"><highlight class="normal"></highlight></codeline>
<codeline lineno="149"><highlight class="normal"><sp/><sp/><sp/><sp/></highlight><highlight class="comment">//<sp/>Auxiliary<sp/>objects<sp/>--------------------------------------------------------------</highlight><highlight class="normal"></highlight></codeline>
<codeline lineno="150"><highlight class="normal"><sp/><sp/><sp/><sp/><sp/></highlight></codeline>
<codeline lineno="156"><highlight class="normal"><sp/><sp/><sp/><sp/><ref refid="classIRockyInteractionCalculationsData" kindref="compound">IRockyInteractionCalculationsData</ref><sp/><ref refid="structIRockyModel_1ac9a1e9a6ac20f978dd08f6fc67fd0904" kindref="member">get_interactions_data</ref>()<sp/></highlight><highlight class="keyword">const</highlight><highlight class="normal">;</highlight></codeline>
<codeline lineno="157"><highlight class="normal"></highlight></codeline>
<codeline lineno="163"><highlight class="normal"><sp/><sp/><sp/><sp/><ref refid="structIRockyContactDataRecorder" kindref="compound">IRockyContactDataRecorder</ref><sp/><ref refid="structIRockyModel_1a4f71066b464f74b32fb560c8a58dd030" kindref="member">get_contact_data_recorder</ref>()<sp/></highlight><highlight class="keyword">const</highlight><highlight class="normal">;</highlight></codeline>
<codeline lineno="164"><highlight class="normal"></highlight></codeline>
<codeline lineno="165"><highlight class="normal"></highlight></codeline>
<codeline lineno="166"><highlight class="normal"><sp/><sp/><sp/><sp/></highlight><highlight class="comment">//<sp/>Entities<sp/>------------------------------------------------------------</highlight><highlight class="normal"></highlight></codeline>
<codeline lineno="167"><highlight class="normal"></highlight></codeline>
<codeline lineno="172"><highlight class="normal"><sp/><sp/><sp/><sp/></highlight><highlight class="keywordtype">int</highlight><highlight class="normal"><sp/><ref refid="structIRockyModel_1a1b8fe53d49b68f6097261e884fa769c5" kindref="member">get_number_of_particle_groups</ref>()<sp/></highlight><highlight class="keyword">const</highlight><highlight class="normal">;</highlight></codeline>
<codeline lineno="173"><highlight class="normal"></highlight></codeline>
<codeline lineno="177"><highlight class="normal"><sp/><sp/><sp/><sp/></highlight><highlight class="keywordtype">int</highlight><highlight class="normal"><sp/><ref refid="structIRockyModel_1a1c6cf48153d8b8278bcc67c3f31eff7b" kindref="member">get_number_of_particles</ref>()<sp/></highlight><highlight class="keyword">const</highlight><highlight class="normal">;</highlight></codeline>
<codeline lineno="178"><highlight class="normal"></highlight></codeline>
<codeline lineno="182"><highlight class="normal"><sp/><sp/><sp/><sp/></highlight><highlight class="keywordtype">int</highlight><highlight class="normal"><sp/><ref refid="structIRockyModel_1a54b2c41da7a4f9f719ac76fb83f0eb0a" kindref="member">get_number_of_geometries</ref>()<sp/></highlight><highlight class="keyword">const</highlight><highlight class="normal">;</highlight></codeline>
<codeline lineno="183"><highlight class="normal"></highlight></codeline>
<codeline lineno="187"><highlight class="normal"><sp/><sp/><sp/><sp/></highlight><highlight class="keywordtype">int</highlight><highlight class="normal"><sp/><ref refid="structIRockyModel_1a56c275ba379255adc3b2fc2af8ea83d7" kindref="member">get_number_of_materials</ref>()<sp/></highlight><highlight class="keyword">const</highlight><highlight class="normal">;</highlight></codeline>
<codeline lineno="188"><highlight class="normal"></highlight></codeline>
<codeline lineno="193"><highlight class="normal"><sp/><sp/><sp/><sp/></highlight><highlight class="keywordtype">int</highlight><highlight class="normal"><sp/><ref refid="structIRockyModel_1a59425e7004ad5636d9a6dc06e31e288d" kindref="member">get_number_of_material_interactions</ref>()<sp/></highlight><highlight class="keyword">const</highlight><highlight class="normal">;</highlight></codeline>
<codeline lineno="194"><highlight class="normal"></highlight></codeline>
<codeline lineno="199"><highlight class="normal"><sp/><sp/><sp/><sp/>std::string<sp/><ref refid="structIRockyModel_1a7fb2a67e2e5126c5140ce80ede04b713" kindref="member">get_geometry_name</ref>(</highlight><highlight class="keywordtype">int</highlight><highlight class="normal"><sp/>geometry_index)<sp/></highlight><highlight class="keyword">const</highlight><highlight class="normal">;</highlight></codeline>
<codeline lineno="200"><highlight class="normal"></highlight></codeline>
<codeline lineno="205"><highlight class="normal"><sp/><sp/><sp/><sp/>std::string<sp/><ref refid="structIRockyModel_1a04e185eee0bdd70cc84ad48459584823" kindref="member">get_particle_group_name</ref>(</highlight><highlight class="keywordtype">int</highlight><highlight class="normal"><sp/>particle_group_index)<sp/></highlight><highlight class="keyword">const</highlight><highlight class="normal">;</highlight></codeline>
<codeline lineno="206"><highlight class="normal"></highlight></codeline>
<codeline lineno="218"><highlight class="normal"><sp/><sp/><sp/><sp/>EBoundaryType<sp/><ref refid="structIRockyModel_1afa6751b1d56262ace6eab52f3bdcee42" kindref="member">get_geometry_type</ref>(</highlight><highlight class="keywordtype">int</highlight><highlight class="normal"><sp/>geometry_index)<sp/></highlight><highlight class="keyword">const</highlight><highlight class="normal">;</highlight></codeline>
<codeline lineno="219"><highlight class="normal"></highlight></codeline>
<codeline lineno="220"><highlight class="normal"><sp/><sp/><sp/><sp/></highlight><highlight class="comment">//<sp/>Scalars<sp/>------------------------------------------------------------</highlight><highlight class="normal"></highlight></codeline>
<codeline lineno="221"><highlight class="normal"></highlight></codeline>
<codeline lineno="229"><highlight class="normal"><sp/><sp/><sp/><sp/><ref refid="structIRockyParticleScalarsModel" kindref="compound">IRockyParticleScalarsModel</ref><sp/><ref refid="structIRockyModel_1a4788543c01a10a60e17c3623a6847708" kindref="member">get_particle_scalars</ref>()<sp/></highlight><highlight class="keyword">const</highlight><highlight class="normal">;</highlight></codeline>
<codeline lineno="230"><highlight class="normal"></highlight></codeline>
<codeline lineno="231"><highlight class="normal"></highlight></codeline>
<codeline lineno="240"><highlight class="normal"><sp/><sp/><sp/><sp/><ref refid="structIRockyParticleTransferScalarsModel" kindref="compound">IRockyParticleTransferScalarsModel</ref><sp/><ref refid="structIRockyModel_1a9c78ff441fc0220adf389ae4b733c808" kindref="member">get_particle_transfer_scalars</ref>()<sp/></highlight><highlight class="keyword">const</highlight><highlight class="normal">;</highlight></codeline>
<codeline lineno="241"><highlight class="normal"></highlight></codeline>
<codeline lineno="242"><highlight class="normal"></highlight></codeline>
<codeline lineno="250"><highlight class="normal"><sp/><sp/><sp/><sp/><ref refid="structIRockyParticleBreakageScalarsModel" kindref="compound">IRockyParticleBreakageScalarsModel</ref><sp/><ref refid="structIRockyModel_1a1076a0e1ada498f29c18caf6840e520a" kindref="member">get_particle_breakage_scalars</ref>()<sp/></highlight><highlight class="keyword">const</highlight><highlight class="normal">;</highlight></codeline>
<codeline lineno="251"><highlight class="normal"></highlight></codeline>
<codeline lineno="252"><highlight class="normal"></highlight></codeline>
<codeline lineno="260"><highlight class="normal"><sp/><sp/><sp/><sp/><ref refid="structIRockyJointScalarsModel" kindref="compound">IRockyJointScalarsModel</ref><sp/><ref refid="structIRockyModel_1ac6b0ba79dc72914434cfce14b9807e22" kindref="member">get_joint_scalars</ref>()<sp/></highlight><highlight class="keyword">const</highlight><highlight class="normal">;</highlight></codeline>
<codeline lineno="261"><highlight class="normal"></highlight></codeline>
<codeline lineno="269"><highlight class="normal"><sp/><sp/><sp/><sp/><ref refid="structIRockyPairScalarsModel" kindref="compound">IRockyPairScalarsModel</ref><sp/><ref refid="structIRockyModel_1a2fe828d3fb961280069bb549d49a52bc" kindref="member">get_pair_scalars</ref>()<sp/></highlight><highlight class="keyword">const</highlight><highlight class="normal">;</highlight></codeline>
<codeline lineno="270"><highlight class="normal"></highlight></codeline>
<codeline lineno="277"><highlight class="normal"><sp/><sp/><sp/><sp/><ref refid="structIRockyGeometryScalarsModel" kindref="compound">IRockyGeometryScalarsModel</ref><sp/><ref refid="structIRockyModel_1a43441eb2d02d3dc9c691328eef5e99b5" kindref="member">get_geometry_scalars</ref>()<sp/></highlight><highlight class="keyword">const</highlight><highlight class="normal">;</highlight></codeline>
<codeline lineno="278"><highlight class="normal"></highlight></codeline>
<codeline lineno="285"><highlight class="normal"><sp/><sp/><sp/><sp/><ref refid="structIRockyTriangleScalarsModel" kindref="compound">IRockyTriangleScalarsModel</ref><sp/><ref refid="structIRockyModel_1a8a3d81fcb670ecba5ab7ca97e520f0a7" kindref="member">get_triangle_scalars</ref>()<sp/></highlight><highlight class="keyword">const</highlight><highlight class="normal">;</highlight></codeline>
<codeline lineno="286"><highlight class="normal"></highlight></codeline>
<codeline lineno="295"><highlight class="normal"><sp/><sp/><sp/><sp/><ref refid="structIRockyContactScalarsModel" kindref="compound">IRockyContactScalarsModel</ref><sp/><ref refid="structIRockyModel_1a552edce9a8cb94fc20d5286f43f2185b" kindref="member">get_particle_contact_scalars</ref>()<sp/></highlight><highlight class="keyword">const</highlight><highlight class="normal">;</highlight></codeline>
<codeline lineno="296"><highlight class="normal"></highlight></codeline>
<codeline lineno="305"><highlight class="normal"><sp/><sp/><sp/><sp/><ref refid="structIRockyContactScalarsModel" kindref="compound">IRockyContactScalarsModel</ref><sp/><ref refid="structIRockyModel_1a5d2028ca0b20101281cf8124a54509f1" kindref="member">get_triangle_contact_scalars</ref>()<sp/></highlight><highlight class="keyword">const</highlight><highlight class="normal">;</highlight></codeline>
<codeline lineno="306"><highlight class="normal"></highlight></codeline>
<codeline lineno="307"><highlight class="normal"><sp/><sp/><sp/><sp/></highlight><highlight class="comment">//<sp/>Transient<sp/>--------------------------------------------------------------</highlight><highlight class="normal"></highlight></codeline>
<codeline lineno="308"><highlight class="normal"><sp/><sp/><sp/><sp/></highlight></codeline>
<codeline lineno="312"><highlight class="normal"><sp/><sp/><sp/><sp/></highlight><highlight class="keywordtype">double</highlight><highlight class="normal"><sp/><ref refid="structIRockyModel_1a93ef35ae1eb9cf50ca77ab2070a769ab" kindref="member">get_current_time</ref>()<sp/></highlight><highlight class="keyword">const</highlight><highlight class="normal">;</highlight></codeline>
<codeline lineno="313"><highlight class="normal"></highlight></codeline>
<codeline lineno="317"><highlight class="normal"><sp/><sp/><sp/><sp/></highlight><highlight class="keywordtype">double</highlight><highlight class="normal"><sp/><ref refid="structIRockyModel_1ae98c232add53267e07db794e37304a25" kindref="member">get_output_interval</ref>()<sp/></highlight><highlight class="keyword">const</highlight><highlight class="normal">;</highlight></codeline>
<codeline lineno="318"><highlight class="normal"></highlight></codeline>
<codeline lineno="324"><highlight class="normal"><sp/><sp/><sp/><sp/></highlight><highlight class="keywordtype">int</highlight><highlight class="normal"><sp/><ref refid="structIRockyModel_1a38a15145f4f2bb47b79ab785f50d8277" kindref="member">get_number_of_active_particles</ref>()<sp/></highlight><highlight class="keyword">const</highlight><highlight class="normal">;</highlight></codeline>
<codeline lineno="325"><highlight class="normal"></highlight></codeline>
<codeline lineno="332"><highlight class="normal"><sp/><sp/><sp/><sp/></highlight><highlight class="keywordtype">int</highlight><highlight class="normal"><sp/><ref refid="structIRockyModel_1a4bfb9f69ea26364b55aaad33463de669" kindref="member">get_number_of_active_triangles</ref>();</highlight></codeline>
<codeline lineno="333"><highlight class="normal"></highlight></codeline>
<codeline lineno="334"><highlight class="normal"><sp/><sp/><sp/><sp/></highlight><highlight class="comment">//<sp/>OMP<sp/>--------------------------------------------------------------</highlight><highlight class="normal"></highlight></codeline>
<codeline lineno="335"><highlight class="normal"></highlight></codeline>
<codeline lineno="340"><highlight class="normal"><sp/><sp/><sp/><sp/></highlight><highlight class="keywordtype">int</highlight><highlight class="normal"><sp/><ref refid="structIRockyModel_1a5e03d46944ec6e42596ee5f2d5f8aaeb" kindref="member">get_number_of_processes</ref>()<sp/></highlight><highlight class="keyword">const</highlight><highlight class="normal">;</highlight></codeline>
<codeline lineno="341"><highlight class="normal"></highlight></codeline>
<codeline lineno="342"><highlight class="normal"><sp/><sp/><sp/><sp/></highlight><highlight class="comment">//<sp/>CUDA<sp/>--------------------------------------------------------------</highlight><highlight class="normal"></highlight></codeline>
<codeline lineno="343"><highlight class="normal"></highlight></codeline>
<codeline lineno="348"><highlight class="normal"><sp/><sp/><sp/><sp/></highlight><highlight class="keywordtype">int</highlight><highlight class="normal"><sp/><ref refid="structIRockyModel_1a1fd1011aa809fe64647e9cacf1956a11" kindref="member">get_number_of_devices</ref>()<sp/></highlight><highlight class="keyword">const</highlight><highlight class="normal">;</highlight></codeline>
<codeline lineno="349"><highlight class="normal"></highlight></codeline>
<codeline lineno="354"><highlight class="normal"><sp/><sp/><sp/><sp/></highlight><highlight class="keywordtype">int</highlight><highlight class="normal"><sp/><ref refid="structIRockyModel_1ae8f8865c809a31988291f9180d7cda2b" kindref="member">get_device_id</ref>(</highlight><highlight class="keywordtype">int</highlight><highlight class="normal"><sp/>device_index)<sp/></highlight><highlight class="keyword">const</highlight><highlight class="normal">;</highlight></codeline>
<codeline lineno="355"><highlight class="normal"></highlight></codeline>
<codeline lineno="356"><highlight class="normal"><sp/><sp/><sp/><sp/></highlight><highlight class="comment">//<sp/>Point<sp/>Cloud<sp/>--------------------------------------------------------------</highlight><highlight class="normal"></highlight></codeline>
<codeline lineno="357"><highlight class="normal"></highlight></codeline>
<codeline lineno="366"><highlight class="normal"><sp/><sp/><sp/><sp/></highlight><highlight class="keywordtype">int</highlight><highlight class="normal"><sp/><ref refid="structIRockyModel_1ae4797d71a2b43ae408fe83e317f818b7" kindref="member">find_point_cloud</ref>(</highlight><highlight class="keyword">const</highlight><highlight class="normal"><sp/>std::string<sp/>&amp;name);</highlight></codeline>
<codeline lineno="367"><highlight class="normal"></highlight></codeline>
<codeline lineno="380"><highlight class="normal"><sp/><sp/><sp/><sp/></highlight><highlight class="keywordtype">int</highlight><highlight class="normal"><sp/><ref refid="structIRockyModel_1aabdba4a3eee5c51c75c45345f6cf6839" kindref="member">find_point_cloud_property</ref>(</highlight><highlight class="keywordtype">int</highlight><highlight class="normal"><sp/>point_cloud_index,<sp/></highlight><highlight class="keyword">const</highlight><highlight class="normal"><sp/>std::string<sp/>&amp;property_name);</highlight></codeline>
<codeline lineno="381"><highlight class="normal"></highlight></codeline>
<codeline lineno="396"><highlight class="normal"><sp/><sp/><sp/><sp/></highlight><highlight class="keywordtype">void</highlight><highlight class="normal"><sp/><ref refid="structIRockyModel_1a8c57d2cafc46d41dd8477e2521d62b12" kindref="member">set_point_cloud_property_dimension</ref>(</highlight><highlight class="keywordtype">int</highlight><highlight class="normal"><sp/>point_cloud_index,<sp/></highlight><highlight class="keywordtype">int</highlight><highlight class="normal"><sp/>property_index,<sp/></highlight><highlight class="keywordtype">double</highlight><highlight class="normal"><sp/>dimension);</highlight></codeline>
<codeline lineno="397"><highlight class="normal"></highlight></codeline>
<codeline lineno="398"><highlight class="normal"><sp/><sp/><sp/><sp/></highlight><highlight class="comment">//<sp/>Curves<sp/>and<sp/>datasets<sp/>-------------------------------------------------------------------------</highlight><highlight class="normal"></highlight></codeline>
<codeline lineno="399"><highlight class="normal"></highlight></codeline>
<codeline lineno="404"><highlight class="normal"><sp/><sp/><sp/><sp/><ref refid="structIRockyCurveCollectionData" kindref="compound">IRockyCurveCollectionData</ref><sp/><ref refid="structIRockyModel_1a65411ff4a85f74e96457979f8158eccd" kindref="member">get_curve_collections</ref>()<sp/></highlight><highlight class="keyword">const</highlight><highlight class="normal">;</highlight></codeline>
<codeline lineno="405"><highlight class="normal"></highlight></codeline>
<codeline lineno="406"><highlight class="normal"><sp/><sp/><sp/><sp/></highlight><highlight class="comment">//<sp/>Nondimensionalization<sp/>-----------------------------------------------------------------------</highlight><highlight class="normal"></highlight></codeline>
<codeline lineno="407"><highlight class="normal"></highlight></codeline>
<codeline lineno="411"><highlight class="normal"><sp/><sp/><sp/><sp/></highlight><highlight class="keywordtype">double</highlight><highlight class="normal"><sp/><ref refid="structIRockyModel_1acdec4e25234fe0304e441d82ccfc3192" kindref="member">get_length_factor</ref>()<sp/></highlight><highlight class="keyword">const</highlight><highlight class="normal">;</highlight></codeline>
<codeline lineno="412"><highlight class="normal"></highlight></codeline>
<codeline lineno="416"><highlight class="normal"><sp/><sp/><sp/><sp/></highlight><highlight class="keywordtype">double</highlight><highlight class="normal"><sp/><ref refid="structIRockyModel_1ae8c9acf215323ada8de9ff9344b1db94" kindref="member">get_mass_factor</ref>()<sp/></highlight><highlight class="keyword">const</highlight><highlight class="normal">;</highlight></codeline>
<codeline lineno="417"><highlight class="normal"></highlight></codeline>
<codeline lineno="421"><highlight class="normal"><sp/><sp/><sp/><sp/></highlight><highlight class="keywordtype">double</highlight><highlight class="normal"><sp/><ref refid="structIRockyModel_1aadaee25a53bade557d45bf633e995690" kindref="member">get_time_factor</ref>()<sp/></highlight><highlight class="keyword">const</highlight><highlight class="normal">;</highlight></codeline>
<codeline lineno="422"><highlight class="normal"></highlight></codeline>
<codeline lineno="426"><highlight class="normal"><sp/><sp/><sp/><sp/></highlight><highlight class="keywordtype">double</highlight><highlight class="normal"><sp/><ref refid="structIRockyModel_1aa12e90812c32e8092c0a67c28b5cc21b" kindref="member">get_viscosity_factor</ref>()<sp/></highlight><highlight class="keyword">const</highlight><highlight class="normal">;</highlight></codeline>
<codeline lineno="427"><highlight class="normal"></highlight></codeline>
<codeline lineno="431"><highlight class="normal"><sp/><sp/><sp/><sp/></highlight><highlight class="keywordtype">double</highlight><highlight class="normal"><sp/><ref refid="structIRockyModel_1afdf327f827860b500a82c511492d2f1e" kindref="member">get_temperature_factor</ref>()<sp/></highlight><highlight class="keyword">const</highlight><highlight class="normal">;</highlight></codeline>
<codeline lineno="432"><highlight class="normal"></highlight></codeline>
<codeline lineno="436"><highlight class="normal"><sp/><sp/><sp/><sp/></highlight><highlight class="keywordtype">double</highlight><highlight class="normal"><sp/><ref refid="structIRockyModel_1a8800430b5e336d3fd04d0fce83f83883" kindref="member">get_force_factor</ref>()<sp/></highlight><highlight class="keyword">const</highlight><highlight class="normal">;</highlight></codeline>
<codeline lineno="437"><highlight class="normal"></highlight></codeline>
<codeline lineno="441"><highlight class="normal"><sp/><sp/><sp/><sp/></highlight><highlight class="keywordtype">double</highlight><highlight class="normal"><sp/><ref refid="structIRockyModel_1abb53bd424c9e2d61065410a0b2d53b8b" kindref="member">get_pressure_factor</ref>()<sp/></highlight><highlight class="keyword">const</highlight><highlight class="normal">;</highlight></codeline>
<codeline lineno="442"><highlight class="normal"></highlight></codeline>
<codeline lineno="446"><highlight class="normal"><sp/><sp/><sp/><sp/></highlight><highlight class="keywordtype">double</highlight><highlight class="normal"><sp/><ref refid="structIRockyModel_1a9fba76aa437dad8ff9674eedb0b6acc0" kindref="member">get_energy_factor</ref>()<sp/></highlight><highlight class="keyword">const</highlight><highlight class="normal">;</highlight></codeline>
<codeline lineno="447"><highlight class="normal"></highlight></codeline>
<codeline lineno="451"><highlight class="normal"><sp/><sp/><sp/><sp/></highlight><highlight class="keywordtype">double</highlight><highlight class="normal"><sp/><ref refid="structIRockyModel_1a33a082f281ae2ca159cdb420d2fabbb8" kindref="member">get_power_factor</ref>()<sp/></highlight><highlight class="keyword">const</highlight><highlight class="normal">;</highlight></codeline>
<codeline lineno="452"><highlight class="normal"></highlight></codeline>
<codeline lineno="453"><highlight class="normal"></highlight></codeline>
<codeline lineno="455"><highlight class="normal"><sp/><sp/><sp/><sp/>[[deprecated(</highlight><highlight class="stringliteral">&quot;Use<sp/>IRockyCFDModel::get_coupling_mode()<sp/>instead.&quot;</highlight><highlight class="normal">)]]</highlight></codeline>
<codeline lineno="456"><highlight class="normal"><sp/><sp/><sp/><sp/>ECFDCouplingMode<sp/>get_coupling_mode()<sp/></highlight><highlight class="keyword">const</highlight><highlight class="normal">;</highlight></codeline>
<codeline lineno="457"><highlight class="normal"></highlight></codeline>
<codeline lineno="458"><highlight class="normal"><sp/><sp/><sp/><sp/>[[deprecated(</highlight><highlight class="stringliteral">&quot;Use<sp/>IRockyCFDModel::get_fluid_scalars()<sp/>instead.&quot;</highlight><highlight class="normal">)]]</highlight></codeline>
<codeline lineno="459"><highlight class="normal"><sp/><sp/><sp/><sp/><ref refid="structIRockyFluidScalarsModel" kindref="compound">IRockyFluidScalarsModel</ref><sp/>get_fluid_scalars()<sp/></highlight><highlight class="keyword">const</highlight><highlight class="normal">;</highlight></codeline>
<codeline lineno="460"><highlight class="normal"></highlight></codeline>
<codeline lineno="461"><highlight class="normal"><sp/><sp/><sp/><sp/>SDeviceModel<sp/>*get_device_data(</highlight><highlight class="keywordtype">int</highlight><highlight class="normal"><sp/>device_index);</highlight></codeline>
<codeline lineno="462"><highlight class="normal"><sp/><sp/><sp/><sp/>RockyModel<sp/>*_impl;</highlight></codeline>
<codeline lineno="463"><highlight class="normal"><sp/><sp/><sp/><sp/>rocky20::addins::RockyAddinsController*<sp/>addins;</highlight></codeline>
<codeline lineno="464"><highlight class="normal"><sp/><sp/><sp/><sp/><ref refid="structIRockyModel" kindref="compound">~IRockyModel</ref>();</highlight></codeline>
<codeline lineno="465"><highlight class="normal"><sp/><sp/><sp/><sp/></highlight><highlight class="keywordtype">bool</highlight><highlight class="normal"><sp/>update_device_data<sp/>=<sp/></highlight><highlight class="keyword">false</highlight><highlight class="normal">;</highlight></codeline>
<codeline lineno="467"><highlight class="normal">};</highlight></codeline>
<codeline lineno="468"><highlight class="normal"></highlight></codeline>
<codeline lineno="469"><highlight class="normal"></highlight><highlight class="preprocessor">#include<sp/>&quot;rocky_api_functions.h&quot;</highlight><highlight class="normal"></highlight></codeline>
<codeline lineno="470"><highlight class="normal"></highlight><highlight class="preprocessor">#include<sp/>&quot;rocky_timestep_api.h&quot;</highlight><highlight class="normal"></highlight></codeline>
<codeline lineno="471"><highlight class="normal"></highlight><highlight class="preprocessor">#include<sp/>&quot;device/api_backend.hpp&quot;</highlight><highlight class="normal"></highlight></codeline>
<codeline lineno="472"><highlight class="normal"></highlight></codeline>
<codeline lineno="473"><highlight class="normal"></highlight><highlight class="comment">//<sp/>Implementation<sp/>==================================================================================</highlight><highlight class="normal"></highlight></codeline>
<codeline lineno="474"><highlight class="normal"></highlight><highlight class="preprocessor">#include<sp/>&lt;rocky20/api/device/api_omp_contacts.hpp&gt;</highlight><highlight class="normal"></highlight></codeline>
<codeline lineno="475"><highlight class="normal"></highlight></codeline>
<codeline lineno="476"><highlight class="normal"></highlight><highlight class="preprocessor">#ifdef<sp/>ROCKY_CUDA_API</highlight><highlight class="normal"></highlight></codeline>
<codeline lineno="477"><highlight class="normal"></highlight></codeline>
<codeline lineno="478"><highlight class="normal"></highlight><highlight class="preprocessor">#include<sp/>&lt;rocky20/api/device/api_cuda_particles.hpp&gt;</highlight><highlight class="normal"></highlight></codeline>
<codeline lineno="479"><highlight class="normal"></highlight><highlight class="preprocessor">#include<sp/>&lt;rocky20/api/device/api_cuda_triangles.hpp&gt;</highlight><highlight class="normal"></highlight></codeline>
<codeline lineno="480"><highlight class="normal"></highlight><highlight class="preprocessor">#include<sp/>&lt;rocky20/api/device/api_cuda_contacts.hpp&gt;</highlight><highlight class="normal"></highlight></codeline>
<codeline lineno="481"><highlight class="normal"></highlight><highlight class="preprocessor">#include<sp/>&lt;rocky20/api/device/api_cuda_joints.hpp&gt;</highlight><highlight class="normal"></highlight></codeline>
<codeline lineno="482"><highlight class="normal"></highlight></codeline>
<codeline lineno="483"><highlight class="normal"></highlight><highlight class="preprocessor">#else</highlight><highlight class="normal"></highlight></codeline>
<codeline lineno="484"><highlight class="normal"></highlight></codeline>
<codeline lineno="485"><highlight class="normal"></highlight><highlight class="preprocessor">#include<sp/>&lt;rocky20/api/device/api_device_contacts.hpp&gt;</highlight><highlight class="normal"></highlight></codeline>
<codeline lineno="486"><highlight class="normal"></highlight></codeline>
<codeline lineno="487"><highlight class="normal"></highlight><highlight class="preprocessor">#endif</highlight></codeline>
    </programlisting>
    <location file="source/c++/rocky20/api/rocky_api.h"/>
  </compounddef>
</doxygen>
