<?xml version='1.0' encoding='UTF-8' standalone='no'?>
<doxygen xmlns:xsi="http://www.w3.org/2001/XMLSchema-instance" xsi:noNamespaceSchemaLocation="compound.xsd" version="1.10.0" xml:lang="en-US">
  <compounddef id="rocky__particle__scalars_8cpp" kind="file" language="C++">
    <compoundname>rocky_particle_scalars.cpp</compoundname>
    <includes refid="rocky__api_8h" local="yes">rocky_api.h</includes>
    <includes refid="rocky__particle__scalars_8hpp" local="yes">rocky_particle_scalars.hpp</includes>
    <incdepgraph>
      <node id="8">
        <label>rocky20/api/device/api_backend.hpp</label>
        <link refid="api__backend_8hpp_source"/>
        <childnode refid="9" relation="include">
        </childnode>
        <childnode refid="10" relation="include">
        </childnode>
      </node>
      <node id="54">
        <label>rocky20/api/device/api_device_contacts.hpp</label>
        <link refid="api__device__contacts_8hpp_source"/>
        <childnode refid="30" relation="include">
        </childnode>
        <childnode refid="55" relation="include">
        </childnode>
        <childnode refid="25" relation="include">
        </childnode>
      </node>
      <node id="53">
        <label>rocky20/api/device/api_omp_contacts.hpp</label>
        <link refid="api__omp__contacts_8hpp_source"/>
        <childnode refid="51" relation="include">
        </childnode>
        <childnode refid="2" relation="include">
        </childnode>
        <childnode refid="54" relation="include">
        </childnode>
        <childnode refid="10" relation="include">
        </childnode>
      </node>
      <node id="3">
        <label>dll_export.h</label>
        <link refid="dll__export_8h_source"/>
      </node>
      <node id="2">
        <label>rocky_api.h</label>
        <link refid="rocky__api_8h_source"/>
        <childnode refid="3" relation="include">
        </childnode>
        <childnode refid="4" relation="include">
        </childnode>
        <childnode refid="20" relation="include">
        </childnode>
        <childnode refid="26" relation="include">
        </childnode>
        <childnode refid="27" relation="include">
        </childnode>
        <childnode refid="30" relation="include">
        </childnode>
        <childnode refid="21" relation="include">
        </childnode>
        <childnode refid="23" relation="include">
        </childnode>
        <childnode refid="29" relation="include">
        </childnode>
        <childnode refid="35" relation="include">
        </childnode>
        <childnode refid="36" relation="include">
        </childnode>
        <childnode refid="12" relation="include">
        </childnode>
        <childnode refid="37" relation="include">
        </childnode>
        <childnode refid="40" relation="include">
        </childnode>
        <childnode refid="48" relation="include">
        </childnode>
        <childnode refid="49" relation="include">
        </childnode>
        <childnode refid="15" relation="include">
        </childnode>
        <childnode refid="51" relation="include">
        </childnode>
        <childnode refid="8" relation="include">
        </childnode>
        <childnode refid="53" relation="include">
        </childnode>
        <childnode refid="54" relation="include">
        </childnode>
      </node>
      <node id="52">
        <label>rocky_api_contact_functions.h</label>
        <link refid="rocky__api__contact__functions_8h_source"/>
      </node>
      <node id="51">
        <label>rocky_api_functions.h</label>
        <link refid="rocky__api__functions_8h_source"/>
        <childnode refid="3" relation="include">
        </childnode>
        <childnode refid="17" relation="include">
        </childnode>
        <childnode refid="52" relation="include">
        </childnode>
      </node>
      <node id="7">
        <label>rocky20/api/rocky_boundary.hpp</label>
        <link refid="rocky__boundary_8hpp_source"/>
        <childnode refid="6" relation="include">
        </childnode>
        <childnode refid="8" relation="include">
        </childnode>
        <childnode refid="11" relation="include">
        </childnode>
        <childnode refid="12" relation="include">
        </childnode>
      </node>
      <node id="17">
        <label>rocky20/api/rocky_boundary_api.hpp</label>
        <link refid="rocky__boundary__api_8hpp_source"/>
        <childnode refid="18" relation="include">
        </childnode>
        <childnode refid="6" relation="include">
        </childnode>
        <childnode refid="19" relation="include">
        </childnode>
        <childnode refid="7" relation="include">
        </childnode>
      </node>
      <node id="36">
        <label>rocky20/api/rocky_boundary_scalars.hpp</label>
        <link refid="rocky__boundary__scalars_8hpp_source"/>
        <childnode refid="13" relation="include">
        </childnode>
      </node>
      <node id="5">
        <label>rocky20/api/rocky_contact.hpp</label>
        <link refid="rocky__contact_8hpp_source"/>
        <childnode refid="6" relation="include">
        </childnode>
        <childnode refid="7" relation="include">
        </childnode>
        <childnode refid="17" relation="include">
        </childnode>
        <childnode refid="20" relation="include">
        </childnode>
        <childnode refid="21" relation="include">
        </childnode>
        <childnode refid="24" relation="include">
        </childnode>
      </node>
      <node id="4">
        <label>rocky_contact_api.hpp</label>
        <link refid="rocky__contact__api_8hpp_source"/>
        <childnode refid="5" relation="include">
        </childnode>
        <childnode refid="11" relation="include">
        </childnode>
        <childnode refid="25" relation="include">
        </childnode>
      </node>
      <node id="49">
        <label>rocky_contact_data_recorder_api.h</label>
        <link refid="rocky__contact__data__recorder__api_8h_source"/>
        <childnode refid="50" relation="include">
        </childnode>
      </node>
      <node id="20">
        <label>rocky20/api/rocky_contact_scalars.hpp</label>
        <link refid="rocky__contact__scalars_8hpp_source"/>
        <childnode refid="13" relation="include">
        </childnode>
      </node>
      <node id="26">
        <label>rocky_fluid_scalars.hpp</label>
        <link refid="rocky__fluid__scalars_8hpp_source"/>
        <childnode refid="13" relation="include">
        </childnode>
      </node>
      <node id="27">
        <label>rocky_joint_api.hpp</label>
        <link refid="rocky__joint__api_8hpp_source"/>
        <childnode refid="21" relation="include">
        </childnode>
        <childnode refid="28" relation="include">
        </childnode>
        <childnode refid="29" relation="include">
        </childnode>
      </node>
      <node id="29">
        <label>rocky_joint_scalars.hpp</label>
        <link refid="rocky__joint__scalars_8hpp_source"/>
        <childnode refid="13" relation="include">
        </childnode>
      </node>
      <node id="11">
        <label>rocky20/api/rocky_material_api.hpp</label>
        <link refid="rocky__material__api_8hpp_source"/>
        <childnode refid="6" relation="include">
        </childnode>
      </node>
      <node id="31">
        <label>rocky_model.hpp</label>
        <link refid="rocky__model_8hpp_source"/>
        <childnode refid="6" relation="include">
        </childnode>
        <childnode refid="32" relation="include">
        </childnode>
        <childnode refid="35" relation="include">
        </childnode>
        <childnode refid="36" relation="include">
        </childnode>
      </node>
      <node id="30">
        <label>rocky_model_api.hpp</label>
        <link refid="rocky__model__api_8hpp_source"/>
        <childnode refid="31" relation="include">
        </childnode>
        <childnode refid="21" relation="include">
        </childnode>
      </node>
      <node id="40">
        <label>rocky_output_collections_api.hpp</label>
        <link refid="rocky__output__collections__api_8hpp_source"/>
        <childnode refid="41" relation="include">
        </childnode>
        <childnode refid="43" relation="include">
        </childnode>
      </node>
      <node id="43">
        <label>rocky_output_properties.h</label>
        <link refid="rocky__output__properties_8h_source"/>
        <childnode refid="39" relation="include">
        </childnode>
        <childnode refid="44" relation="include">
        </childnode>
        <childnode refid="45" relation="include">
        </childnode>
        <childnode refid="46" relation="include">
        </childnode>
        <childnode refid="47" relation="include">
        </childnode>
      </node>
      <node id="35">
        <label>rocky20/api/rocky_pair_scalars.hpp</label>
        <link refid="rocky__pair__scalars_8hpp_source"/>
        <childnode refid="13" relation="include">
        </childnode>
      </node>
      <node id="22">
        <label>rocky_particle.hpp</label>
        <link refid="rocky__particle_8hpp_source"/>
        <childnode refid="8" relation="include">
        </childnode>
        <childnode refid="23" relation="include">
        </childnode>
        <childnode refid="6" relation="include">
        </childnode>
        <childnode refid="24" relation="include">
        </childnode>
      </node>
      <node id="21">
        <label>rocky20/api/rocky_particle_api.hpp</label>
        <link refid="rocky__particle__api_8hpp_source"/>
        <childnode refid="22" relation="include">
        </childnode>
        <childnode refid="11" relation="include">
        </childnode>
        <childnode refid="23" relation="include">
        </childnode>
      </node>
      <node id="1">
        <label>source/c++/rocky20/api/rocky_particle_scalars.cpp</label>
        <link refid="rocky__particle__scalars_8cpp"/>
        <childnode refid="2" relation="include">
        </childnode>
        <childnode refid="23" relation="include">
        </childnode>
      </node>
      <node id="23">
        <label>rocky20/api/rocky_particle_scalars.hpp</label>
        <link refid="rocky__particle__scalars_8hpp_source"/>
        <childnode refid="13" relation="include">
        </childnode>
      </node>
      <node id="37">
        <label>rocky_plugin_data.h</label>
        <link refid="rocky__plugin__data_8h_source"/>
        <childnode refid="38" relation="include">
        </childnode>
        <childnode refid="39" relation="include">
        </childnode>
      </node>
      <node id="33">
        <label>rocky_point_cloud.h</label>
        <link refid="rocky__point__cloud_8h_source"/>
        <childnode refid="34" relation="include">
        </childnode>
      </node>
      <node id="32">
        <label>rocky20/api/rocky_point_cloud_api.hpp</label>
        <link refid="rocky__point__cloud__api_8hpp_source"/>
        <childnode refid="33" relation="include">
        </childnode>
      </node>
      <node id="13">
        <label>rocky_scalars.h</label>
        <link refid="rocky__scalars_8h_source"/>
        <childnode refid="14" relation="include">
        </childnode>
        <childnode refid="8" relation="include">
        </childnode>
        <childnode refid="15" relation="include">
        </childnode>
      </node>
      <node id="15">
        <label>rocky20/api/rocky_statistics_data.hpp</label>
        <link refid="rocky__statistics__data_8hpp_source"/>
        <childnode refid="16" relation="include">
        </childnode>
        <childnode refid="8" relation="include">
        </childnode>
      </node>
      <node id="41">
        <label>rocky_time_curve_data.hpp</label>
        <link refid="rocky__time__curve__data_8hpp_source"/>
        <childnode refid="42" relation="include">
        </childnode>
      </node>
      <node id="48">
        <label>rocky_timestep_api.h</label>
        <link refid="rocky__timestep__api_8h_source"/>
        <childnode refid="38" relation="include">
        </childnode>
        <childnode refid="44" relation="include">
        </childnode>
      </node>
      <node id="12">
        <label>rocky_triangle_scalars.hpp</label>
        <link refid="rocky__triangle__scalars_8hpp_source"/>
        <childnode refid="13" relation="include">
        </childnode>
      </node>
      <node id="38">
        <label>memory</label>
      </node>
      <node id="42">
        <label>rocky20/addins/rocky_addin.h</label>
      </node>
      <node id="46">
        <label>rocky20/core/utils/rocky_exception.hpp</label>
      </node>
      <node id="18">
        <label>rocky20/core/utils/rocky_math.hpp</label>
      </node>
      <node id="9">
        <label>rocky20/cuda/cuda_basics.hpp</label>
      </node>
      <node id="25">
        <label>rocky20/device/device_contact.hpp</label>
      </node>
      <node id="55">
        <label>rocky20/device/device_forces.hpp</label>
      </node>
      <node id="28">
        <label>rocky20/device/device_joint_api.hpp</label>
      </node>
      <node id="6">
        <label>rocky20/device/device_model.hpp</label>
      </node>
      <node id="19">
        <label>rocky20/device/device_triangles.hpp</label>
      </node>
      <node id="24">
        <label>rocky20/device/element_properties.hpp</label>
      </node>
      <node id="10">
        <label>rocky20/device/omp_backend.hpp</label>
      </node>
      <node id="50">
        <label>rocky20/model/data_recorders.h</label>
      </node>
      <node id="34">
        <label>rocky20/model/point_cloud.h</label>
      </node>
      <node id="45">
        <label>rocky20/model/rocky_enums.h</label>
      </node>
      <node id="14">
        <label>rocky20/model/rocky_model.h</label>
      </node>
      <node id="47">
        <label>rocky20/model/scalars.h</label>
      </node>
      <node id="16">
        <label>rocky20/model/statistics_data.hpp</label>
      </node>
      <node id="39">
        <label>string</label>
      </node>
      <node id="44">
        <label>vector</label>
      </node>
    </incdepgraph>
    <briefdescription>
    </briefdescription>
    <detaileddescription>
    </detaileddescription>
    <programlisting>
<codeline lineno="1"><highlight class="comment">//<sp/>(C)<sp/>2024<sp/>ANSYS,<sp/>Inc.<sp/>Unauthorized<sp/>use,<sp/>distribution,<sp/>or<sp/>duplication<sp/>is<sp/>prohibited.</highlight><highlight class="normal"></highlight></codeline>
<codeline lineno="2"><highlight class="normal"></highlight></codeline>
<codeline lineno="3"><highlight class="normal"></highlight><highlight class="comment">//<sp/>Includes<sp/>========================================================================================</highlight><highlight class="normal"></highlight></codeline>
<codeline lineno="4"><highlight class="normal"></highlight><highlight class="preprocessor">#include<sp/>&quot;rocky_api.h&quot;</highlight><highlight class="normal"></highlight></codeline>
<codeline lineno="5"><highlight class="normal"></highlight><highlight class="preprocessor">#include<sp/>&quot;rocky_particle_scalars.hpp&quot;</highlight><highlight class="normal"></highlight></codeline>
<codeline lineno="6"><highlight class="normal"></highlight></codeline>
<codeline lineno="7"><highlight class="normal"></highlight><highlight class="comment">//<sp/>=================================================================================================</highlight><highlight class="normal"></highlight></codeline>
<codeline lineno="8"><highlight class="normal"></highlight><highlight class="comment">//<sp/>IRockyParticleScalarsModel</highlight><highlight class="normal"></highlight></codeline>
<codeline lineno="9"><highlight class="normal"></highlight><highlight class="comment">//<sp/>=================================================================================================</highlight><highlight class="normal"></highlight></codeline>
<codeline lineno="10"><highlight class="normal"></highlight></codeline>
<codeline lineno="11"><highlight class="normal"></highlight><highlight class="keywordtype">void</highlight><highlight class="normal"><sp/><ref refid="structIRockyParticleScalarsModel_1a82310007a102c845cbb5e6163a8863b0" kindref="member">IRockyParticleScalarsModel::enable_mass_increment</ref>()</highlight></codeline>
<codeline lineno="12"><highlight class="normal">{</highlight></codeline>
<codeline lineno="13"><highlight class="normal"><sp/><sp/><sp/><sp/>this-&gt;_impl.enable_scalars(KnownParticleScalars::MassIncrement);</highlight></codeline>
<codeline lineno="14"><highlight class="normal">}</highlight></codeline>
<codeline lineno="15"><highlight class="normal"></highlight></codeline>
<codeline lineno="16"><highlight class="normal"></highlight><highlight class="keywordtype">void</highlight><highlight class="normal"><sp/><ref refid="structIRockyParticleScalarsModel_1ab60645cee4e4e0dc368f0f11bc9b75d9" kindref="member">IRockyParticleScalarsModel::enable_volume_increment</ref>()</highlight></codeline>
<codeline lineno="17"><highlight class="normal">{</highlight></codeline>
<codeline lineno="18"><highlight class="normal"><sp/><sp/><sp/><sp/>this-&gt;_impl.enable_scalars(KnownParticleScalars::VolumeIncrement);</highlight></codeline>
<codeline lineno="19"><highlight class="normal">}</highlight></codeline>
<codeline lineno="20"><highlight class="normal"></highlight></codeline>
<codeline lineno="21"><highlight class="normal"></highlight><highlight class="keywordtype">void</highlight><highlight class="normal"><sp/><ref refid="structIRockyParticleScalarsModel_1aa415607030884508e190c512b1218856" kindref="member">IRockyParticleScalarsModel::enable_variable_thermal_conductivity</ref>()</highlight></codeline>
<codeline lineno="22"><highlight class="normal">{</highlight></codeline>
<codeline lineno="23"><highlight class="normal"><sp/><sp/><sp/><sp/>this-&gt;_impl.enable_thermal_conductivity();</highlight></codeline>
<codeline lineno="24"><highlight class="normal">}</highlight></codeline>
<codeline lineno="25"><highlight class="normal"></highlight></codeline>
<codeline lineno="26"><highlight class="normal"></highlight><highlight class="keywordtype">void</highlight><highlight class="normal"><sp/><ref refid="structIRockyParticleScalarsModel_1acd067b0a46a10fd2c931702257974e2b" kindref="member">IRockyParticleScalarsModel::enable_variable_poisson_ratio</ref>()</highlight></codeline>
<codeline lineno="27"><highlight class="normal">{</highlight></codeline>
<codeline lineno="28"><highlight class="normal"><sp/><sp/><sp/><sp/>this-&gt;_impl.enable_poisson_ratio();</highlight></codeline>
<codeline lineno="29"><highlight class="normal">}</highlight></codeline>
<codeline lineno="30"><highlight class="normal"></highlight></codeline>
<codeline lineno="31"><highlight class="normal"></highlight><highlight class="keywordtype">void</highlight><highlight class="normal"><sp/><ref refid="structIRockyParticleScalarsModel_1a7527c9be8d999b23208f43917f13a5a0" kindref="member">IRockyParticleScalarsModel::enable_variable_specific_heat</ref>()</highlight></codeline>
<codeline lineno="32"><highlight class="normal">{</highlight></codeline>
<codeline lineno="33"><highlight class="normal"><sp/><sp/><sp/><sp/>this-&gt;_impl.enable_specific_heat();</highlight></codeline>
<codeline lineno="34"><highlight class="normal">}</highlight></codeline>
<codeline lineno="35"><highlight class="normal"></highlight></codeline>
<codeline lineno="36"><highlight class="normal"></highlight><highlight class="keywordtype">void</highlight><highlight class="normal"><sp/>IRockyParticleScalarsModel::enable_minimum_t10()</highlight></codeline>
<codeline lineno="37"><highlight class="normal">{</highlight></codeline>
<codeline lineno="38"><highlight class="normal"><sp/><sp/><sp/><sp/>this-&gt;_impl.enable_scalars(KnownParticleScalars::MinimumT10);</highlight></codeline>
<codeline lineno="39"><highlight class="normal">}</highlight></codeline>
<codeline lineno="40"><highlight class="normal"></highlight></codeline>
<codeline lineno="41"><highlight class="normal">IRockyParticleScalarsModel::IRockyParticleScalarsModel(RockyModel*<sp/>solver_model)</highlight></codeline>
<codeline lineno="42"><highlight class="normal"><sp/><sp/><sp/><sp/>:<sp/>ScalarsModel&lt;rocky20::ParticleScalarsController&gt;(solver_model-&gt;particle_scalars_controller,</highlight></codeline>
<codeline lineno="43"><highlight class="normal"><sp/><sp/><sp/><sp/>solver_model-&gt;gpu_device_ids)</highlight></codeline>
<codeline lineno="44"><highlight class="normal">{</highlight></codeline>
<codeline lineno="45"><highlight class="normal">}</highlight></codeline>
<codeline lineno="46"><highlight class="normal"></highlight></codeline>
<codeline lineno="47"><highlight class="normal"></highlight><highlight class="comment">//<sp/>=================================================================================================</highlight><highlight class="normal"></highlight></codeline>
<codeline lineno="48"><highlight class="normal"></highlight><highlight class="comment">//<sp/>IRockyParticleTransferScalarsModel</highlight><highlight class="normal"></highlight></codeline>
<codeline lineno="49"><highlight class="normal"></highlight><highlight class="comment">//<sp/>=================================================================================================</highlight><highlight class="normal"></highlight></codeline>
<codeline lineno="50"><highlight class="normal"></highlight></codeline>
<codeline lineno="51"><highlight class="normal">IRockyParticleTransferScalarsModel::IRockyParticleTransferScalarsModel(RockyModel*<sp/>solver_model)</highlight></codeline>
<codeline lineno="52"><highlight class="normal"><sp/><sp/><sp/><sp/>:<sp/>ScalarsModel&lt;rocky20::ParticleTransferScalarsController&gt;(</highlight></codeline>
<codeline lineno="53"><highlight class="normal"><sp/><sp/><sp/><sp/><sp/><sp/><sp/><sp/>solver_model-&gt;particle_transfer_scalars_controller,<sp/>solver_model-&gt;gpu_device_ids)</highlight></codeline>
<codeline lineno="54"><highlight class="normal">{</highlight></codeline>
<codeline lineno="55"><highlight class="normal">}</highlight></codeline>
<codeline lineno="56"><highlight class="normal"></highlight></codeline>
<codeline lineno="57"><highlight class="normal"></highlight><highlight class="comment">//<sp/>=================================================================================================</highlight><highlight class="normal"></highlight></codeline>
<codeline lineno="58"><highlight class="normal"></highlight><highlight class="comment">//<sp/>IRockyParticleBreakageScalarsModel</highlight><highlight class="normal"></highlight></codeline>
<codeline lineno="59"><highlight class="normal"></highlight><highlight class="comment">//<sp/>=================================================================================================</highlight><highlight class="normal"></highlight></codeline>
<codeline lineno="60"><highlight class="normal"></highlight></codeline>
<codeline lineno="61"><highlight class="normal"></highlight><highlight class="keywordtype">void</highlight><highlight class="normal"><sp/><ref refid="structIRockyParticleBreakageScalarsModel_1a360827c2e0c1a676e3a8c6be6ed26362" kindref="member">IRockyParticleBreakageScalarsModel::enable_t10</ref>()</highlight></codeline>
<codeline lineno="62"><highlight class="normal">{</highlight></codeline>
<codeline lineno="63"><highlight class="normal"><sp/><sp/><sp/><sp/>this-&gt;_impl.enable_t10();</highlight></codeline>
<codeline lineno="64"><highlight class="normal">}</highlight></codeline>
<codeline lineno="65"><highlight class="normal"></highlight></codeline>
<codeline lineno="66"><highlight class="normal">IRockyParticleBreakageScalarsModel::IRockyParticleBreakageScalarsModel(RockyModel*<sp/>solver_model)</highlight></codeline>
<codeline lineno="67"><highlight class="normal"><sp/><sp/><sp/><sp/>:<sp/>ScalarsModel&lt;rocky20::ParticleBreakageScalarsController&gt;(</highlight></codeline>
<codeline lineno="68"><highlight class="normal"><sp/><sp/><sp/><sp/><sp/><sp/><sp/><sp/>solver_model-&gt;particle_breakage_scalars_controller,<sp/>solver_model-&gt;gpu_device_ids)</highlight></codeline>
<codeline lineno="69"><highlight class="normal">{</highlight></codeline>
<codeline lineno="70"><highlight class="normal">}</highlight></codeline>
<codeline lineno="71"><highlight class="normal"></highlight></codeline>
    </programlisting>
    <location file="source/c++/rocky20/api/rocky_particle_scalars.cpp"/>
  </compounddef>
</doxygen>
