<?xml version='1.0' encoding='UTF-8' standalone='no'?>
<doxygen xmlns:xsi="http://www.w3.org/2001/XMLSchema-instance" xsi:noNamespaceSchemaLocation="compound.xsd" version="1.10.0" xml:lang="en-US">
  <compounddef id="rocky__sph__model__api_8cpp" kind="file" language="C++">
    <compoundname>rocky_sph_model_api.cpp</compoundname>
    <includes refid="rocky__api_8h" local="yes">rocky20/api/rocky_api.h</includes>
    <includes refid="rocky__sph__model__api_8hpp" local="yes">rocky_sph_model_api.hpp</includes>
    <incdepgraph>
      <node id="8">
        <label>rocky20/api/device/api_backend.hpp</label>
        <link refid="api__backend_8hpp_source"/>
        <childnode refid="9" relation="include">
        </childnode>
        <childnode refid="10" relation="include">
        </childnode>
      </node>
      <node id="54">
        <label>rocky20/api/device/api_device_contacts.hpp</label>
        <link refid="api__device__contacts_8hpp_source"/>
        <childnode refid="30" relation="include">
        </childnode>
        <childnode refid="55" relation="include">
        </childnode>
        <childnode refid="25" relation="include">
        </childnode>
      </node>
      <node id="53">
        <label>rocky20/api/device/api_omp_contacts.hpp</label>
        <link refid="api__omp__contacts_8hpp_source"/>
        <childnode refid="51" relation="include">
        </childnode>
        <childnode refid="2" relation="include">
        </childnode>
        <childnode refid="54" relation="include">
        </childnode>
        <childnode refid="10" relation="include">
        </childnode>
      </node>
      <node id="3">
        <label>dll_export.h</label>
        <link refid="dll__export_8h_source"/>
      </node>
      <node id="2">
        <label>rocky20/api/rocky_api.h</label>
        <link refid="rocky__api_8h_source"/>
        <childnode refid="3" relation="include">
        </childnode>
        <childnode refid="4" relation="include">
        </childnode>
        <childnode refid="20" relation="include">
        </childnode>
        <childnode refid="26" relation="include">
        </childnode>
        <childnode refid="27" relation="include">
        </childnode>
        <childnode refid="30" relation="include">
        </childnode>
        <childnode refid="21" relation="include">
        </childnode>
        <childnode refid="23" relation="include">
        </childnode>
        <childnode refid="29" relation="include">
        </childnode>
        <childnode refid="35" relation="include">
        </childnode>
        <childnode refid="36" relation="include">
        </childnode>
        <childnode refid="12" relation="include">
        </childnode>
        <childnode refid="37" relation="include">
        </childnode>
        <childnode refid="40" relation="include">
        </childnode>
        <childnode refid="48" relation="include">
        </childnode>
        <childnode refid="49" relation="include">
        </childnode>
        <childnode refid="15" relation="include">
        </childnode>
        <childnode refid="51" relation="include">
        </childnode>
        <childnode refid="8" relation="include">
        </childnode>
        <childnode refid="53" relation="include">
        </childnode>
        <childnode refid="54" relation="include">
        </childnode>
      </node>
      <node id="52">
        <label>rocky_api_contact_functions.h</label>
        <link refid="rocky__api__contact__functions_8h_source"/>
      </node>
      <node id="51">
        <label>rocky_api_functions.h</label>
        <link refid="rocky__api__functions_8h_source"/>
        <childnode refid="3" relation="include">
        </childnode>
        <childnode refid="17" relation="include">
        </childnode>
        <childnode refid="52" relation="include">
        </childnode>
      </node>
      <node id="7">
        <label>rocky20/api/rocky_boundary.hpp</label>
        <link refid="rocky__boundary_8hpp_source"/>
        <childnode refid="6" relation="include">
        </childnode>
        <childnode refid="8" relation="include">
        </childnode>
        <childnode refid="11" relation="include">
        </childnode>
        <childnode refid="12" relation="include">
        </childnode>
      </node>
      <node id="17">
        <label>rocky20/api/rocky_boundary_api.hpp</label>
        <link refid="rocky__boundary__api_8hpp_source"/>
        <childnode refid="18" relation="include">
        </childnode>
        <childnode refid="6" relation="include">
        </childnode>
        <childnode refid="19" relation="include">
        </childnode>
        <childnode refid="7" relation="include">
        </childnode>
      </node>
      <node id="36">
        <label>rocky20/api/rocky_boundary_scalars.hpp</label>
        <link refid="rocky__boundary__scalars_8hpp_source"/>
        <childnode refid="13" relation="include">
        </childnode>
      </node>
      <node id="5">
        <label>rocky20/api/rocky_contact.hpp</label>
        <link refid="rocky__contact_8hpp_source"/>
        <childnode refid="6" relation="include">
        </childnode>
        <childnode refid="7" relation="include">
        </childnode>
        <childnode refid="17" relation="include">
        </childnode>
        <childnode refid="20" relation="include">
        </childnode>
        <childnode refid="21" relation="include">
        </childnode>
        <childnode refid="24" relation="include">
        </childnode>
      </node>
      <node id="4">
        <label>rocky_contact_api.hpp</label>
        <link refid="rocky__contact__api_8hpp_source"/>
        <childnode refid="5" relation="include">
        </childnode>
        <childnode refid="11" relation="include">
        </childnode>
        <childnode refid="25" relation="include">
        </childnode>
      </node>
      <node id="49">
        <label>rocky_contact_data_recorder_api.h</label>
        <link refid="rocky__contact__data__recorder__api_8h_source"/>
        <childnode refid="50" relation="include">
        </childnode>
      </node>
      <node id="20">
        <label>rocky20/api/rocky_contact_scalars.hpp</label>
        <link refid="rocky__contact__scalars_8hpp_source"/>
        <childnode refid="13" relation="include">
        </childnode>
      </node>
      <node id="26">
        <label>rocky_fluid_scalars.hpp</label>
        <link refid="rocky__fluid__scalars_8hpp_source"/>
        <childnode refid="13" relation="include">
        </childnode>
      </node>
      <node id="27">
        <label>rocky_joint_api.hpp</label>
        <link refid="rocky__joint__api_8hpp_source"/>
        <childnode refid="21" relation="include">
        </childnode>
        <childnode refid="28" relation="include">
        </childnode>
        <childnode refid="29" relation="include">
        </childnode>
      </node>
      <node id="29">
        <label>rocky_joint_scalars.hpp</label>
        <link refid="rocky__joint__scalars_8hpp_source"/>
        <childnode refid="13" relation="include">
        </childnode>
      </node>
      <node id="11">
        <label>rocky20/api/rocky_material_api.hpp</label>
        <link refid="rocky__material__api_8hpp_source"/>
        <childnode refid="6" relation="include">
        </childnode>
      </node>
      <node id="31">
        <label>rocky_model.hpp</label>
        <link refid="rocky__model_8hpp_source"/>
        <childnode refid="6" relation="include">
        </childnode>
        <childnode refid="32" relation="include">
        </childnode>
        <childnode refid="35" relation="include">
        </childnode>
        <childnode refid="36" relation="include">
        </childnode>
      </node>
      <node id="30">
        <label>rocky_model_api.hpp</label>
        <link refid="rocky__model__api_8hpp_source"/>
        <childnode refid="31" relation="include">
        </childnode>
        <childnode refid="21" relation="include">
        </childnode>
      </node>
      <node id="40">
        <label>rocky_output_collections_api.hpp</label>
        <link refid="rocky__output__collections__api_8hpp_source"/>
        <childnode refid="41" relation="include">
        </childnode>
        <childnode refid="43" relation="include">
        </childnode>
      </node>
      <node id="43">
        <label>rocky_output_properties.h</label>
        <link refid="rocky__output__properties_8h_source"/>
        <childnode refid="39" relation="include">
        </childnode>
        <childnode refid="44" relation="include">
        </childnode>
        <childnode refid="45" relation="include">
        </childnode>
        <childnode refid="46" relation="include">
        </childnode>
        <childnode refid="47" relation="include">
        </childnode>
      </node>
      <node id="35">
        <label>rocky20/api/rocky_pair_scalars.hpp</label>
        <link refid="rocky__pair__scalars_8hpp_source"/>
        <childnode refid="13" relation="include">
        </childnode>
      </node>
      <node id="22">
        <label>rocky_particle.hpp</label>
        <link refid="rocky__particle_8hpp_source"/>
        <childnode refid="8" relation="include">
        </childnode>
        <childnode refid="23" relation="include">
        </childnode>
        <childnode refid="6" relation="include">
        </childnode>
        <childnode refid="24" relation="include">
        </childnode>
      </node>
      <node id="21">
        <label>rocky20/api/rocky_particle_api.hpp</label>
        <link refid="rocky__particle__api_8hpp_source"/>
        <childnode refid="22" relation="include">
        </childnode>
        <childnode refid="11" relation="include">
        </childnode>
        <childnode refid="23" relation="include">
        </childnode>
      </node>
      <node id="23">
        <label>rocky20/api/rocky_particle_scalars.hpp</label>
        <link refid="rocky__particle__scalars_8hpp_source"/>
        <childnode refid="13" relation="include">
        </childnode>
      </node>
      <node id="37">
        <label>rocky_plugin_data.h</label>
        <link refid="rocky__plugin__data_8h_source"/>
        <childnode refid="38" relation="include">
        </childnode>
        <childnode refid="39" relation="include">
        </childnode>
      </node>
      <node id="33">
        <label>rocky_point_cloud.h</label>
        <link refid="rocky__point__cloud_8h_source"/>
        <childnode refid="34" relation="include">
        </childnode>
      </node>
      <node id="32">
        <label>rocky20/api/rocky_point_cloud_api.hpp</label>
        <link refid="rocky__point__cloud__api_8hpp_source"/>
        <childnode refid="33" relation="include">
        </childnode>
      </node>
      <node id="13">
        <label>rocky_scalars.h</label>
        <link refid="rocky__scalars_8h_source"/>
        <childnode refid="14" relation="include">
        </childnode>
        <childnode refid="8" relation="include">
        </childnode>
        <childnode refid="15" relation="include">
        </childnode>
      </node>
      <node id="15">
        <label>rocky20/api/rocky_statistics_data.hpp</label>
        <link refid="rocky__statistics__data_8hpp_source"/>
        <childnode refid="16" relation="include">
        </childnode>
        <childnode refid="8" relation="include">
        </childnode>
      </node>
      <node id="41">
        <label>rocky_time_curve_data.hpp</label>
        <link refid="rocky__time__curve__data_8hpp_source"/>
        <childnode refid="42" relation="include">
        </childnode>
      </node>
      <node id="48">
        <label>rocky_timestep_api.h</label>
        <link refid="rocky__timestep__api_8h_source"/>
        <childnode refid="38" relation="include">
        </childnode>
        <childnode refid="44" relation="include">
        </childnode>
      </node>
      <node id="12">
        <label>rocky_triangle_scalars.hpp</label>
        <link refid="rocky__triangle__scalars_8hpp_source"/>
        <childnode refid="13" relation="include">
        </childnode>
      </node>
      <node id="60">
        <label>rocky_sph_element.hpp</label>
        <link refid="rocky__sph__element_8hpp_source"/>
        <childnode refid="8" relation="include">
        </childnode>
        <childnode refid="22" relation="include">
        </childnode>
        <childnode refid="6" relation="include">
        </childnode>
        <childnode refid="61" relation="include">
        </childnode>
      </node>
      <node id="59">
        <label>rocky_sph_element_api.hpp</label>
        <link refid="rocky__sph__element__api_8hpp_source"/>
        <childnode refid="60" relation="include">
        </childnode>
        <childnode refid="57" relation="include">
        </childnode>
        <childnode refid="21" relation="include">
        </childnode>
      </node>
      <node id="57">
        <label>rocky_sph_element_scalars.hpp</label>
        <link refid="rocky__sph__element__scalars_8hpp_source"/>
        <childnode refid="13" relation="include">
        </childnode>
        <childnode refid="58" relation="include">
        </childnode>
      </node>
      <node id="62">
        <label>rocky_sph_model.hpp</label>
        <link refid="rocky__sph__model_8hpp_source"/>
        <childnode refid="6" relation="include">
        </childnode>
        <childnode refid="61" relation="include">
        </childnode>
      </node>
      <node id="1">
        <label>source/c++/rocky20/api/sph/rocky_sph_model_api.cpp</label>
        <link refid="rocky__sph__model__api_8cpp"/>
        <childnode refid="2" relation="include">
        </childnode>
        <childnode refid="56" relation="include">
        </childnode>
      </node>
      <node id="56">
        <label>rocky_sph_model_api.hpp</label>
        <link refid="rocky__sph__model__api_8hpp_source"/>
        <childnode refid="21" relation="include">
        </childnode>
        <childnode refid="32" relation="include">
        </childnode>
        <childnode refid="57" relation="include">
        </childnode>
        <childnode refid="59" relation="include">
        </childnode>
        <childnode refid="62" relation="include">
        </childnode>
      </node>
      <node id="38">
        <label>memory</label>
      </node>
      <node id="42">
        <label>rocky20/addins/rocky_addin.h</label>
      </node>
      <node id="46">
        <label>rocky20/core/utils/rocky_exception.hpp</label>
      </node>
      <node id="18">
        <label>rocky20/core/utils/rocky_math.hpp</label>
      </node>
      <node id="9">
        <label>rocky20/cuda/cuda_basics.hpp</label>
      </node>
      <node id="25">
        <label>rocky20/device/device_contact.hpp</label>
      </node>
      <node id="55">
        <label>rocky20/device/device_forces.hpp</label>
      </node>
      <node id="28">
        <label>rocky20/device/device_joint_api.hpp</label>
      </node>
      <node id="6">
        <label>rocky20/device/device_model.hpp</label>
      </node>
      <node id="19">
        <label>rocky20/device/device_triangles.hpp</label>
      </node>
      <node id="24">
        <label>rocky20/device/element_properties.hpp</label>
      </node>
      <node id="10">
        <label>rocky20/device/omp_backend.hpp</label>
      </node>
      <node id="50">
        <label>rocky20/model/data_recorders.h</label>
      </node>
      <node id="34">
        <label>rocky20/model/point_cloud.h</label>
      </node>
      <node id="45">
        <label>rocky20/model/rocky_enums.h</label>
      </node>
      <node id="14">
        <label>rocky20/model/rocky_model.h</label>
      </node>
      <node id="47">
        <label>rocky20/model/scalars.h</label>
      </node>
      <node id="16">
        <label>rocky20/model/statistics_data.hpp</label>
      </node>
      <node id="61">
        <label>rocky20/sph/sph_model.h</label>
      </node>
      <node id="58">
        <label>rocky20/sph/sph_particle_scalars.h</label>
      </node>
      <node id="39">
        <label>string</label>
      </node>
      <node id="44">
        <label>vector</label>
      </node>
    </incdepgraph>
    <briefdescription>
    </briefdescription>
    <detaileddescription>
    </detaileddescription>
    <programlisting>
<codeline lineno="1"><highlight class="comment">//<sp/>(C)<sp/>2024<sp/>ANSYS,<sp/>Inc.<sp/>Unauthorized<sp/>use,<sp/>distribution,<sp/>or<sp/>duplication<sp/>is<sp/>prohibited.</highlight><highlight class="normal"></highlight></codeline>
<codeline lineno="2"><highlight class="normal"></highlight><highlight class="preprocessor">#include<sp/>&quot;rocky20/api/rocky_api.h&quot;</highlight><highlight class="normal"></highlight></codeline>
<codeline lineno="3"><highlight class="normal"></highlight></codeline>
<codeline lineno="4"><highlight class="normal"></highlight><highlight class="preprocessor">#include<sp/>&quot;rocky_sph_model_api.hpp&quot;</highlight><highlight class="normal"></highlight></codeline>
<codeline lineno="5"><highlight class="normal"></highlight></codeline>
<codeline lineno="6"><highlight class="normal"></highlight><highlight class="comment">//<sp/>SPH<sp/>element<sp/>scalars</highlight><highlight class="normal"></highlight></codeline>
<codeline lineno="7"><highlight class="normal"><ref refid="structIRockySPHElementScalarsModel" kindref="compound">IRockySPHElementScalarsModel</ref><sp/><ref refid="structIRockySPHModel_1a60758ee9b344fcc7c76b500c0ac8f1cc" kindref="member">IRockySPHModel::get_sph_element_scalars</ref>()</highlight><highlight class="keyword"><sp/>const</highlight></codeline>
<codeline lineno="8"><highlight class="keyword"></highlight><highlight class="normal">{</highlight></codeline>
<codeline lineno="9"><highlight class="normal"><sp/><sp/><sp/><sp/></highlight><highlight class="keywordflow">return</highlight><highlight class="normal"><sp/><ref refid="structIRockySPHElementScalarsModel" kindref="compound">IRockySPHElementScalarsModel</ref>(this-&gt;_impl,<sp/>this-&gt;_device_ids);</highlight></codeline>
<codeline lineno="10"><highlight class="normal">}</highlight></codeline>
<codeline lineno="11"><highlight class="normal"></highlight></codeline>
<codeline lineno="12"><highlight class="normal"></highlight><highlight class="comment">//<sp/>Entities</highlight><highlight class="normal"></highlight></codeline>
<codeline lineno="13"><highlight class="normal"></highlight></codeline>
<codeline lineno="14"><highlight class="normal"></highlight><highlight class="keywordtype">int</highlight><highlight class="normal"><sp/><ref refid="structIRockySPHModel_1a5a3c1e8c7b54f79f6803fb25799cbd6d" kindref="member">IRockySPHModel::get_number_of_sph_elements</ref>()</highlight><highlight class="keyword"><sp/>const</highlight></codeline>
<codeline lineno="15"><highlight class="keyword"></highlight><highlight class="normal">{</highlight></codeline>
<codeline lineno="16"><highlight class="normal"><sp/><sp/><sp/><sp/></highlight><highlight class="keywordflow">return</highlight><highlight class="normal"><sp/>this-&gt;_impl-&gt;gen_sph.nprt;</highlight></codeline>
<codeline lineno="17"><highlight class="normal">}</highlight></codeline>
<codeline lineno="18"><highlight class="normal"></highlight></codeline>
<codeline lineno="19"><highlight class="normal"></highlight><highlight class="keywordtype">int</highlight><highlight class="normal"><sp/><ref refid="structIRockySPHModel_1a53aabea7b2fb880bf83924a036badac7" kindref="member">IRockySPHModel::get_number_of_active_sph_elements</ref>()</highlight><highlight class="keyword"><sp/>const</highlight></codeline>
<codeline lineno="20"><highlight class="keyword"></highlight><highlight class="normal">{</highlight></codeline>
<codeline lineno="21"><highlight class="normal"><sp/><sp/><sp/><sp/></highlight><highlight class="keywordflow">return</highlight><highlight class="normal"><sp/>this-&gt;_impl-&gt;gen_sph.nprt_active;</highlight></codeline>
<codeline lineno="22"><highlight class="normal">}</highlight></codeline>
<codeline lineno="23"><highlight class="normal"></highlight></codeline>
<codeline lineno="24"><highlight class="normal"></highlight><highlight class="keywordtype">int</highlight><highlight class="normal"><sp/><ref refid="structIRockySPHModel_1a832524def72a3d2da3bd449d5fb74368" kindref="member">IRockySPHModel::get_number_of_active_linked_sph_elements</ref>()</highlight><highlight class="keyword"><sp/>const</highlight></codeline>
<codeline lineno="25"><highlight class="keyword"></highlight><highlight class="normal">{</highlight></codeline>
<codeline lineno="26"><highlight class="normal"><sp/><sp/><sp/><sp/></highlight><highlight class="keywordflow">return</highlight><highlight class="normal"><sp/>this-&gt;_impl-&gt;gen_sph.nprt_couple_active;</highlight></codeline>
<codeline lineno="27"><highlight class="normal">}</highlight></codeline>
<codeline lineno="28"><highlight class="normal"></highlight></codeline>
<codeline lineno="29"><highlight class="normal"></highlight><highlight class="keywordtype">int</highlight><highlight class="normal"><sp/><ref refid="structIRockySPHModel_1a5f6419ca48c0e300e03e6820934a1718" kindref="member">IRockySPHModel::get_number_of_active_free_sph_elements</ref>()</highlight><highlight class="keyword"><sp/>const</highlight></codeline>
<codeline lineno="30"><highlight class="keyword"></highlight><highlight class="normal">{</highlight></codeline>
<codeline lineno="31"><highlight class="normal"><sp/><sp/><sp/><sp/></highlight><highlight class="keywordflow">return</highlight><highlight class="normal"><sp/>this-&gt;_impl-&gt;gen_sph.nprt_active<sp/>-<sp/>this-&gt;_impl-&gt;gen_sph.nprt_couple_active;</highlight></codeline>
<codeline lineno="32"><highlight class="normal">}</highlight></codeline>
<codeline lineno="33"><highlight class="normal"></highlight></codeline>
<codeline lineno="34"><highlight class="normal">ESPHKernelType<sp/><ref refid="structIRockySPHModel_1a513d780295b0089e4d2814cc660f5c78" kindref="member">IRockySPHModel::get_kernel_type</ref>()</highlight><highlight class="keyword"><sp/>const</highlight></codeline>
<codeline lineno="35"><highlight class="keyword"></highlight><highlight class="normal">{</highlight></codeline>
<codeline lineno="36"><highlight class="normal"><sp/><sp/><sp/><sp/></highlight><highlight class="keywordflow">return</highlight><highlight class="normal"><sp/>this-&gt;_impl-&gt;gen_sph.kern_type;</highlight></codeline>
<codeline lineno="37"><highlight class="normal">}</highlight></codeline>
<codeline lineno="38"><highlight class="normal"></highlight></codeline>
<codeline lineno="39"><highlight class="normal"></highlight><highlight class="keywordtype">float</highlight><highlight class="normal"><sp/><ref refid="structIRockySPHModel_1a212b6dd01fb2421258372058df86ccd6" kindref="member">IRockySPHModel::get_initial_element_spacing</ref>()</highlight><highlight class="keyword"><sp/>const</highlight></codeline>
<codeline lineno="40"><highlight class="keyword"></highlight><highlight class="normal">{</highlight></codeline>
<codeline lineno="41"><highlight class="normal"><sp/><sp/><sp/><sp/></highlight><highlight class="keywordflow">return</highlight><highlight class="normal"><sp/>this-&gt;_impl-&gt;gen_sph.dist_init;</highlight></codeline>
<codeline lineno="42"><highlight class="normal">}</highlight></codeline>
<codeline lineno="43"><highlight class="normal"></highlight><highlight class="keywordtype">float</highlight><highlight class="normal"><sp/><ref refid="structIRockySPHModel_1a245fc38b2db35e544f3b78642f11aff7" kindref="member">IRockySPHModel::get_smoothing_length</ref>()</highlight><highlight class="keyword"><sp/>const</highlight></codeline>
<codeline lineno="44"><highlight class="keyword"></highlight><highlight class="normal">{</highlight></codeline>
<codeline lineno="45"><highlight class="normal"><sp/><sp/><sp/><sp/></highlight><highlight class="keywordflow">return</highlight><highlight class="normal"><sp/>this-&gt;_impl-&gt;gen_sph.get_kern_base_single();</highlight></codeline>
<codeline lineno="46"><highlight class="normal">}</highlight></codeline>
<codeline lineno="47"><highlight class="normal"></highlight></codeline>
<codeline lineno="48"><highlight class="normal"></highlight><highlight class="keywordtype">float</highlight><highlight class="normal"><sp/><ref refid="structIRockySPHModel_1afafa8461838c8fa9ca237437c074facd" kindref="member">IRockySPHModel::get_element_mass</ref>()</highlight><highlight class="keyword"><sp/>const</highlight></codeline>
<codeline lineno="49"><highlight class="keyword"></highlight><highlight class="normal">{</highlight></codeline>
<codeline lineno="50"><highlight class="normal"><sp/><sp/><sp/><sp/></highlight><highlight class="keywordflow">return</highlight><highlight class="normal"><sp/>this-&gt;_impl-&gt;gen_sph.get_mass();</highlight></codeline>
<codeline lineno="51"><highlight class="normal">}</highlight></codeline>
<codeline lineno="52"><highlight class="normal"></highlight></codeline>
<codeline lineno="53"><highlight class="normal"></highlight><highlight class="keywordtype">float</highlight><highlight class="normal"><sp/><ref refid="structIRockySPHModel_1aa34cbdb0bbe713f76a24718369445b90" kindref="member">IRockySPHModel::get_fluid_viscosity</ref>()</highlight><highlight class="keyword"><sp/>const</highlight></codeline>
<codeline lineno="54"><highlight class="keyword"></highlight><highlight class="normal">{</highlight></codeline>
<codeline lineno="55"><highlight class="normal"><sp/><sp/><sp/><sp/></highlight><highlight class="keywordflow">return</highlight><highlight class="normal"><sp/>this-&gt;_impl-&gt;gen_sph.visc;</highlight></codeline>
<codeline lineno="56"><highlight class="normal">}</highlight></codeline>
<codeline lineno="57"><highlight class="normal"></highlight></codeline>
<codeline lineno="58"><highlight class="normal"></highlight><highlight class="keywordtype">float</highlight><highlight class="normal"><sp/><ref refid="structIRockySPHModel_1a053a3b3c9bd14e5051f38a0024ab4536" kindref="member">IRockySPHModel::get_fluid_density</ref>()</highlight><highlight class="keyword"><sp/>const</highlight></codeline>
<codeline lineno="59"><highlight class="keyword"></highlight><highlight class="normal">{</highlight></codeline>
<codeline lineno="60"><highlight class="normal"><sp/><sp/><sp/><sp/></highlight><highlight class="keywordflow">return</highlight><highlight class="normal"><sp/>this-&gt;_impl-&gt;gen_sph.dens;</highlight></codeline>
<codeline lineno="61"><highlight class="normal">}</highlight></codeline>
<codeline lineno="62"><highlight class="normal"></highlight></codeline>
<codeline lineno="63"><highlight class="normal"></highlight><highlight class="keywordtype">float</highlight><highlight class="normal"><sp/><ref refid="structIRockySPHModel_1ab09538e62b2731ab25ee664d6eb08319" kindref="member">IRockySPHModel::get_fluid_thermal_conductivity</ref>()</highlight><highlight class="keyword"><sp/>const</highlight></codeline>
<codeline lineno="64"><highlight class="keyword"></highlight><highlight class="normal">{</highlight></codeline>
<codeline lineno="65"><highlight class="normal"><sp/><sp/><sp/><sp/></highlight><highlight class="keywordflow">return</highlight><highlight class="normal"><sp/>this-&gt;_impl-&gt;gen_sph.thermal_conductivity;</highlight></codeline>
<codeline lineno="66"><highlight class="normal">}</highlight></codeline>
<codeline lineno="67"><highlight class="normal"></highlight></codeline>
<codeline lineno="68"><highlight class="normal"></highlight><highlight class="keywordtype">float</highlight><highlight class="normal"><sp/><ref refid="structIRockySPHModel_1acaf7cc9d7b268d36a2f739cfc3c3f7ca" kindref="member">IRockySPHModel::get_fluid_specific_heat</ref>()</highlight><highlight class="keyword"><sp/>const</highlight></codeline>
<codeline lineno="69"><highlight class="keyword"></highlight><highlight class="normal">{</highlight></codeline>
<codeline lineno="70"><highlight class="normal"><sp/><sp/><sp/><sp/></highlight><highlight class="keywordflow">return</highlight><highlight class="normal"><sp/>this-&gt;_impl-&gt;gen_sph.specific_heat;</highlight></codeline>
<codeline lineno="71"><highlight class="normal">}</highlight></codeline>
<codeline lineno="72"><highlight class="normal"></highlight></codeline>
<codeline lineno="73"><highlight class="normal"></highlight><highlight class="keywordtype">float</highlight><highlight class="normal"><sp/><ref refid="structIRockySPHModel_1a223390925c0c7a8d4c0a8ceaef043fe4" kindref="member">IRockySPHModel::get_speed_of_sound</ref>()</highlight><highlight class="keyword"><sp/>const</highlight></codeline>
<codeline lineno="74"><highlight class="keyword"></highlight><highlight class="normal">{</highlight></codeline>
<codeline lineno="75"><highlight class="normal"><sp/><sp/><sp/><sp/></highlight><highlight class="keywordflow">return</highlight><highlight class="normal"><sp/>this-&gt;_impl-&gt;gen_sph.c;</highlight></codeline>
<codeline lineno="76"><highlight class="normal">}</highlight></codeline>
<codeline lineno="77"><highlight class="normal"></highlight></codeline>
<codeline lineno="78"><highlight class="normal"></highlight><highlight class="keywordtype">float</highlight><highlight class="normal"><sp/><ref refid="structIRockySPHModel_1adae7b4a0340c884eb80e14d54a1b22f5" kindref="member">IRockySPHModel::get_surface_tension</ref>()</highlight><highlight class="keyword"><sp/>const</highlight></codeline>
<codeline lineno="79"><highlight class="keyword"></highlight><highlight class="normal">{</highlight></codeline>
<codeline lineno="80"><highlight class="normal"><sp/><sp/><sp/><sp/></highlight><highlight class="keywordflow">return</highlight><highlight class="normal"><sp/>this-&gt;_impl-&gt;gen_sph.stens_coeff;</highlight></codeline>
<codeline lineno="81"><highlight class="normal">}</highlight></codeline>
<codeline lineno="82"><highlight class="normal"></highlight></codeline>
<codeline lineno="83"><highlight class="normal"></highlight><highlight class="keywordtype">bool</highlight><highlight class="normal"><sp/><ref refid="structIRockySPHModel_1ab104c8f250896d3528cbe2eb045b4c69" kindref="member">IRockySPHModel::is_enabled</ref>()</highlight><highlight class="keyword"><sp/>const</highlight></codeline>
<codeline lineno="84"><highlight class="keyword"></highlight><highlight class="normal">{</highlight></codeline>
<codeline lineno="85"><highlight class="normal"><sp/><sp/><sp/><sp/></highlight><highlight class="keywordflow">return</highlight><highlight class="normal"><sp/>this-&gt;_impl<sp/>!=<sp/></highlight><highlight class="keyword">nullptr</highlight><highlight class="normal"><sp/>&amp;&amp;<sp/>this-&gt;_impl-&gt;gen_sph.use;</highlight></codeline>
<codeline lineno="86"><highlight class="normal">}</highlight></codeline>
<codeline lineno="87"><highlight class="normal"></highlight></codeline>
<codeline lineno="88"><highlight class="normal">ROCKY_FUNCTIONS<sp/></highlight><highlight class="keywordtype">void</highlight><highlight class="normal"><sp/><ref refid="structIRockySPHModel_1a1627faf9bcd3eca660891efbf5d95981" kindref="member">IRockySPHModel::set_htc_distance_factor</ref>(</highlight><highlight class="keywordtype">float</highlight><highlight class="normal"><sp/>htc_distance_factor)</highlight><highlight class="keyword"><sp/>const</highlight></codeline>
<codeline lineno="89"><highlight class="keyword"></highlight><highlight class="normal">{</highlight></codeline>
<codeline lineno="90"><highlight class="normal"><sp/><sp/><sp/><sp/>this-&gt;_impl-&gt;gen_sph.set_htc_distance_factor(htc_distance_factor);</highlight></codeline>
<codeline lineno="91"><highlight class="normal">}</highlight></codeline>
    </programlisting>
    <location file="source/c++/rocky20/api/sph/rocky_sph_model_api.cpp"/>
  </compounddef>
</doxygen>
