<?xml version='1.0' encoding='UTF-8' standalone='no'?>
<doxygen xmlns:xsi="http://www.w3.org/2001/XMLSchema-instance" xsi:noNamespaceSchemaLocation="compound.xsd" version="1.10.0" xml:lang="en-US">
  <compounddef id="rocky__sph__model__api_8hpp" kind="file" language="C++">
    <compoundname>rocky_sph_model_api.hpp</compoundname>
    <includes refid="rocky__particle__api_8hpp" local="yes">rocky20/api/rocky_particle_api.hpp</includes>
    <includes refid="rocky__point__cloud__api_8hpp" local="yes">rocky20/api/rocky_point_cloud_api.hpp</includes>
    <includes refid="rocky__sph__element__scalars_8hpp" local="yes">rocky_sph_element_scalars.hpp</includes>
    <includes refid="rocky__sph__element__api_8hpp" local="yes">rocky_sph_element_api.hpp</includes>
    <includes refid="rocky__sph__model_8hpp" local="yes">rocky_sph_model.hpp</includes>
    <includedby refid="api__device__sph_8hpp" local="no">source/c++/rocky20/api/sph/api_device_sph.hpp</includedby>
    <includedby refid="rocky__sph__model__api_8cpp" local="yes">source/c++/rocky20/api/sph/rocky_sph_model_api.cpp</includedby>
    <incdepgraph>
      <node id="4">
        <label>rocky20/api/device/api_backend.hpp</label>
        <link refid="api__backend_8hpp_source"/>
        <childnode refid="5" relation="include">
        </childnode>
        <childnode refid="6" relation="include">
        </childnode>
      </node>
      <node id="14">
        <label>rocky_material_api.hpp</label>
        <link refid="rocky__material__api_8hpp_source"/>
        <childnode refid="12" relation="include">
        </childnode>
      </node>
      <node id="3">
        <label>rocky_particle.hpp</label>
        <link refid="rocky__particle_8hpp_source"/>
        <childnode refid="4" relation="include">
        </childnode>
        <childnode refid="7" relation="include">
        </childnode>
        <childnode refid="12" relation="include">
        </childnode>
        <childnode refid="13" relation="include">
        </childnode>
      </node>
      <node id="2">
        <label>rocky20/api/rocky_particle_api.hpp</label>
        <link refid="rocky__particle__api_8hpp_source"/>
        <childnode refid="3" relation="include">
        </childnode>
        <childnode refid="14" relation="include">
        </childnode>
        <childnode refid="7" relation="include">
        </childnode>
      </node>
      <node id="7">
        <label>rocky20/api/rocky_particle_scalars.hpp</label>
        <link refid="rocky__particle__scalars_8hpp_source"/>
        <childnode refid="8" relation="include">
        </childnode>
      </node>
      <node id="16">
        <label>rocky_point_cloud.h</label>
        <link refid="rocky__point__cloud_8h_source"/>
        <childnode refid="17" relation="include">
        </childnode>
      </node>
      <node id="15">
        <label>rocky20/api/rocky_point_cloud_api.hpp</label>
        <link refid="rocky__point__cloud__api_8hpp_source"/>
        <childnode refid="16" relation="include">
        </childnode>
      </node>
      <node id="8">
        <label>rocky_scalars.h</label>
        <link refid="rocky__scalars_8h_source"/>
        <childnode refid="9" relation="include">
        </childnode>
        <childnode refid="4" relation="include">
        </childnode>
        <childnode refid="10" relation="include">
        </childnode>
      </node>
      <node id="10">
        <label>rocky20/api/rocky_statistics_data.hpp</label>
        <link refid="rocky__statistics__data_8hpp_source"/>
        <childnode refid="11" relation="include">
        </childnode>
        <childnode refid="4" relation="include">
        </childnode>
      </node>
      <node id="21">
        <label>rocky_sph_element.hpp</label>
        <link refid="rocky__sph__element_8hpp_source"/>
        <childnode refid="4" relation="include">
        </childnode>
        <childnode refid="3" relation="include">
        </childnode>
        <childnode refid="12" relation="include">
        </childnode>
        <childnode refid="22" relation="include">
        </childnode>
      </node>
      <node id="20">
        <label>rocky_sph_element_api.hpp</label>
        <link refid="rocky__sph__element__api_8hpp_source"/>
        <childnode refid="21" relation="include">
        </childnode>
        <childnode refid="18" relation="include">
        </childnode>
        <childnode refid="2" relation="include">
        </childnode>
      </node>
      <node id="18">
        <label>rocky_sph_element_scalars.hpp</label>
        <link refid="rocky__sph__element__scalars_8hpp_source"/>
        <childnode refid="8" relation="include">
        </childnode>
        <childnode refid="19" relation="include">
        </childnode>
      </node>
      <node id="23">
        <label>rocky_sph_model.hpp</label>
        <link refid="rocky__sph__model_8hpp_source"/>
        <childnode refid="12" relation="include">
        </childnode>
        <childnode refid="22" relation="include">
        </childnode>
      </node>
      <node id="1">
        <label>source/c++/rocky20/api/sph/rocky_sph_model_api.hpp</label>
        <link refid="rocky__sph__model__api_8hpp"/>
        <childnode refid="2" relation="include">
        </childnode>
        <childnode refid="15" relation="include">
        </childnode>
        <childnode refid="18" relation="include">
        </childnode>
        <childnode refid="20" relation="include">
        </childnode>
        <childnode refid="23" relation="include">
        </childnode>
      </node>
      <node id="5">
        <label>rocky20/cuda/cuda_basics.hpp</label>
      </node>
      <node id="12">
        <label>rocky20/device/device_model.hpp</label>
      </node>
      <node id="13">
        <label>rocky20/device/element_properties.hpp</label>
      </node>
      <node id="6">
        <label>rocky20/device/omp_backend.hpp</label>
      </node>
      <node id="17">
        <label>rocky20/model/point_cloud.h</label>
      </node>
      <node id="9">
        <label>rocky20/model/rocky_model.h</label>
      </node>
      <node id="11">
        <label>rocky20/model/statistics_data.hpp</label>
      </node>
      <node id="22">
        <label>rocky20/sph/sph_model.h</label>
      </node>
      <node id="19">
        <label>rocky20/sph/sph_particle_scalars.h</label>
      </node>
    </incdepgraph>
    <invincdepgraph>
      <node id="5">
        <label>source/c++/rocky20/api/rocky_api_sph.h</label>
        <link refid="rocky__api__sph_8h_source"/>
      </node>
      <node id="3">
        <label>source/c++/rocky20/api/sph/api_cuda_sph.hpp</label>
        <link refid="api__cuda__sph_8hpp_source"/>
      </node>
      <node id="2">
        <label>source/c++/rocky20/api/sph/api_device_sph.hpp</label>
        <link refid="api__device__sph_8hpp_source"/>
        <childnode refid="3" relation="include">
        </childnode>
        <childnode refid="4" relation="include">
        </childnode>
      </node>
      <node id="4">
        <label>source/c++/rocky20/api/sph/api_omp_sph.hpp</label>
        <link refid="api__omp__sph_8hpp_source"/>
        <childnode refid="5" relation="include">
        </childnode>
      </node>
      <node id="1">
        <label>source/c++/rocky20/api/sph/rocky_sph_model_api.hpp</label>
        <link refid="rocky__sph__model__api_8hpp"/>
        <childnode refid="2" relation="include">
        </childnode>
      </node>
    </invincdepgraph>
    <innerclass refid="structIRockySPHModel" prot="public">IRockySPHModel</innerclass>
    <innerclass refid="structIRockySPHDeviceModel" prot="public">IRockySPHDeviceModel</innerclass>
    <briefdescription>
    </briefdescription>
    <detaileddescription>
    </detaileddescription>
    <programlisting>
<codeline lineno="1"><highlight class="comment">//<sp/>(C)<sp/>2024<sp/>ANSYS,<sp/>Inc.<sp/>Unauthorized<sp/>use,<sp/>distribution,<sp/>or<sp/>duplication<sp/>is<sp/>prohibited.</highlight><highlight class="normal"></highlight></codeline>
<codeline lineno="2"><highlight class="normal"></highlight><highlight class="preprocessor">#pragma<sp/>once</highlight><highlight class="normal"></highlight></codeline>
<codeline lineno="3"><highlight class="normal"></highlight></codeline>
<codeline lineno="4"><highlight class="normal"></highlight><highlight class="comment">//<sp/>Includes<sp/>=======================================================================================</highlight><highlight class="normal"></highlight></codeline>
<codeline lineno="5"><highlight class="normal"></highlight><highlight class="preprocessor">#include<sp/>&quot;rocky20/api/rocky_particle_api.hpp&quot;</highlight><highlight class="normal"></highlight></codeline>
<codeline lineno="6"><highlight class="normal"></highlight><highlight class="preprocessor">#include<sp/>&quot;rocky20/api/rocky_point_cloud_api.hpp&quot;</highlight><highlight class="normal"></highlight></codeline>
<codeline lineno="7"><highlight class="normal"></highlight></codeline>
<codeline lineno="8"><highlight class="normal"></highlight><highlight class="preprocessor">#include<sp/>&quot;rocky_sph_element_scalars.hpp&quot;</highlight><highlight class="normal"></highlight></codeline>
<codeline lineno="9"><highlight class="normal"></highlight><highlight class="preprocessor">#include<sp/>&quot;rocky_sph_element_api.hpp&quot;</highlight><highlight class="normal"></highlight></codeline>
<codeline lineno="10"><highlight class="normal"></highlight><highlight class="preprocessor">#include<sp/>&quot;rocky_sph_model.hpp&quot;</highlight><highlight class="normal"></highlight></codeline>
<codeline lineno="11"><highlight class="normal"></highlight></codeline>
<codeline lineno="12"><highlight class="normal"></highlight><highlight class="comment">//<sp/>================================================================================================</highlight><highlight class="normal"></highlight></codeline>
<codeline lineno="13"><highlight class="normal"></highlight><highlight class="comment">//<sp/>IRockySPHModel</highlight><highlight class="normal"></highlight></codeline>
<codeline lineno="14"><highlight class="normal"></highlight><highlight class="comment">//<sp/>================================================================================================</highlight><highlight class="normal"></highlight></codeline>
<codeline lineno="15"><highlight class="normal"></highlight></codeline>
<codeline lineno="21" refid="structIRockySPHModel" refkind="compound"><highlight class="normal"></highlight><highlight class="keyword">struct<sp/></highlight><highlight class="normal"><ref refid="structIRockySPHModel" kindref="compound">IRockySPHModel</ref></highlight></codeline>
<codeline lineno="22"><highlight class="normal">{</highlight></codeline>
<codeline lineno="30"><highlight class="normal"><sp/><sp/><sp/><sp/><ref refid="structIRockySPHElementScalarsModel" kindref="compound">IRockySPHElementScalarsModel</ref><sp/><ref refid="structIRockySPHModel_1a60758ee9b344fcc7c76b500c0ac8f1cc" kindref="member">get_sph_element_scalars</ref>()<sp/></highlight><highlight class="keyword">const</highlight><highlight class="normal">;</highlight></codeline>
<codeline lineno="31"><highlight class="normal"></highlight></codeline>
<codeline lineno="36"><highlight class="normal"><sp/><sp/><sp/><sp/></highlight><highlight class="keywordtype">int</highlight><highlight class="normal"><sp/><ref refid="structIRockySPHModel_1a5a3c1e8c7b54f79f6803fb25799cbd6d" kindref="member">get_number_of_sph_elements</ref>()<sp/></highlight><highlight class="keyword">const</highlight><highlight class="normal">;</highlight></codeline>
<codeline lineno="37"><highlight class="normal"></highlight></codeline>
<codeline lineno="42"><highlight class="normal"><sp/><sp/><sp/><sp/></highlight><highlight class="keywordtype">int</highlight><highlight class="normal"><sp/><ref refid="structIRockySPHModel_1a53aabea7b2fb880bf83924a036badac7" kindref="member">get_number_of_active_sph_elements</ref>()<sp/></highlight><highlight class="keyword">const</highlight><highlight class="normal">;</highlight></codeline>
<codeline lineno="43"><highlight class="normal"></highlight></codeline>
<codeline lineno="48"><highlight class="normal"><sp/><sp/><sp/><sp/></highlight><highlight class="keywordtype">int</highlight><highlight class="normal"><sp/><ref refid="structIRockySPHModel_1a5f6419ca48c0e300e03e6820934a1718" kindref="member">get_number_of_active_free_sph_elements</ref>()<sp/></highlight><highlight class="keyword">const</highlight><highlight class="normal">;</highlight></codeline>
<codeline lineno="49"><highlight class="normal"></highlight></codeline>
<codeline lineno="55"><highlight class="normal"><sp/><sp/><sp/><sp/></highlight><highlight class="keywordtype">int</highlight><highlight class="normal"><sp/><ref refid="structIRockySPHModel_1a832524def72a3d2da3bd449d5fb74368" kindref="member">get_number_of_active_linked_sph_elements</ref>()<sp/></highlight><highlight class="keyword">const</highlight><highlight class="normal">;</highlight></codeline>
<codeline lineno="56"><highlight class="normal"></highlight></codeline>
<codeline lineno="64"><highlight class="normal"><sp/><sp/><sp/><sp/>ESPHKernelType<sp/><ref refid="structIRockySPHModel_1a513d780295b0089e4d2814cc660f5c78" kindref="member">get_kernel_type</ref>()<sp/></highlight><highlight class="keyword">const</highlight><highlight class="normal">;</highlight></codeline>
<codeline lineno="65"><highlight class="normal"></highlight></codeline>
<codeline lineno="70"><highlight class="normal"><sp/><sp/><sp/><sp/></highlight><highlight class="keywordtype">float</highlight><highlight class="normal"><sp/><ref refid="structIRockySPHModel_1a212b6dd01fb2421258372058df86ccd6" kindref="member">get_initial_element_spacing</ref>()<sp/></highlight><highlight class="keyword">const</highlight><highlight class="normal">;</highlight></codeline>
<codeline lineno="71"><highlight class="normal"></highlight></codeline>
<codeline lineno="77"><highlight class="normal"><sp/><sp/><sp/><sp/></highlight><highlight class="keywordtype">float</highlight><highlight class="normal"><sp/><ref refid="structIRockySPHModel_1a245fc38b2db35e544f3b78642f11aff7" kindref="member">get_smoothing_length</ref>()<sp/></highlight><highlight class="keyword">const</highlight><highlight class="normal">;</highlight></codeline>
<codeline lineno="78"><highlight class="normal"></highlight></codeline>
<codeline lineno="82"><highlight class="normal"><sp/><sp/><sp/><sp/></highlight><highlight class="keywordtype">float</highlight><highlight class="normal"><sp/><ref refid="structIRockySPHModel_1afafa8461838c8fa9ca237437c074facd" kindref="member">get_element_mass</ref>()<sp/></highlight><highlight class="keyword">const</highlight><highlight class="normal">;</highlight></codeline>
<codeline lineno="83"><highlight class="normal"></highlight></codeline>
<codeline lineno="87"><highlight class="normal"><sp/><sp/><sp/><sp/>ROCKY_FUNCTIONS<sp/></highlight><highlight class="keywordtype">float</highlight><highlight class="normal"><sp/><ref refid="structIRockySPHModel_1aa34cbdb0bbe713f76a24718369445b90" kindref="member">get_fluid_viscosity</ref>()<sp/></highlight><highlight class="keyword">const</highlight><highlight class="normal">;</highlight></codeline>
<codeline lineno="88"><highlight class="normal"></highlight></codeline>
<codeline lineno="92"><highlight class="normal"><sp/><sp/><sp/><sp/>ROCKY_FUNCTIONS<sp/></highlight><highlight class="keywordtype">float</highlight><highlight class="normal"><sp/><ref refid="structIRockySPHModel_1a053a3b3c9bd14e5051f38a0024ab4536" kindref="member">get_fluid_density</ref>()<sp/></highlight><highlight class="keyword">const</highlight><highlight class="normal">;</highlight></codeline>
<codeline lineno="93"><highlight class="normal"></highlight></codeline>
<codeline lineno="97"><highlight class="normal"><sp/><sp/><sp/><sp/>ROCKY_FUNCTIONS<sp/></highlight><highlight class="keywordtype">float</highlight><highlight class="normal"><sp/><ref refid="structIRockySPHModel_1ab09538e62b2731ab25ee664d6eb08319" kindref="member">get_fluid_thermal_conductivity</ref>()<sp/></highlight><highlight class="keyword">const</highlight><highlight class="normal">;</highlight></codeline>
<codeline lineno="98"><highlight class="normal"></highlight></codeline>
<codeline lineno="102"><highlight class="normal"><sp/><sp/><sp/><sp/>ROCKY_FUNCTIONS<sp/></highlight><highlight class="keywordtype">float</highlight><highlight class="normal"><sp/><ref refid="structIRockySPHModel_1acaf7cc9d7b268d36a2f739cfc3c3f7ca" kindref="member">get_fluid_specific_heat</ref>()<sp/></highlight><highlight class="keyword">const</highlight><highlight class="normal">;</highlight></codeline>
<codeline lineno="103"><highlight class="normal"></highlight></codeline>
<codeline lineno="107"><highlight class="normal"><sp/><sp/><sp/><sp/>ROCKY_FUNCTIONS<sp/></highlight><highlight class="keywordtype">float</highlight><highlight class="normal"><sp/><ref refid="structIRockySPHModel_1a223390925c0c7a8d4c0a8ceaef043fe4" kindref="member">get_speed_of_sound</ref>()<sp/></highlight><highlight class="keyword">const</highlight><highlight class="normal">;</highlight></codeline>
<codeline lineno="108"><highlight class="normal"></highlight></codeline>
<codeline lineno="112"><highlight class="normal"><sp/><sp/><sp/><sp/>ROCKY_FUNCTIONS<sp/></highlight><highlight class="keywordtype">float</highlight><highlight class="normal"><sp/><ref refid="structIRockySPHModel_1adae7b4a0340c884eb80e14d54a1b22f5" kindref="member">get_surface_tension</ref>()<sp/></highlight><highlight class="keyword">const</highlight><highlight class="normal">;</highlight></codeline>
<codeline lineno="113"><highlight class="normal"></highlight></codeline>
<codeline lineno="117"><highlight class="normal"><sp/><sp/><sp/><sp/></highlight><highlight class="keywordtype">bool</highlight><highlight class="normal"><sp/><ref refid="structIRockySPHModel_1ab104c8f250896d3528cbe2eb045b4c69" kindref="member">is_enabled</ref>()<sp/></highlight><highlight class="keyword">const</highlight><highlight class="normal">;</highlight></codeline>
<codeline lineno="118"><highlight class="normal"></highlight></codeline>
<codeline lineno="125"><highlight class="normal"><sp/><sp/><sp/><sp/>ROCKY_FUNCTIONS<sp/></highlight><highlight class="keywordtype">void</highlight><highlight class="normal"><sp/><ref refid="structIRockySPHModel_1a1627faf9bcd3eca660891efbf5d95981" kindref="member">set_htc_distance_factor</ref>(</highlight><highlight class="keywordtype">float</highlight><highlight class="normal"><sp/>htc_distance_factor)<sp/></highlight><highlight class="keyword">const</highlight><highlight class="normal">;</highlight></codeline>
<codeline lineno="126"><highlight class="normal"></highlight></codeline>
<codeline lineno="129"><highlight class="normal"><sp/><sp/><sp/><sp/>ROCKY_FUNCTIONS<sp/><ref refid="structIRockySPHModel" kindref="compound">IRockySPHModel</ref>(SPHModel*<sp/>impl,<sp/></highlight><highlight class="keyword">const</highlight><highlight class="normal"><sp/>std::vector&lt;int&gt;&amp;<sp/>device_ids);</highlight></codeline>
<codeline lineno="130"><highlight class="normal"></highlight></codeline>
<codeline lineno="131"><highlight class="normal"><sp/><sp/><sp/><sp/>SPHModel*<sp/>_impl;</highlight></codeline>
<codeline lineno="132"><highlight class="normal"><sp/><sp/><sp/><sp/></highlight><highlight class="keyword">const</highlight><highlight class="normal"><sp/>std::vector&lt;int&gt;&amp;<sp/>_device_ids;</highlight></codeline>
<codeline lineno="133"><highlight class="normal"></highlight></codeline>
<codeline lineno="135"><highlight class="normal">};</highlight></codeline>
<codeline lineno="136"><highlight class="normal"></highlight></codeline>
<codeline lineno="137"><highlight class="normal"></highlight><highlight class="keyword">inline</highlight><highlight class="normal"><sp/>ROCKY_FUNCTIONS<sp/>IRockySPHModel::IRockySPHModel(</highlight></codeline>
<codeline lineno="138"><highlight class="normal"><sp/><sp/><sp/><sp/>SPHModel*<sp/>impl,<sp/></highlight><highlight class="keyword">const</highlight><highlight class="normal"><sp/>std::vector&lt;int&gt;&amp;<sp/>device_ids)</highlight></codeline>
<codeline lineno="139"><highlight class="normal"><sp/><sp/><sp/><sp/>:<sp/>_impl(impl)</highlight></codeline>
<codeline lineno="140"><highlight class="normal"><sp/><sp/><sp/><sp/>,<sp/>_device_ids(device_ids)</highlight></codeline>
<codeline lineno="141"><highlight class="normal">{</highlight></codeline>
<codeline lineno="142"><highlight class="normal">}</highlight></codeline>
<codeline lineno="143"><highlight class="normal"></highlight></codeline>
<codeline lineno="144"><highlight class="normal"></highlight><highlight class="comment">//<sp/>================================================================================================</highlight><highlight class="normal"></highlight></codeline>
<codeline lineno="145"><highlight class="normal"></highlight><highlight class="comment">//<sp/>IRockySPHDeviceModel</highlight><highlight class="normal"></highlight></codeline>
<codeline lineno="146"><highlight class="normal"></highlight><highlight class="comment">//<sp/>================================================================================================</highlight><highlight class="normal"></highlight></codeline>
<codeline lineno="147"><highlight class="normal"></highlight></codeline>
<codeline lineno="154" refid="structIRockySPHDeviceModel" refkind="compound"><highlight class="normal"></highlight><highlight class="keyword">struct<sp/></highlight><highlight class="normal"><ref refid="structIRockySPHDeviceModel" kindref="compound">IRockySPHDeviceModel</ref></highlight></codeline>
<codeline lineno="155"><highlight class="normal">{</highlight></codeline>
<codeline lineno="159"><highlight class="normal"><sp/><sp/><sp/><sp/>ROCKY_FUNCTIONS<sp/></highlight><highlight class="keywordtype">float</highlight><highlight class="normal"><sp/><ref refid="structIRockySPHDeviceModel_1a1b3b0ad0b9b4e4f723fed8cd6d859ff1" kindref="member">get_sph_timestep</ref>()<sp/></highlight><highlight class="keyword">const</highlight><highlight class="normal">;</highlight></codeline>
<codeline lineno="160"><highlight class="normal"><sp/><sp/><sp/><sp/></highlight></codeline>
<codeline lineno="164"><highlight class="normal"><sp/><sp/><sp/><sp/>ROCKY_FUNCTIONS<sp/></highlight><highlight class="keywordtype">float</highlight><highlight class="normal"><sp/><ref refid="structIRockySPHDeviceModel_1a2e07d8b951637326aa17c3869fa75f6f" kindref="member">get_element_mass</ref>()<sp/></highlight><highlight class="keyword">const</highlight><highlight class="normal">;</highlight></codeline>
<codeline lineno="165"><highlight class="normal"></highlight></codeline>
<codeline lineno="170"><highlight class="normal"><sp/><sp/><sp/><sp/>ROCKY_FUNCTIONS<sp/></highlight><highlight class="keywordtype">float</highlight><highlight class="normal"><sp/><ref refid="structIRockySPHDeviceModel_1aa0dda18957c28775ae86803575275db2" kindref="member">get_initial_element_spacing</ref>()<sp/></highlight><highlight class="keyword">const</highlight><highlight class="normal">;</highlight></codeline>
<codeline lineno="171"><highlight class="normal"></highlight></codeline>
<codeline lineno="179"><highlight class="normal"><sp/><sp/><sp/><sp/>ROCKY_FUNCTIONS<sp/>ESPHKernelType<sp/><ref refid="structIRockySPHDeviceModel_1a1c804b61e8d38f22cc1df2960b94e5e5" kindref="member">get_kernel_type</ref>()<sp/></highlight><highlight class="keyword">const</highlight><highlight class="normal">;</highlight></codeline>
<codeline lineno="180"><highlight class="normal"></highlight></codeline>
<codeline lineno="188"><highlight class="normal"><sp/><sp/><sp/><sp/>ROCKY_FUNCTIONS<sp/></highlight><highlight class="keywordtype">float</highlight><highlight class="normal"><sp/><ref refid="structIRockySPHDeviceModel_1ac0f6dab31e47087f957b9c5f921044ca" kindref="member">get_kernel_weight</ref>(</highlight><highlight class="keywordtype">float</highlight><highlight class="normal"><sp/>distance)<sp/></highlight><highlight class="keyword">const</highlight><highlight class="normal">;</highlight></codeline>
<codeline lineno="189"><highlight class="normal"></highlight></codeline>
<codeline lineno="197"><highlight class="normal"><sp/><sp/><sp/><sp/>ROCKY_FUNCTIONS<sp/></highlight><highlight class="keywordtype">float</highlight><highlight class="normal"><sp/><ref refid="structIRockySPHDeviceModel_1a878401756bbf4517bd2dbf7c0b6f53b5" kindref="member">get_kernel_derivative</ref>(</highlight><highlight class="keywordtype">float</highlight><highlight class="normal"><sp/>distance)<sp/></highlight><highlight class="keyword">const</highlight><highlight class="normal">;</highlight></codeline>
<codeline lineno="198"><highlight class="normal"></highlight></codeline>
<codeline lineno="204"><highlight class="normal"><sp/><sp/><sp/><sp/>ROCKY_FUNCTIONS<sp/></highlight><highlight class="keywordtype">float</highlight><highlight class="normal"><sp/><ref refid="structIRockySPHDeviceModel_1a08276af5f02f29358b677c6c5c4eb623" kindref="member">get_smoothing_length</ref>()<sp/></highlight><highlight class="keyword">const</highlight><highlight class="normal">;</highlight></codeline>
<codeline lineno="205"><highlight class="normal"></highlight></codeline>
<codeline lineno="210"><highlight class="normal"><sp/><sp/><sp/><sp/>ROCKY_FUNCTIONS<sp/></highlight><highlight class="keywordtype">float</highlight><highlight class="normal"><sp/><ref refid="structIRockySPHDeviceModel_1a11adf37fd1989526607c500a68f5a190" kindref="member">get_minimum_distance</ref>()<sp/></highlight><highlight class="keyword">const</highlight><highlight class="normal">;</highlight></codeline>
<codeline lineno="211"><highlight class="normal"></highlight></codeline>
<codeline lineno="216"><highlight class="normal"><sp/><sp/><sp/><sp/>ROCKY_FUNCTIONS<sp/></highlight><highlight class="keywordtype">float</highlight><highlight class="normal"><sp/><ref refid="structIRockySPHDeviceModel_1a02751c7624b5eebe898fd497fd368f7e" kindref="member">get_minimum_distance_squared</ref>()<sp/></highlight><highlight class="keyword">const</highlight><highlight class="normal">;</highlight></codeline>
<codeline lineno="217"><highlight class="normal"></highlight></codeline>
<codeline lineno="222"><highlight class="normal"><sp/><sp/><sp/><sp/>ROCKY_FUNCTIONS<sp/></highlight><highlight class="keywordtype">float</highlight><highlight class="normal"><sp/><ref refid="structIRockySPHDeviceModel_1a0e7d219d00a03afa23f4340f966f274f" kindref="member">get_fluid_viscosity</ref>()<sp/></highlight><highlight class="keyword">const</highlight><highlight class="normal">;</highlight></codeline>
<codeline lineno="223"><highlight class="normal"></highlight></codeline>
<codeline lineno="227"><highlight class="normal"><sp/><sp/><sp/><sp/>ROCKY_FUNCTIONS<sp/></highlight><highlight class="keywordtype">float</highlight><highlight class="normal"><sp/><ref refid="structIRockySPHDeviceModel_1a30c701000a588378110aa2a163a07847" kindref="member">get_fluid_density</ref>()<sp/></highlight><highlight class="keyword">const</highlight><highlight class="normal">;</highlight></codeline>
<codeline lineno="228"><highlight class="normal"></highlight></codeline>
<codeline lineno="232"><highlight class="normal"><sp/><sp/><sp/><sp/>ROCKY_FUNCTIONS<sp/></highlight><highlight class="keywordtype">float</highlight><highlight class="normal"><sp/><ref refid="structIRockySPHDeviceModel_1a53bf5a5c5dc38bed487a0ff75b4f881e" kindref="member">get_fluid_thermal_conductivity</ref>()<sp/></highlight><highlight class="keyword">const</highlight><highlight class="normal">;</highlight></codeline>
<codeline lineno="233"><highlight class="normal"></highlight></codeline>
<codeline lineno="237"><highlight class="normal"><sp/><sp/><sp/><sp/>ROCKY_FUNCTIONS<sp/></highlight><highlight class="keywordtype">float</highlight><highlight class="normal"><sp/><ref refid="structIRockySPHDeviceModel_1a3f511dafb251e18d7dfc8a8f7c9cfcf1" kindref="member">get_fluid_specific_heat</ref>()<sp/></highlight><highlight class="keyword">const</highlight><highlight class="normal">;</highlight></codeline>
<codeline lineno="238"><highlight class="normal"></highlight></codeline>
<codeline lineno="244"><highlight class="normal"><sp/><sp/><sp/><sp/>ROCKY_FUNCTIONS<sp/></highlight><highlight class="keywordtype">float</highlight><highlight class="normal"><sp/><ref refid="structIRockySPHDeviceModel_1a085435fa6f49074b90d50686b5b6dd6c" kindref="member">get_turbulent_prandtl_number</ref>()<sp/></highlight><highlight class="keyword">const</highlight><highlight class="normal">;</highlight></codeline>
<codeline lineno="245"><highlight class="normal"></highlight></codeline>
<codeline lineno="249"><highlight class="normal"><sp/><sp/><sp/><sp/>ROCKY_FUNCTIONS<sp/></highlight><highlight class="keywordtype">float</highlight><highlight class="normal"><sp/><ref refid="structIRockySPHDeviceModel_1a53367cb9b7f97cb102cb9e1703a95131" kindref="member">get_speed_of_sound</ref>()<sp/></highlight><highlight class="keyword">const</highlight><highlight class="normal">;</highlight></codeline>
<codeline lineno="250"><highlight class="normal"></highlight></codeline>
<codeline lineno="254"><highlight class="normal"><sp/><sp/><sp/><sp/>ROCKY_FUNCTIONS<sp/></highlight><highlight class="keywordtype">float</highlight><highlight class="normal"><sp/><ref refid="structIRockySPHDeviceModel_1ad52e0f31256e039c7043a7de165fadf7" kindref="member">get_surface_tension</ref>()<sp/></highlight><highlight class="keyword">const</highlight><highlight class="normal">;</highlight></codeline>
<codeline lineno="255"><highlight class="normal"></highlight></codeline>
<codeline lineno="260"><highlight class="normal"><sp/><sp/><sp/><sp/>ROCKY_FUNCTIONS<sp/></highlight><highlight class="keywordtype">float</highlight><highlight class="normal"><sp/><ref refid="structIRockySPHDeviceModel_1aa0fa9e6fb5e51db54a99a4bc45949409" kindref="member">get_stiffness</ref>()<sp/></highlight><highlight class="keyword">const</highlight><highlight class="normal">;</highlight></codeline>
<codeline lineno="261"><highlight class="normal"></highlight></codeline>
<codeline lineno="266"><highlight class="normal"><sp/><sp/><sp/><sp/>ROCKY_FUNCTIONS<sp/></highlight><highlight class="keywordtype">float</highlight><highlight class="normal"><sp/><ref refid="structIRockySPHDeviceModel_1a7a1b280f7d23137f75cafb3eb29cf2bd" kindref="member">get_damping_coefficient</ref>()<sp/></highlight><highlight class="keyword">const</highlight><highlight class="normal">;</highlight></codeline>
<codeline lineno="267"><highlight class="normal"></highlight></codeline>
<codeline lineno="278"><highlight class="normal"><sp/><sp/><sp/><sp/>ROCKY_FUNCTIONS<sp/>ESPHBoundaryType<sp/><ref refid="structIRockySPHDeviceModel_1a9a4ab5e39105ea7398fb0b3b15b2763c" kindref="member">get_boundary_condition_type</ref><sp/>(</highlight><highlight class="keywordtype">int</highlight><highlight class="normal"><sp/>geometry_index)<sp/></highlight><highlight class="keyword">const</highlight><highlight class="normal">;</highlight></codeline>
<codeline lineno="279"><highlight class="normal"></highlight></codeline>
<codeline lineno="290"><highlight class="normal"><sp/><sp/><sp/><sp/>ROCKY_FUNCTIONS<sp/></highlight><highlight class="keywordtype">float</highlight><highlight class="normal"><sp/><ref refid="structIRockySPHDeviceModel_1a98a93eadf944d6ad89416d384e1476c3" kindref="member">get_wall_turbulent_thermal_conductance</ref>(</highlight></codeline>
<codeline lineno="291"><highlight class="normal"><sp/><sp/><sp/><sp/><sp/><sp/><sp/><sp/></highlight><highlight class="keywordtype">float</highlight><highlight class="normal"><sp/>velocity,<sp/></highlight><highlight class="keywordtype">float</highlight><highlight class="normal"><sp/>distance)<sp/></highlight><highlight class="keyword">const</highlight><highlight class="normal">;</highlight></codeline>
<codeline lineno="292"><highlight class="normal"></highlight></codeline>
<codeline lineno="308"><highlight class="normal"><sp/><sp/><sp/><sp/>ROCKY_FUNCTIONS<sp/><ref refid="structIRockyCloudPoint" kindref="compound">IRockyCloudPoint</ref></highlight></codeline>
<codeline lineno="309"><highlight class="normal"><sp/><sp/><sp/><sp/><ref refid="structIRockySPHDeviceModel_1a707d2c43244e0a2db08047ba86dbfd78" kindref="member">get_element_cloud_point</ref>(</highlight><highlight class="keywordtype">int</highlight><highlight class="normal"><sp/>point_cloud_index,<sp/></highlight><highlight class="keyword">const</highlight><highlight class="normal"><sp/><ref refid="structIRockySPHElement" kindref="compound">IRockySPHElement</ref>&amp;<sp/>element);</highlight></codeline>
<codeline lineno="310"><highlight class="normal"></highlight></codeline>
<codeline lineno="314"><highlight class="normal"><sp/><sp/><sp/><sp/>ROCKY_FUNCTIONS<sp/></highlight><highlight class="keywordtype">bool</highlight><highlight class="normal"><sp/><ref refid="structIRockySPHDeviceModel_1aeafb1df061969bc91b4912460cebedb5" kindref="member">has_turbulence_modeling</ref>()<sp/></highlight><highlight class="keyword">const</highlight><highlight class="normal">;</highlight></codeline>
<codeline lineno="315"><highlight class="normal"></highlight></codeline>
<codeline lineno="316"><highlight class="normal"></highlight></codeline>
<codeline lineno="319"><highlight class="normal"><sp/><sp/><sp/><sp/>[[deprecated(</highlight><highlight class="stringliteral">&quot;Use<sp/>get_element_mass()<sp/>instead.&quot;</highlight><highlight class="normal">)]]</highlight></codeline>
<codeline lineno="320"><highlight class="normal"><sp/><sp/><sp/><sp/>ROCKY_FUNCTIONS<sp/></highlight><highlight class="keywordtype">float</highlight><highlight class="normal"><sp/>get_mass()<sp/></highlight><highlight class="keyword">const</highlight><highlight class="normal">;</highlight></codeline>
<codeline lineno="321"><highlight class="normal"></highlight></codeline>
<codeline lineno="322"><highlight class="normal"><sp/><sp/><sp/><sp/></highlight><highlight class="comment">//<sp/>(ROCKY<sp/>-<sp/>15509)<sp/>:<sp/>candidates<sp/>for<sp/>removing<sp/>from<sp/>the<sp/>API</highlight><highlight class="normal"></highlight></codeline>
<codeline lineno="323"><highlight class="normal"><sp/><sp/><sp/><sp/></highlight><highlight class="comment">//<sp/>reason:<sp/>they<sp/>are<sp/>model-specific<sp/>parameters,<sp/>they<sp/>are<sp/>not<sp/>general</highlight><highlight class="normal"></highlight></codeline>
<codeline lineno="324"><highlight class="normal"></highlight></codeline>
<codeline lineno="325"><highlight class="normal"><sp/><sp/><sp/><sp/>ROCKY_FUNCTIONS<sp/></highlight><highlight class="keywordtype">float</highlight><highlight class="normal"><sp/>get_les_smagorinsky_constant()<sp/></highlight><highlight class="keyword">const</highlight><highlight class="normal">;</highlight></codeline>
<codeline lineno="326"><highlight class="normal"></highlight></codeline>
<codeline lineno="327"><highlight class="normal"><sp/><sp/><sp/><sp/>ROCKY_FUNCTIONS<sp/></highlight><highlight class="keywordtype">float</highlight><highlight class="normal"><sp/>get_les_distance_factor()<sp/></highlight><highlight class="keyword">const</highlight><highlight class="normal">;</highlight></codeline>
<codeline lineno="328"><highlight class="normal"></highlight></codeline>
<codeline lineno="329"><highlight class="normal"><sp/><sp/><sp/><sp/>ROCKY_FUNCTIONS<sp/></highlight><highlight class="keywordtype">float</highlight><highlight class="normal"><sp/>get_stabilization_positive_factor()<sp/></highlight><highlight class="keyword">const</highlight><highlight class="normal">;</highlight></codeline>
<codeline lineno="330"><highlight class="normal"></highlight></codeline>
<codeline lineno="331"><highlight class="normal"><sp/><sp/><sp/><sp/>ROCKY_FUNCTIONS<sp/></highlight><highlight class="keywordtype">float</highlight><highlight class="normal"><sp/>get_stabilization_negative_factor()<sp/></highlight><highlight class="keyword">const</highlight><highlight class="normal">;</highlight></codeline>
<codeline lineno="332"><highlight class="normal"></highlight></codeline>
<codeline lineno="333"><highlight class="normal"><sp/><sp/><sp/><sp/>ROCKY_FUNCTIONS<sp/></highlight><highlight class="keywordtype">float</highlight><highlight class="normal"><sp/>get_stabilization_degree()<sp/></highlight><highlight class="keyword">const</highlight><highlight class="normal">;</highlight></codeline>
<codeline lineno="334"><highlight class="normal"></highlight></codeline>
<codeline lineno="335"><highlight class="normal"><sp/><sp/><sp/><sp/>ROCKY_FUNCTIONS<sp/></highlight><highlight class="keywordtype">float</highlight><highlight class="normal"><sp/>get_boundary_distance_normal_factor()<sp/></highlight><highlight class="keyword">const</highlight><highlight class="normal">;</highlight></codeline>
<codeline lineno="336"><highlight class="normal"></highlight></codeline>
<codeline lineno="337"><highlight class="normal"><sp/><sp/><sp/><sp/>ROCKY_FUNCTIONS<sp/></highlight><highlight class="keywordtype">float</highlight><highlight class="normal"><sp/>get_boundary_distance_tangential_factor()<sp/></highlight><highlight class="keyword">const</highlight><highlight class="normal">;</highlight></codeline>
<codeline lineno="338"><highlight class="normal"></highlight></codeline>
<codeline lineno="339"><highlight class="normal"><sp/><sp/><sp/><sp/>ROCKY_FUNCTIONS<sp/></highlight><highlight class="keywordtype">bool</highlight><highlight class="normal"><sp/>has_variable_molecular_viscosity()<sp/></highlight><highlight class="keyword">const</highlight><highlight class="normal">;</highlight></codeline>
<codeline lineno="340"><highlight class="normal"></highlight></codeline>
<codeline lineno="341"><highlight class="normal"><sp/><sp/><sp/><sp/>ROCKY_FUNCTIONS<sp/><ref refid="structIRockySPHDeviceModel" kindref="compound">IRockySPHDeviceModel</ref>(</highlight></codeline>
<codeline lineno="342"><highlight class="normal"><sp/><sp/><sp/><sp/><sp/><sp/><sp/><sp/>SDeviceModel*<sp/>model,<sp/>cuda_general_sph*<sp/>_gen_sph,<sp/>SPHDeviceModel*<sp/>_sph_model);</highlight></codeline>
<codeline lineno="343"><highlight class="normal"></highlight></codeline>
<codeline lineno="344"><highlight class="normal"><sp/><sp/><sp/><sp/>RockySPHDeviceModel<sp/>_impl;</highlight></codeline>
<codeline lineno="345"><highlight class="normal"><sp/><sp/><sp/><sp/>SDeviceModel*<sp/>device_model;</highlight></codeline>
<codeline lineno="346"><highlight class="normal"></highlight></codeline>
<codeline lineno="348"><highlight class="normal">};</highlight></codeline>
<codeline lineno="349"><highlight class="normal"></highlight></codeline>
<codeline lineno="350"><highlight class="normal"></highlight><highlight class="keyword">inline</highlight><highlight class="normal"><sp/>ROCKY_FUNCTIONS<sp/>IRockySPHDeviceModel::IRockySPHDeviceModel(</highlight></codeline>
<codeline lineno="351"><highlight class="normal"><sp/><sp/><sp/><sp/>SDeviceModel*<sp/>model,<sp/>cuda_general_sph*<sp/>_gen_sph,<sp/>SPHDeviceModel*<sp/>_sph_model)</highlight></codeline>
<codeline lineno="352"><highlight class="normal"><sp/><sp/><sp/><sp/>:<sp/>device_model(model)</highlight></codeline>
<codeline lineno="353"><highlight class="normal"><sp/><sp/><sp/><sp/>,<sp/>_impl(_gen_sph,<sp/>_sph_model)</highlight></codeline>
<codeline lineno="354"><highlight class="normal">{</highlight></codeline>
<codeline lineno="355"><highlight class="normal">}</highlight></codeline>
<codeline lineno="356"><highlight class="normal"></highlight></codeline>
<codeline lineno="357" refid="structIRockySPHDeviceModel_1a1c804b61e8d38f22cc1df2960b94e5e5" refkind="member"><highlight class="normal"></highlight><highlight class="keyword">inline</highlight><highlight class="normal"><sp/>ROCKY_FUNCTIONS<sp/>ESPHKernelType<sp/><ref refid="structIRockySPHDeviceModel_1a1c804b61e8d38f22cc1df2960b94e5e5" kindref="member">IRockySPHDeviceModel::get_kernel_type</ref>()</highlight><highlight class="keyword"><sp/>const</highlight></codeline>
<codeline lineno="358"><highlight class="keyword"></highlight><highlight class="normal">{</highlight></codeline>
<codeline lineno="359"><highlight class="normal"><sp/><sp/><sp/><sp/></highlight><highlight class="keywordflow">return</highlight><highlight class="normal"><sp/>this-&gt;_impl.get_kernel_type();</highlight></codeline>
<codeline lineno="360"><highlight class="normal">}</highlight></codeline>
<codeline lineno="361"><highlight class="normal"></highlight></codeline>
<codeline lineno="362" refid="structIRockySPHDeviceModel_1a1b3b0ad0b9b4e4f723fed8cd6d859ff1" refkind="member"><highlight class="normal"></highlight><highlight class="keyword">inline</highlight><highlight class="normal"><sp/>ROCKY_FUNCTIONS<sp/></highlight><highlight class="keywordtype">float</highlight><highlight class="normal"><sp/><ref refid="structIRockySPHDeviceModel_1a1b3b0ad0b9b4e4f723fed8cd6d859ff1" kindref="member">IRockySPHDeviceModel::get_sph_timestep</ref>()</highlight><highlight class="keyword"><sp/>const</highlight></codeline>
<codeline lineno="363"><highlight class="keyword"></highlight><highlight class="normal">{</highlight></codeline>
<codeline lineno="364"><highlight class="normal"><sp/><sp/><sp/><sp/></highlight><highlight class="keywordflow">return</highlight><highlight class="normal"><sp/>this-&gt;_impl.get_timestep();</highlight></codeline>
<codeline lineno="365"><highlight class="normal">}</highlight></codeline>
<codeline lineno="366"><highlight class="normal"></highlight></codeline>
<codeline lineno="367"><highlight class="normal"></highlight><highlight class="keyword">inline</highlight><highlight class="normal"><sp/>ROCKY_FUNCTIONS<sp/></highlight><highlight class="keywordtype">float</highlight><highlight class="normal"><sp/>IRockySPHDeviceModel::get_mass()</highlight><highlight class="keyword"><sp/>const</highlight></codeline>
<codeline lineno="368"><highlight class="keyword"></highlight><highlight class="normal">{</highlight></codeline>
<codeline lineno="369"><highlight class="normal"><sp/><sp/><sp/><sp/></highlight><highlight class="keywordflow">return</highlight><highlight class="normal"><sp/>this-&gt;_impl.get_mass();</highlight></codeline>
<codeline lineno="370"><highlight class="normal">}</highlight></codeline>
<codeline lineno="371"><highlight class="normal"></highlight></codeline>
<codeline lineno="372" refid="structIRockySPHDeviceModel_1a2e07d8b951637326aa17c3869fa75f6f" refkind="member"><highlight class="normal"></highlight><highlight class="keyword">inline</highlight><highlight class="normal"><sp/>ROCKY_FUNCTIONS<sp/></highlight><highlight class="keywordtype">float</highlight><highlight class="normal"><sp/><ref refid="structIRockySPHDeviceModel_1a2e07d8b951637326aa17c3869fa75f6f" kindref="member">IRockySPHDeviceModel::get_element_mass</ref>()</highlight><highlight class="keyword"><sp/>const</highlight></codeline>
<codeline lineno="373"><highlight class="keyword"></highlight><highlight class="normal">{</highlight></codeline>
<codeline lineno="374"><highlight class="normal"><sp/><sp/><sp/><sp/></highlight><highlight class="keywordflow">return</highlight><highlight class="normal"><sp/>this-&gt;_impl.get_mass();</highlight></codeline>
<codeline lineno="375"><highlight class="normal">}</highlight></codeline>
<codeline lineno="376"><highlight class="normal"></highlight></codeline>
<codeline lineno="377" refid="structIRockySPHDeviceModel_1aa0dda18957c28775ae86803575275db2" refkind="member"><highlight class="normal"></highlight><highlight class="keyword">inline</highlight><highlight class="normal"><sp/>ROCKY_FUNCTIONS<sp/></highlight><highlight class="keywordtype">float</highlight><highlight class="normal"><sp/><ref refid="structIRockySPHDeviceModel_1aa0dda18957c28775ae86803575275db2" kindref="member">IRockySPHDeviceModel::get_initial_element_spacing</ref>()</highlight><highlight class="keyword"><sp/>const</highlight></codeline>
<codeline lineno="378"><highlight class="keyword"></highlight><highlight class="normal">{</highlight></codeline>
<codeline lineno="379"><highlight class="normal"><sp/><sp/><sp/><sp/></highlight><highlight class="keywordflow">return</highlight><highlight class="normal"><sp/>this-&gt;_impl.get_general_size();</highlight></codeline>
<codeline lineno="380"><highlight class="normal">}</highlight></codeline>
<codeline lineno="381"><highlight class="normal"></highlight></codeline>
<codeline lineno="382"><highlight class="normal">[[deprecated(</highlight><highlight class="stringliteral">&quot;Use<sp/>&quot;</highlight><highlight class="normal"></highlight></codeline>
<codeline lineno="383"><highlight class="normal"><sp/><sp/><sp/><sp/><sp/><sp/><sp/><sp/><sp/><sp/><sp/><sp/><sp/></highlight><highlight class="stringliteral">&quot;IRockySPHElement::get_kernel<sp/>instead&quot;</highlight><highlight class="normal">)]]</highlight></codeline>
<codeline lineno="384" refid="structIRockySPHDeviceModel_1ac0f6dab31e47087f957b9c5f921044ca" refkind="member"><highlight class="normal"></highlight><highlight class="keyword">inline</highlight><highlight class="normal"><sp/>ROCKY_FUNCTIONS<sp/></highlight><highlight class="keywordtype">float</highlight><highlight class="normal"><sp/><ref refid="structIRockySPHDeviceModel_1ac0f6dab31e47087f957b9c5f921044ca" kindref="member">IRockySPHDeviceModel::get_kernel_weight</ref>(</highlight><highlight class="keywordtype">float</highlight><highlight class="normal"><sp/>distance)</highlight><highlight class="keyword"><sp/>const</highlight></codeline>
<codeline lineno="385"><highlight class="keyword"></highlight><highlight class="normal">{</highlight></codeline>
<codeline lineno="386"><highlight class="normal"><sp/><sp/><sp/><sp/></highlight><highlight class="keywordflow">return</highlight><highlight class="normal"><sp/>this-&gt;_impl.gen_sph-&gt;get_kernel_single(distance);;</highlight></codeline>
<codeline lineno="387"><highlight class="normal">}</highlight></codeline>
<codeline lineno="388"><highlight class="normal"></highlight></codeline>
<codeline lineno="389"><highlight class="normal">[[deprecated(</highlight><highlight class="stringliteral">&quot;Use<sp/>&quot;</highlight><highlight class="normal"></highlight></codeline>
<codeline lineno="390"><highlight class="normal"><sp/><sp/><sp/><sp/><sp/><sp/><sp/><sp/><sp/><sp/><sp/><sp/><sp/></highlight><highlight class="stringliteral">&quot;IRockySPHElement::get_kernel_derivative<sp/>instead&quot;</highlight><highlight class="normal">)]]</highlight></codeline>
<codeline lineno="391" refid="structIRockySPHDeviceModel_1a878401756bbf4517bd2dbf7c0b6f53b5" refkind="member"><highlight class="normal"></highlight><highlight class="keyword">inline</highlight><highlight class="normal"><sp/>ROCKY_FUNCTIONS<sp/></highlight><highlight class="keywordtype">float</highlight><highlight class="normal"><sp/><ref refid="structIRockySPHDeviceModel_1a878401756bbf4517bd2dbf7c0b6f53b5" kindref="member">IRockySPHDeviceModel::get_kernel_derivative</ref>(</highlight><highlight class="keywordtype">float</highlight><highlight class="normal"><sp/>distance)</highlight><highlight class="keyword"><sp/>const</highlight></codeline>
<codeline lineno="392"><highlight class="keyword"></highlight><highlight class="normal">{</highlight></codeline>
<codeline lineno="393"><highlight class="normal"><sp/><sp/><sp/><sp/></highlight><highlight class="keywordflow">return</highlight><highlight class="normal"><sp/>this-&gt;_impl.gen_sph-&gt;get_kernel_derivative(distance);</highlight></codeline>
<codeline lineno="394"><highlight class="normal">}</highlight></codeline>
<codeline lineno="395"><highlight class="normal"></highlight></codeline>
<codeline lineno="396"><highlight class="normal">[[deprecated(</highlight><highlight class="stringliteral">&quot;Use<sp/>&quot;</highlight><highlight class="normal"></highlight></codeline>
<codeline lineno="397"><highlight class="normal"><sp/><sp/><sp/><sp/><sp/><sp/><sp/><sp/><sp/><sp/><sp/><sp/><sp/></highlight><highlight class="stringliteral">&quot;IRockySPHElement::get_smoothing_length<sp/>instead&quot;</highlight><highlight class="normal">)]]</highlight></codeline>
<codeline lineno="398" refid="structIRockySPHDeviceModel_1a08276af5f02f29358b677c6c5c4eb623" refkind="member"><highlight class="normal"></highlight><highlight class="keyword">inline</highlight><highlight class="normal"><sp/>ROCKY_FUNCTIONS<sp/></highlight><highlight class="keywordtype">float</highlight><highlight class="normal"><sp/><ref refid="structIRockySPHDeviceModel_1a08276af5f02f29358b677c6c5c4eb623" kindref="member">IRockySPHDeviceModel::get_smoothing_length</ref>()</highlight><highlight class="keyword"><sp/>const</highlight></codeline>
<codeline lineno="399"><highlight class="keyword"></highlight><highlight class="normal">{</highlight></codeline>
<codeline lineno="400"><highlight class="normal"><sp/><sp/><sp/><sp/></highlight><highlight class="keywordflow">return</highlight><highlight class="normal"><sp/>this-&gt;_impl.gen_sph-&gt;dist_init<sp/>*<sp/>this-&gt;_impl.gen_sph-&gt;kern_factor;</highlight></codeline>
<codeline lineno="401"><highlight class="normal">}</highlight></codeline>
<codeline lineno="402"><highlight class="normal"></highlight></codeline>
<codeline lineno="403" refid="structIRockySPHDeviceModel_1a11adf37fd1989526607c500a68f5a190" refkind="member"><highlight class="normal"></highlight><highlight class="keyword">inline</highlight><highlight class="normal"><sp/>ROCKY_FUNCTIONS<sp/></highlight><highlight class="keywordtype">float</highlight><highlight class="normal"><sp/><ref refid="structIRockySPHDeviceModel_1a11adf37fd1989526607c500a68f5a190" kindref="member">IRockySPHDeviceModel::get_minimum_distance</ref>()</highlight><highlight class="keyword"><sp/>const</highlight></codeline>
<codeline lineno="404"><highlight class="keyword"></highlight><highlight class="normal">{</highlight></codeline>
<codeline lineno="405"><highlight class="normal"><sp/><sp/><sp/><sp/></highlight><highlight class="keywordflow">return</highlight><highlight class="normal"><sp/>this-&gt;_impl.get_minimum_distance();</highlight></codeline>
<codeline lineno="406"><highlight class="normal">}</highlight></codeline>
<codeline lineno="407"><highlight class="normal"></highlight></codeline>
<codeline lineno="408" refid="structIRockySPHDeviceModel_1a02751c7624b5eebe898fd497fd368f7e" refkind="member"><highlight class="normal"></highlight><highlight class="keyword">inline</highlight><highlight class="normal"><sp/>ROCKY_FUNCTIONS<sp/></highlight><highlight class="keywordtype">float</highlight><highlight class="normal"><sp/><ref refid="structIRockySPHDeviceModel_1a02751c7624b5eebe898fd497fd368f7e" kindref="member">IRockySPHDeviceModel::get_minimum_distance_squared</ref>()</highlight><highlight class="keyword"><sp/>const</highlight></codeline>
<codeline lineno="409"><highlight class="keyword"></highlight><highlight class="normal">{</highlight></codeline>
<codeline lineno="410"><highlight class="normal"><sp/><sp/><sp/><sp/></highlight><highlight class="keywordflow">return</highlight><highlight class="normal"><sp/>this-&gt;_impl.get_minimum_distance_squared();</highlight></codeline>
<codeline lineno="411"><highlight class="normal">}</highlight></codeline>
<codeline lineno="412"><highlight class="normal"></highlight></codeline>
<codeline lineno="413"><highlight class="normal">[[deprecated(</highlight><highlight class="stringliteral">&quot;Use<sp/>&quot;</highlight><highlight class="normal"></highlight></codeline>
<codeline lineno="414"><highlight class="normal"><sp/><sp/><sp/><sp/><sp/><sp/><sp/><sp/><sp/><sp/><sp/><sp/><sp/></highlight><highlight class="stringliteral">&quot;IRockySPHElement::get_molecular_viscosity<sp/>instead&quot;</highlight><highlight class="normal">)]]</highlight></codeline>
<codeline lineno="415" refid="structIRockySPHDeviceModel_1a0e7d219d00a03afa23f4340f966f274f" refkind="member"><highlight class="normal"></highlight><highlight class="keyword">inline</highlight><highlight class="normal"><sp/>ROCKY_FUNCTIONS<sp/></highlight><highlight class="keywordtype">float</highlight><highlight class="normal"><sp/><ref refid="structIRockySPHDeviceModel_1a0e7d219d00a03afa23f4340f966f274f" kindref="member">IRockySPHDeviceModel::get_fluid_viscosity</ref>()</highlight><highlight class="keyword"><sp/>const</highlight></codeline>
<codeline lineno="416"><highlight class="keyword"></highlight><highlight class="normal">{</highlight></codeline>
<codeline lineno="417"><highlight class="normal"><sp/><sp/><sp/><sp/></highlight><highlight class="keywordflow">return</highlight><highlight class="normal"><sp/>this-&gt;_impl.get_general_viscosity();</highlight></codeline>
<codeline lineno="418"><highlight class="normal">}</highlight></codeline>
<codeline lineno="419"><highlight class="normal"></highlight></codeline>
<codeline lineno="420" refid="structIRockySPHDeviceModel_1a30c701000a588378110aa2a163a07847" refkind="member"><highlight class="normal"></highlight><highlight class="keyword">inline</highlight><highlight class="normal"><sp/>ROCKY_FUNCTIONS<sp/></highlight><highlight class="keywordtype">float</highlight><highlight class="normal"><sp/><ref refid="structIRockySPHDeviceModel_1a30c701000a588378110aa2a163a07847" kindref="member">IRockySPHDeviceModel::get_fluid_density</ref>()</highlight><highlight class="keyword"><sp/>const</highlight></codeline>
<codeline lineno="421"><highlight class="keyword"></highlight><highlight class="normal">{</highlight></codeline>
<codeline lineno="422"><highlight class="normal"><sp/><sp/><sp/><sp/></highlight><highlight class="keywordflow">return</highlight><highlight class="normal"><sp/>this-&gt;_impl.get_general_density();</highlight></codeline>
<codeline lineno="423"><highlight class="normal">}</highlight></codeline>
<codeline lineno="424"><highlight class="normal"></highlight></codeline>
<codeline lineno="425" refid="structIRockySPHDeviceModel_1a53bf5a5c5dc38bed487a0ff75b4f881e" refkind="member"><highlight class="normal"></highlight><highlight class="keyword">inline</highlight><highlight class="normal"><sp/>ROCKY_FUNCTIONS<sp/></highlight><highlight class="keywordtype">float</highlight><highlight class="normal"><sp/><ref refid="structIRockySPHDeviceModel_1a53bf5a5c5dc38bed487a0ff75b4f881e" kindref="member">IRockySPHDeviceModel::get_fluid_thermal_conductivity</ref>()</highlight><highlight class="keyword"><sp/>const</highlight></codeline>
<codeline lineno="426"><highlight class="keyword"></highlight><highlight class="normal">{</highlight></codeline>
<codeline lineno="427"><highlight class="normal"><sp/><sp/><sp/><sp/></highlight><highlight class="keywordflow">return</highlight><highlight class="normal"><sp/>this-&gt;_impl.get_general_thermal_conductivity();</highlight></codeline>
<codeline lineno="428"><highlight class="normal">}</highlight></codeline>
<codeline lineno="429"><highlight class="normal"></highlight></codeline>
<codeline lineno="430" refid="structIRockySPHDeviceModel_1a3f511dafb251e18d7dfc8a8f7c9cfcf1" refkind="member"><highlight class="normal"></highlight><highlight class="keyword">inline</highlight><highlight class="normal"><sp/>ROCKY_FUNCTIONS<sp/></highlight><highlight class="keywordtype">float</highlight><highlight class="normal"><sp/><ref refid="structIRockySPHDeviceModel_1a3f511dafb251e18d7dfc8a8f7c9cfcf1" kindref="member">IRockySPHDeviceModel::get_fluid_specific_heat</ref>()</highlight><highlight class="keyword"><sp/>const</highlight></codeline>
<codeline lineno="431"><highlight class="keyword"></highlight><highlight class="normal">{</highlight></codeline>
<codeline lineno="432"><highlight class="normal"><sp/><sp/><sp/><sp/></highlight><highlight class="keywordflow">return</highlight><highlight class="normal"><sp/>this-&gt;_impl.get_general_specific_heat();</highlight></codeline>
<codeline lineno="433"><highlight class="normal">}</highlight></codeline>
<codeline lineno="434"><highlight class="normal"></highlight></codeline>
<codeline lineno="435" refid="structIRockySPHDeviceModel_1a085435fa6f49074b90d50686b5b6dd6c" refkind="member"><highlight class="normal"></highlight><highlight class="keyword">inline</highlight><highlight class="normal"><sp/>ROCKY_FUNCTIONS<sp/></highlight><highlight class="keywordtype">float</highlight><highlight class="normal"><sp/><ref refid="structIRockySPHDeviceModel_1a085435fa6f49074b90d50686b5b6dd6c" kindref="member">IRockySPHDeviceModel::get_turbulent_prandtl_number</ref>()</highlight><highlight class="keyword"><sp/>const</highlight></codeline>
<codeline lineno="436"><highlight class="keyword"></highlight><highlight class="normal">{</highlight></codeline>
<codeline lineno="437"><highlight class="normal"><sp/><sp/><sp/><sp/></highlight><highlight class="keywordflow">return</highlight><highlight class="normal"><sp/>this-&gt;_impl.get_turbulent_prandtl_number();</highlight></codeline>
<codeline lineno="438"><highlight class="normal">}</highlight></codeline>
<codeline lineno="439"><highlight class="normal"></highlight></codeline>
<codeline lineno="440" refid="structIRockySPHDeviceModel_1a53367cb9b7f97cb102cb9e1703a95131" refkind="member"><highlight class="normal"></highlight><highlight class="keyword">inline</highlight><highlight class="normal"><sp/>ROCKY_FUNCTIONS<sp/></highlight><highlight class="keywordtype">float</highlight><highlight class="normal"><sp/><ref refid="structIRockySPHDeviceModel_1a53367cb9b7f97cb102cb9e1703a95131" kindref="member">IRockySPHDeviceModel::get_speed_of_sound</ref>()</highlight><highlight class="keyword"><sp/>const</highlight></codeline>
<codeline lineno="441"><highlight class="keyword"></highlight><highlight class="normal">{</highlight></codeline>
<codeline lineno="442"><highlight class="normal"><sp/><sp/><sp/><sp/></highlight><highlight class="keywordflow">return</highlight><highlight class="normal"><sp/>this-&gt;_impl.get_speed_of_sound();</highlight></codeline>
<codeline lineno="443"><highlight class="normal">}</highlight></codeline>
<codeline lineno="444"><highlight class="normal"></highlight></codeline>
<codeline lineno="445" refid="structIRockySPHDeviceModel_1ad52e0f31256e039c7043a7de165fadf7" refkind="member"><highlight class="normal"></highlight><highlight class="keyword">inline</highlight><highlight class="normal"><sp/>ROCKY_FUNCTIONS<sp/></highlight><highlight class="keywordtype">float</highlight><highlight class="normal"><sp/><ref refid="structIRockySPHDeviceModel_1ad52e0f31256e039c7043a7de165fadf7" kindref="member">IRockySPHDeviceModel::get_surface_tension</ref>()</highlight><highlight class="keyword"><sp/>const</highlight></codeline>
<codeline lineno="446"><highlight class="keyword"></highlight><highlight class="normal">{</highlight></codeline>
<codeline lineno="447"><highlight class="normal"><sp/><sp/><sp/><sp/></highlight><highlight class="keywordflow">return</highlight><highlight class="normal"><sp/>this-&gt;_impl.get_surface_tension();</highlight></codeline>
<codeline lineno="448"><highlight class="normal">}</highlight></codeline>
<codeline lineno="449"><highlight class="normal"></highlight></codeline>
<codeline lineno="450" refid="structIRockySPHDeviceModel_1a7a1b280f7d23137f75cafb3eb29cf2bd" refkind="member"><highlight class="normal"></highlight><highlight class="keyword">inline</highlight><highlight class="normal"><sp/>ROCKY_FUNCTIONS<sp/></highlight><highlight class="keywordtype">float</highlight><highlight class="normal"><sp/><ref refid="structIRockySPHDeviceModel_1a7a1b280f7d23137f75cafb3eb29cf2bd" kindref="member">IRockySPHDeviceModel::get_damping_coefficient</ref>()</highlight><highlight class="keyword"><sp/>const</highlight></codeline>
<codeline lineno="451"><highlight class="keyword"></highlight><highlight class="normal">{</highlight></codeline>
<codeline lineno="452"><highlight class="normal"><sp/><sp/><sp/><sp/></highlight><highlight class="keywordflow">return</highlight><highlight class="normal"><sp/>this-&gt;_impl.get_damping_coefficient();</highlight></codeline>
<codeline lineno="453"><highlight class="normal">}</highlight></codeline>
<codeline lineno="454"><highlight class="normal"></highlight></codeline>
<codeline lineno="455" refid="structIRockySPHDeviceModel_1aa0fa9e6fb5e51db54a99a4bc45949409" refkind="member"><highlight class="normal"></highlight><highlight class="keyword">inline</highlight><highlight class="normal"><sp/>ROCKY_FUNCTIONS<sp/></highlight><highlight class="keywordtype">float</highlight><highlight class="normal"><sp/><ref refid="structIRockySPHDeviceModel_1aa0fa9e6fb5e51db54a99a4bc45949409" kindref="member">IRockySPHDeviceModel::get_stiffness</ref>()</highlight><highlight class="keyword"><sp/>const</highlight></codeline>
<codeline lineno="456"><highlight class="keyword"></highlight><highlight class="normal">{</highlight></codeline>
<codeline lineno="457"><highlight class="normal"><sp/><sp/><sp/><sp/></highlight><highlight class="keywordflow">return</highlight><highlight class="normal"><sp/>this-&gt;_impl.get_stiffness();</highlight></codeline>
<codeline lineno="458"><highlight class="normal">}</highlight></codeline>
<codeline lineno="459"><highlight class="normal"></highlight></codeline>
<codeline lineno="460"><highlight class="normal"></highlight><highlight class="keyword">inline</highlight><highlight class="normal"><sp/>ROCKY_FUNCTIONS<sp/></highlight><highlight class="keywordtype">float</highlight><highlight class="normal"><sp/>IRockySPHDeviceModel::get_les_smagorinsky_constant()</highlight><highlight class="keyword"><sp/>const</highlight></codeline>
<codeline lineno="461"><highlight class="keyword"></highlight><highlight class="normal">{</highlight></codeline>
<codeline lineno="462"><highlight class="normal"><sp/><sp/><sp/><sp/></highlight><highlight class="keywordflow">return</highlight><highlight class="normal"><sp/>this-&gt;_impl.get_les_smagorinsky_constant();</highlight></codeline>
<codeline lineno="463"><highlight class="normal">}</highlight></codeline>
<codeline lineno="464"><highlight class="normal"></highlight></codeline>
<codeline lineno="465"><highlight class="normal"></highlight><highlight class="keyword">inline</highlight><highlight class="normal"><sp/>ROCKY_FUNCTIONS<sp/></highlight><highlight class="keywordtype">float</highlight><highlight class="normal"><sp/>IRockySPHDeviceModel::get_les_distance_factor()</highlight><highlight class="keyword"><sp/>const</highlight></codeline>
<codeline lineno="466"><highlight class="keyword"></highlight><highlight class="normal">{</highlight></codeline>
<codeline lineno="467"><highlight class="normal"><sp/><sp/><sp/><sp/></highlight><highlight class="keywordflow">return</highlight><highlight class="normal"><sp/>this-&gt;_impl.get_les_distance_factor();</highlight></codeline>
<codeline lineno="468"><highlight class="normal">}</highlight></codeline>
<codeline lineno="469"><highlight class="normal"></highlight></codeline>
<codeline lineno="470"><highlight class="normal"></highlight><highlight class="keyword">inline</highlight><highlight class="normal"><sp/>ROCKY_FUNCTIONS<sp/></highlight><highlight class="keywordtype">float</highlight><highlight class="normal"><sp/>IRockySPHDeviceModel::get_stabilization_positive_factor()</highlight><highlight class="keyword"><sp/>const</highlight></codeline>
<codeline lineno="471"><highlight class="keyword"></highlight><highlight class="normal">{</highlight></codeline>
<codeline lineno="472"><highlight class="normal"><sp/><sp/><sp/><sp/></highlight><highlight class="keywordflow">return</highlight><highlight class="normal"><sp/>this-&gt;_impl.get_stabilization_positive_factor();</highlight></codeline>
<codeline lineno="473"><highlight class="normal">}</highlight></codeline>
<codeline lineno="474"><highlight class="normal"></highlight></codeline>
<codeline lineno="475"><highlight class="normal"></highlight><highlight class="keyword">inline</highlight><highlight class="normal"><sp/>ROCKY_FUNCTIONS<sp/></highlight><highlight class="keywordtype">float</highlight><highlight class="normal"><sp/>IRockySPHDeviceModel::get_stabilization_negative_factor()</highlight><highlight class="keyword"><sp/>const</highlight></codeline>
<codeline lineno="476"><highlight class="keyword"></highlight><highlight class="normal">{</highlight></codeline>
<codeline lineno="477"><highlight class="normal"><sp/><sp/><sp/><sp/></highlight><highlight class="keywordflow">return</highlight><highlight class="normal"><sp/>this-&gt;_impl.get_stabilization_negative_factor();</highlight></codeline>
<codeline lineno="478"><highlight class="normal">}</highlight></codeline>
<codeline lineno="479"><highlight class="normal"></highlight></codeline>
<codeline lineno="480"><highlight class="normal"></highlight><highlight class="keyword">inline</highlight><highlight class="normal"><sp/>ROCKY_FUNCTIONS<sp/></highlight><highlight class="keywordtype">float</highlight><highlight class="normal"><sp/>IRockySPHDeviceModel::get_stabilization_degree()</highlight><highlight class="keyword"><sp/>const</highlight></codeline>
<codeline lineno="481"><highlight class="keyword"></highlight><highlight class="normal">{</highlight></codeline>
<codeline lineno="482"><highlight class="normal"><sp/><sp/><sp/><sp/></highlight><highlight class="keywordflow">return</highlight><highlight class="normal"><sp/>this-&gt;_impl.get_stabilization_degree();</highlight></codeline>
<codeline lineno="483"><highlight class="normal">}</highlight></codeline>
<codeline lineno="484"><highlight class="normal"></highlight></codeline>
<codeline lineno="485"><highlight class="normal"></highlight><highlight class="keyword">inline</highlight><highlight class="normal"><sp/>ROCKY_FUNCTIONS<sp/></highlight><highlight class="keywordtype">float</highlight><highlight class="normal"><sp/>IRockySPHDeviceModel::get_boundary_distance_normal_factor()</highlight><highlight class="keyword"><sp/>const</highlight></codeline>
<codeline lineno="486"><highlight class="keyword"></highlight><highlight class="normal">{</highlight></codeline>
<codeline lineno="487"><highlight class="normal"><sp/><sp/><sp/><sp/></highlight><highlight class="keywordflow">return</highlight><highlight class="normal"><sp/>this-&gt;_impl.get_boundary_distance_normal_factor();</highlight></codeline>
<codeline lineno="488"><highlight class="normal">}</highlight></codeline>
<codeline lineno="489"><highlight class="normal"></highlight></codeline>
<codeline lineno="490"><highlight class="normal"></highlight><highlight class="keyword">inline</highlight><highlight class="normal"><sp/>ROCKY_FUNCTIONS<sp/></highlight><highlight class="keywordtype">float</highlight><highlight class="normal"><sp/>IRockySPHDeviceModel::get_boundary_distance_tangential_factor()</highlight><highlight class="keyword"><sp/>const</highlight></codeline>
<codeline lineno="491"><highlight class="keyword"></highlight><highlight class="normal">{</highlight></codeline>
<codeline lineno="492"><highlight class="normal"><sp/><sp/><sp/><sp/></highlight><highlight class="keywordflow">return</highlight><highlight class="normal"><sp/>this-&gt;_impl.get_boundary_distance_tangential_factor();</highlight></codeline>
<codeline lineno="493"><highlight class="normal">}</highlight></codeline>
<codeline lineno="494"><highlight class="normal"></highlight></codeline>
<codeline lineno="495" refid="structIRockySPHDeviceModel_1a9a4ab5e39105ea7398fb0b3b15b2763c" refkind="member"><highlight class="normal"></highlight><highlight class="keyword">inline</highlight><highlight class="normal"><sp/>ROCKY_FUNCTIONS<sp/>ESPHBoundaryType<sp/><ref refid="structIRockySPHDeviceModel_1a9a4ab5e39105ea7398fb0b3b15b2763c" kindref="member">IRockySPHDeviceModel::get_boundary_condition_type</ref>(</highlight><highlight class="keywordtype">int</highlight><highlight class="normal"><sp/>geometry_index)</highlight><highlight class="keyword"><sp/>const</highlight></codeline>
<codeline lineno="496"><highlight class="keyword"></highlight><highlight class="normal">{</highlight></codeline>
<codeline lineno="497"><highlight class="normal"><sp/><sp/><sp/><sp/></highlight><highlight class="keywordflow">return</highlight><highlight class="normal"><sp/>this-&gt;_impl.get_boundary_condition_type(geometry_index);</highlight></codeline>
<codeline lineno="498"><highlight class="normal">}</highlight></codeline>
<codeline lineno="499"><highlight class="normal"></highlight></codeline>
<codeline lineno="500"><highlight class="normal">[[deprecated(</highlight><highlight class="stringliteral">&quot;Use<sp/>&quot;</highlight><highlight class="normal"></highlight></codeline>
<codeline lineno="501"><highlight class="normal"><sp/><sp/><sp/><sp/><sp/><sp/><sp/><sp/><sp/><sp/><sp/><sp/><sp/></highlight><highlight class="stringliteral">&quot;IRockySPHTriangleInteraction::get_wall_turbulent_thermal_conductance<sp/>instead&quot;</highlight><highlight class="normal">)]]</highlight></codeline>
<codeline lineno="502" refid="structIRockySPHDeviceModel_1a98a93eadf944d6ad89416d384e1476c3" refkind="member"><highlight class="normal"></highlight><highlight class="keyword">inline</highlight><highlight class="normal"><sp/>ROCKY_FUNCTIONS<sp/></highlight><highlight class="keywordtype">float</highlight><highlight class="normal"><sp/><ref refid="structIRockySPHDeviceModel_1a98a93eadf944d6ad89416d384e1476c3" kindref="member">IRockySPHDeviceModel::get_wall_turbulent_thermal_conductance</ref>(</highlight></codeline>
<codeline lineno="503"><highlight class="normal"><sp/><sp/><sp/><sp/></highlight><highlight class="keywordtype">float</highlight><highlight class="normal"><sp/>velocity,<sp/></highlight><highlight class="keywordtype">float</highlight><highlight class="normal"><sp/>distance)</highlight><highlight class="keyword"><sp/>const</highlight></codeline>
<codeline lineno="504"><highlight class="keyword"></highlight><highlight class="normal">{</highlight></codeline>
<codeline lineno="505"><highlight class="normal"><sp/><sp/><sp/><sp/></highlight><highlight class="keywordflow">return</highlight><highlight class="normal"><sp/>this-&gt;_impl.gen_sph-&gt;get_wall_turbulent_thermal_conductance(</highlight></codeline>
<codeline lineno="506"><highlight class="normal"><sp/><sp/><sp/><sp/><sp/><sp/><sp/><sp/>velocity,<sp/>distance,<sp/>this-&gt;_impl.get_general_viscosity(),<sp/>this-&gt;get_initial_element_spacing(),</highlight></codeline>
<codeline lineno="507"><highlight class="normal"><sp/><sp/><sp/><sp/><sp/><sp/><sp/><sp/></highlight><highlight class="keyword">false</highlight><highlight class="normal">);</highlight></codeline>
<codeline lineno="508"><highlight class="normal">}</highlight></codeline>
<codeline lineno="509"><highlight class="normal"></highlight></codeline>
<codeline lineno="510" refid="structIRockySPHDeviceModel_1a707d2c43244e0a2db08047ba86dbfd78" refkind="member"><highlight class="normal"></highlight><highlight class="keyword">inline</highlight><highlight class="normal"><sp/>ROCKY_FUNCTIONS<sp/><ref refid="structIRockyCloudPoint" kindref="compound">IRockyCloudPoint</ref><sp/><ref refid="structIRockySPHDeviceModel_1a707d2c43244e0a2db08047ba86dbfd78" kindref="member">IRockySPHDeviceModel::get_element_cloud_point</ref>(</highlight></codeline>
<codeline lineno="511"><highlight class="normal"><sp/><sp/><sp/><sp/></highlight><highlight class="keywordtype">int</highlight><highlight class="normal"><sp/>point_cloud_index,<sp/></highlight><highlight class="keyword">const</highlight><highlight class="normal"><sp/><ref refid="structIRockySPHElement" kindref="compound">IRockySPHElement</ref>&amp;<sp/>element)</highlight></codeline>
<codeline lineno="512"><highlight class="normal">{</highlight></codeline>
<codeline lineno="513"><highlight class="normal"><sp/><sp/><sp/><sp/></highlight><highlight class="keyword">auto</highlight><highlight class="normal"><sp/>point_cloud<sp/>=<sp/>this-&gt;device_model-&gt;point_clouds<sp/>+<sp/>point_cloud_index;</highlight></codeline>
<codeline lineno="514"><highlight class="normal"><sp/><sp/><sp/><sp/></highlight><highlight class="keywordtype">int</highlight><highlight class="normal"><sp/>point_index<sp/>=<sp/>this-&gt;_impl.device_model-&gt;sph_particle_scalars-&gt;get_scalar&lt;</highlight><highlight class="keywordtype">int</highlight><highlight class="normal">&gt;(</highlight></codeline>
<codeline lineno="515"><highlight class="normal"><sp/><sp/><sp/><sp/><sp/><sp/><sp/><sp/>point_cloud-&gt;sph_scalars_index,<sp/>element._impl.element_index);</highlight></codeline>
<codeline lineno="516"><highlight class="normal"><sp/><sp/><sp/><sp/></highlight><highlight class="keywordflow">return</highlight><highlight class="normal"><sp/><ref refid="structIRockyCloudPoint" kindref="compound">IRockyCloudPoint</ref>(point_cloud,<sp/>point_index);</highlight></codeline>
<codeline lineno="517"><highlight class="normal">}</highlight></codeline>
<codeline lineno="518"><highlight class="normal"></highlight></codeline>
<codeline lineno="519" refid="structIRockySPHDeviceModel_1aeafb1df061969bc91b4912460cebedb5" refkind="member"><highlight class="normal"></highlight><highlight class="keyword">inline</highlight><highlight class="normal"><sp/>ROCKY_FUNCTIONS<sp/></highlight><highlight class="keywordtype">bool</highlight><highlight class="normal"><sp/><ref refid="structIRockySPHDeviceModel_1aeafb1df061969bc91b4912460cebedb5" kindref="member">IRockySPHDeviceModel::has_turbulence_modeling</ref>()</highlight><highlight class="keyword"><sp/>const</highlight></codeline>
<codeline lineno="520"><highlight class="keyword"></highlight><highlight class="normal">{</highlight></codeline>
<codeline lineno="521"><highlight class="normal"><sp/><sp/><sp/><sp/></highlight><highlight class="keywordflow">return</highlight><highlight class="normal"><sp/>this-&gt;_impl.gen_sph-&gt;turb_type<sp/>!=<sp/>ttLaminar;</highlight></codeline>
<codeline lineno="522"><highlight class="normal">}</highlight></codeline>
<codeline lineno="523"><highlight class="normal"></highlight></codeline>
<codeline lineno="524"><highlight class="normal"></highlight><highlight class="keyword">inline</highlight><highlight class="normal"><sp/>ROCKY_FUNCTIONS<sp/></highlight><highlight class="keywordtype">bool</highlight><highlight class="normal"><sp/>IRockySPHDeviceModel::has_variable_molecular_viscosity()</highlight><highlight class="keyword"><sp/>const</highlight></codeline>
<codeline lineno="525"><highlight class="keyword"></highlight><highlight class="normal">{</highlight></codeline>
<codeline lineno="526"><highlight class="normal"><sp/><sp/><sp/><sp/></highlight><highlight class="keywordflow">return</highlight><highlight class="normal"><sp/>this-&gt;_impl.gen_sph-&gt;has_variable_molecular_viscosity();</highlight></codeline>
<codeline lineno="527"><highlight class="normal">}</highlight></codeline>
    </programlisting>
    <location file="source/c++/rocky20/api/sph/rocky_sph_model_api.hpp"/>
  </compounddef>
</doxygen>
