<?xml version='1.0' encoding='UTF-8' standalone='no'?>
<doxygen xmlns:xsi="http://www.w3.org/2001/XMLSchema-instance" xsi:noNamespaceSchemaLocation="compound.xsd" version="1.10.0" xml:lang="en-US">
  <compounddef id="rocky__cfd__model_8cpp" kind="file" language="C++">
    <compoundname>rocky_cfd_model.cpp</compoundname>
    <includes refid="rocky__cfd__model_8h" local="yes">rocky_cfd_model.h</includes>
    <includes refid="rocky__fluid__scalars_8hpp" local="no">rocky20/api/rocky_fluid_scalars.hpp</includes>
    <incdepgraph>
      <node id="7">
        <label>rocky20/api/device/api_backend.hpp</label>
        <link refid="api__backend_8hpp_source"/>
        <childnode refid="8" relation="include">
        </childnode>
        <childnode refid="9" relation="include">
        </childnode>
      </node>
      <node id="1">
        <label>source/c++/rocky20/api/rocky_cfd_model.cpp</label>
        <link refid="rocky__cfd__model_8cpp"/>
        <childnode refid="2" relation="include">
        </childnode>
        <childnode refid="4" relation="include">
        </childnode>
      </node>
      <node id="2">
        <label>rocky_cfd_model.h</label>
        <link refid="rocky__cfd__model_8h_source"/>
        <childnode refid="3" relation="include">
        </childnode>
      </node>
      <node id="4">
        <label>rocky20/api/rocky_fluid_scalars.hpp</label>
        <link refid="rocky__fluid__scalars_8hpp_source"/>
        <childnode refid="5" relation="include">
        </childnode>
      </node>
      <node id="5">
        <label>rocky_scalars.h</label>
        <link refid="rocky__scalars_8h_source"/>
        <childnode refid="6" relation="include">
        </childnode>
        <childnode refid="7" relation="include">
        </childnode>
        <childnode refid="10" relation="include">
        </childnode>
      </node>
      <node id="10">
        <label>rocky20/api/rocky_statistics_data.hpp</label>
        <link refid="rocky__statistics__data_8hpp_source"/>
        <childnode refid="11" relation="include">
        </childnode>
        <childnode refid="7" relation="include">
        </childnode>
      </node>
      <node id="8">
        <label>rocky20/cuda/cuda_basics.hpp</label>
      </node>
      <node id="9">
        <label>rocky20/device/omp_backend.hpp</label>
      </node>
      <node id="3">
        <label>rocky20/model/cfd_data.h</label>
      </node>
      <node id="6">
        <label>rocky20/model/rocky_model.h</label>
      </node>
      <node id="11">
        <label>rocky20/model/statistics_data.hpp</label>
      </node>
    </incdepgraph>
    <briefdescription>
    </briefdescription>
    <detaileddescription>
    </detaileddescription>
    <programlisting>
<codeline lineno="1"><highlight class="comment">//<sp/>(C)<sp/>2024<sp/>ANSYS,<sp/>Inc.<sp/>Unauthorized<sp/>use,<sp/>distribution,<sp/>or<sp/>duplication<sp/>is<sp/>prohibited.</highlight><highlight class="normal"></highlight></codeline>
<codeline lineno="2"><highlight class="normal"></highlight><highlight class="preprocessor">#include<sp/>&quot;rocky_cfd_model.h&quot;</highlight><highlight class="normal"></highlight></codeline>
<codeline lineno="3"><highlight class="normal"></highlight></codeline>
<codeline lineno="4"><highlight class="normal"></highlight><highlight class="preprocessor">#include<sp/>&lt;rocky20/api/rocky_fluid_scalars.hpp&gt;</highlight><highlight class="normal"></highlight></codeline>
<codeline lineno="5"><highlight class="normal"></highlight></codeline>
<codeline lineno="6"><highlight class="normal">ECFDCouplingMode<sp/><ref refid="structIRockyCFDModel_1a121e67b3f5efdd1783a32a7fa642080c" kindref="member">IRockyCFDModel::get_coupling_mode</ref>()</highlight><highlight class="keyword"><sp/>const</highlight></codeline>
<codeline lineno="7"><highlight class="keyword"></highlight><highlight class="normal">{</highlight></codeline>
<codeline lineno="8"><highlight class="normal"><sp/><sp/><sp/><sp/></highlight><highlight class="keywordflow">return</highlight><highlight class="normal"><sp/>this-&gt;model-&gt;cfd_data.gen_cfd.cfd_coupling_mode;</highlight></codeline>
<codeline lineno="9"><highlight class="normal">}</highlight></codeline>
<codeline lineno="10"><highlight class="normal"></highlight></codeline>
<codeline lineno="11"><highlight class="normal"><ref refid="structIRockyFluidScalarsModel" kindref="compound">IRockyFluidScalarsModel</ref><sp/><ref refid="structIRockyCFDModel_1a001b18af80c99c01ce4baa357bac4977" kindref="member">IRockyCFDModel::get_fluid_scalars</ref>()</highlight><highlight class="keyword"><sp/>const</highlight></codeline>
<codeline lineno="12"><highlight class="keyword"></highlight><highlight class="normal">{</highlight></codeline>
<codeline lineno="13"><highlight class="normal"><sp/><sp/><sp/><sp/></highlight><highlight class="keywordflow">return</highlight><highlight class="normal"><sp/><ref refid="structIRockyFluidScalarsModel" kindref="compound">IRockyFluidScalarsModel</ref>(this-&gt;model);</highlight></codeline>
<codeline lineno="14"><highlight class="normal">}</highlight></codeline>
<codeline lineno="15"><highlight class="normal"></highlight></codeline>
<codeline lineno="16"><highlight class="normal"></highlight><highlight class="keywordtype">bool</highlight><highlight class="normal"><sp/><ref refid="structIRockyCFDModel_1a733281fb5b40b3cfbf10c29869208343" kindref="member">IRockyCFDModel::is_cfd_coupling_iteration</ref>()</highlight><highlight class="keyword"><sp/>const</highlight></codeline>
<codeline lineno="17"><highlight class="keyword"></highlight><highlight class="normal">{</highlight></codeline>
<codeline lineno="18"><highlight class="normal"><sp/><sp/><sp/><sp/></highlight><highlight class="keyword">const</highlight><highlight class="normal"><sp/></highlight><highlight class="keyword">auto</highlight><highlight class="normal">&amp;<sp/>iteration<sp/>=<sp/>this-&gt;model-&gt;iteration;</highlight></codeline>
<codeline lineno="19"><highlight class="normal"><sp/><sp/><sp/><sp/></highlight><highlight class="keywordflow">if</highlight><highlight class="normal"><sp/>(this-&gt;<ref refid="structIRockyCFDModel_1a121e67b3f5efdd1783a32a7fa642080c" kindref="member">get_coupling_mode</ref>()<sp/>==<sp/>cfdcTwoWay)</highlight></codeline>
<codeline lineno="20"><highlight class="normal"><sp/><sp/><sp/><sp/>{</highlight></codeline>
<codeline lineno="21"><highlight class="normal"><sp/><sp/><sp/><sp/><sp/><sp/><sp/><sp/></highlight><highlight class="keyword">const</highlight><highlight class="normal"><sp/></highlight><highlight class="keywordtype">int</highlight><highlight class="normal"><sp/>handler<sp/>=<sp/>iteration.find_cyclic_timer_handler(</highlight><highlight class="stringliteral">&quot;CFD<sp/>2-way<sp/>Coupling&quot;</highlight><highlight class="normal">);</highlight></codeline>
<codeline lineno="22"><highlight class="normal"><sp/><sp/><sp/><sp/><sp/><sp/><sp/><sp/></highlight><highlight class="keywordflow">return</highlight><highlight class="normal"><sp/>handler<sp/>&gt;=<sp/>0<sp/>&amp;&amp;<sp/>iteration.is_cyclic_timer_cycle_complete(handler);</highlight></codeline>
<codeline lineno="23"><highlight class="normal"><sp/><sp/><sp/><sp/>}</highlight></codeline>
<codeline lineno="24"><highlight class="normal"><sp/><sp/><sp/><sp/></highlight><highlight class="keywordflow">else</highlight><highlight class="normal"><sp/></highlight><highlight class="keywordflow">if</highlight><highlight class="normal"><sp/>(this-&gt;<ref refid="structIRockyCFDModel_1a121e67b3f5efdd1783a32a7fa642080c" kindref="member">get_coupling_mode</ref>()<sp/>==<sp/>cfdcOneWay)</highlight></codeline>
<codeline lineno="25"><highlight class="normal"><sp/><sp/><sp/><sp/>{</highlight></codeline>
<codeline lineno="26"><highlight class="normal"><sp/><sp/><sp/><sp/><sp/><sp/><sp/><sp/></highlight><highlight class="keyword">const</highlight><highlight class="normal"><sp/></highlight><highlight class="keywordtype">int</highlight><highlight class="normal"><sp/>handler<sp/>=<sp/>iteration.find_cyclic_timer_handler(</highlight><highlight class="stringliteral">&quot;CFD<sp/>1-way<sp/>Coupling&quot;</highlight><highlight class="normal">);</highlight></codeline>
<codeline lineno="27"><highlight class="normal"><sp/><sp/><sp/><sp/><sp/><sp/><sp/><sp/></highlight><highlight class="keywordflow">return</highlight><highlight class="normal"><sp/>handler<sp/>&gt;=<sp/>0<sp/>&amp;&amp;<sp/>iteration.is_cyclic_timer_cycle_complete(handler);</highlight></codeline>
<codeline lineno="28"><highlight class="normal"><sp/><sp/><sp/><sp/>}</highlight></codeline>
<codeline lineno="29"><highlight class="normal"><sp/><sp/><sp/><sp/></highlight><highlight class="keywordflow">else</highlight><highlight class="normal"></highlight></codeline>
<codeline lineno="30"><highlight class="normal"><sp/><sp/><sp/><sp/><sp/><sp/><sp/><sp/></highlight><highlight class="keywordflow">return</highlight><highlight class="normal"><sp/></highlight><highlight class="keyword">false</highlight><highlight class="normal">;</highlight></codeline>
<codeline lineno="31"><highlight class="normal">}</highlight></codeline>
<codeline lineno="32"><highlight class="normal"></highlight></codeline>
<codeline lineno="33"><highlight class="normal"></highlight><highlight class="keywordtype">bool</highlight><highlight class="normal"><sp/><ref refid="structIRockyCFDModel_1a0eaf07fa0aa63473b83a633dad1e8f25" kindref="member">IRockyCFDModel::is_single_phase</ref>()</highlight><highlight class="keyword"><sp/>const</highlight></codeline>
<codeline lineno="34"><highlight class="keyword"></highlight><highlight class="normal">{</highlight></codeline>
<codeline lineno="35"><highlight class="normal"><sp/><sp/><sp/><sp/></highlight><highlight class="keywordflow">return</highlight><highlight class="normal"><sp/>this-&gt;model-&gt;cfd_data.single_phase;</highlight></codeline>
<codeline lineno="36"><highlight class="normal">}</highlight></codeline>
<codeline lineno="37"><highlight class="normal"></highlight></codeline>
<codeline lineno="38"><highlight class="normal"></highlight><highlight class="keywordtype">bool</highlight><highlight class="normal"><sp/><ref refid="structIRockyCFDModel_1a4ac3f8164add3366c5f08f4f819a79fd" kindref="member">IRockyCFDModel::has_species</ref>()</highlight><highlight class="keyword"><sp/>const</highlight></codeline>
<codeline lineno="39"><highlight class="keyword"></highlight><highlight class="normal">{</highlight></codeline>
<codeline lineno="40"><highlight class="normal"><sp/><sp/><sp/><sp/></highlight><highlight class="keywordflow">return</highlight><highlight class="normal"><sp/>this-&gt;model-&gt;cfd_data.has_species;</highlight></codeline>
<codeline lineno="41"><highlight class="normal">}</highlight></codeline>
<codeline lineno="42"><highlight class="normal"></highlight></codeline>
<codeline lineno="43"><highlight class="normal">std::vector&lt;std::string&gt;<sp/><ref refid="structIRockyCFDModel_1a6bc367fb97d56786d71d89351957a2a1" kindref="member">IRockyCFDModel::get_phase_names</ref>()</highlight></codeline>
<codeline lineno="44"><highlight class="normal">{</highlight></codeline>
<codeline lineno="45"><highlight class="normal"><sp/><sp/><sp/><sp/></highlight><highlight class="keywordflow">return</highlight><highlight class="normal"><sp/>this-&gt;model-&gt;cfd_data.phase_names;</highlight></codeline>
<codeline lineno="46"><highlight class="normal">}</highlight></codeline>
<codeline lineno="47"><highlight class="normal">std::vector&lt;std::string&gt;<sp/><ref refid="structIRockyCFDModel_1aac7f217cdfc15f0dd301dfd99127a194" kindref="member">IRockyCFDModel::get_species_names</ref>()</highlight></codeline>
<codeline lineno="48"><highlight class="normal">{</highlight></codeline>
<codeline lineno="49"><highlight class="normal"><sp/><sp/><sp/><sp/></highlight><highlight class="keywordflow">return</highlight><highlight class="normal"><sp/>this-&gt;model-&gt;cfd_data.species_names;</highlight></codeline>
<codeline lineno="50"><highlight class="normal">}</highlight></codeline>
<codeline lineno="51"><highlight class="normal"></highlight></codeline>
<codeline lineno="52"><highlight class="normal">std::string<sp/><ref refid="structIRockyCFDModel_1a83c9a597793b791d1e42e0756ddddb06" kindref="member">IRockyCFDModel::get_primary_phase_name</ref>()</highlight></codeline>
<codeline lineno="53"><highlight class="normal">{</highlight></codeline>
<codeline lineno="54"><highlight class="normal"><sp/><sp/><sp/><sp/></highlight><highlight class="keywordflow">if</highlight><highlight class="normal"><sp/>(this-&gt;<ref refid="structIRockyCFDModel_1a0eaf07fa0aa63473b83a633dad1e8f25" kindref="member">is_single_phase</ref>()<sp/>||<sp/>this-&gt;model-&gt;cfd_data.phase_names.size()<sp/>==<sp/>0)</highlight></codeline>
<codeline lineno="55"><highlight class="normal"><sp/><sp/><sp/><sp/><sp/><sp/><sp/><sp/></highlight><highlight class="keywordflow">return</highlight><highlight class="normal"><sp/>std::string{};</highlight></codeline>
<codeline lineno="56"><highlight class="normal"></highlight></codeline>
<codeline lineno="57"><highlight class="normal"><sp/><sp/><sp/><sp/></highlight><highlight class="keywordflow">return</highlight><highlight class="normal"><sp/>this-&gt;model-&gt;cfd_data.phase_names.at(0);</highlight></codeline>
<codeline lineno="58"><highlight class="normal">}</highlight></codeline>
    </programlisting>
    <location file="source/c++/rocky20/api/rocky_cfd_model.cpp"/>
  </compounddef>
</doxygen>
