<?xml version='1.0' encoding='UTF-8' standalone='no'?>
<doxygen xmlns:xsi="http://www.w3.org/2001/XMLSchema-instance" xsi:noNamespaceSchemaLocation="compound.xsd" version="1.10.0" xml:lang="en-US">
  <compounddef id="rocky__plugin__data_8cpp" kind="file" language="C++">
    <compoundname>rocky_plugin_data.cpp</compoundname>
    <includes refid="rocky__plugin__data_8h" local="yes">rocky_plugin_data.h</includes>
    <includes local="no">rocky20/addins/rocky_addins_context.h</includes>
    <includes local="no">rocky20/core/utils/rocky_exception.hpp</includes>
    <incdepgraph>
      <node id="1">
        <label>source/c++/rocky20/api/rocky_plugin_data.cpp</label>
        <link refid="rocky__plugin__data_8cpp"/>
        <childnode refid="2" relation="include">
        </childnode>
        <childnode refid="5" relation="include">
        </childnode>
        <childnode refid="6" relation="include">
        </childnode>
      </node>
      <node id="2">
        <label>rocky_plugin_data.h</label>
        <link refid="rocky__plugin__data_8h_source"/>
        <childnode refid="3" relation="include">
        </childnode>
        <childnode refid="4" relation="include">
        </childnode>
      </node>
      <node id="3">
        <label>memory</label>
      </node>
      <node id="5">
        <label>rocky20/addins/rocky_addins_context.h</label>
      </node>
      <node id="6">
        <label>rocky20/core/utils/rocky_exception.hpp</label>
      </node>
      <node id="4">
        <label>string</label>
      </node>
    </incdepgraph>
    <briefdescription>
    </briefdescription>
    <detaileddescription>
    </detaileddescription>
    <programlisting>
<codeline lineno="1"><highlight class="comment">//<sp/>(C)<sp/>2024<sp/>ANSYS,<sp/>Inc.<sp/>Unauthorized<sp/>use,<sp/>distribution,<sp/>or<sp/>duplication<sp/>is<sp/>prohibited.</highlight><highlight class="normal"></highlight></codeline>
<codeline lineno="2"><highlight class="normal"></highlight></codeline>
<codeline lineno="3"><highlight class="normal"></highlight><highlight class="comment">//<sp/>Includes<sp/>=======================================================================================</highlight><highlight class="normal"></highlight></codeline>
<codeline lineno="4"><highlight class="normal"></highlight><highlight class="preprocessor">#include<sp/>&quot;rocky_plugin_data.h&quot;</highlight><highlight class="normal"></highlight></codeline>
<codeline lineno="5"><highlight class="normal"></highlight></codeline>
<codeline lineno="6"><highlight class="normal"></highlight><highlight class="preprocessor">#include<sp/>&lt;rocky20/addins/rocky_addins_context.h&gt;</highlight><highlight class="normal"></highlight></codeline>
<codeline lineno="7"><highlight class="normal"></highlight><highlight class="preprocessor">#include<sp/>&lt;rocky20/core/utils/rocky_exception.hpp&gt;</highlight><highlight class="normal"></highlight></codeline>
<codeline lineno="8"><highlight class="normal"></highlight></codeline>
<codeline lineno="9"><highlight class="normal"></highlight></codeline>
<codeline lineno="10"><highlight class="normal"></highlight><highlight class="keywordtype">bool</highlight><highlight class="normal"><sp/><ref refid="classIRockyPluginDataEntry_1a67a2a72cd88df362f2fbe128b6814c17" kindref="member">IRockyPluginDataEntry::has</ref>(</highlight><highlight class="keyword">const</highlight><highlight class="normal"><sp/></highlight><highlight class="keywordtype">char</highlight><highlight class="normal"><sp/>*_name)</highlight><highlight class="keyword"><sp/>const</highlight></codeline>
<codeline lineno="11"><highlight class="keyword"></highlight><highlight class="normal">{</highlight></codeline>
<codeline lineno="12"><highlight class="normal"><sp/><sp/><sp/><sp/></highlight><highlight class="keywordflow">return</highlight><highlight class="normal"><sp/>this-&gt;pImpl-&gt;has(_name);</highlight></codeline>
<codeline lineno="13"><highlight class="normal">}</highlight></codeline>
<codeline lineno="14"><highlight class="normal"></highlight></codeline>
<codeline lineno="15"><highlight class="normal"></highlight><highlight class="keywordtype">bool</highlight><highlight class="normal"><sp/><ref refid="classIRockyPluginDataEntry_1afb831ee2119c05117bde33db7e5f965c" kindref="member">IRockyPluginDataEntry::get_bool</ref>(</highlight><highlight class="keyword">const</highlight><highlight class="normal"><sp/></highlight><highlight class="keywordtype">char</highlight><highlight class="normal"><sp/>*_name)</highlight><highlight class="keyword"><sp/>const</highlight></codeline>
<codeline lineno="16"><highlight class="keyword"></highlight><highlight class="normal">{</highlight></codeline>
<codeline lineno="17"><highlight class="normal"><sp/><sp/><sp/><sp/></highlight><highlight class="keywordflow">return</highlight><highlight class="normal"><sp/>this-&gt;pImpl-&gt;get&lt;</highlight><highlight class="keywordtype">bool</highlight><highlight class="normal">&gt;(_name);</highlight></codeline>
<codeline lineno="18"><highlight class="normal">}</highlight></codeline>
<codeline lineno="19"><highlight class="normal"></highlight></codeline>
<codeline lineno="20"><highlight class="normal"></highlight><highlight class="keywordtype">int</highlight><highlight class="normal"><sp/><ref refid="classIRockyPluginDataEntry_1ab1a99ba3c573dbfc7547cc35ded461be" kindref="member">IRockyPluginDataEntry::get_int</ref>(</highlight><highlight class="keyword">const</highlight><highlight class="normal"><sp/></highlight><highlight class="keywordtype">char</highlight><highlight class="normal"><sp/>*_name)</highlight><highlight class="keyword"><sp/>const</highlight></codeline>
<codeline lineno="21"><highlight class="keyword"></highlight><highlight class="normal">{</highlight></codeline>
<codeline lineno="22"><highlight class="normal"><sp/><sp/><sp/><sp/></highlight><highlight class="keywordflow">return</highlight><highlight class="normal"><sp/>this-&gt;pImpl-&gt;get&lt;</highlight><highlight class="keywordtype">int</highlight><highlight class="normal">&gt;(_name);</highlight></codeline>
<codeline lineno="23"><highlight class="normal">}</highlight></codeline>
<codeline lineno="24"><highlight class="normal"></highlight></codeline>
<codeline lineno="25"><highlight class="normal"></highlight><highlight class="keywordtype">double</highlight><highlight class="normal"><sp/><ref refid="classIRockyPluginDataEntry_1af0df7ed2b038b1a48228a24b1b840692" kindref="member">IRockyPluginDataEntry::get_double</ref>(</highlight><highlight class="keyword">const</highlight><highlight class="normal"><sp/></highlight><highlight class="keywordtype">char</highlight><highlight class="normal"><sp/>*_name)</highlight><highlight class="keyword"><sp/>const</highlight></codeline>
<codeline lineno="26"><highlight class="keyword"></highlight><highlight class="normal">{</highlight></codeline>
<codeline lineno="27"><highlight class="normal"><sp/><sp/><sp/><sp/></highlight><highlight class="keywordflow">return</highlight><highlight class="normal"><sp/>this-&gt;pImpl-&gt;get&lt;</highlight><highlight class="keywordtype">double</highlight><highlight class="normal">&gt;(_name);</highlight></codeline>
<codeline lineno="28"><highlight class="normal">}</highlight></codeline>
<codeline lineno="29"><highlight class="normal"></highlight></codeline>
<codeline lineno="30"><highlight class="normal">std::string<sp/><ref refid="classIRockyPluginDataEntry_1a9e4a1299866b05178f910869689c7ac9" kindref="member">IRockyPluginDataEntry::get_string</ref>(</highlight><highlight class="keyword">const</highlight><highlight class="normal"><sp/></highlight><highlight class="keywordtype">char</highlight><highlight class="normal"><sp/>*_name)</highlight><highlight class="keyword"><sp/>const</highlight></codeline>
<codeline lineno="31"><highlight class="keyword"></highlight><highlight class="normal">{</highlight></codeline>
<codeline lineno="32"><highlight class="normal"><sp/><sp/><sp/><sp/></highlight><highlight class="keywordflow">return</highlight><highlight class="normal"><sp/>this-&gt;pImpl-&gt;get&lt;std::string&gt;(_name);</highlight></codeline>
<codeline lineno="33"><highlight class="normal">}</highlight></codeline>
<codeline lineno="34"><highlight class="normal"></highlight></codeline>
<codeline lineno="35"><highlight class="normal"></highlight><highlight class="keywordtype">int</highlight><highlight class="normal"><sp/><ref refid="classIRockyPluginDataEntry_1ad0ca70feaf5f67d7ebb52802dad39989" kindref="member">IRockyPluginDataEntry::get_list_size</ref>(</highlight><highlight class="keyword">const</highlight><highlight class="normal"><sp/></highlight><highlight class="keywordtype">char</highlight><highlight class="normal"><sp/>*_name)</highlight><highlight class="keyword"><sp/>const</highlight></codeline>
<codeline lineno="36"><highlight class="keyword"></highlight><highlight class="normal">{</highlight></codeline>
<codeline lineno="37"><highlight class="normal"><sp/><sp/><sp/><sp/></highlight><highlight class="keywordflow">return</highlight><highlight class="normal"><sp/>(</highlight><highlight class="keywordtype">int</highlight><highlight class="normal">)this-&gt;pImpl-&gt;get_num_list_items(_name);</highlight></codeline>
<codeline lineno="38"><highlight class="normal">}</highlight></codeline>
<codeline lineno="39"><highlight class="normal"></highlight></codeline>
<codeline lineno="40"><highlight class="normal"><ref refid="classIRockyPluginDataEntry" kindref="compound">IRockyPluginDataEntry</ref><sp/><ref refid="classIRockyPluginDataEntry_1ab8a6c4631f842a5c2d724f4661287665" kindref="member">IRockyPluginDataEntry::get_list_item</ref>(</highlight><highlight class="keyword">const</highlight><highlight class="normal"><sp/></highlight><highlight class="keywordtype">char</highlight><highlight class="normal"><sp/>*_name,<sp/></highlight><highlight class="keywordtype">int</highlight><highlight class="normal"><sp/>item_index)</highlight><highlight class="keyword"><sp/>const</highlight></codeline>
<codeline lineno="41"><highlight class="keyword"></highlight><highlight class="normal">{</highlight></codeline>
<codeline lineno="42"><highlight class="normal"><sp/><sp/><sp/><sp/><ref refid="classIRockyPluginDataEntry" kindref="compound">IRockyPluginDataEntry</ref><sp/>entry;</highlight></codeline>
<codeline lineno="43"><highlight class="normal"><sp/><sp/><sp/><sp/>entry.pImpl.reset(</highlight><highlight class="keyword">new</highlight><highlight class="normal"><sp/>rocky20::addins::AddinData(</highlight></codeline>
<codeline lineno="44"><highlight class="normal"><sp/><sp/><sp/><sp/><sp/><sp/><sp/><sp/>this-&gt;pImpl-&gt;get_list_item(_name,<sp/>item_index)));</highlight></codeline>
<codeline lineno="45"><highlight class="normal"><sp/><sp/><sp/><sp/></highlight><highlight class="keywordflow">return</highlight><highlight class="normal"><sp/>entry;</highlight></codeline>
<codeline lineno="46"><highlight class="normal">}</highlight></codeline>
<codeline lineno="47"><highlight class="normal"></highlight></codeline>
<codeline lineno="48"><highlight class="normal"><ref refid="classIRockyPluginDataEntry" kindref="compound">IRockyPluginDataEntry</ref><sp/><ref refid="classIRockyPluginData_1ab65c417ed40c1bab14987f959c095b7d" kindref="member">IRockyPluginData::get_model</ref>()</highlight><highlight class="keyword"><sp/>const</highlight></codeline>
<codeline lineno="49"><highlight class="keyword"></highlight><highlight class="normal">{</highlight></codeline>
<codeline lineno="50"><highlight class="normal"><sp/><sp/><sp/><sp/><ref refid="classIRockyPluginDataEntry" kindref="compound">IRockyPluginDataEntry</ref><sp/>entry;</highlight></codeline>
<codeline lineno="51"><highlight class="normal"><sp/><sp/><sp/><sp/>entry.pImpl.reset(</highlight><highlight class="keyword">new</highlight><highlight class="normal"><sp/>rocky20::addins::AddinData(this-&gt;pImpl-&gt;get_model()));</highlight></codeline>
<codeline lineno="52"><highlight class="normal"><sp/><sp/><sp/><sp/></highlight><highlight class="keywordflow">return</highlight><highlight class="normal"><sp/>entry;</highlight></codeline>
<codeline lineno="53"><highlight class="normal">}</highlight></codeline>
<codeline lineno="54"><highlight class="normal"></highlight></codeline>
<codeline lineno="55"><highlight class="normal"></highlight><highlight class="keywordtype">bool</highlight><highlight class="normal"><sp/><ref refid="classIRockyPluginData_1aefed471c915106b82ca654eef4a03042" kindref="member">IRockyPluginData::has_material_interaction_data</ref>()</highlight><highlight class="keyword"><sp/>const</highlight></codeline>
<codeline lineno="56"><highlight class="keyword"></highlight><highlight class="normal">{</highlight></codeline>
<codeline lineno="57"><highlight class="normal"><sp/><sp/><sp/><sp/></highlight><highlight class="keywordflow">return</highlight><highlight class="normal"><sp/>this-&gt;pImpl-&gt;has_material_interaction();</highlight></codeline>
<codeline lineno="58"><highlight class="normal">}</highlight></codeline>
<codeline lineno="59"><highlight class="normal"></highlight></codeline>
<codeline lineno="60"><highlight class="normal"></highlight><highlight class="keywordtype">int</highlight><highlight class="normal"><sp/><ref refid="classIRockyPluginData_1a90cc066bcc4f454a5c9d21d69bf57e9e" kindref="member">IRockyPluginData::get_number_material_interactions</ref>()</highlight><highlight class="keyword"><sp/>const</highlight></codeline>
<codeline lineno="61"><highlight class="keyword"></highlight><highlight class="normal">{</highlight></codeline>
<codeline lineno="62"><highlight class="normal"><sp/><sp/><sp/><sp/></highlight><highlight class="keywordflow">return</highlight><highlight class="normal"><sp/>this-&gt;pImpl-&gt;get_n_material_interactions();</highlight></codeline>
<codeline lineno="63"><highlight class="normal">}</highlight></codeline>
<codeline lineno="64"><highlight class="normal"></highlight></codeline>
<codeline lineno="65"><highlight class="normal"><ref refid="classIRockyPluginDataEntry" kindref="compound">IRockyPluginDataEntry</ref><sp/><ref refid="classIRockyPluginData_1a78c76a74cd026948ee16f3b6b4718356" kindref="member">IRockyPluginData::get_material_interaction_data</ref>(</highlight><highlight class="keywordtype">int</highlight><highlight class="normal"><sp/>index)</highlight><highlight class="keyword"><sp/>const</highlight></codeline>
<codeline lineno="66"><highlight class="keyword"></highlight><highlight class="normal">{</highlight></codeline>
<codeline lineno="67"><highlight class="normal"><sp/><sp/><sp/><sp/><ref refid="classIRockyPluginDataEntry" kindref="compound">IRockyPluginDataEntry</ref><sp/>entry;</highlight></codeline>
<codeline lineno="68"><highlight class="normal"><sp/><sp/><sp/><sp/>entry.pImpl.reset(</highlight><highlight class="keyword">new</highlight><highlight class="normal"><sp/>rocky20::addins::AddinData(this-&gt;pImpl-&gt;get_material_interaction(index)));</highlight></codeline>
<codeline lineno="69"><highlight class="normal"><sp/><sp/><sp/><sp/></highlight><highlight class="keywordflow">return</highlight><highlight class="normal"><sp/>entry;</highlight></codeline>
<codeline lineno="70"><highlight class="normal">}</highlight></codeline>
<codeline lineno="71"><highlight class="normal"></highlight></codeline>
<codeline lineno="72"><highlight class="normal"></highlight><highlight class="keywordtype">bool</highlight><highlight class="normal"><sp/><ref refid="classIRockyPluginData_1a46306bc4ec8fe3a85efc85c37b78fdfb" kindref="member">IRockyPluginData::has_geometry_data</ref>()</highlight><highlight class="keyword"><sp/>const</highlight></codeline>
<codeline lineno="73"><highlight class="keyword"></highlight><highlight class="normal">{</highlight></codeline>
<codeline lineno="74"><highlight class="normal"><sp/><sp/><sp/><sp/></highlight><highlight class="keywordflow">return</highlight><highlight class="normal"><sp/>this-&gt;pImpl-&gt;has_geometry_data();</highlight></codeline>
<codeline lineno="75"><highlight class="normal">}</highlight></codeline>
<codeline lineno="76"><highlight class="normal"></highlight></codeline>
<codeline lineno="77"><highlight class="normal"></highlight><highlight class="keywordtype">int</highlight><highlight class="normal"><sp/><ref refid="classIRockyPluginData_1a413adf0e206156e543c8dd170eee387e" kindref="member">IRockyPluginData::get_number_geometries</ref>()</highlight><highlight class="keyword"><sp/>const</highlight></codeline>
<codeline lineno="78"><highlight class="keyword"></highlight><highlight class="normal">{</highlight></codeline>
<codeline lineno="79"><highlight class="normal"><sp/><sp/><sp/><sp/></highlight><highlight class="keywordflow">return</highlight><highlight class="normal"><sp/>this-&gt;pImpl-&gt;get_n_geometries();</highlight></codeline>
<codeline lineno="80"><highlight class="normal">}</highlight></codeline>
<codeline lineno="81"><highlight class="normal"></highlight></codeline>
<codeline lineno="82"><highlight class="normal"><ref refid="classIRockyPluginDataEntry" kindref="compound">IRockyPluginDataEntry</ref><sp/><ref refid="classIRockyPluginData_1ae830fad6e94d455f0e4ad57df4b981de" kindref="member">IRockyPluginData::get_geometry_data</ref>(</highlight><highlight class="keywordtype">int</highlight><highlight class="normal"><sp/>index)</highlight><highlight class="keyword"><sp/>const</highlight></codeline>
<codeline lineno="83"><highlight class="keyword"></highlight><highlight class="normal">{</highlight></codeline>
<codeline lineno="84"><highlight class="normal"><sp/><sp/><sp/><sp/><ref refid="classIRockyPluginDataEntry" kindref="compound">IRockyPluginDataEntry</ref><sp/>entry;</highlight></codeline>
<codeline lineno="85"><highlight class="normal"><sp/><sp/><sp/><sp/>entry.pImpl.reset(</highlight><highlight class="keyword">new</highlight><highlight class="normal"><sp/>rocky20::addins::AddinData(this-&gt;pImpl-&gt;get_geometry_data(index)));</highlight></codeline>
<codeline lineno="86"><highlight class="normal"><sp/><sp/><sp/><sp/></highlight><highlight class="keywordflow">return</highlight><highlight class="normal"><sp/>entry;</highlight></codeline>
<codeline lineno="87"><highlight class="normal">}</highlight></codeline>
<codeline lineno="88"><highlight class="normal"></highlight></codeline>
<codeline lineno="89"><highlight class="normal"></highlight><highlight class="keywordtype">bool</highlight><highlight class="normal"><sp/><ref refid="classIRockyPluginData_1af000e5f6b3f1d9f454233b01c8a43515" kindref="member">IRockyPluginData::has_particle_group_data</ref>()</highlight><highlight class="keyword"><sp/>const</highlight></codeline>
<codeline lineno="90"><highlight class="keyword"></highlight><highlight class="normal">{</highlight></codeline>
<codeline lineno="91"><highlight class="normal"><sp/><sp/><sp/><sp/></highlight><highlight class="keywordflow">return</highlight><highlight class="normal"><sp/>this-&gt;pImpl-&gt;has_particle_group_data();</highlight></codeline>
<codeline lineno="92"><highlight class="normal">}</highlight></codeline>
<codeline lineno="93"><highlight class="normal"></highlight></codeline>
<codeline lineno="94"><highlight class="normal"></highlight><highlight class="keywordtype">int</highlight><highlight class="normal"><sp/><ref refid="classIRockyPluginData_1a7a39deb0a0b9b782ad0e74e82bc027ce" kindref="member">IRockyPluginData::get_number_particle_groups</ref>()</highlight><highlight class="keyword"><sp/>const</highlight></codeline>
<codeline lineno="95"><highlight class="keyword"></highlight><highlight class="normal">{</highlight></codeline>
<codeline lineno="96"><highlight class="normal"><sp/><sp/><sp/><sp/></highlight><highlight class="keywordflow">return</highlight><highlight class="normal"><sp/>this-&gt;pImpl-&gt;get_n_particle_groups();</highlight></codeline>
<codeline lineno="97"><highlight class="normal">}</highlight></codeline>
<codeline lineno="98"><highlight class="normal"></highlight></codeline>
<codeline lineno="99"><highlight class="normal"><ref refid="classIRockyPluginDataEntry" kindref="compound">IRockyPluginDataEntry</ref><sp/><ref refid="classIRockyPluginData_1a224e42565c6730227d5f85c8d0f0004f" kindref="member">IRockyPluginData::get_particle_group_data</ref>(</highlight><highlight class="keywordtype">int</highlight><highlight class="normal"><sp/>index)</highlight><highlight class="keyword"><sp/>const</highlight></codeline>
<codeline lineno="100"><highlight class="keyword"></highlight><highlight class="normal">{</highlight></codeline>
<codeline lineno="101"><highlight class="normal"><sp/><sp/><sp/><sp/><ref refid="classIRockyPluginDataEntry" kindref="compound">IRockyPluginDataEntry</ref><sp/>entry;</highlight></codeline>
<codeline lineno="102"><highlight class="normal"><sp/><sp/><sp/><sp/>entry.pImpl.reset(</highlight><highlight class="keyword">new</highlight><highlight class="normal"><sp/>rocky20::addins::AddinData(this-&gt;pImpl-&gt;get_particle_group_data(index)));</highlight></codeline>
<codeline lineno="103"><highlight class="normal"><sp/><sp/><sp/><sp/></highlight><highlight class="keywordflow">return</highlight><highlight class="normal"><sp/>entry;</highlight></codeline>
<codeline lineno="104"><highlight class="normal">}</highlight></codeline>
<codeline lineno="105"><highlight class="normal"></highlight></codeline>
<codeline lineno="106"><highlight class="normal"></highlight><highlight class="keywordtype">bool</highlight><highlight class="normal"><sp/><ref refid="classIRockyPluginData_1af8d04f332d01ab25b7a375552072db2a" kindref="member">IRockyPluginData::has_material_data</ref>()</highlight><highlight class="keyword"><sp/>const</highlight></codeline>
<codeline lineno="107"><highlight class="keyword"></highlight><highlight class="normal">{</highlight></codeline>
<codeline lineno="108"><highlight class="normal"><sp/><sp/><sp/><sp/></highlight><highlight class="keywordflow">return</highlight><highlight class="normal"><sp/>this-&gt;pImpl-&gt;has_material_properties_data();</highlight></codeline>
<codeline lineno="109"><highlight class="normal">}</highlight></codeline>
<codeline lineno="110"><highlight class="normal"></highlight></codeline>
<codeline lineno="111"><highlight class="normal"></highlight><highlight class="keywordtype">int</highlight><highlight class="normal"><sp/><ref refid="classIRockyPluginData_1ae0a075e183d876a183d37f2c7e818ca4" kindref="member">IRockyPluginData::get_number_materials</ref>()</highlight><highlight class="keyword"><sp/>const</highlight></codeline>
<codeline lineno="112"><highlight class="keyword"></highlight><highlight class="normal">{</highlight></codeline>
<codeline lineno="113"><highlight class="normal"><sp/><sp/><sp/><sp/></highlight><highlight class="keywordflow">return</highlight><highlight class="normal"><sp/>this-&gt;pImpl-&gt;get_n_materials();</highlight></codeline>
<codeline lineno="114"><highlight class="normal">}</highlight></codeline>
<codeline lineno="115"><highlight class="normal"></highlight></codeline>
<codeline lineno="116"><highlight class="normal"><ref refid="classIRockyPluginDataEntry" kindref="compound">IRockyPluginDataEntry</ref><sp/><ref refid="classIRockyPluginData_1a5c7b4ed26d1a6787279d2c531444666b" kindref="member">IRockyPluginData::get_material_data</ref>(</highlight><highlight class="keywordtype">int</highlight><highlight class="normal"><sp/>index)</highlight><highlight class="keyword"><sp/>const</highlight></codeline>
<codeline lineno="117"><highlight class="keyword"></highlight><highlight class="normal">{</highlight></codeline>
<codeline lineno="118"><highlight class="normal"><sp/><sp/><sp/><sp/><ref refid="classIRockyPluginDataEntry" kindref="compound">IRockyPluginDataEntry</ref><sp/>entry;</highlight></codeline>
<codeline lineno="119"><highlight class="normal"><sp/><sp/><sp/><sp/>entry.pImpl.reset(</highlight><highlight class="keyword">new</highlight><highlight class="normal"><sp/>rocky20::addins::AddinData(this-&gt;pImpl-&gt;get_material_properties_data(index)));</highlight></codeline>
<codeline lineno="120"><highlight class="normal"><sp/><sp/><sp/><sp/></highlight><highlight class="keywordflow">return</highlight><highlight class="normal"><sp/>entry;</highlight></codeline>
<codeline lineno="121"><highlight class="normal">}</highlight></codeline>
<codeline lineno="122"><highlight class="normal"></highlight></codeline>
<codeline lineno="123"><highlight class="normal"></highlight><highlight class="comment">//<sp/>deprecated<sp/>methods</highlight><highlight class="normal"></highlight></codeline>
<codeline lineno="124"><highlight class="normal"></highlight></codeline>
<codeline lineno="125"><highlight class="normal"><ref refid="classIRockyPluginDataEntry" kindref="compound">IRockyPluginDataEntry</ref><sp/>IRockyPluginData::get_material_properties_data(</highlight><highlight class="keywordtype">int</highlight><highlight class="normal"><sp/>index)</highlight><highlight class="keyword"><sp/>const</highlight></codeline>
<codeline lineno="126"><highlight class="keyword"></highlight><highlight class="normal">{</highlight></codeline>
<codeline lineno="127"><highlight class="normal"><sp/><sp/><sp/><sp/></highlight><highlight class="keywordflow">return</highlight><highlight class="normal"><sp/>this-&gt;<ref refid="classIRockyPluginData_1a5c7b4ed26d1a6787279d2c531444666b" kindref="member">get_material_data</ref>(index);</highlight></codeline>
<codeline lineno="128"><highlight class="normal">}</highlight></codeline>
<codeline lineno="129"><highlight class="normal"></highlight></codeline>
<codeline lineno="130"><highlight class="normal"></highlight><highlight class="keywordtype">bool</highlight><highlight class="normal"><sp/>IRockyPluginData::has_material_properties_data()</highlight><highlight class="keyword"><sp/>const</highlight></codeline>
<codeline lineno="131"><highlight class="keyword"></highlight><highlight class="normal">{</highlight></codeline>
<codeline lineno="132"><highlight class="normal"><sp/><sp/><sp/><sp/></highlight><highlight class="keywordflow">return</highlight><highlight class="normal"><sp/>this-&gt;pImpl-&gt;has_material_properties_data();</highlight></codeline>
<codeline lineno="133"><highlight class="normal">}</highlight></codeline>
<codeline lineno="134"><highlight class="normal"></highlight></codeline>
<codeline lineno="135"><highlight class="normal"><ref refid="classIRockyPluginDataEntry" kindref="compound">IRockyPluginDataEntry</ref><sp/>IRockyPluginData::get_material_interaction(</highlight><highlight class="keywordtype">int</highlight><highlight class="normal"><sp/>index)</highlight><highlight class="keyword"><sp/>const</highlight></codeline>
<codeline lineno="136"><highlight class="keyword"></highlight><highlight class="normal">{</highlight></codeline>
<codeline lineno="137"><highlight class="normal"><sp/><sp/><sp/><sp/></highlight><highlight class="keywordflow">return</highlight><highlight class="normal"><sp/>this-&gt;<ref refid="classIRockyPluginData_1a78c76a74cd026948ee16f3b6b4718356" kindref="member">get_material_interaction_data</ref>(index);</highlight></codeline>
<codeline lineno="138"><highlight class="normal">}</highlight></codeline>
    </programlisting>
    <location file="source/c++/rocky20/api/rocky_plugin_data.cpp"/>
  </compounddef>
</doxygen>
