<?xml version='1.0' encoding='UTF-8' standalone='no'?>
<doxygen xmlns:xsi="http://www.w3.org/2001/XMLSchema-instance" xsi:noNamespaceSchemaLocation="compound.xsd" version="1.10.0" xml:lang="en-US">
  <compounddef id="rocky__api_8cpp" kind="file" language="C++">
    <compoundname>rocky_api.cpp</compoundname>
    <includes refid="rocky__api_8h" local="yes">rocky_api.h</includes>
    <includes local="no">rocky20/model/rocky_model.h</includes>
    <includes local="no">rocky20/model/point_cloud.h</includes>
    <includes local="no">rocky20/stdafx.h</includes>
    <incdepgraph>
      <node id="8">
        <label>rocky20/api/device/api_backend.hpp</label>
        <link refid="api__backend_8hpp_source"/>
        <childnode refid="9" relation="include">
        </childnode>
        <childnode refid="10" relation="include">
        </childnode>
      </node>
      <node id="54">
        <label>rocky20/api/device/api_device_contacts.hpp</label>
        <link refid="api__device__contacts_8hpp_source"/>
        <childnode refid="30" relation="include">
        </childnode>
        <childnode refid="55" relation="include">
        </childnode>
        <childnode refid="25" relation="include">
        </childnode>
      </node>
      <node id="53">
        <label>rocky20/api/device/api_omp_contacts.hpp</label>
        <link refid="api__omp__contacts_8hpp_source"/>
        <childnode refid="51" relation="include">
        </childnode>
        <childnode refid="2" relation="include">
        </childnode>
        <childnode refid="54" relation="include">
        </childnode>
        <childnode refid="10" relation="include">
        </childnode>
      </node>
      <node id="3">
        <label>dll_export.h</label>
        <link refid="dll__export_8h_source"/>
      </node>
      <node id="1">
        <label>source/c++/rocky20/api/rocky_api.cpp</label>
        <link refid="rocky__api_8cpp"/>
        <childnode refid="2" relation="include">
        </childnode>
        <childnode refid="14" relation="include">
        </childnode>
        <childnode refid="34" relation="include">
        </childnode>
        <childnode refid="56" relation="include">
        </childnode>
      </node>
      <node id="2">
        <label>rocky_api.h</label>
        <link refid="rocky__api_8h_source"/>
        <childnode refid="3" relation="include">
        </childnode>
        <childnode refid="4" relation="include">
        </childnode>
        <childnode refid="20" relation="include">
        </childnode>
        <childnode refid="26" relation="include">
        </childnode>
        <childnode refid="27" relation="include">
        </childnode>
        <childnode refid="30" relation="include">
        </childnode>
        <childnode refid="21" relation="include">
        </childnode>
        <childnode refid="23" relation="include">
        </childnode>
        <childnode refid="29" relation="include">
        </childnode>
        <childnode refid="35" relation="include">
        </childnode>
        <childnode refid="36" relation="include">
        </childnode>
        <childnode refid="12" relation="include">
        </childnode>
        <childnode refid="37" relation="include">
        </childnode>
        <childnode refid="40" relation="include">
        </childnode>
        <childnode refid="48" relation="include">
        </childnode>
        <childnode refid="49" relation="include">
        </childnode>
        <childnode refid="15" relation="include">
        </childnode>
        <childnode refid="51" relation="include">
        </childnode>
        <childnode refid="8" relation="include">
        </childnode>
        <childnode refid="53" relation="include">
        </childnode>
        <childnode refid="54" relation="include">
        </childnode>
      </node>
      <node id="52">
        <label>rocky_api_contact_functions.h</label>
        <link refid="rocky__api__contact__functions_8h_source"/>
      </node>
      <node id="51">
        <label>rocky_api_functions.h</label>
        <link refid="rocky__api__functions_8h_source"/>
        <childnode refid="3" relation="include">
        </childnode>
        <childnode refid="17" relation="include">
        </childnode>
        <childnode refid="52" relation="include">
        </childnode>
      </node>
      <node id="7">
        <label>rocky20/api/rocky_boundary.hpp</label>
        <link refid="rocky__boundary_8hpp_source"/>
        <childnode refid="6" relation="include">
        </childnode>
        <childnode refid="8" relation="include">
        </childnode>
        <childnode refid="11" relation="include">
        </childnode>
        <childnode refid="12" relation="include">
        </childnode>
      </node>
      <node id="17">
        <label>rocky20/api/rocky_boundary_api.hpp</label>
        <link refid="rocky__boundary__api_8hpp_source"/>
        <childnode refid="18" relation="include">
        </childnode>
        <childnode refid="6" relation="include">
        </childnode>
        <childnode refid="19" relation="include">
        </childnode>
        <childnode refid="7" relation="include">
        </childnode>
      </node>
      <node id="36">
        <label>rocky20/api/rocky_boundary_scalars.hpp</label>
        <link refid="rocky__boundary__scalars_8hpp_source"/>
        <childnode refid="13" relation="include">
        </childnode>
      </node>
      <node id="5">
        <label>rocky20/api/rocky_contact.hpp</label>
        <link refid="rocky__contact_8hpp_source"/>
        <childnode refid="6" relation="include">
        </childnode>
        <childnode refid="7" relation="include">
        </childnode>
        <childnode refid="17" relation="include">
        </childnode>
        <childnode refid="20" relation="include">
        </childnode>
        <childnode refid="21" relation="include">
        </childnode>
        <childnode refid="24" relation="include">
        </childnode>
      </node>
      <node id="4">
        <label>rocky_contact_api.hpp</label>
        <link refid="rocky__contact__api_8hpp_source"/>
        <childnode refid="5" relation="include">
        </childnode>
        <childnode refid="11" relation="include">
        </childnode>
        <childnode refid="25" relation="include">
        </childnode>
      </node>
      <node id="49">
        <label>rocky_contact_data_recorder_api.h</label>
        <link refid="rocky__contact__data__recorder__api_8h_source"/>
        <childnode refid="50" relation="include">
        </childnode>
      </node>
      <node id="20">
        <label>rocky20/api/rocky_contact_scalars.hpp</label>
        <link refid="rocky__contact__scalars_8hpp_source"/>
        <childnode refid="13" relation="include">
        </childnode>
      </node>
      <node id="26">
        <label>rocky_fluid_scalars.hpp</label>
        <link refid="rocky__fluid__scalars_8hpp_source"/>
        <childnode refid="13" relation="include">
        </childnode>
      </node>
      <node id="27">
        <label>rocky_joint_api.hpp</label>
        <link refid="rocky__joint__api_8hpp_source"/>
        <childnode refid="21" relation="include">
        </childnode>
        <childnode refid="28" relation="include">
        </childnode>
        <childnode refid="29" relation="include">
        </childnode>
      </node>
      <node id="29">
        <label>rocky_joint_scalars.hpp</label>
        <link refid="rocky__joint__scalars_8hpp_source"/>
        <childnode refid="13" relation="include">
        </childnode>
      </node>
      <node id="11">
        <label>rocky20/api/rocky_material_api.hpp</label>
        <link refid="rocky__material__api_8hpp_source"/>
        <childnode refid="6" relation="include">
        </childnode>
      </node>
      <node id="31">
        <label>rocky_model.hpp</label>
        <link refid="rocky__model_8hpp_source"/>
        <childnode refid="6" relation="include">
        </childnode>
        <childnode refid="32" relation="include">
        </childnode>
        <childnode refid="35" relation="include">
        </childnode>
        <childnode refid="36" relation="include">
        </childnode>
      </node>
      <node id="30">
        <label>rocky_model_api.hpp</label>
        <link refid="rocky__model__api_8hpp_source"/>
        <childnode refid="31" relation="include">
        </childnode>
        <childnode refid="21" relation="include">
        </childnode>
      </node>
      <node id="40">
        <label>rocky_output_collections_api.hpp</label>
        <link refid="rocky__output__collections__api_8hpp_source"/>
        <childnode refid="41" relation="include">
        </childnode>
        <childnode refid="43" relation="include">
        </childnode>
      </node>
      <node id="43">
        <label>rocky_output_properties.h</label>
        <link refid="rocky__output__properties_8h_source"/>
        <childnode refid="39" relation="include">
        </childnode>
        <childnode refid="44" relation="include">
        </childnode>
        <childnode refid="45" relation="include">
        </childnode>
        <childnode refid="46" relation="include">
        </childnode>
        <childnode refid="47" relation="include">
        </childnode>
      </node>
      <node id="35">
        <label>rocky20/api/rocky_pair_scalars.hpp</label>
        <link refid="rocky__pair__scalars_8hpp_source"/>
        <childnode refid="13" relation="include">
        </childnode>
      </node>
      <node id="22">
        <label>rocky_particle.hpp</label>
        <link refid="rocky__particle_8hpp_source"/>
        <childnode refid="8" relation="include">
        </childnode>
        <childnode refid="23" relation="include">
        </childnode>
        <childnode refid="6" relation="include">
        </childnode>
        <childnode refid="24" relation="include">
        </childnode>
      </node>
      <node id="21">
        <label>rocky20/api/rocky_particle_api.hpp</label>
        <link refid="rocky__particle__api_8hpp_source"/>
        <childnode refid="22" relation="include">
        </childnode>
        <childnode refid="11" relation="include">
        </childnode>
        <childnode refid="23" relation="include">
        </childnode>
      </node>
      <node id="23">
        <label>rocky20/api/rocky_particle_scalars.hpp</label>
        <link refid="rocky__particle__scalars_8hpp_source"/>
        <childnode refid="13" relation="include">
        </childnode>
      </node>
      <node id="37">
        <label>rocky_plugin_data.h</label>
        <link refid="rocky__plugin__data_8h_source"/>
        <childnode refid="38" relation="include">
        </childnode>
        <childnode refid="39" relation="include">
        </childnode>
      </node>
      <node id="33">
        <label>rocky_point_cloud.h</label>
        <link refid="rocky__point__cloud_8h_source"/>
        <childnode refid="34" relation="include">
        </childnode>
      </node>
      <node id="32">
        <label>rocky20/api/rocky_point_cloud_api.hpp</label>
        <link refid="rocky__point__cloud__api_8hpp_source"/>
        <childnode refid="33" relation="include">
        </childnode>
      </node>
      <node id="13">
        <label>rocky_scalars.h</label>
        <link refid="rocky__scalars_8h_source"/>
        <childnode refid="14" relation="include">
        </childnode>
        <childnode refid="8" relation="include">
        </childnode>
        <childnode refid="15" relation="include">
        </childnode>
      </node>
      <node id="15">
        <label>rocky20/api/rocky_statistics_data.hpp</label>
        <link refid="rocky__statistics__data_8hpp_source"/>
        <childnode refid="16" relation="include">
        </childnode>
        <childnode refid="8" relation="include">
        </childnode>
      </node>
      <node id="41">
        <label>rocky_time_curve_data.hpp</label>
        <link refid="rocky__time__curve__data_8hpp_source"/>
        <childnode refid="42" relation="include">
        </childnode>
      </node>
      <node id="48">
        <label>rocky_timestep_api.h</label>
        <link refid="rocky__timestep__api_8h_source"/>
        <childnode refid="38" relation="include">
        </childnode>
        <childnode refid="44" relation="include">
        </childnode>
      </node>
      <node id="12">
        <label>rocky_triangle_scalars.hpp</label>
        <link refid="rocky__triangle__scalars_8hpp_source"/>
        <childnode refid="13" relation="include">
        </childnode>
      </node>
      <node id="38">
        <label>memory</label>
      </node>
      <node id="42">
        <label>rocky20/addins/rocky_addin.h</label>
      </node>
      <node id="46">
        <label>rocky20/core/utils/rocky_exception.hpp</label>
      </node>
      <node id="18">
        <label>rocky20/core/utils/rocky_math.hpp</label>
      </node>
      <node id="9">
        <label>rocky20/cuda/cuda_basics.hpp</label>
      </node>
      <node id="25">
        <label>rocky20/device/device_contact.hpp</label>
      </node>
      <node id="55">
        <label>rocky20/device/device_forces.hpp</label>
      </node>
      <node id="28">
        <label>rocky20/device/device_joint_api.hpp</label>
      </node>
      <node id="6">
        <label>rocky20/device/device_model.hpp</label>
      </node>
      <node id="19">
        <label>rocky20/device/device_triangles.hpp</label>
      </node>
      <node id="24">
        <label>rocky20/device/element_properties.hpp</label>
      </node>
      <node id="10">
        <label>rocky20/device/omp_backend.hpp</label>
      </node>
      <node id="50">
        <label>rocky20/model/data_recorders.h</label>
      </node>
      <node id="34">
        <label>rocky20/model/point_cloud.h</label>
      </node>
      <node id="45">
        <label>rocky20/model/rocky_enums.h</label>
      </node>
      <node id="14">
        <label>rocky20/model/rocky_model.h</label>
      </node>
      <node id="47">
        <label>rocky20/model/scalars.h</label>
      </node>
      <node id="16">
        <label>rocky20/model/statistics_data.hpp</label>
      </node>
      <node id="56">
        <label>rocky20/stdafx.h</label>
      </node>
      <node id="39">
        <label>string</label>
      </node>
      <node id="44">
        <label>vector</label>
      </node>
    </incdepgraph>
    <briefdescription>
    </briefdescription>
    <detaileddescription>
    </detaileddescription>
    <programlisting>
<codeline lineno="1"><highlight class="comment">//<sp/>(C)<sp/>2024<sp/>ANSYS,<sp/>Inc.<sp/>Unauthorized<sp/>use,<sp/>distribution,<sp/>or<sp/>duplication<sp/>is<sp/>prohibited.</highlight><highlight class="normal"></highlight></codeline>
<codeline lineno="2"><highlight class="normal"></highlight></codeline>
<codeline lineno="3"><highlight class="normal"></highlight><highlight class="comment">//<sp/>Includes<sp/>=======================================================================================</highlight><highlight class="normal"></highlight></codeline>
<codeline lineno="4"><highlight class="normal"></highlight><highlight class="preprocessor">#include<sp/>&quot;rocky_api.h&quot;</highlight><highlight class="normal"></highlight></codeline>
<codeline lineno="5"><highlight class="normal"></highlight></codeline>
<codeline lineno="6"><highlight class="normal"></highlight><highlight class="preprocessor">#include<sp/>&lt;rocky20/model/rocky_model.h&gt;</highlight><highlight class="normal"></highlight></codeline>
<codeline lineno="7"><highlight class="normal"></highlight><highlight class="preprocessor">#include<sp/>&lt;rocky20/model/point_cloud.h&gt;</highlight><highlight class="normal"></highlight></codeline>
<codeline lineno="8"><highlight class="normal"></highlight><highlight class="preprocessor">#include<sp/>&lt;rocky20/stdafx.h&gt;</highlight><highlight class="normal"></highlight></codeline>
<codeline lineno="9"><highlight class="normal"></highlight></codeline>
<codeline lineno="10"><highlight class="normal"></highlight><highlight class="comment">//<sp/>================================================================================================</highlight><highlight class="normal"></highlight></codeline>
<codeline lineno="11"><highlight class="normal"></highlight><highlight class="comment">//<sp/>IRockyModel</highlight><highlight class="normal"></highlight></codeline>
<codeline lineno="12"><highlight class="normal"></highlight><highlight class="comment">//<sp/>================================================================================================</highlight><highlight class="normal"></highlight></codeline>
<codeline lineno="13"><highlight class="normal"></highlight><highlight class="keywordtype">double</highlight><highlight class="normal"><sp/><ref refid="structIRockyModel_1a6c0be64519ddd583f26570ece5a4aee1" kindref="member">IRockyModel::get_timestep</ref>()</highlight><highlight class="keyword"><sp/>const</highlight></codeline>
<codeline lineno="14"><highlight class="keyword"></highlight><highlight class="normal">{</highlight></codeline>
<codeline lineno="15"><highlight class="normal"><sp/><sp/><sp/><sp/></highlight><highlight class="keywordflow">return</highlight><highlight class="normal"><sp/>this-&gt;_impl-&gt;gen.dt;</highlight></codeline>
<codeline lineno="16"><highlight class="normal">}</highlight></codeline>
<codeline lineno="17"><highlight class="normal"></highlight></codeline>
<codeline lineno="18"><highlight class="normal"></highlight><highlight class="keywordtype">double</highlight><highlight class="normal"><sp/><ref refid="structIRockyModel_1a3caea658ae1557e11ed4e72dc80fb0a2" kindref="member">IRockyModel::get_softening_factor</ref>()</highlight><highlight class="keyword"><sp/>const</highlight></codeline>
<codeline lineno="19"><highlight class="keyword"></highlight><highlight class="normal">{</highlight></codeline>
<codeline lineno="20"><highlight class="normal"><sp/><sp/><sp/><sp/></highlight><highlight class="keywordflow">return</highlight><highlight class="normal"><sp/>this-&gt;_impl-&gt;gen.softening_factor;</highlight></codeline>
<codeline lineno="21"><highlight class="normal">}</highlight></codeline>
<codeline lineno="22"><highlight class="normal"></highlight></codeline>
<codeline lineno="23"><highlight class="normal">double3<sp/><ref refid="structIRockyModel_1a5dcfa443dbca79a9c34001fca9873b93" kindref="member">IRockyModel::get_gravity</ref>()</highlight><highlight class="keyword"><sp/>const</highlight></codeline>
<codeline lineno="24"><highlight class="keyword"></highlight><highlight class="normal">{</highlight></codeline>
<codeline lineno="25"><highlight class="normal"><sp/><sp/><sp/><sp/></highlight><highlight class="keywordflow">return</highlight><highlight class="normal"><sp/>this-&gt;_impl-&gt;gen.get_gravity(this-&gt;_impl-&gt;iteration.current_time);</highlight></codeline>
<codeline lineno="26"><highlight class="normal">}</highlight></codeline>
<codeline lineno="27"><highlight class="normal"></highlight></codeline>
<codeline lineno="28"><highlight class="normal"></highlight><highlight class="keywordtype">void</highlight><highlight class="normal"><sp/><ref refid="structIRockyModel_1a4ae85b1a5081581bd5c758d347d7e31c" kindref="member">IRockyModel::set_gravity</ref>(</highlight><highlight class="keyword">const</highlight><highlight class="normal"><sp/>double3&amp;<sp/>gravity)</highlight></codeline>
<codeline lineno="29"><highlight class="normal">{</highlight></codeline>
<codeline lineno="30"><highlight class="normal"><sp/><sp/><sp/><sp/>this-&gt;_impl-&gt;gen.set_gravity(gravity);</highlight></codeline>
<codeline lineno="31"><highlight class="normal"></highlight></codeline>
<codeline lineno="32"><highlight class="normal"><sp/><sp/><sp/><sp/></highlight><highlight class="comment">//<sp/>Set<sp/>flag<sp/>to<sp/>trigger<sp/>device<sp/>update<sp/>in<sp/>the<sp/>IRockyModel<sp/>destructor</highlight><highlight class="normal"></highlight></codeline>
<codeline lineno="33"><highlight class="normal"><sp/><sp/><sp/><sp/>this-&gt;update_device_data<sp/>=<sp/></highlight><highlight class="keyword">true</highlight><highlight class="normal">;</highlight></codeline>
<codeline lineno="34"><highlight class="normal">}</highlight></codeline>
<codeline lineno="35"><highlight class="normal"></highlight></codeline>
<codeline lineno="36"><highlight class="normal"></highlight><highlight class="keywordtype">void</highlight><highlight class="normal"><sp/><ref refid="structIRockyModel_1ada3d1d7b6e1de1d7e4ef0739a1f4dd8a" kindref="member">IRockyModel::trigger_update_timestep</ref>()</highlight><highlight class="keyword"><sp/>const</highlight></codeline>
<codeline lineno="37"><highlight class="keyword"></highlight><highlight class="normal">{</highlight></codeline>
<codeline lineno="38"><highlight class="normal"><sp/><sp/><sp/><sp/>this-&gt;_impl-&gt;iteration.trigger_update_timestep();</highlight></codeline>
<codeline lineno="39"><highlight class="normal">}</highlight></codeline>
<codeline lineno="40"><highlight class="normal"></highlight></codeline>
<codeline lineno="41"><highlight class="normal"></highlight><highlight class="keywordtype">int</highlight><highlight class="normal"><sp/><ref refid="structIRockyModel_1a1b8fe53d49b68f6097261e884fa769c5" kindref="member">IRockyModel::get_number_of_particle_groups</ref>()</highlight><highlight class="keyword"><sp/>const</highlight></codeline>
<codeline lineno="42"><highlight class="keyword"></highlight><highlight class="normal">{</highlight></codeline>
<codeline lineno="43"><highlight class="normal"><sp/><sp/><sp/><sp/></highlight><highlight class="keywordflow">return</highlight><highlight class="normal"><sp/>this-&gt;_impl-&gt;gen.npgr;</highlight></codeline>
<codeline lineno="44"><highlight class="normal">}</highlight></codeline>
<codeline lineno="45"><highlight class="normal"></highlight></codeline>
<codeline lineno="46"><highlight class="normal"></highlight><highlight class="keywordtype">int</highlight><highlight class="normal"><sp/><ref refid="structIRockyModel_1a1c6cf48153d8b8278bcc67c3f31eff7b" kindref="member">IRockyModel::get_number_of_particles</ref>()</highlight><highlight class="keyword"><sp/>const</highlight></codeline>
<codeline lineno="47"><highlight class="keyword"></highlight><highlight class="normal">{</highlight></codeline>
<codeline lineno="48"><highlight class="normal"><sp/><sp/><sp/><sp/></highlight><highlight class="keywordflow">return</highlight><highlight class="normal"><sp/>this-&gt;_impl-&gt;gen.nprt;</highlight></codeline>
<codeline lineno="49"><highlight class="normal">}</highlight></codeline>
<codeline lineno="50"><highlight class="normal"></highlight></codeline>
<codeline lineno="51"><highlight class="normal"></highlight><highlight class="keywordtype">int</highlight><highlight class="normal"><sp/><ref refid="structIRockyModel_1a54b2c41da7a4f9f719ac76fb83f0eb0a" kindref="member">IRockyModel::get_number_of_geometries</ref>()</highlight><highlight class="keyword"><sp/>const</highlight></codeline>
<codeline lineno="52"><highlight class="keyword"></highlight><highlight class="normal">{</highlight></codeline>
<codeline lineno="53"><highlight class="normal"><sp/><sp/><sp/><sp/></highlight><highlight class="keywordflow">return</highlight><highlight class="normal"><sp/>this-&gt;_impl-&gt;gen.nbnd;</highlight></codeline>
<codeline lineno="54"><highlight class="normal">}</highlight></codeline>
<codeline lineno="55"><highlight class="normal"></highlight></codeline>
<codeline lineno="56"><highlight class="normal"></highlight><highlight class="keywordtype">int</highlight><highlight class="normal"><sp/><ref refid="structIRockyModel_1a59425e7004ad5636d9a6dc06e31e288d" kindref="member">IRockyModel::get_number_of_material_interactions</ref>()</highlight><highlight class="keyword"><sp/>const</highlight></codeline>
<codeline lineno="57"><highlight class="keyword"></highlight><highlight class="normal">{</highlight></codeline>
<codeline lineno="58"><highlight class="normal"><sp/><sp/><sp/><sp/></highlight><highlight class="keywordflow">return</highlight><highlight class="normal"><sp/>this-&gt;_impl-&gt;get_n_material_interactions();</highlight></codeline>
<codeline lineno="59"><highlight class="normal">}</highlight></codeline>
<codeline lineno="60"><highlight class="normal"></highlight></codeline>
<codeline lineno="61"><highlight class="normal"></highlight><highlight class="keywordtype">int</highlight><highlight class="normal"><sp/><ref refid="structIRockyModel_1a56c275ba379255adc3b2fc2af8ea83d7" kindref="member">IRockyModel::get_number_of_materials</ref>()</highlight><highlight class="keyword"><sp/>const</highlight></codeline>
<codeline lineno="62"><highlight class="keyword"></highlight><highlight class="normal">{</highlight></codeline>
<codeline lineno="63"><highlight class="normal"><sp/><sp/><sp/><sp/></highlight><highlight class="keywordflow">return</highlight><highlight class="normal"><sp/>this-&gt;_impl-&gt;gen.n_materials;</highlight></codeline>
<codeline lineno="64"><highlight class="normal">}</highlight></codeline>
<codeline lineno="65"><highlight class="normal"></highlight></codeline>
<codeline lineno="66"><highlight class="normal">std::string<sp/><ref refid="structIRockyModel_1a7fb2a67e2e5126c5140ce80ede04b713" kindref="member">IRockyModel::get_geometry_name</ref>(</highlight><highlight class="keywordtype">int</highlight><highlight class="normal"><sp/>geometry_index)</highlight><highlight class="keyword"><sp/>const</highlight></codeline>
<codeline lineno="67"><highlight class="keyword"></highlight><highlight class="normal">{</highlight></codeline>
<codeline lineno="68"><highlight class="normal"><sp/><sp/><sp/><sp/></highlight><highlight class="keywordflow">return</highlight><highlight class="normal"><sp/>this-&gt;_impl-&gt;bnd_h[geometry_index].name;</highlight></codeline>
<codeline lineno="69"><highlight class="normal">}</highlight></codeline>
<codeline lineno="70"><highlight class="normal"></highlight></codeline>
<codeline lineno="71"><highlight class="normal">std::string<sp/><ref refid="structIRockyModel_1a04e185eee0bdd70cc84ad48459584823" kindref="member">IRockyModel::get_particle_group_name</ref>(</highlight><highlight class="keywordtype">int</highlight><highlight class="normal"><sp/>particle_group_index)</highlight><highlight class="keyword"><sp/>const</highlight></codeline>
<codeline lineno="72"><highlight class="keyword"></highlight><highlight class="normal">{</highlight></codeline>
<codeline lineno="73"><highlight class="normal"><sp/><sp/><sp/><sp/>SParticleGroup<sp/>group<sp/>=<sp/>*this-&gt;_impl-&gt;s_particle_groups[particle_group_index];</highlight></codeline>
<codeline lineno="74"><highlight class="normal"><sp/><sp/><sp/><sp/></highlight><highlight class="keywordflow">return</highlight><highlight class="normal"><sp/>group.name;</highlight></codeline>
<codeline lineno="75"><highlight class="normal">}</highlight></codeline>
<codeline lineno="76"><highlight class="normal"></highlight></codeline>
<codeline lineno="77"><highlight class="normal">EBoundaryType<sp/><ref refid="structIRockyModel_1afa6751b1d56262ace6eab52f3bdcee42" kindref="member">IRockyModel::get_geometry_type</ref>(</highlight><highlight class="keywordtype">int</highlight><highlight class="normal"><sp/>geometry_index)</highlight><highlight class="keyword"><sp/>const</highlight></codeline>
<codeline lineno="78"><highlight class="keyword"></highlight><highlight class="normal">{</highlight></codeline>
<codeline lineno="79"><highlight class="normal"><sp/><sp/><sp/><sp/></highlight><highlight class="keywordflow">return</highlight><highlight class="normal"><sp/>this-&gt;_impl-&gt;bnd[geometry_index].type;</highlight></codeline>
<codeline lineno="80"><highlight class="normal">}</highlight></codeline>
<codeline lineno="81"><highlight class="normal"></highlight></codeline>
<codeline lineno="82"><highlight class="normal"></highlight><highlight class="comment">//<sp/>Particle<sp/>scalars</highlight><highlight class="normal"></highlight></codeline>
<codeline lineno="83"><highlight class="normal"><ref refid="structIRockyParticleScalarsModel" kindref="compound">IRockyParticleScalarsModel</ref><sp/><ref refid="structIRockyModel_1a4788543c01a10a60e17c3623a6847708" kindref="member">IRockyModel::get_particle_scalars</ref>()</highlight><highlight class="keyword"><sp/>const</highlight></codeline>
<codeline lineno="84"><highlight class="keyword"></highlight><highlight class="normal">{</highlight></codeline>
<codeline lineno="85"><highlight class="normal"><sp/><sp/><sp/><sp/></highlight><highlight class="keywordflow">return</highlight><highlight class="normal"><sp/><ref refid="structIRockyParticleScalarsModel" kindref="compound">IRockyParticleScalarsModel</ref>(this-&gt;_impl);</highlight></codeline>
<codeline lineno="86"><highlight class="normal">}</highlight></codeline>
<codeline lineno="87"><highlight class="normal"></highlight></codeline>
<codeline lineno="88"><highlight class="normal"><ref refid="structIRockyParticleTransferScalarsModel" kindref="compound">IRockyParticleTransferScalarsModel</ref><sp/><ref refid="structIRockyModel_1a9c78ff441fc0220adf389ae4b733c808" kindref="member">IRockyModel::get_particle_transfer_scalars</ref>()</highlight><highlight class="keyword"><sp/>const</highlight></codeline>
<codeline lineno="89"><highlight class="keyword"></highlight><highlight class="normal">{</highlight></codeline>
<codeline lineno="90"><highlight class="normal"><sp/><sp/><sp/><sp/></highlight><highlight class="keywordflow">return</highlight><highlight class="normal"><sp/><ref refid="structIRockyParticleTransferScalarsModel" kindref="compound">IRockyParticleTransferScalarsModel</ref>(this-&gt;_impl);</highlight></codeline>
<codeline lineno="91"><highlight class="normal">}</highlight></codeline>
<codeline lineno="92"><highlight class="normal"></highlight></codeline>
<codeline lineno="93"><highlight class="normal"><ref refid="structIRockyParticleBreakageScalarsModel" kindref="compound">IRockyParticleBreakageScalarsModel</ref><sp/><ref refid="structIRockyModel_1a1076a0e1ada498f29c18caf6840e520a" kindref="member">IRockyModel::get_particle_breakage_scalars</ref>()</highlight><highlight class="keyword"><sp/>const</highlight></codeline>
<codeline lineno="94"><highlight class="keyword"></highlight><highlight class="normal">{</highlight></codeline>
<codeline lineno="95"><highlight class="normal"><sp/><sp/><sp/><sp/></highlight><highlight class="keywordflow">return</highlight><highlight class="normal"><sp/><ref refid="structIRockyParticleBreakageScalarsModel" kindref="compound">IRockyParticleBreakageScalarsModel</ref>(this-&gt;_impl);</highlight></codeline>
<codeline lineno="96"><highlight class="normal">}</highlight></codeline>
<codeline lineno="97"><highlight class="normal"></highlight></codeline>
<codeline lineno="98"><highlight class="normal"></highlight><highlight class="comment">//<sp/>Fluid<sp/>Scalars</highlight><highlight class="normal"></highlight></codeline>
<codeline lineno="99"><highlight class="normal"><ref refid="structIRockyFluidScalarsModel" kindref="compound">IRockyFluidScalarsModel</ref><sp/>IRockyModel::get_fluid_scalars()</highlight><highlight class="keyword"><sp/>const</highlight></codeline>
<codeline lineno="100"><highlight class="keyword"></highlight><highlight class="normal">{</highlight></codeline>
<codeline lineno="101"><highlight class="normal"><sp/><sp/><sp/><sp/></highlight><highlight class="keywordflow">return</highlight><highlight class="normal"><sp/><ref refid="structIRockyFluidScalarsModel" kindref="compound">IRockyFluidScalarsModel</ref>(this-&gt;_impl);</highlight></codeline>
<codeline lineno="102"><highlight class="normal">}</highlight></codeline>
<codeline lineno="103"><highlight class="normal"></highlight></codeline>
<codeline lineno="104"><highlight class="normal"></highlight><highlight class="comment">//<sp/>Joint<sp/>scalars</highlight><highlight class="normal"></highlight></codeline>
<codeline lineno="105"><highlight class="normal"><ref refid="structIRockyJointScalarsModel" kindref="compound">IRockyJointScalarsModel</ref><sp/><ref refid="structIRockyModel_1ac6b0ba79dc72914434cfce14b9807e22" kindref="member">IRockyModel::get_joint_scalars</ref>()</highlight><highlight class="keyword"><sp/>const</highlight></codeline>
<codeline lineno="106"><highlight class="keyword"></highlight><highlight class="normal">{</highlight></codeline>
<codeline lineno="107"><highlight class="normal"><sp/><sp/><sp/><sp/></highlight><highlight class="keywordflow">return</highlight><highlight class="normal"><sp/><ref refid="structIRockyJointScalarsModel" kindref="compound">IRockyJointScalarsModel</ref>(this-&gt;_impl);</highlight></codeline>
<codeline lineno="108"><highlight class="normal">}</highlight></codeline>
<codeline lineno="109"><highlight class="normal"></highlight></codeline>
<codeline lineno="110"><highlight class="normal"></highlight><highlight class="comment">//<sp/>Pair<sp/>scalars</highlight><highlight class="normal"></highlight></codeline>
<codeline lineno="111"><highlight class="normal"><ref refid="structIRockyPairScalarsModel" kindref="compound">IRockyPairScalarsModel</ref><sp/><ref refid="structIRockyModel_1a2fe828d3fb961280069bb549d49a52bc" kindref="member">IRockyModel::get_pair_scalars</ref>()</highlight><highlight class="keyword"><sp/>const</highlight></codeline>
<codeline lineno="112"><highlight class="keyword"></highlight><highlight class="normal">{</highlight></codeline>
<codeline lineno="113"><highlight class="normal"><sp/><sp/><sp/><sp/></highlight><highlight class="keywordflow">return</highlight><highlight class="normal"><sp/><ref refid="structIRockyPairScalarsModel" kindref="compound">IRockyPairScalarsModel</ref>(this-&gt;_impl);</highlight></codeline>
<codeline lineno="114"><highlight class="normal">}</highlight></codeline>
<codeline lineno="115"><highlight class="normal"></highlight></codeline>
<codeline lineno="116"><highlight class="normal"></highlight><highlight class="comment">//<sp/>Boundary<sp/>scalars</highlight><highlight class="normal"></highlight></codeline>
<codeline lineno="117"><highlight class="normal"><ref refid="structIRockyGeometryScalarsModel" kindref="compound">IRockyGeometryScalarsModel</ref><sp/><ref refid="structIRockyModel_1a43441eb2d02d3dc9c691328eef5e99b5" kindref="member">IRockyModel::get_geometry_scalars</ref>()</highlight><highlight class="keyword"><sp/>const</highlight></codeline>
<codeline lineno="118"><highlight class="keyword"></highlight><highlight class="normal">{</highlight></codeline>
<codeline lineno="119"><highlight class="normal"><sp/><sp/><sp/><sp/></highlight><highlight class="keywordflow">return</highlight><highlight class="normal"><sp/><ref refid="structIRockyGeometryScalarsModel" kindref="compound">IRockyGeometryScalarsModel</ref>(this-&gt;_impl);</highlight></codeline>
<codeline lineno="120"><highlight class="normal">}</highlight></codeline>
<codeline lineno="121"><highlight class="normal"></highlight></codeline>
<codeline lineno="122"><highlight class="normal"></highlight><highlight class="comment">//<sp/>Triangle<sp/>scalars</highlight><highlight class="normal"></highlight></codeline>
<codeline lineno="123"><highlight class="normal"><ref refid="structIRockyTriangleScalarsModel" kindref="compound">IRockyTriangleScalarsModel</ref><sp/><ref refid="structIRockyModel_1a8a3d81fcb670ecba5ab7ca97e520f0a7" kindref="member">IRockyModel::get_triangle_scalars</ref>()</highlight><highlight class="keyword"><sp/>const</highlight></codeline>
<codeline lineno="124"><highlight class="keyword"></highlight><highlight class="normal">{</highlight></codeline>
<codeline lineno="125"><highlight class="normal"><sp/><sp/><sp/><sp/></highlight><highlight class="keywordflow">return</highlight><highlight class="normal"><sp/><ref refid="structIRockyTriangleScalarsModel" kindref="compound">IRockyTriangleScalarsModel</ref>(this-&gt;_impl);</highlight></codeline>
<codeline lineno="126"><highlight class="normal">}</highlight></codeline>
<codeline lineno="127"><highlight class="normal"></highlight></codeline>
<codeline lineno="128"><highlight class="normal"></highlight><highlight class="comment">//<sp/>Contact<sp/>scalars</highlight><highlight class="normal"></highlight></codeline>
<codeline lineno="129"><highlight class="normal"></highlight></codeline>
<codeline lineno="130"><highlight class="normal"><ref refid="structIRockyContactScalarsModel" kindref="compound">IRockyContactScalarsModel</ref><sp/><ref refid="structIRockyModel_1a552edce9a8cb94fc20d5286f43f2185b" kindref="member">IRockyModel::get_particle_contact_scalars</ref>()</highlight><highlight class="keyword"><sp/>const</highlight></codeline>
<codeline lineno="131"><highlight class="keyword"></highlight><highlight class="normal">{</highlight></codeline>
<codeline lineno="132"><highlight class="normal"><sp/><sp/><sp/><sp/></highlight><highlight class="keywordflow">return</highlight><highlight class="normal"><sp/><ref refid="structIRockyContactScalarsModel" kindref="compound">IRockyContactScalarsModel</ref>(this-&gt;_impl,<sp/></highlight><highlight class="keyword">true</highlight><highlight class="normal">);</highlight></codeline>
<codeline lineno="133"><highlight class="normal">}</highlight></codeline>
<codeline lineno="134"><highlight class="normal"></highlight></codeline>
<codeline lineno="135"><highlight class="normal"><ref refid="structIRockyContactScalarsModel" kindref="compound">IRockyContactScalarsModel</ref><sp/><ref refid="structIRockyModel_1a5d2028ca0b20101281cf8124a54509f1" kindref="member">IRockyModel::get_triangle_contact_scalars</ref>()</highlight><highlight class="keyword"><sp/>const</highlight></codeline>
<codeline lineno="136"><highlight class="keyword"></highlight><highlight class="normal">{</highlight></codeline>
<codeline lineno="137"><highlight class="normal"><sp/><sp/><sp/><sp/></highlight><highlight class="keywordflow">return</highlight><highlight class="normal"><sp/><ref refid="structIRockyContactScalarsModel" kindref="compound">IRockyContactScalarsModel</ref>(this-&gt;_impl,<sp/></highlight><highlight class="keyword">false</highlight><highlight class="normal">);</highlight></codeline>
<codeline lineno="138"><highlight class="normal">}</highlight></codeline>
<codeline lineno="139"><highlight class="normal"></highlight></codeline>
<codeline lineno="140"><highlight class="normal"></highlight></codeline>
<codeline lineno="141"><highlight class="normal"></highlight><highlight class="comment">//<sp/>Transient</highlight><highlight class="normal"></highlight></codeline>
<codeline lineno="142"><highlight class="normal"></highlight></codeline>
<codeline lineno="143"><highlight class="normal"></highlight><highlight class="keywordtype">double</highlight><highlight class="normal"><sp/><ref refid="structIRockyModel_1a93ef35ae1eb9cf50ca77ab2070a769ab" kindref="member">IRockyModel::get_current_time</ref>()</highlight><highlight class="keyword"><sp/>const</highlight></codeline>
<codeline lineno="144"><highlight class="keyword"></highlight><highlight class="normal">{</highlight></codeline>
<codeline lineno="145"><highlight class="normal"><sp/><sp/><sp/><sp/></highlight><highlight class="keywordflow">return</highlight><highlight class="normal"><sp/>this-&gt;_impl-&gt;iteration.current_time;</highlight></codeline>
<codeline lineno="146"><highlight class="normal">}</highlight></codeline>
<codeline lineno="147"><highlight class="normal"></highlight></codeline>
<codeline lineno="148"><highlight class="normal"></highlight><highlight class="keywordtype">double</highlight><highlight class="normal"><sp/><ref refid="structIRockyModel_1ae98c232add53267e07db794e37304a25" kindref="member">IRockyModel::get_output_interval</ref>()</highlight><highlight class="keyword"><sp/>const</highlight></codeline>
<codeline lineno="149"><highlight class="keyword"></highlight><highlight class="normal">{</highlight></codeline>
<codeline lineno="150"><highlight class="normal"><sp/><sp/><sp/><sp/></highlight><highlight class="keywordflow">return</highlight><highlight class="normal"><sp/>this-&gt;_impl-&gt;iteration.output_timestep;</highlight></codeline>
<codeline lineno="151"><highlight class="normal">}</highlight></codeline>
<codeline lineno="152"><highlight class="normal"></highlight></codeline>
<codeline lineno="153"><highlight class="normal"></highlight><highlight class="keywordtype">int</highlight><highlight class="normal"><sp/><ref refid="structIRockyModel_1a38a15145f4f2bb47b79ab785f50d8277" kindref="member">IRockyModel::get_number_of_active_particles</ref>()</highlight><highlight class="keyword"><sp/>const</highlight></codeline>
<codeline lineno="154"><highlight class="keyword"></highlight><highlight class="normal">{</highlight></codeline>
<codeline lineno="155"><highlight class="normal"><sp/><sp/><sp/><sp/></highlight><highlight class="keywordflow">return</highlight><highlight class="normal"><sp/>this-&gt;_impl-&gt;gen.nprt_active;</highlight></codeline>
<codeline lineno="156"><highlight class="normal">}</highlight></codeline>
<codeline lineno="157"><highlight class="normal"></highlight></codeline>
<codeline lineno="158"><highlight class="normal"></highlight><highlight class="keywordtype">int</highlight><highlight class="normal"><sp/><ref refid="structIRockyModel_1a4bfb9f69ea26364b55aaad33463de669" kindref="member">IRockyModel::get_number_of_active_triangles</ref>()</highlight></codeline>
<codeline lineno="159"><highlight class="normal">{</highlight></codeline>
<codeline lineno="160"><highlight class="normal"><sp/><sp/><sp/><sp/></highlight><highlight class="keywordflow">return</highlight><highlight class="normal"><sp/>this-&gt;_impl-&gt;gen.ntrn_active;</highlight></codeline>
<codeline lineno="161"><highlight class="normal">}</highlight></codeline>
<codeline lineno="162"><highlight class="normal"></highlight></codeline>
<codeline lineno="163"><highlight class="normal"></highlight><highlight class="comment">//<sp/>OMP</highlight><highlight class="normal"></highlight></codeline>
<codeline lineno="164"><highlight class="normal"></highlight></codeline>
<codeline lineno="165"><highlight class="normal"></highlight><highlight class="keywordtype">int</highlight><highlight class="normal"><sp/><ref refid="structIRockyModel_1a5e03d46944ec6e42596ee5f2d5f8aaeb" kindref="member">IRockyModel::get_number_of_processes</ref>()</highlight><highlight class="keyword"><sp/>const</highlight></codeline>
<codeline lineno="166"><highlight class="keyword"></highlight><highlight class="normal">{</highlight></codeline>
<codeline lineno="167"><highlight class="normal"><sp/><sp/><sp/><sp/></highlight><highlight class="keywordflow">return</highlight><highlight class="normal"><sp/>this-&gt;_impl-&gt;nproc;</highlight></codeline>
<codeline lineno="168"><highlight class="normal">}</highlight></codeline>
<codeline lineno="169"><highlight class="normal"></highlight></codeline>
<codeline lineno="170"><highlight class="normal"></highlight></codeline>
<codeline lineno="171"><highlight class="normal"></highlight><highlight class="comment">//<sp/>CUDA</highlight><highlight class="normal"></highlight></codeline>
<codeline lineno="172"><highlight class="normal"></highlight></codeline>
<codeline lineno="173"><highlight class="normal"></highlight><highlight class="keywordtype">int</highlight><highlight class="normal"><sp/><ref refid="structIRockyModel_1a1fd1011aa809fe64647e9cacf1956a11" kindref="member">IRockyModel::get_number_of_devices</ref>()</highlight><highlight class="keyword"><sp/>const</highlight></codeline>
<codeline lineno="174"><highlight class="keyword"></highlight><highlight class="normal">{</highlight></codeline>
<codeline lineno="175"><highlight class="normal"><sp/><sp/><sp/><sp/></highlight><highlight class="keywordflow">return</highlight><highlight class="normal"><sp/>this-&gt;_impl-&gt;get_n_gpus();</highlight></codeline>
<codeline lineno="176"><highlight class="normal">}</highlight></codeline>
<codeline lineno="177"><highlight class="normal"></highlight></codeline>
<codeline lineno="178"><highlight class="normal"></highlight><highlight class="keywordtype">int</highlight><highlight class="normal"><sp/><ref refid="structIRockyModel_1ae8f8865c809a31988291f9180d7cda2b" kindref="member">IRockyModel::get_device_id</ref>(</highlight><highlight class="keywordtype">int</highlight><highlight class="normal"><sp/>device_index)</highlight><highlight class="keyword"><sp/>const</highlight></codeline>
<codeline lineno="179"><highlight class="keyword"></highlight><highlight class="normal">{</highlight></codeline>
<codeline lineno="180"><highlight class="normal"><sp/><sp/><sp/><sp/></highlight><highlight class="keywordflow">return</highlight><highlight class="normal"><sp/>this-&gt;_impl-&gt;gpu_device_ids[device_index];</highlight></codeline>
<codeline lineno="181"><highlight class="normal">}</highlight></codeline>
<codeline lineno="182"><highlight class="normal"></highlight></codeline>
<codeline lineno="183"><highlight class="normal">SDeviceModel<sp/>*IRockyModel::get_device_data(</highlight><highlight class="keywordtype">int</highlight><highlight class="normal"><sp/>device_index)</highlight></codeline>
<codeline lineno="184"><highlight class="normal">{</highlight></codeline>
<codeline lineno="185"><highlight class="normal"><sp/><sp/><sp/><sp/></highlight><highlight class="keywordflow">return</highlight><highlight class="normal"><sp/>this-&gt;_impl-&gt;GetDeviceData(device_index);</highlight></codeline>
<codeline lineno="186"><highlight class="normal">}</highlight></codeline>
<codeline lineno="187"><highlight class="normal"></highlight></codeline>
<codeline lineno="188"><highlight class="normal"></highlight><highlight class="comment">//<sp/>Point<sp/>Cloud</highlight><highlight class="normal"></highlight></codeline>
<codeline lineno="189"><highlight class="normal"></highlight></codeline>
<codeline lineno="190"><highlight class="normal"></highlight><highlight class="keywordtype">int</highlight><highlight class="normal"><sp/><ref refid="structIRockyModel_1ae4797d71a2b43ae408fe83e317f818b7" kindref="member">IRockyModel::find_point_cloud</ref>(</highlight><highlight class="keyword">const</highlight><highlight class="normal"><sp/>std::string&amp;<sp/>point_cloud_name)</highlight></codeline>
<codeline lineno="191"><highlight class="normal">{</highlight></codeline>
<codeline lineno="192"><highlight class="normal"><sp/><sp/><sp/><sp/></highlight><highlight class="keyword">auto</highlight><highlight class="normal"><sp/>pc_controller<sp/>=<sp/>RockyPointCloudController(*</highlight><highlight class="keyword">this</highlight><highlight class="normal">);</highlight></codeline>
<codeline lineno="193"><highlight class="normal"><sp/><sp/><sp/><sp/></highlight><highlight class="keywordflow">return</highlight><highlight class="normal"><sp/>pc_controller.find_point_cloud(point_cloud_name);</highlight></codeline>
<codeline lineno="194"><highlight class="normal">}</highlight></codeline>
<codeline lineno="195"><highlight class="normal"></highlight></codeline>
<codeline lineno="196"><highlight class="normal"></highlight><highlight class="keywordtype">int</highlight><highlight class="normal"><sp/><ref refid="structIRockyModel_1aabdba4a3eee5c51c75c45345f6cf6839" kindref="member">IRockyModel::find_point_cloud_property</ref>(</highlight><highlight class="keywordtype">int</highlight><highlight class="normal"><sp/>point_cloud_index,<sp/></highlight><highlight class="keyword">const</highlight><highlight class="normal"><sp/>std::string&amp;<sp/>property_name)</highlight></codeline>
<codeline lineno="197"><highlight class="normal">{</highlight></codeline>
<codeline lineno="198"><highlight class="normal"><sp/><sp/><sp/><sp/></highlight><highlight class="keyword">auto</highlight><highlight class="normal"><sp/>pc_controller<sp/>=<sp/>RockyPointCloudController(*</highlight><highlight class="keyword">this</highlight><highlight class="normal">);</highlight></codeline>
<codeline lineno="199"><highlight class="normal"><sp/><sp/><sp/><sp/></highlight><highlight class="keywordflow">return</highlight><highlight class="normal"><sp/>pc_controller.find_property(point_cloud_index,<sp/>property_name);</highlight></codeline>
<codeline lineno="200"><highlight class="normal">}</highlight></codeline>
<codeline lineno="201"><highlight class="normal"></highlight></codeline>
<codeline lineno="202"><highlight class="normal"></highlight><highlight class="keywordtype">void</highlight><highlight class="normal"><sp/><ref refid="structIRockyModel_1a8c57d2cafc46d41dd8477e2521d62b12" kindref="member">IRockyModel::set_point_cloud_property_dimension</ref>(</highlight></codeline>
<codeline lineno="203"><highlight class="normal"><sp/><sp/><sp/><sp/></highlight><highlight class="keywordtype">int</highlight><highlight class="normal"><sp/>point_cloud_index,<sp/></highlight><highlight class="keywordtype">int</highlight><highlight class="normal"><sp/>property_index,<sp/></highlight><highlight class="keywordtype">double</highlight><highlight class="normal"><sp/>dimension)</highlight></codeline>
<codeline lineno="204"><highlight class="normal">{</highlight></codeline>
<codeline lineno="205"><highlight class="normal"><sp/><sp/><sp/><sp/></highlight><highlight class="keyword">auto</highlight><highlight class="normal"><sp/>pc_controller<sp/>=<sp/>RockyPointCloudController(*</highlight><highlight class="keyword">this</highlight><highlight class="normal">);</highlight></codeline>
<codeline lineno="206"><highlight class="normal"><sp/><sp/><sp/><sp/>pc_controller.set_property_dimension(point_cloud_index,<sp/>property_index,<sp/>dimension);</highlight></codeline>
<codeline lineno="207"><highlight class="normal">}</highlight></codeline>
<codeline lineno="208"><highlight class="normal"></highlight></codeline>
<codeline lineno="209"><highlight class="normal"></highlight><highlight class="comment">//<sp/>Curves<sp/>and<sp/>Datasets</highlight><highlight class="normal"></highlight></codeline>
<codeline lineno="210"><highlight class="normal"></highlight></codeline>
<codeline lineno="211"><highlight class="normal"><ref refid="structIRockyCurveCollectionData" kindref="compound">IRockyCurveCollectionData</ref><sp/><ref refid="structIRockyModel_1a65411ff4a85f74e96457979f8158eccd" kindref="member">IRockyModel::get_curve_collections</ref>()</highlight><highlight class="keyword"><sp/>const</highlight></codeline>
<codeline lineno="212"><highlight class="keyword"></highlight><highlight class="normal">{</highlight></codeline>
<codeline lineno="213"><highlight class="normal"><sp/><sp/><sp/><sp/></highlight><highlight class="keywordflow">return</highlight><highlight class="normal"><sp/><ref refid="structIRockyCurveCollectionData" kindref="compound">IRockyCurveCollectionData</ref>(</highlight></codeline>
<codeline lineno="214"><highlight class="normal"><sp/><sp/><sp/><sp/><sp/><sp/><sp/><sp/>this-&gt;addins-&gt;curves_writer,<sp/>this-&gt;_impl-&gt;gen.start_sim);</highlight></codeline>
<codeline lineno="215"><highlight class="normal">}</highlight></codeline>
<codeline lineno="216"><highlight class="normal"></highlight></codeline>
<codeline lineno="217"><highlight class="normal"></highlight><highlight class="comment">//<sp/>Non-dimensionalization</highlight><highlight class="normal"></highlight></codeline>
<codeline lineno="218"><highlight class="normal"></highlight></codeline>
<codeline lineno="219"><highlight class="normal"></highlight><highlight class="keywordtype">double</highlight><highlight class="normal"><sp/><ref refid="structIRockyModel_1acdec4e25234fe0304e441d82ccfc3192" kindref="member">IRockyModel::get_length_factor</ref>()</highlight><highlight class="keyword"><sp/>const</highlight></codeline>
<codeline lineno="220"><highlight class="keyword"></highlight><highlight class="normal">{</highlight></codeline>
<codeline lineno="221"><highlight class="normal"><sp/><sp/><sp/><sp/></highlight><highlight class="keywordflow">return</highlight><highlight class="normal"><sp/>this-&gt;_impl-&gt;dims.length;</highlight></codeline>
<codeline lineno="222"><highlight class="normal">}</highlight></codeline>
<codeline lineno="223"><highlight class="normal"></highlight></codeline>
<codeline lineno="224"><highlight class="normal"></highlight><highlight class="keywordtype">double</highlight><highlight class="normal"><sp/><ref refid="structIRockyModel_1ae8c9acf215323ada8de9ff9344b1db94" kindref="member">IRockyModel::get_mass_factor</ref>()</highlight><highlight class="keyword"><sp/>const</highlight></codeline>
<codeline lineno="225"><highlight class="keyword"></highlight><highlight class="normal">{</highlight></codeline>
<codeline lineno="226"><highlight class="normal"><sp/><sp/><sp/><sp/></highlight><highlight class="keywordflow">return</highlight><highlight class="normal"><sp/>this-&gt;_impl-&gt;dims.mass;</highlight></codeline>
<codeline lineno="227"><highlight class="normal">}</highlight></codeline>
<codeline lineno="228"><highlight class="normal"></highlight></codeline>
<codeline lineno="229"><highlight class="normal"></highlight><highlight class="keywordtype">double</highlight><highlight class="normal"><sp/><ref refid="structIRockyModel_1aadaee25a53bade557d45bf633e995690" kindref="member">IRockyModel::get_time_factor</ref>()</highlight><highlight class="keyword"><sp/>const</highlight></codeline>
<codeline lineno="230"><highlight class="keyword"></highlight><highlight class="normal">{</highlight></codeline>
<codeline lineno="231"><highlight class="normal"><sp/><sp/><sp/><sp/></highlight><highlight class="keywordflow">return</highlight><highlight class="normal"><sp/>this-&gt;_impl-&gt;dims.time;</highlight></codeline>
<codeline lineno="232"><highlight class="normal">}</highlight></codeline>
<codeline lineno="233"><highlight class="normal"></highlight></codeline>
<codeline lineno="234"><highlight class="normal"></highlight><highlight class="keywordtype">double</highlight><highlight class="normal"><sp/><ref refid="structIRockyModel_1aa12e90812c32e8092c0a67c28b5cc21b" kindref="member">IRockyModel::get_viscosity_factor</ref>()</highlight><highlight class="keyword"><sp/>const</highlight></codeline>
<codeline lineno="235"><highlight class="keyword"></highlight><highlight class="normal">{</highlight></codeline>
<codeline lineno="236"><highlight class="normal"><sp/><sp/><sp/><sp/></highlight><highlight class="keywordflow">return</highlight><highlight class="normal"><sp/>this-&gt;_impl-&gt;dims.viscosity;</highlight></codeline>
<codeline lineno="237"><highlight class="normal">}</highlight></codeline>
<codeline lineno="238"><highlight class="normal"></highlight></codeline>
<codeline lineno="239"><highlight class="normal"></highlight><highlight class="keywordtype">double</highlight><highlight class="normal"><sp/><ref refid="structIRockyModel_1afdf327f827860b500a82c511492d2f1e" kindref="member">IRockyModel::get_temperature_factor</ref>()</highlight><highlight class="keyword"><sp/>const</highlight></codeline>
<codeline lineno="240"><highlight class="keyword"></highlight><highlight class="normal">{</highlight></codeline>
<codeline lineno="241"><highlight class="normal"><sp/><sp/><sp/><sp/></highlight><highlight class="keywordflow">return</highlight><highlight class="normal"><sp/>this-&gt;_impl-&gt;dims.temperature;</highlight></codeline>
<codeline lineno="242"><highlight class="normal">}</highlight></codeline>
<codeline lineno="243"><highlight class="normal"></highlight></codeline>
<codeline lineno="244"><highlight class="normal"></highlight><highlight class="keywordtype">double</highlight><highlight class="normal"><sp/><ref refid="structIRockyModel_1a8800430b5e336d3fd04d0fce83f83883" kindref="member">IRockyModel::get_force_factor</ref>()</highlight><highlight class="keyword"><sp/>const</highlight></codeline>
<codeline lineno="245"><highlight class="keyword"></highlight><highlight class="normal">{</highlight></codeline>
<codeline lineno="246"><highlight class="normal"><sp/><sp/><sp/><sp/></highlight><highlight class="keywordflow">return</highlight><highlight class="normal"><sp/>this-&gt;_impl-&gt;dims.force;</highlight></codeline>
<codeline lineno="247"><highlight class="normal">}</highlight></codeline>
<codeline lineno="248"><highlight class="normal"></highlight></codeline>
<codeline lineno="249"><highlight class="normal"></highlight><highlight class="keywordtype">double</highlight><highlight class="normal"><sp/><ref refid="structIRockyModel_1abb53bd424c9e2d61065410a0b2d53b8b" kindref="member">IRockyModel::get_pressure_factor</ref>()</highlight><highlight class="keyword"><sp/>const</highlight></codeline>
<codeline lineno="250"><highlight class="keyword"></highlight><highlight class="normal">{</highlight></codeline>
<codeline lineno="251"><highlight class="normal"><sp/><sp/><sp/><sp/></highlight><highlight class="keywordflow">return</highlight><highlight class="normal"><sp/>this-&gt;_impl-&gt;dims.press;</highlight></codeline>
<codeline lineno="252"><highlight class="normal">}</highlight></codeline>
<codeline lineno="253"><highlight class="normal"></highlight></codeline>
<codeline lineno="254"><highlight class="normal"></highlight><highlight class="keywordtype">double</highlight><highlight class="normal"><sp/><ref refid="structIRockyModel_1a9fba76aa437dad8ff9674eedb0b6acc0" kindref="member">IRockyModel::get_energy_factor</ref>()</highlight><highlight class="keyword"><sp/>const</highlight></codeline>
<codeline lineno="255"><highlight class="keyword"></highlight><highlight class="normal">{</highlight></codeline>
<codeline lineno="256"><highlight class="normal"><sp/><sp/><sp/><sp/></highlight><highlight class="keywordflow">return</highlight><highlight class="normal"><sp/><sp/>this-&gt;_impl-&gt;dims.energy;</highlight></codeline>
<codeline lineno="257"><highlight class="normal">}</highlight></codeline>
<codeline lineno="258"><highlight class="normal"></highlight><highlight class="keywordtype">double</highlight><highlight class="normal"><sp/><ref refid="structIRockyModel_1a33a082f281ae2ca159cdb420d2fabbb8" kindref="member">IRockyModel::get_power_factor</ref>()</highlight><highlight class="keyword"><sp/>const</highlight></codeline>
<codeline lineno="259"><highlight class="keyword"></highlight><highlight class="normal">{</highlight></codeline>
<codeline lineno="260"><highlight class="normal"><sp/><sp/><sp/><sp/></highlight><highlight class="keywordflow">return</highlight><highlight class="normal"><sp/>this-&gt;_impl-&gt;dims.power;</highlight></codeline>
<codeline lineno="261"><highlight class="normal">}</highlight></codeline>
<codeline lineno="262"><highlight class="normal"></highlight></codeline>
<codeline lineno="263"><highlight class="normal"></highlight></codeline>
<codeline lineno="264"><highlight class="normal"></highlight><highlight class="keywordtype">bool</highlight><highlight class="normal"><sp/><ref refid="structIRockyModel_1ac1f146615e6b930769ff4008c4a0bb6c" kindref="member">IRockyModel::is_thermal_simulation</ref>()</highlight><highlight class="keyword"><sp/>const</highlight></codeline>
<codeline lineno="265"><highlight class="keyword"></highlight><highlight class="normal">{</highlight></codeline>
<codeline lineno="266"><highlight class="normal"><sp/><sp/><sp/><sp/></highlight><highlight class="keywordflow">return</highlight><highlight class="normal"><sp/>this-&gt;_impl-&gt;gen.solve_dem_thermal;</highlight></codeline>
<codeline lineno="267"><highlight class="normal">}</highlight></codeline>
<codeline lineno="268"><highlight class="normal"></highlight></codeline>
<codeline lineno="269"><highlight class="normal"></highlight><highlight class="keywordtype">bool</highlight><highlight class="normal"><sp/><ref refid="structIRockyModel_1a021623b1b816354c3fe778f6de07c2e5" kindref="member">IRockyModel::has_adhesion</ref>()</highlight><highlight class="keyword"><sp/>const</highlight></codeline>
<codeline lineno="270"><highlight class="keyword"></highlight><highlight class="normal">{</highlight></codeline>
<codeline lineno="271"><highlight class="normal"><sp/><sp/><sp/><sp/></highlight><highlight class="keywordflow">return</highlight><highlight class="normal"><sp/>this-&gt;_impl-&gt;gen.flags.has_adhesion();</highlight></codeline>
<codeline lineno="272"><highlight class="normal">}</highlight></codeline>
<codeline lineno="273"><highlight class="normal"></highlight></codeline>
<codeline lineno="274"><highlight class="normal"></highlight><highlight class="keywordtype">void</highlight><highlight class="normal"><sp/><ref refid="structIRockyModel_1ac9dd7ca3cdad5289325c080a10bf2ad7" kindref="member">IRockyModel::set_adhesive_distance</ref>(</highlight><highlight class="keywordtype">int</highlight><highlight class="normal"><sp/>home_index,<sp/></highlight><highlight class="keywordtype">int</highlight><highlight class="normal"><sp/>near_index,<sp/></highlight><highlight class="keywordtype">double</highlight><highlight class="normal"><sp/>adhesive_distance)</highlight></codeline>
<codeline lineno="275"><highlight class="normal">{</highlight></codeline>
<codeline lineno="276"><highlight class="normal"><sp/><sp/><sp/><sp/></highlight><highlight class="comment">//<sp/>Set<sp/>flag<sp/>to<sp/>trigger<sp/>device<sp/>update<sp/>of<sp/>adhesive<sp/>distances<sp/>in<sp/>the<sp/>IRockyModel<sp/>destructor</highlight><highlight class="normal"></highlight></codeline>
<codeline lineno="277"><highlight class="normal"><sp/><sp/><sp/><sp/>this-&gt;update_device_data<sp/>=<sp/></highlight><highlight class="keyword">true</highlight><highlight class="normal">;</highlight></codeline>
<codeline lineno="278"><highlight class="normal"></highlight></codeline>
<codeline lineno="279"><highlight class="normal"><sp/><sp/><sp/><sp/></highlight><highlight class="keyword">auto</highlight><highlight class="normal"><sp/>&amp;mi<sp/>=<sp/>this-&gt;_impl-&gt;get_material_interaction(home_index,<sp/>near_index);</highlight></codeline>
<codeline lineno="280"><highlight class="normal"></highlight></codeline>
<codeline lineno="281"><highlight class="normal"><sp/><sp/><sp/><sp/></highlight><highlight class="comment">//<sp/>Update<sp/>and<sp/>trigger<sp/>Search<sp/>if<sp/>adhesive_distance<sp/>is<sp/>bigger<sp/>than<sp/>adh_dist_max</highlight><highlight class="normal"></highlight></codeline>
<codeline lineno="282"><highlight class="normal"><sp/><sp/><sp/><sp/></highlight><highlight class="keywordflow">if</highlight><highlight class="normal"><sp/>(adhesive_distance<sp/>&gt;<sp/>this-&gt;_impl-&gt;gen.adh_dist_max)</highlight></codeline>
<codeline lineno="283"><highlight class="normal"><sp/><sp/><sp/><sp/>{</highlight></codeline>
<codeline lineno="284"><highlight class="normal"><sp/><sp/><sp/><sp/><sp/><sp/><sp/><sp/>mi.adh_dist<sp/>=<sp/>adhesive_distance;</highlight></codeline>
<codeline lineno="285"><highlight class="normal"><sp/><sp/><sp/><sp/><sp/><sp/><sp/><sp/>this-&gt;_impl-&gt;gen.adh_dist_max<sp/>=<sp/>adhesive_distance;</highlight></codeline>
<codeline lineno="286"><highlight class="normal"><sp/><sp/><sp/><sp/><sp/><sp/><sp/><sp/>this-&gt;_impl-&gt;iteration.trigger_search_neighbors();</highlight></codeline>
<codeline lineno="287"><highlight class="normal"><sp/><sp/><sp/><sp/>}</highlight></codeline>
<codeline lineno="288"><highlight class="normal"><sp/><sp/><sp/><sp/></highlight><highlight class="comment">//<sp/>Update<sp/>and<sp/>find<sp/>new<sp/>max<sp/>if<sp/>we<sp/>are<sp/>changing<sp/>the<sp/>maximum<sp/>value</highlight><highlight class="normal"></highlight></codeline>
<codeline lineno="289"><highlight class="normal"><sp/><sp/><sp/><sp/></highlight><highlight class="keywordflow">else</highlight><highlight class="normal"><sp/></highlight><highlight class="keywordflow">if</highlight><highlight class="normal"><sp/>(adhesive_distance<sp/>&lt;<sp/>this-&gt;_impl-&gt;gen.adh_dist_max<sp/>&amp;&amp;<sp/>mi.adh_dist<sp/>==<sp/>this-&gt;_impl-&gt;gen.adh_dist_max)</highlight></codeline>
<codeline lineno="290"><highlight class="normal"><sp/><sp/><sp/><sp/>{</highlight></codeline>
<codeline lineno="291"><highlight class="normal"><sp/><sp/><sp/><sp/><sp/><sp/><sp/><sp/>mi.adh_dist<sp/>=<sp/>adhesive_distance;</highlight></codeline>
<codeline lineno="292"><highlight class="normal"></highlight></codeline>
<codeline lineno="293"><highlight class="normal"><sp/><sp/><sp/><sp/><sp/><sp/><sp/><sp/></highlight><highlight class="comment">//<sp/>Find<sp/>the<sp/>new<sp/>maximum<sp/>value<sp/>for<sp/>adhesive<sp/>distance</highlight><highlight class="normal"></highlight></codeline>
<codeline lineno="294"><highlight class="normal"><sp/><sp/><sp/><sp/><sp/><sp/><sp/><sp/></highlight><highlight class="keywordflow">for</highlight><highlight class="normal"><sp/>(</highlight><highlight class="keywordtype">int</highlight><highlight class="normal"><sp/>i=0;<sp/>i<sp/>&lt;<sp/>this-&gt;_impl-&gt;gen.n_materials;<sp/>i++)</highlight></codeline>
<codeline lineno="295"><highlight class="normal"><sp/><sp/><sp/><sp/><sp/><sp/><sp/><sp/>{</highlight></codeline>
<codeline lineno="296"><highlight class="normal"><sp/><sp/><sp/><sp/><sp/><sp/><sp/><sp/><sp/><sp/><sp/><sp/></highlight><highlight class="keywordflow">for</highlight><highlight class="normal"><sp/>(</highlight><highlight class="keywordtype">int</highlight><highlight class="normal"><sp/>j<sp/>=<sp/>i;<sp/>j<sp/>&lt;<sp/>this-&gt;_impl-&gt;gen.n_materials;<sp/>j++)</highlight></codeline>
<codeline lineno="297"><highlight class="normal"><sp/><sp/><sp/><sp/><sp/><sp/><sp/><sp/><sp/><sp/><sp/><sp/>{</highlight></codeline>
<codeline lineno="298"><highlight class="normal"><sp/><sp/><sp/><sp/><sp/><sp/><sp/><sp/><sp/><sp/><sp/><sp/><sp/><sp/><sp/><sp/></highlight><highlight class="keyword">auto</highlight><highlight class="normal"><sp/></highlight><highlight class="keyword">const</highlight><highlight class="normal"><sp/>mi2<sp/>=<sp/>this-&gt;_impl-&gt;get_material_interaction(i,<sp/>j);</highlight></codeline>
<codeline lineno="299"><highlight class="normal"><sp/><sp/><sp/><sp/><sp/><sp/><sp/><sp/><sp/><sp/><sp/><sp/><sp/><sp/><sp/><sp/></highlight><highlight class="keywordflow">if</highlight><highlight class="normal"><sp/>(mi2.adh_dist<sp/>&gt;<sp/>this-&gt;_impl-&gt;gen.adh_dist_max)</highlight></codeline>
<codeline lineno="300"><highlight class="normal"><sp/><sp/><sp/><sp/><sp/><sp/><sp/><sp/><sp/><sp/><sp/><sp/><sp/><sp/><sp/><sp/><sp/><sp/><sp/><sp/>this-&gt;_impl-&gt;gen.adh_dist_max<sp/>=<sp/>mi2.adh_dist;</highlight></codeline>
<codeline lineno="301"><highlight class="normal"><sp/><sp/><sp/><sp/><sp/><sp/><sp/><sp/><sp/><sp/><sp/><sp/>}</highlight></codeline>
<codeline lineno="302"><highlight class="normal"><sp/><sp/><sp/><sp/><sp/><sp/><sp/><sp/>}</highlight></codeline>
<codeline lineno="303"><highlight class="normal"><sp/><sp/><sp/><sp/>}</highlight></codeline>
<codeline lineno="304"><highlight class="normal"><sp/><sp/><sp/><sp/></highlight><highlight class="comment">//<sp/>Just<sp/>set<sp/>the<sp/>new<sp/>value<sp/>for<sp/>the<sp/>material<sp/>interaction</highlight><highlight class="normal"></highlight></codeline>
<codeline lineno="305"><highlight class="normal"><sp/><sp/><sp/><sp/></highlight><highlight class="keywordflow">else</highlight><highlight class="normal"></highlight></codeline>
<codeline lineno="306"><highlight class="normal"><sp/><sp/><sp/><sp/>{</highlight></codeline>
<codeline lineno="307"><highlight class="normal"><sp/><sp/><sp/><sp/><sp/><sp/><sp/><sp/>mi.adh_dist<sp/>=<sp/>adhesive_distance;</highlight></codeline>
<codeline lineno="308"><highlight class="normal"><sp/><sp/><sp/><sp/>}</highlight></codeline>
<codeline lineno="309"><highlight class="normal">}</highlight></codeline>
<codeline lineno="310"><highlight class="normal"></highlight></codeline>
<codeline lineno="311"><highlight class="normal"></highlight><highlight class="keywordtype">void</highlight><highlight class="normal"><sp/><ref refid="structIRockyModel_1a8c30579eb47a2e20abd0fc393b3b2532" kindref="member">IRockyModel::set_minimum_restitution_coefficient</ref>(</highlight><highlight class="keywordtype">int</highlight><highlight class="normal"><sp/>home_index,<sp/></highlight><highlight class="keywordtype">int</highlight><highlight class="normal"><sp/>near_index,<sp/></highlight><highlight class="keywordtype">double</highlight><highlight class="normal"><sp/>minimum_restitution)</highlight></codeline>
<codeline lineno="312"><highlight class="normal">{</highlight></codeline>
<codeline lineno="313"><highlight class="normal"><sp/><sp/><sp/><sp/></highlight><highlight class="keyword">auto</highlight><highlight class="normal">&amp;<sp/>mi<sp/>=<sp/>this-&gt;_impl-&gt;get_material_interaction(home_index,<sp/>near_index);</highlight></codeline>
<codeline lineno="314"><highlight class="normal"></highlight></codeline>
<codeline lineno="315"><highlight class="normal"><sp/><sp/><sp/><sp/></highlight><highlight class="keywordflow">if</highlight><highlight class="normal"><sp/>(mi.minimum_rest<sp/>!=<sp/>minimum_restitution)</highlight></codeline>
<codeline lineno="316"><highlight class="normal"><sp/><sp/><sp/><sp/>{</highlight></codeline>
<codeline lineno="317"><highlight class="normal"><sp/><sp/><sp/><sp/><sp/><sp/><sp/><sp/>mi.minimum_rest<sp/>=<sp/>minimum_restitution;</highlight></codeline>
<codeline lineno="318"><highlight class="normal"></highlight></codeline>
<codeline lineno="319"><highlight class="normal"><sp/><sp/><sp/><sp/><sp/><sp/><sp/><sp/></highlight><highlight class="comment">//<sp/>When<sp/>changing<sp/>the<sp/>minimum<sp/>restitution<sp/>coefficient<sp/>of<sp/>a<sp/>material,<sp/>we<sp/>need<sp/>to<sp/>update<sp/>timestep</highlight><highlight class="normal"></highlight></codeline>
<codeline lineno="320"><highlight class="normal"><sp/><sp/><sp/><sp/><sp/><sp/><sp/><sp/>this-&gt;_impl-&gt;iteration.trigger_update_timestep();</highlight></codeline>
<codeline lineno="321"><highlight class="normal"><sp/><sp/><sp/><sp/>}</highlight></codeline>
<codeline lineno="322"><highlight class="normal">}</highlight></codeline>
<codeline lineno="323"><highlight class="normal"></highlight></codeline>
<codeline lineno="324"><highlight class="normal">ECFDCouplingMode<sp/>IRockyModel::get_coupling_mode()</highlight><highlight class="keyword"><sp/>const</highlight></codeline>
<codeline lineno="325"><highlight class="keyword"></highlight><highlight class="normal">{</highlight></codeline>
<codeline lineno="326"><highlight class="normal"><sp/><sp/><sp/><sp/></highlight><highlight class="keywordflow">return</highlight><highlight class="normal"><sp/>this-&gt;_impl-&gt;cfd_data.gen_cfd.cfd_coupling_mode;</highlight></codeline>
<codeline lineno="327"><highlight class="normal">}</highlight></codeline>
<codeline lineno="328"><highlight class="normal"></highlight></codeline>
<codeline lineno="329"><highlight class="normal"><ref refid="classIRockyInteractionCalculationsData" kindref="compound">IRockyInteractionCalculationsData</ref><sp/><ref refid="structIRockyModel_1ac9a1e9a6ac20f978dd08f6fc67fd0904" kindref="member">IRockyModel::get_interactions_data</ref>()</highlight><highlight class="keyword"><sp/>const</highlight></codeline>
<codeline lineno="330"><highlight class="keyword"></highlight><highlight class="normal">{</highlight></codeline>
<codeline lineno="331"><highlight class="normal"><sp/><sp/><sp/><sp/></highlight><highlight class="keywordflow">return</highlight><highlight class="normal"><sp/><ref refid="classIRockyInteractionCalculationsData" kindref="compound">IRockyInteractionCalculationsData</ref>(*this-&gt;_impl);</highlight></codeline>
<codeline lineno="332"><highlight class="normal">}</highlight></codeline>
<codeline lineno="333"><highlight class="normal"></highlight></codeline>
<codeline lineno="334"><highlight class="normal"><ref refid="structIRockyContactDataRecorder" kindref="compound">IRockyContactDataRecorder</ref><sp/><ref refid="structIRockyModel_1a4f71066b464f74b32fb560c8a58dd030" kindref="member">IRockyModel::get_contact_data_recorder</ref>()</highlight><highlight class="keyword"><sp/>const</highlight></codeline>
<codeline lineno="335"><highlight class="keyword"></highlight><highlight class="normal">{</highlight></codeline>
<codeline lineno="336"><highlight class="normal"><sp/><sp/><sp/><sp/></highlight><highlight class="keywordflow">return</highlight><highlight class="normal"><sp/><ref refid="structIRockyContactDataRecorder" kindref="compound">IRockyContactDataRecorder</ref>(*this-&gt;_impl);</highlight></codeline>
<codeline lineno="337"><highlight class="normal">}</highlight></codeline>
<codeline lineno="338"><highlight class="normal"></highlight></codeline>
<codeline lineno="339"><highlight class="normal">IRockyModel::~IRockyModel()</highlight></codeline>
<codeline lineno="340"><highlight class="normal">{</highlight></codeline>
<codeline lineno="341"><highlight class="normal"><sp/><sp/><sp/><sp/></highlight><highlight class="comment">//<sp/>Update<sp/>materials<sp/>and<sp/>gen<sp/>max<sp/>adhesive<sp/>distance<sp/>in<sp/>the<sp/>devices</highlight><highlight class="normal"></highlight></codeline>
<codeline lineno="342"><highlight class="normal"><sp/><sp/><sp/><sp/></highlight><highlight class="keywordflow">if</highlight><highlight class="normal">(this-&gt;_impl-&gt;use_cuda<sp/>&amp;&amp;<sp/>this-&gt;update_device_data)</highlight></codeline>
<codeline lineno="343"><highlight class="normal"><sp/><sp/><sp/><sp/>{</highlight></codeline>
<codeline lineno="344"><highlight class="normal"><sp/><sp/><sp/><sp/><sp/><sp/><sp/><sp/></highlight><highlight class="comment">/*<sp/>destructors<sp/>must<sp/>not<sp/>throw<sp/>exceptions<sp/>*/</highlight><highlight class="normal"></highlight></codeline>
<codeline lineno="345"><highlight class="normal"><sp/><sp/><sp/><sp/><sp/><sp/><sp/><sp/></highlight><highlight class="keywordflow">for</highlight><highlight class="normal"><sp/>(</highlight><highlight class="keywordtype">int</highlight><highlight class="normal"><sp/>i<sp/>=<sp/>0;<sp/>i<sp/>&lt;<sp/>this-&gt;_impl-&gt;get_n_gpus();<sp/>i++)</highlight></codeline>
<codeline lineno="346"><highlight class="normal"><sp/><sp/><sp/><sp/><sp/><sp/><sp/><sp/>{</highlight></codeline>
<codeline lineno="347"><highlight class="normal"><sp/><sp/><sp/><sp/><sp/><sp/><sp/><sp/><sp/><sp/><sp/><sp/></highlight><highlight class="keywordflow">try</highlight><highlight class="normal"></highlight></codeline>
<codeline lineno="348"><highlight class="normal"><sp/><sp/><sp/><sp/><sp/><sp/><sp/><sp/><sp/><sp/><sp/><sp/>{</highlight></codeline>
<codeline lineno="349"><highlight class="normal"><sp/><sp/><sp/><sp/><sp/><sp/><sp/><sp/><sp/><sp/><sp/><sp/><sp/><sp/><sp/><sp/>CUDA_SET_DEVICE(this-&gt;_impl-&gt;gpu_device_ids[i])</highlight></codeline>
<codeline lineno="350"><highlight class="normal"><sp/><sp/><sp/><sp/><sp/><sp/><sp/><sp/><sp/><sp/><sp/><sp/><sp/><sp/><sp/><sp/></highlight><highlight class="keyword">auto</highlight><highlight class="normal">&amp;<sp/>device_model<sp/>=<sp/>this-&gt;_impl-&gt;GetDeviceModel(i);</highlight></codeline>
<codeline lineno="351"><highlight class="normal"><sp/><sp/><sp/><sp/><sp/><sp/><sp/><sp/><sp/><sp/><sp/><sp/><sp/><sp/><sp/><sp/>CUDA_COPY_H2D(&amp;device_model.gen-&gt;adh_dist_max,<sp/>&amp;this-&gt;_impl-&gt;gen.adh_dist_max,<sp/>1)</highlight></codeline>
<codeline lineno="352"><highlight class="normal"></highlight></codeline>
<codeline lineno="353"><highlight class="normal"><sp/><sp/><sp/><sp/><sp/><sp/><sp/><sp/><sp/><sp/><sp/><sp/><sp/><sp/><sp/><sp/>CUDA_COPY_H2D(</highlight></codeline>
<codeline lineno="354"><highlight class="normal"><sp/><sp/><sp/><sp/><sp/><sp/><sp/><sp/><sp/><sp/><sp/><sp/><sp/><sp/><sp/><sp/><sp/><sp/><sp/><sp/>device_model.material_interactions,</highlight></codeline>
<codeline lineno="355"><highlight class="normal"><sp/><sp/><sp/><sp/><sp/><sp/><sp/><sp/><sp/><sp/><sp/><sp/><sp/><sp/><sp/><sp/><sp/><sp/><sp/><sp/>this-&gt;_impl-&gt;material_interactions.data(),</highlight></codeline>
<codeline lineno="356"><highlight class="normal"><sp/><sp/><sp/><sp/><sp/><sp/><sp/><sp/><sp/><sp/><sp/><sp/><sp/><sp/><sp/><sp/><sp/><sp/><sp/><sp/>this-&gt;_impl-&gt;material_interactions.size())</highlight></codeline>
<codeline lineno="357"><highlight class="normal"></highlight></codeline>
<codeline lineno="358"><highlight class="normal"><sp/><sp/><sp/><sp/><sp/><sp/><sp/><sp/><sp/><sp/><sp/><sp/><sp/><sp/><sp/><sp/>CUDA_COPY_H2D(&amp;device_model.gen-&gt;gx,<sp/>&amp;this-&gt;_impl-&gt;gen.gx,<sp/>1)</highlight></codeline>
<codeline lineno="359"><highlight class="normal"><sp/><sp/><sp/><sp/><sp/><sp/><sp/><sp/><sp/><sp/><sp/><sp/><sp/><sp/><sp/><sp/>CUDA_COPY_H2D(&amp;device_model.gen-&gt;gy,<sp/>&amp;this-&gt;_impl-&gt;gen.gy,<sp/>1)</highlight></codeline>
<codeline lineno="360"><highlight class="normal"><sp/><sp/><sp/><sp/><sp/><sp/><sp/><sp/><sp/><sp/><sp/><sp/><sp/><sp/><sp/><sp/>CUDA_COPY_H2D(&amp;device_model.gen-&gt;gz,<sp/>&amp;this-&gt;_impl-&gt;gen.gz,<sp/>1)</highlight></codeline>
<codeline lineno="361"><highlight class="normal"><sp/><sp/><sp/><sp/><sp/><sp/><sp/><sp/><sp/><sp/><sp/><sp/>}</highlight></codeline>
<codeline lineno="362"><highlight class="normal"><sp/><sp/><sp/><sp/><sp/><sp/><sp/><sp/><sp/><sp/><sp/><sp/>catch<sp/>(std::exception&amp;<sp/>e)</highlight></codeline>
<codeline lineno="363"><highlight class="normal"><sp/><sp/><sp/><sp/><sp/><sp/><sp/><sp/><sp/><sp/><sp/><sp/>{</highlight></codeline>
<codeline lineno="364"><highlight class="normal"><sp/><sp/><sp/><sp/><sp/><sp/><sp/><sp/><sp/><sp/><sp/><sp/><sp/><sp/><sp/><sp/>ROCKY_CRITICAL_LOG(</highlight><highlight class="stringliteral">&quot;Failed<sp/>to<sp/>destroy<sp/>IRockyModel<sp/>object:&quot;</highlight><highlight class="normal"><sp/>&lt;&lt;<sp/>std::endl<sp/>&lt;&lt;<sp/>e.what())</highlight></codeline>
<codeline lineno="365"><highlight class="normal"><sp/><sp/><sp/><sp/><sp/><sp/><sp/><sp/><sp/><sp/><sp/><sp/>}</highlight></codeline>
<codeline lineno="366"><highlight class="normal"><sp/><sp/><sp/><sp/><sp/><sp/><sp/><sp/>}</highlight></codeline>
<codeline lineno="367"><highlight class="normal"><sp/><sp/><sp/><sp/>}</highlight></codeline>
<codeline lineno="368"><highlight class="normal">}</highlight></codeline>
    </programlisting>
    <location file="source/c++/rocky20/api/rocky_api.cpp"/>
  </compounddef>
</doxygen>
