<?xml version='1.0' encoding='UTF-8' standalone='no'?>
<doxygen xmlns:xsi="http://www.w3.org/2001/XMLSchema-instance" xsi:noNamespaceSchemaLocation="compound.xsd" version="1.10.0" xml:lang="en-US">
  <compounddef id="rocky__output__properties_8h" kind="file" language="C++">
    <compoundname>rocky_output_properties.h</compoundname>
    <includes local="no">string</includes>
    <includes local="no">vector</includes>
    <includes local="no">rocky20/model/rocky_enums.h</includes>
    <includes local="no">rocky20/core/utils/rocky_exception.hpp</includes>
    <includes local="no">rocky20/model/scalars.h</includes>
    <includedby refid="rocky__output__collections__api_8hpp" local="yes">source/c++/rocky20/api/rocky_output_collections_api.hpp</includedby>
    <includedby refid="rocky__output__properties_8cpp" local="yes">source/c++/rocky20/api/rocky_output_properties.cpp</includedby>
    <incdepgraph>
      <node id="1">
        <label>source/c++/rocky20/api/rocky_output_properties.h</label>
        <link refid="rocky__output__properties_8h"/>
        <childnode refid="2" relation="include">
        </childnode>
        <childnode refid="3" relation="include">
        </childnode>
        <childnode refid="4" relation="include">
        </childnode>
        <childnode refid="5" relation="include">
        </childnode>
        <childnode refid="6" relation="include">
        </childnode>
      </node>
      <node id="5">
        <label>rocky20/core/utils/rocky_exception.hpp</label>
      </node>
      <node id="4">
        <label>rocky20/model/rocky_enums.h</label>
      </node>
      <node id="6">
        <label>rocky20/model/scalars.h</label>
      </node>
      <node id="2">
        <label>string</label>
      </node>
      <node id="3">
        <label>vector</label>
      </node>
    </incdepgraph>
    <invincdepgraph>
      <node id="4">
        <label>source/c++/rocky20/api/device/api_cuda.hpp</label>
        <link refid="api__cuda_8hpp_source"/>
        <childnode refid="5" relation="include">
        </childnode>
        <childnode refid="6" relation="include">
        </childnode>
        <childnode refid="7" relation="include">
        </childnode>
        <childnode refid="8" relation="include">
        </childnode>
        <childnode refid="9" relation="include">
        </childnode>
        <childnode refid="10" relation="include">
        </childnode>
      </node>
      <node id="5">
        <label>source/c++/rocky20/api/device/api_cuda_cfd_coupling.hpp</label>
        <link refid="api__cuda__cfd__coupling_8hpp_source"/>
      </node>
      <node id="6">
        <label>source/c++/rocky20/api/device/api_cuda_contacts.hpp</label>
        <link refid="api__cuda__contacts_8hpp_source"/>
      </node>
      <node id="7">
        <label>source/c++/rocky20/api/device/api_cuda_joints.hpp</label>
        <link refid="api__cuda__joints_8hpp_source"/>
      </node>
      <node id="8">
        <label>source/c++/rocky20/api/device/api_cuda_particles.hpp</label>
        <link refid="api__cuda__particles_8hpp_source"/>
      </node>
      <node id="9">
        <label>source/c++/rocky20/api/device/api_cuda_triangles.hpp</label>
        <link refid="api__cuda__triangles_8hpp_source"/>
      </node>
      <node id="11">
        <label>source/c++/rocky20/api/device/api_omp_contacts.hpp</label>
        <link refid="api__omp__contacts_8hpp_source"/>
        <childnode refid="3" relation="include">
        </childnode>
      </node>
      <node id="3">
        <label>source/c++/rocky20/api/rocky_api.h</label>
        <link refid="rocky__api_8h_source"/>
        <childnode refid="4" relation="include">
        </childnode>
        <childnode refid="6" relation="include">
        </childnode>
        <childnode refid="11" relation="include">
        </childnode>
        <childnode refid="12" relation="include">
        </childnode>
        <childnode refid="13" relation="include">
        </childnode>
        <childnode refid="14" relation="include">
        </childnode>
      </node>
      <node id="12">
        <label>source/c++/rocky20/api/rocky_api_cfd.h</label>
        <link refid="rocky__api__cfd_8h_source"/>
      </node>
      <node id="13">
        <label>source/c++/rocky20/api/rocky_api_sph.h</label>
        <link refid="rocky__api__sph_8h_source"/>
      </node>
      <node id="2">
        <label>source/c++/rocky20/api/rocky_output_collections_api.hpp</label>
        <link refid="rocky__output__collections__api_8hpp_source"/>
        <childnode refid="3" relation="include">
        </childnode>
      </node>
      <node id="1">
        <label>source/c++/rocky20/api/rocky_output_properties.h</label>
        <link refid="rocky__output__properties_8h"/>
        <childnode refid="2" relation="include">
        </childnode>
      </node>
      <node id="10">
        <label>source/c++/rocky20/api/sph/api_cuda_sph.hpp</label>
        <link refid="api__cuda__sph_8hpp_source"/>
      </node>
      <node id="14">
        <label>source/c++/rocky20/api/sph/api_omp_sph.hpp</label>
        <link refid="api__omp__sph_8hpp_source"/>
        <childnode refid="13" relation="include">
        </childnode>
      </node>
    </invincdepgraph>
    <innerclass refid="structOutputPropertyInfo" prot="public">OutputPropertyInfo</innerclass>
    <innerclass refid="structOutputPropertiesSetup" prot="public">OutputPropertiesSetup</innerclass>
    <briefdescription>
    </briefdescription>
    <detaileddescription>
    </detaileddescription>
    <programlisting>
<codeline lineno="1"><highlight class="comment">//<sp/>(C)<sp/>2024<sp/>ANSYS,<sp/>Inc.<sp/>Unauthorized<sp/>use,<sp/>distribution,<sp/>or<sp/>duplication<sp/>is<sp/>prohibited.</highlight><highlight class="normal"></highlight></codeline>
<codeline lineno="2"><highlight class="normal"></highlight><highlight class="preprocessor">#pragma<sp/>once</highlight><highlight class="normal"></highlight></codeline>
<codeline lineno="3"><highlight class="normal"></highlight></codeline>
<codeline lineno="4"><highlight class="normal"></highlight><highlight class="preprocessor">#include<sp/>&lt;string&gt;</highlight><highlight class="normal"></highlight></codeline>
<codeline lineno="5"><highlight class="normal"></highlight><highlight class="preprocessor">#include<sp/>&lt;vector&gt;</highlight><highlight class="normal"></highlight></codeline>
<codeline lineno="6"><highlight class="normal"></highlight><highlight class="preprocessor">#include<sp/>&lt;rocky20/model/rocky_enums.h&gt;</highlight><highlight class="normal"></highlight></codeline>
<codeline lineno="7"><highlight class="normal"></highlight><highlight class="preprocessor">#include<sp/>&lt;rocky20/core/utils/rocky_exception.hpp&gt;</highlight><highlight class="normal"></highlight></codeline>
<codeline lineno="8"><highlight class="normal"></highlight><highlight class="preprocessor">#include<sp/>&lt;rocky20/model/scalars.h&gt;</highlight><highlight class="normal"></highlight></codeline>
<codeline lineno="9"><highlight class="normal"></highlight></codeline>
<codeline lineno="10"><highlight class="normal"></highlight></codeline>
<codeline lineno="11"><highlight class="normal"></highlight><highlight class="keyword">struct<sp/></highlight><highlight class="normal">OutputPropertyInfo</highlight></codeline>
<codeline lineno="12"><highlight class="normal">{</highlight></codeline>
<codeline lineno="13"><highlight class="normal"><sp/><sp/><sp/><sp/></highlight><highlight class="keyword">enum</highlight><highlight class="normal"><sp/>Location</highlight></codeline>
<codeline lineno="14"><highlight class="normal"><sp/><sp/><sp/><sp/>{</highlight></codeline>
<codeline lineno="15"><highlight class="normal"><sp/><sp/><sp/><sp/><sp/><sp/><sp/><sp/>onBoundaryCell,</highlight></codeline>
<codeline lineno="16"><highlight class="normal"><sp/><sp/><sp/><sp/><sp/><sp/><sp/><sp/>onBoundaryVertex,</highlight></codeline>
<codeline lineno="17"><highlight class="normal"><sp/><sp/><sp/><sp/><sp/><sp/><sp/><sp/>onParticle,</highlight></codeline>
<codeline lineno="18"><highlight class="normal"><sp/><sp/><sp/><sp/><sp/><sp/><sp/><sp/>onJoint,</highlight></codeline>
<codeline lineno="19"><highlight class="normal"><sp/><sp/><sp/><sp/><sp/><sp/><sp/><sp/>onSPH,</highlight></codeline>
<codeline lineno="20"><highlight class="normal"><sp/><sp/><sp/><sp/>};</highlight></codeline>
<codeline lineno="21"><highlight class="normal"></highlight></codeline>
<codeline lineno="22"><highlight class="normal"><sp/><sp/><sp/><sp/>std::string<sp/>name,<sp/>unit;</highlight></codeline>
<codeline lineno="23"><highlight class="normal"><sp/><sp/><sp/><sp/>Location<sp/>location;</highlight></codeline>
<codeline lineno="24"><highlight class="normal"><sp/><sp/><sp/><sp/>rocky20::EvaluationType<sp/>evaluation;</highlight></codeline>
<codeline lineno="25"><highlight class="normal"><sp/><sp/><sp/><sp/></highlight><highlight class="keywordtype">double</highlight><highlight class="normal"><sp/>dimension{<sp/>1.0<sp/>};</highlight></codeline>
<codeline lineno="26"><highlight class="normal"><sp/><sp/><sp/><sp/></highlight><highlight class="comment">//<sp/>Data<sp/>type<sp/>holds<sp/>its<sp/>corresponding<sp/>ScalarsInfo,<sp/>default<sp/>to<sp/>double</highlight><highlight class="normal"></highlight></codeline>
<codeline lineno="27"><highlight class="normal"><sp/><sp/><sp/><sp/>rocky20::ScalarsInfo::DataType<sp/>data_type<sp/>{<sp/>rocky20::ScalarsInfo::DataType::stDouble<sp/>};</highlight></codeline>
<codeline lineno="28"><highlight class="normal">};</highlight></codeline>
<codeline lineno="29"><highlight class="normal"></highlight></codeline>
<codeline lineno="30"><highlight class="normal"></highlight></codeline>
<codeline lineno="31"><highlight class="normal"></highlight><highlight class="keyword">struct<sp/></highlight><highlight class="normal">OutputPropertiesSetup</highlight></codeline>
<codeline lineno="32"><highlight class="normal">{</highlight></codeline>
<codeline lineno="33"><highlight class="normal"><sp/><sp/><sp/><sp/></highlight><highlight class="keywordtype">int</highlight><highlight class="normal"><sp/>create_particles_instantaneous_property(std::string<sp/>name,<sp/>std::string<sp/>unit,<sp/></highlight><highlight class="keywordtype">double</highlight><highlight class="normal"><sp/>dimension<sp/>=<sp/>1.0);</highlight></codeline>
<codeline lineno="34"><highlight class="normal"><sp/><sp/><sp/><sp/></highlight><highlight class="keywordtype">int</highlight><highlight class="normal"><sp/>create_particles_statistical_property(std::string<sp/>name,<sp/>std::string<sp/>unit,<sp/></highlight><highlight class="keywordtype">double</highlight><highlight class="normal"><sp/>dimension<sp/>=<sp/>1.0);</highlight></codeline>
<codeline lineno="35"><highlight class="normal"></highlight></codeline>
<codeline lineno="36"><highlight class="normal"><sp/><sp/><sp/><sp/></highlight><highlight class="keywordtype">int</highlight><highlight class="normal"><sp/>create_triangles_instantaneous_property(std::string<sp/>name,<sp/>std::string<sp/>unit,<sp/></highlight><highlight class="keywordtype">double</highlight><highlight class="normal"><sp/>dimension<sp/>=<sp/>1.0);</highlight></codeline>
<codeline lineno="37"><highlight class="normal"><sp/><sp/><sp/><sp/></highlight><highlight class="keywordtype">int</highlight><highlight class="normal"><sp/>create_triangles_statistical_property(std::string<sp/>name,<sp/>std::string<sp/>unit,<sp/></highlight><highlight class="keywordtype">double</highlight><highlight class="normal"><sp/>dimension<sp/>=<sp/>1.0);</highlight></codeline>
<codeline lineno="38"><highlight class="normal"></highlight></codeline>
<codeline lineno="39"><highlight class="normal"><sp/><sp/><sp/><sp/></highlight><highlight class="keywordtype">int</highlight><highlight class="normal"><sp/>create_vertex_triangles_instantaneous_property(std::string<sp/>name,<sp/>std::string<sp/>unit,<sp/></highlight><highlight class="keywordtype">double</highlight><highlight class="normal"><sp/>dimension<sp/>=<sp/>1.0);</highlight></codeline>
<codeline lineno="40"><highlight class="normal"><sp/><sp/><sp/><sp/></highlight><highlight class="keywordtype">int</highlight><highlight class="normal"><sp/>create_vertex_triangles_statistical_property(std::string<sp/>name,<sp/>std::string<sp/>unit,<sp/></highlight><highlight class="keywordtype">double</highlight><highlight class="normal"><sp/>dimension<sp/>=<sp/>1.0);</highlight></codeline>
<codeline lineno="41"><highlight class="normal"></highlight></codeline>
<codeline lineno="42"><highlight class="normal"><sp/><sp/><sp/><sp/>std::vector&lt;OutputPropertyInfo&gt;<sp/>particle_property_infos;</highlight></codeline>
<codeline lineno="43"><highlight class="normal"><sp/><sp/><sp/><sp/>std::vector&lt;OutputPropertyInfo&gt;<sp/>boundary_property_infos;</highlight></codeline>
<codeline lineno="44"><highlight class="normal">};</highlight></codeline>
<codeline lineno="45"><highlight class="normal"></highlight></codeline>
    </programlisting>
    <location file="source/c++/rocky20/api/rocky_output_properties.h"/>
  </compounddef>
</doxygen>
