<?xml version='1.0' encoding='UTF-8' standalone='no'?>
<doxygen xmlns:xsi="http://www.w3.org/2001/XMLSchema-instance" xsi:noNamespaceSchemaLocation="compound.xsd" version="1.10.0" xml:lang="en-US">
  <compounddef id="rocky__timestep__api_8cpp" kind="file" language="C++">
    <compoundname>rocky_timestep_api.cpp</compoundname>
    <includes refid="rocky__timestep__api_8h" local="yes">rocky_timestep_api.h</includes>
    <includes refid="rocky__api_8h" local="yes">rocky_api.h</includes>
    <includes local="no">rocky20/host/timestep.h</includes>
    <includes local="no">set</includes>
    <incdepgraph>
      <node id="11">
        <label>rocky20/api/device/api_backend.hpp</label>
        <link refid="api__backend_8hpp_source"/>
        <childnode refid="12" relation="include">
        </childnode>
        <childnode refid="13" relation="include">
        </childnode>
      </node>
      <node id="54">
        <label>rocky20/api/device/api_device_contacts.hpp</label>
        <link refid="api__device__contacts_8hpp_source"/>
        <childnode refid="33" relation="include">
        </childnode>
        <childnode refid="55" relation="include">
        </childnode>
        <childnode refid="28" relation="include">
        </childnode>
      </node>
      <node id="53">
        <label>rocky20/api/device/api_omp_contacts.hpp</label>
        <link refid="api__omp__contacts_8hpp_source"/>
        <childnode refid="51" relation="include">
        </childnode>
        <childnode refid="5" relation="include">
        </childnode>
        <childnode refid="54" relation="include">
        </childnode>
        <childnode refid="13" relation="include">
        </childnode>
      </node>
      <node id="6">
        <label>dll_export.h</label>
        <link refid="dll__export_8h_source"/>
      </node>
      <node id="5">
        <label>rocky_api.h</label>
        <link refid="rocky__api_8h_source"/>
        <childnode refid="6" relation="include">
        </childnode>
        <childnode refid="7" relation="include">
        </childnode>
        <childnode refid="23" relation="include">
        </childnode>
        <childnode refid="29" relation="include">
        </childnode>
        <childnode refid="30" relation="include">
        </childnode>
        <childnode refid="33" relation="include">
        </childnode>
        <childnode refid="24" relation="include">
        </childnode>
        <childnode refid="26" relation="include">
        </childnode>
        <childnode refid="32" relation="include">
        </childnode>
        <childnode refid="38" relation="include">
        </childnode>
        <childnode refid="39" relation="include">
        </childnode>
        <childnode refid="15" relation="include">
        </childnode>
        <childnode refid="40" relation="include">
        </childnode>
        <childnode refid="42" relation="include">
        </childnode>
        <childnode refid="2" relation="include">
        </childnode>
        <childnode refid="49" relation="include">
        </childnode>
        <childnode refid="18" relation="include">
        </childnode>
        <childnode refid="51" relation="include">
        </childnode>
        <childnode refid="11" relation="include">
        </childnode>
        <childnode refid="53" relation="include">
        </childnode>
        <childnode refid="54" relation="include">
        </childnode>
      </node>
      <node id="52">
        <label>rocky_api_contact_functions.h</label>
        <link refid="rocky__api__contact__functions_8h_source"/>
      </node>
      <node id="51">
        <label>rocky_api_functions.h</label>
        <link refid="rocky__api__functions_8h_source"/>
        <childnode refid="6" relation="include">
        </childnode>
        <childnode refid="20" relation="include">
        </childnode>
        <childnode refid="52" relation="include">
        </childnode>
      </node>
      <node id="10">
        <label>rocky20/api/rocky_boundary.hpp</label>
        <link refid="rocky__boundary_8hpp_source"/>
        <childnode refid="9" relation="include">
        </childnode>
        <childnode refid="11" relation="include">
        </childnode>
        <childnode refid="14" relation="include">
        </childnode>
        <childnode refid="15" relation="include">
        </childnode>
      </node>
      <node id="20">
        <label>rocky20/api/rocky_boundary_api.hpp</label>
        <link refid="rocky__boundary__api_8hpp_source"/>
        <childnode refid="21" relation="include">
        </childnode>
        <childnode refid="9" relation="include">
        </childnode>
        <childnode refid="22" relation="include">
        </childnode>
        <childnode refid="10" relation="include">
        </childnode>
      </node>
      <node id="39">
        <label>rocky20/api/rocky_boundary_scalars.hpp</label>
        <link refid="rocky__boundary__scalars_8hpp_source"/>
        <childnode refid="16" relation="include">
        </childnode>
      </node>
      <node id="8">
        <label>rocky20/api/rocky_contact.hpp</label>
        <link refid="rocky__contact_8hpp_source"/>
        <childnode refid="9" relation="include">
        </childnode>
        <childnode refid="10" relation="include">
        </childnode>
        <childnode refid="20" relation="include">
        </childnode>
        <childnode refid="23" relation="include">
        </childnode>
        <childnode refid="24" relation="include">
        </childnode>
        <childnode refid="27" relation="include">
        </childnode>
      </node>
      <node id="7">
        <label>rocky_contact_api.hpp</label>
        <link refid="rocky__contact__api_8hpp_source"/>
        <childnode refid="8" relation="include">
        </childnode>
        <childnode refid="14" relation="include">
        </childnode>
        <childnode refid="28" relation="include">
        </childnode>
      </node>
      <node id="49">
        <label>rocky_contact_data_recorder_api.h</label>
        <link refid="rocky__contact__data__recorder__api_8h_source"/>
        <childnode refid="50" relation="include">
        </childnode>
      </node>
      <node id="23">
        <label>rocky20/api/rocky_contact_scalars.hpp</label>
        <link refid="rocky__contact__scalars_8hpp_source"/>
        <childnode refid="16" relation="include">
        </childnode>
      </node>
      <node id="29">
        <label>rocky_fluid_scalars.hpp</label>
        <link refid="rocky__fluid__scalars_8hpp_source"/>
        <childnode refid="16" relation="include">
        </childnode>
      </node>
      <node id="30">
        <label>rocky_joint_api.hpp</label>
        <link refid="rocky__joint__api_8hpp_source"/>
        <childnode refid="24" relation="include">
        </childnode>
        <childnode refid="31" relation="include">
        </childnode>
        <childnode refid="32" relation="include">
        </childnode>
      </node>
      <node id="32">
        <label>rocky_joint_scalars.hpp</label>
        <link refid="rocky__joint__scalars_8hpp_source"/>
        <childnode refid="16" relation="include">
        </childnode>
      </node>
      <node id="14">
        <label>rocky20/api/rocky_material_api.hpp</label>
        <link refid="rocky__material__api_8hpp_source"/>
        <childnode refid="9" relation="include">
        </childnode>
      </node>
      <node id="34">
        <label>rocky_model.hpp</label>
        <link refid="rocky__model_8hpp_source"/>
        <childnode refid="9" relation="include">
        </childnode>
        <childnode refid="35" relation="include">
        </childnode>
        <childnode refid="38" relation="include">
        </childnode>
        <childnode refid="39" relation="include">
        </childnode>
      </node>
      <node id="33">
        <label>rocky_model_api.hpp</label>
        <link refid="rocky__model__api_8hpp_source"/>
        <childnode refid="34" relation="include">
        </childnode>
        <childnode refid="24" relation="include">
        </childnode>
      </node>
      <node id="42">
        <label>rocky_output_collections_api.hpp</label>
        <link refid="rocky__output__collections__api_8hpp_source"/>
        <childnode refid="43" relation="include">
        </childnode>
        <childnode refid="45" relation="include">
        </childnode>
      </node>
      <node id="45">
        <label>rocky_output_properties.h</label>
        <link refid="rocky__output__properties_8h_source"/>
        <childnode refid="41" relation="include">
        </childnode>
        <childnode refid="4" relation="include">
        </childnode>
        <childnode refid="46" relation="include">
        </childnode>
        <childnode refid="47" relation="include">
        </childnode>
        <childnode refid="48" relation="include">
        </childnode>
      </node>
      <node id="38">
        <label>rocky20/api/rocky_pair_scalars.hpp</label>
        <link refid="rocky__pair__scalars_8hpp_source"/>
        <childnode refid="16" relation="include">
        </childnode>
      </node>
      <node id="25">
        <label>rocky_particle.hpp</label>
        <link refid="rocky__particle_8hpp_source"/>
        <childnode refid="11" relation="include">
        </childnode>
        <childnode refid="26" relation="include">
        </childnode>
        <childnode refid="9" relation="include">
        </childnode>
        <childnode refid="27" relation="include">
        </childnode>
      </node>
      <node id="24">
        <label>rocky20/api/rocky_particle_api.hpp</label>
        <link refid="rocky__particle__api_8hpp_source"/>
        <childnode refid="25" relation="include">
        </childnode>
        <childnode refid="14" relation="include">
        </childnode>
        <childnode refid="26" relation="include">
        </childnode>
      </node>
      <node id="26">
        <label>rocky20/api/rocky_particle_scalars.hpp</label>
        <link refid="rocky__particle__scalars_8hpp_source"/>
        <childnode refid="16" relation="include">
        </childnode>
      </node>
      <node id="40">
        <label>rocky_plugin_data.h</label>
        <link refid="rocky__plugin__data_8h_source"/>
        <childnode refid="3" relation="include">
        </childnode>
        <childnode refid="41" relation="include">
        </childnode>
      </node>
      <node id="36">
        <label>rocky_point_cloud.h</label>
        <link refid="rocky__point__cloud_8h_source"/>
        <childnode refid="37" relation="include">
        </childnode>
      </node>
      <node id="35">
        <label>rocky20/api/rocky_point_cloud_api.hpp</label>
        <link refid="rocky__point__cloud__api_8hpp_source"/>
        <childnode refid="36" relation="include">
        </childnode>
      </node>
      <node id="16">
        <label>rocky_scalars.h</label>
        <link refid="rocky__scalars_8h_source"/>
        <childnode refid="17" relation="include">
        </childnode>
        <childnode refid="11" relation="include">
        </childnode>
        <childnode refid="18" relation="include">
        </childnode>
      </node>
      <node id="18">
        <label>rocky20/api/rocky_statistics_data.hpp</label>
        <link refid="rocky__statistics__data_8hpp_source"/>
        <childnode refid="19" relation="include">
        </childnode>
        <childnode refid="11" relation="include">
        </childnode>
      </node>
      <node id="43">
        <label>rocky_time_curve_data.hpp</label>
        <link refid="rocky__time__curve__data_8hpp_source"/>
        <childnode refid="44" relation="include">
        </childnode>
      </node>
      <node id="1">
        <label>source/c++/rocky20/api/rocky_timestep_api.cpp</label>
        <link refid="rocky__timestep__api_8cpp"/>
        <childnode refid="2" relation="include">
        </childnode>
        <childnode refid="5" relation="include">
        </childnode>
        <childnode refid="56" relation="include">
        </childnode>
        <childnode refid="57" relation="include">
        </childnode>
      </node>
      <node id="2">
        <label>rocky_timestep_api.h</label>
        <link refid="rocky__timestep__api_8h_source"/>
        <childnode refid="3" relation="include">
        </childnode>
        <childnode refid="4" relation="include">
        </childnode>
      </node>
      <node id="15">
        <label>rocky_triangle_scalars.hpp</label>
        <link refid="rocky__triangle__scalars_8hpp_source"/>
        <childnode refid="16" relation="include">
        </childnode>
      </node>
      <node id="3">
        <label>memory</label>
      </node>
      <node id="44">
        <label>rocky20/addins/rocky_addin.h</label>
      </node>
      <node id="47">
        <label>rocky20/core/utils/rocky_exception.hpp</label>
      </node>
      <node id="21">
        <label>rocky20/core/utils/rocky_math.hpp</label>
      </node>
      <node id="12">
        <label>rocky20/cuda/cuda_basics.hpp</label>
      </node>
      <node id="28">
        <label>rocky20/device/device_contact.hpp</label>
      </node>
      <node id="55">
        <label>rocky20/device/device_forces.hpp</label>
      </node>
      <node id="31">
        <label>rocky20/device/device_joint_api.hpp</label>
      </node>
      <node id="9">
        <label>rocky20/device/device_model.hpp</label>
      </node>
      <node id="22">
        <label>rocky20/device/device_triangles.hpp</label>
      </node>
      <node id="27">
        <label>rocky20/device/element_properties.hpp</label>
      </node>
      <node id="13">
        <label>rocky20/device/omp_backend.hpp</label>
      </node>
      <node id="56">
        <label>rocky20/host/timestep.h</label>
      </node>
      <node id="50">
        <label>rocky20/model/data_recorders.h</label>
      </node>
      <node id="37">
        <label>rocky20/model/point_cloud.h</label>
      </node>
      <node id="46">
        <label>rocky20/model/rocky_enums.h</label>
      </node>
      <node id="17">
        <label>rocky20/model/rocky_model.h</label>
      </node>
      <node id="48">
        <label>rocky20/model/scalars.h</label>
      </node>
      <node id="19">
        <label>rocky20/model/statistics_data.hpp</label>
      </node>
      <node id="57">
        <label>set</label>
      </node>
      <node id="41">
        <label>string</label>
      </node>
      <node id="4">
        <label>vector</label>
      </node>
    </incdepgraph>
    <briefdescription>
    </briefdescription>
    <detaileddescription>
    </detaileddescription>
    <programlisting>
<codeline lineno="1"><highlight class="comment">//<sp/>(C)<sp/>2024<sp/>ANSYS,<sp/>Inc.<sp/>Unauthorized<sp/>use,<sp/>distribution,<sp/>or<sp/>duplication<sp/>is<sp/>prohibited.</highlight><highlight class="normal"></highlight></codeline>
<codeline lineno="2"><highlight class="normal"></highlight></codeline>
<codeline lineno="3"><highlight class="normal"></highlight><highlight class="comment">//<sp/>Includes<sp/>=======================================================================================</highlight><highlight class="normal"></highlight></codeline>
<codeline lineno="4"><highlight class="normal"></highlight><highlight class="preprocessor">#include<sp/>&quot;rocky_timestep_api.h&quot;</highlight><highlight class="normal"></highlight></codeline>
<codeline lineno="5"><highlight class="normal"></highlight></codeline>
<codeline lineno="6"><highlight class="normal"></highlight><highlight class="preprocessor">#include<sp/>&quot;rocky_api.h&quot;</highlight><highlight class="normal"></highlight></codeline>
<codeline lineno="7"><highlight class="normal"></highlight><highlight class="preprocessor">#include<sp/>&lt;rocky20/host/timestep.h&gt;</highlight><highlight class="normal"></highlight></codeline>
<codeline lineno="8"><highlight class="normal"></highlight></codeline>
<codeline lineno="9"><highlight class="normal"></highlight><highlight class="preprocessor">#include<sp/>&lt;set&gt;</highlight><highlight class="normal"></highlight></codeline>
<codeline lineno="10"><highlight class="normal"></highlight></codeline>
<codeline lineno="13"><highlight class="normal"></highlight><highlight class="keyword">struct<sp/></highlight><highlight class="normal">IRockyInteractionCalculationsData::impl</highlight></codeline>
<codeline lineno="14"><highlight class="normal">{</highlight></codeline>
<codeline lineno="15"><highlight class="normal"><sp/><sp/><sp/><sp/>RockyModel<sp/>&amp;solver_model;</highlight></codeline>
<codeline lineno="16"><highlight class="normal"><sp/><sp/><sp/><sp/>std::vector&lt;timestep::ParticleGroupData&gt;<sp/>particle_data;</highlight></codeline>
<codeline lineno="17"><highlight class="normal"><sp/><sp/><sp/><sp/>std::vector&lt;int&gt;<sp/>boundary_materials;</highlight></codeline>
<codeline lineno="18"><highlight class="normal"></highlight></codeline>
<codeline lineno="19"><highlight class="normal"><sp/><sp/><sp/><sp/></highlight><highlight class="keywordtype">void</highlight><highlight class="normal"><sp/>initialize(</highlight><highlight class="keyword">const</highlight><highlight class="normal"><sp/>std::vector&lt;timestep::ParticleGroupData&gt;&amp;<sp/>group_data)</highlight></codeline>
<codeline lineno="20"><highlight class="normal"><sp/><sp/><sp/><sp/>{</highlight></codeline>
<codeline lineno="21"><highlight class="normal"><sp/><sp/><sp/><sp/><sp/><sp/><sp/><sp/>particle_data.assign(group_data.begin(),<sp/>group_data.end());</highlight></codeline>
<codeline lineno="22"><highlight class="normal"></highlight></codeline>
<codeline lineno="23"><highlight class="normal"><sp/><sp/><sp/><sp/><sp/><sp/><sp/><sp/>std::set&lt;int&gt;<sp/>bm;</highlight></codeline>
<codeline lineno="24"><highlight class="normal"><sp/><sp/><sp/><sp/><sp/><sp/><sp/><sp/></highlight><highlight class="keyword">auto</highlight><highlight class="normal"><sp/>add_material<sp/>=<sp/>[&amp;bm](</highlight><highlight class="keywordtype">int</highlight><highlight class="normal"><sp/>material_index)</highlight></codeline>
<codeline lineno="25"><highlight class="normal"><sp/><sp/><sp/><sp/><sp/><sp/><sp/><sp/>{</highlight></codeline>
<codeline lineno="26"><highlight class="normal"><sp/><sp/><sp/><sp/><sp/><sp/><sp/><sp/><sp/><sp/><sp/><sp/></highlight><highlight class="keyword">auto</highlight><highlight class="normal"><sp/>target<sp/>=<sp/>bm.find(material_index);</highlight></codeline>
<codeline lineno="27"><highlight class="normal"><sp/><sp/><sp/><sp/><sp/><sp/><sp/><sp/><sp/><sp/><sp/><sp/></highlight><highlight class="keywordflow">if</highlight><highlight class="normal"><sp/>(target<sp/>==<sp/>bm.end())</highlight></codeline>
<codeline lineno="28"><highlight class="normal"><sp/><sp/><sp/><sp/><sp/><sp/><sp/><sp/><sp/><sp/><sp/><sp/>{</highlight></codeline>
<codeline lineno="29"><highlight class="normal"><sp/><sp/><sp/><sp/><sp/><sp/><sp/><sp/><sp/><sp/><sp/><sp/><sp/><sp/><sp/><sp/>bm.insert(material_index);</highlight></codeline>
<codeline lineno="30"><highlight class="normal"><sp/><sp/><sp/><sp/><sp/><sp/><sp/><sp/><sp/><sp/><sp/><sp/>}</highlight></codeline>
<codeline lineno="31"><highlight class="normal"><sp/><sp/><sp/><sp/><sp/><sp/><sp/><sp/>};</highlight></codeline>
<codeline lineno="32"><highlight class="normal"><sp/><sp/><sp/><sp/><sp/><sp/><sp/><sp/></highlight><highlight class="keywordflow">for</highlight><highlight class="normal"><sp/>(</highlight><highlight class="keywordtype">int</highlight><highlight class="normal"><sp/>j<sp/>=<sp/>0;<sp/>j<sp/>&lt;<sp/>solver_model.gen.nbnd;<sp/>j++)</highlight></codeline>
<codeline lineno="33"><highlight class="normal"><sp/><sp/><sp/><sp/><sp/><sp/><sp/><sp/>{</highlight></codeline>
<codeline lineno="34"><highlight class="normal"><sp/><sp/><sp/><sp/><sp/><sp/><sp/><sp/><sp/><sp/><sp/><sp/></highlight><highlight class="keyword">auto</highlight><highlight class="normal"><sp/>&amp;boundary<sp/>=<sp/>solver_model.bnd[j];</highlight></codeline>
<codeline lineno="35"><highlight class="normal"><sp/><sp/><sp/><sp/><sp/><sp/><sp/><sp/><sp/><sp/><sp/><sp/></highlight><highlight class="keywordflow">if</highlight><highlight class="normal"><sp/>(boundary.is_boundary())</highlight></codeline>
<codeline lineno="36"><highlight class="normal"><sp/><sp/><sp/><sp/><sp/><sp/><sp/><sp/><sp/><sp/><sp/><sp/>{</highlight></codeline>
<codeline lineno="37"><highlight class="normal"><sp/><sp/><sp/><sp/><sp/><sp/><sp/><sp/><sp/><sp/><sp/><sp/><sp/><sp/><sp/><sp/>add_material(boundary.nmat<sp/>-<sp/>1);</highlight></codeline>
<codeline lineno="38"><highlight class="normal"></highlight></codeline>
<codeline lineno="39"><highlight class="normal"><sp/><sp/><sp/><sp/><sp/><sp/><sp/><sp/><sp/><sp/><sp/><sp/><sp/><sp/><sp/><sp/></highlight><highlight class="comment">//<sp/>Feed<sp/>and<sp/>Receiving<sp/>Conveyor<sp/>have<sp/>two<sp/>materials</highlight><highlight class="normal"></highlight></codeline>
<codeline lineno="40"><highlight class="normal"><sp/><sp/><sp/><sp/><sp/><sp/><sp/><sp/><sp/><sp/><sp/><sp/><sp/><sp/><sp/><sp/></highlight><highlight class="keywordflow">if</highlight><highlight class="normal"><sp/>(boundary.is_conveyor())</highlight></codeline>
<codeline lineno="41"><highlight class="normal"><sp/><sp/><sp/><sp/><sp/><sp/><sp/><sp/><sp/><sp/><sp/><sp/><sp/><sp/><sp/><sp/>{</highlight></codeline>
<codeline lineno="42"><highlight class="normal"><sp/><sp/><sp/><sp/><sp/><sp/><sp/><sp/><sp/><sp/><sp/><sp/><sp/><sp/><sp/><sp/><sp/><sp/><sp/><sp/>add_material(boundary.nmat_sc<sp/>-<sp/>1);</highlight></codeline>
<codeline lineno="43"><highlight class="normal"><sp/><sp/><sp/><sp/><sp/><sp/><sp/><sp/><sp/><sp/><sp/><sp/><sp/><sp/><sp/><sp/>}</highlight></codeline>
<codeline lineno="44"><highlight class="normal"><sp/><sp/><sp/><sp/><sp/><sp/><sp/><sp/><sp/><sp/><sp/><sp/>}</highlight></codeline>
<codeline lineno="45"><highlight class="normal"><sp/><sp/><sp/><sp/><sp/><sp/><sp/><sp/>}</highlight></codeline>
<codeline lineno="46"><highlight class="normal"><sp/><sp/><sp/><sp/><sp/><sp/><sp/><sp/>this-&gt;boundary_materials.assign(bm.begin(),<sp/>bm.end());</highlight></codeline>
<codeline lineno="47"><highlight class="normal"><sp/><sp/><sp/><sp/>}</highlight></codeline>
<codeline lineno="48"><highlight class="normal"></highlight></codeline>
<codeline lineno="49"><highlight class="normal"><sp/><sp/><sp/><sp/>impl(RockyModel&amp;<sp/>_solver_model)</highlight></codeline>
<codeline lineno="50"><highlight class="normal"><sp/><sp/><sp/><sp/><sp/><sp/><sp/><sp/>:<sp/>solver_model(_solver_model)</highlight></codeline>
<codeline lineno="51"><highlight class="normal"><sp/><sp/><sp/><sp/>{</highlight></codeline>
<codeline lineno="52"><highlight class="normal"><sp/><sp/><sp/><sp/><sp/><sp/><sp/><sp/></highlight><highlight class="keyword">auto</highlight><highlight class="normal"><sp/>group_data<sp/>=<sp/>timestep::get_particle_group_data(solver_model,<sp/></highlight><highlight class="keyword">true</highlight><highlight class="normal">);</highlight></codeline>
<codeline lineno="53"><highlight class="normal"><sp/><sp/><sp/><sp/><sp/><sp/><sp/><sp/>this-&gt;initialize(group_data);</highlight></codeline>
<codeline lineno="54"><highlight class="normal"><sp/><sp/><sp/><sp/>}</highlight></codeline>
<codeline lineno="55"><highlight class="normal"></highlight></codeline>
<codeline lineno="56"><highlight class="normal"><sp/><sp/><sp/><sp/>impl(RockyModel&amp;<sp/>_solver_model,<sp/></highlight><highlight class="keyword">const</highlight><highlight class="normal"><sp/>std::vector&lt;timestep::ParticleGroupData&gt;&amp;<sp/>group_data)</highlight></codeline>
<codeline lineno="57"><highlight class="normal"><sp/><sp/><sp/><sp/><sp/><sp/><sp/><sp/>:<sp/>solver_model(_solver_model)</highlight></codeline>
<codeline lineno="58"><highlight class="normal"><sp/><sp/><sp/><sp/>{</highlight></codeline>
<codeline lineno="59"><highlight class="normal"><sp/><sp/><sp/><sp/><sp/><sp/><sp/><sp/>this-&gt;initialize(group_data);</highlight></codeline>
<codeline lineno="60"><highlight class="normal"><sp/><sp/><sp/><sp/>}</highlight></codeline>
<codeline lineno="61"><highlight class="normal">};</highlight></codeline>
<codeline lineno="62"><highlight class="normal"></highlight></codeline>
<codeline lineno="66"><highlight class="normal"></highlight><highlight class="comment">//<sp/>================================================================================================</highlight><highlight class="normal"></highlight></codeline>
<codeline lineno="67"><highlight class="normal"></highlight><highlight class="comment">//<sp/>IRockyInteractionCalculationsData</highlight><highlight class="normal"></highlight></codeline>
<codeline lineno="68"><highlight class="normal"></highlight><highlight class="comment">//<sp/>================================================================================================</highlight><highlight class="normal"></highlight></codeline>
<codeline lineno="69"><highlight class="normal"></highlight></codeline>
<codeline lineno="70"><highlight class="normal"></highlight><highlight class="keywordtype">int</highlight><highlight class="normal"><sp/><ref refid="classIRockyInteractionCalculationsData_1ab5fb8e3d498bfc78f116eec7b53b22b8" kindref="member">IRockyInteractionCalculationsData::get_number_particle_groups</ref>()</highlight><highlight class="keyword"><sp/>const</highlight></codeline>
<codeline lineno="71"><highlight class="keyword"></highlight><highlight class="normal">{</highlight></codeline>
<codeline lineno="72"><highlight class="normal"><sp/><sp/><sp/><sp/></highlight><highlight class="keywordflow">return</highlight><highlight class="normal"><sp/>(</highlight><highlight class="keywordtype">int</highlight><highlight class="normal">)this-&gt;pImpl-&gt;particle_data.size();</highlight></codeline>
<codeline lineno="73"><highlight class="normal">}</highlight></codeline>
<codeline lineno="74"><highlight class="normal"></highlight></codeline>
<codeline lineno="75"><highlight class="normal"></highlight><highlight class="keywordtype">int</highlight><highlight class="normal"><sp/><ref refid="classIRockyInteractionCalculationsData_1a700a3993ce6c50786c1323e0b91a7c3a" kindref="member">IRockyInteractionCalculationsData::get_particle_material_index</ref>(</highlight><highlight class="keywordtype">int</highlight><highlight class="normal"><sp/>group_index)</highlight><highlight class="keyword"><sp/>const</highlight></codeline>
<codeline lineno="76"><highlight class="keyword"></highlight><highlight class="normal">{</highlight></codeline>
<codeline lineno="77"><highlight class="normal"><sp/><sp/><sp/><sp/></highlight><highlight class="keywordflow">return</highlight><highlight class="normal"><sp/>this-&gt;pImpl-&gt;solver_model.pgr[group_index].get_material_index();</highlight></codeline>
<codeline lineno="78"><highlight class="normal">}</highlight></codeline>
<codeline lineno="79"><highlight class="normal"></highlight></codeline>
<codeline lineno="80"><highlight class="normal"></highlight><highlight class="keywordtype">double</highlight><highlight class="normal"><sp/><ref refid="classIRockyInteractionCalculationsData_1a1ce09b00f677c903a2d25426f8447300" kindref="member">IRockyInteractionCalculationsData::get_particle_min_sieve_size</ref>(</highlight><highlight class="keywordtype">int</highlight><highlight class="normal"><sp/>group_index)</highlight><highlight class="keyword"><sp/>const</highlight></codeline>
<codeline lineno="81"><highlight class="keyword"></highlight><highlight class="normal">{</highlight></codeline>
<codeline lineno="82"><highlight class="normal"><sp/><sp/><sp/><sp/></highlight><highlight class="keywordflow">return</highlight><highlight class="normal"><sp/>this-&gt;pImpl-&gt;particle_data[group_index].active</highlight></codeline>
<codeline lineno="83"><highlight class="normal"><sp/><sp/><sp/><sp/><sp/><sp/><sp/><sp/>?<sp/>this-&gt;pImpl-&gt;particle_data[group_index].size_min</highlight></codeline>
<codeline lineno="84"><highlight class="normal"><sp/><sp/><sp/><sp/><sp/><sp/><sp/><sp/>:<sp/>0.0;</highlight></codeline>
<codeline lineno="85"><highlight class="normal">}</highlight></codeline>
<codeline lineno="86"><highlight class="normal"></highlight></codeline>
<codeline lineno="87"><highlight class="normal"></highlight><highlight class="keywordtype">double</highlight><highlight class="normal"><sp/><ref refid="classIRockyInteractionCalculationsData_1ac12016128279790932537b32c1c7410d" kindref="member">IRockyInteractionCalculationsData::get_particle_max_sieve_size</ref>(</highlight><highlight class="keywordtype">int</highlight><highlight class="normal"><sp/>group_index)</highlight><highlight class="keyword"><sp/>const</highlight></codeline>
<codeline lineno="88"><highlight class="keyword"></highlight><highlight class="normal">{</highlight></codeline>
<codeline lineno="89"><highlight class="normal"><sp/><sp/><sp/><sp/></highlight><highlight class="keywordflow">return</highlight><highlight class="normal"><sp/>this-&gt;pImpl-&gt;particle_data[group_index].active</highlight></codeline>
<codeline lineno="90"><highlight class="normal"><sp/><sp/><sp/><sp/><sp/><sp/><sp/><sp/>?<sp/>this-&gt;pImpl-&gt;particle_data[group_index].size_max</highlight></codeline>
<codeline lineno="91"><highlight class="normal"><sp/><sp/><sp/><sp/><sp/><sp/><sp/><sp/>:<sp/>0.0;</highlight></codeline>
<codeline lineno="92"><highlight class="normal">}</highlight></codeline>
<codeline lineno="93"><highlight class="normal"></highlight></codeline>
<codeline lineno="94"><highlight class="normal"></highlight><highlight class="keywordtype">double</highlight><highlight class="normal"><sp/><ref refid="classIRockyInteractionCalculationsData_1a641adbab81c6c430aa1b0eae6eff29f4" kindref="member">IRockyInteractionCalculationsData::get_particle_min_mass</ref>(</highlight><highlight class="keywordtype">int</highlight><highlight class="normal"><sp/>group_index)</highlight><highlight class="keyword"><sp/>const</highlight></codeline>
<codeline lineno="95"><highlight class="keyword"></highlight><highlight class="normal">{</highlight></codeline>
<codeline lineno="96"><highlight class="normal"><sp/><sp/><sp/><sp/></highlight><highlight class="keywordflow">return</highlight><highlight class="normal"><sp/>this-&gt;pImpl-&gt;particle_data[group_index].active</highlight></codeline>
<codeline lineno="97"><highlight class="normal"><sp/><sp/><sp/><sp/><sp/><sp/><sp/><sp/>?<sp/>this-&gt;pImpl-&gt;particle_data[group_index].mass_min</highlight></codeline>
<codeline lineno="98"><highlight class="normal"><sp/><sp/><sp/><sp/><sp/><sp/><sp/><sp/>:<sp/>0.0;</highlight></codeline>
<codeline lineno="99"><highlight class="normal">}</highlight></codeline>
<codeline lineno="100"><highlight class="normal"></highlight></codeline>
<codeline lineno="101"><highlight class="normal"></highlight><highlight class="comment">//<sp/>Boundary<sp/>------------------------------------------------------------------------------------</highlight><highlight class="normal"></highlight></codeline>
<codeline lineno="102"><highlight class="normal"></highlight><highlight class="keywordtype">int</highlight><highlight class="normal"><sp/><ref refid="classIRockyInteractionCalculationsData_1a986da6321cca08d20d20dbd43962a74a" kindref="member">IRockyInteractionCalculationsData::get_number_geometry_materials</ref>()</highlight><highlight class="keyword"><sp/>const</highlight></codeline>
<codeline lineno="103"><highlight class="keyword"></highlight><highlight class="normal">{</highlight></codeline>
<codeline lineno="104"><highlight class="normal"><sp/><sp/><sp/><sp/></highlight><highlight class="keywordflow">return</highlight><highlight class="normal"><sp/>(</highlight><highlight class="keywordtype">int</highlight><highlight class="normal">)this-&gt;pImpl-&gt;boundary_materials.size();</highlight></codeline>
<codeline lineno="105"><highlight class="normal">}</highlight></codeline>
<codeline lineno="106"><highlight class="normal"></highlight></codeline>
<codeline lineno="107"><highlight class="normal"></highlight><highlight class="keywordtype">int</highlight><highlight class="normal"><sp/><ref refid="classIRockyInteractionCalculationsData_1a05cb28a940233bc976b806a5893c639c" kindref="member">IRockyInteractionCalculationsData::get_geometry_material_index</ref>(</highlight><highlight class="keywordtype">int</highlight><highlight class="normal"><sp/>n_material)</highlight><highlight class="keyword"><sp/>const</highlight></codeline>
<codeline lineno="108"><highlight class="keyword"></highlight><highlight class="normal">{</highlight></codeline>
<codeline lineno="109"><highlight class="normal"><sp/><sp/><sp/><sp/></highlight><highlight class="keywordflow">return</highlight><highlight class="normal"><sp/>this-&gt;pImpl-&gt;boundary_materials[n_material];</highlight></codeline>
<codeline lineno="110"><highlight class="normal">}</highlight></codeline>
<codeline lineno="111"><highlight class="normal"></highlight></codeline>
<codeline lineno="112"><highlight class="normal"></highlight><highlight class="comment">//<sp/>Material<sp/>------------------------------------------------------------------------------------</highlight><highlight class="normal"></highlight></codeline>
<codeline lineno="113"><highlight class="normal"><ref refid="structIRockyMaterial" kindref="compound">IRockyMaterial</ref><sp/><ref refid="classIRockyInteractionCalculationsData_1a609eb08b9a568e07c35953bd616d9551" kindref="member">IRockyInteractionCalculationsData::get_material</ref>(</highlight><highlight class="keywordtype">int</highlight><highlight class="normal"><sp/>index)</highlight><highlight class="keyword"><sp/>const</highlight></codeline>
<codeline lineno="114"><highlight class="keyword"></highlight><highlight class="normal">{</highlight></codeline>
<codeline lineno="115"><highlight class="normal"><sp/><sp/><sp/><sp/></highlight><highlight class="keywordflow">return</highlight><highlight class="normal"><sp/><ref refid="structIRockyMaterial" kindref="compound">IRockyMaterial</ref>(this-&gt;pImpl-&gt;solver_model.materials[index]);</highlight></codeline>
<codeline lineno="116"><highlight class="normal">}</highlight></codeline>
<codeline lineno="117"><highlight class="normal"></highlight></codeline>
<codeline lineno="118"><highlight class="normal"></highlight><highlight class="keywordtype">int</highlight><highlight class="normal"><sp/><ref refid="classIRockyInteractionCalculationsData_1a1cf7ad2b906aa2f033494b390522bbb3" kindref="member">IRockyInteractionCalculationsData::get_material_interaction_index</ref>(</highlight><highlight class="keywordtype">int</highlight><highlight class="normal"><sp/>home_index,<sp/></highlight><highlight class="keywordtype">int</highlight><highlight class="normal"><sp/>near_index)</highlight><highlight class="keyword"><sp/>const</highlight></codeline>
<codeline lineno="119"><highlight class="keyword"></highlight><highlight class="normal">{</highlight></codeline>
<codeline lineno="120"><highlight class="normal"><sp/><sp/><sp/><sp/></highlight><highlight class="keywordflow">return</highlight><highlight class="normal"><sp/>MaterialInteraction::GetMaterialInteractionIndex(home_index,<sp/>near_index);</highlight></codeline>
<codeline lineno="121"><highlight class="normal">}</highlight></codeline>
<codeline lineno="122"><highlight class="normal"></highlight></codeline>
<codeline lineno="123"><highlight class="normal"><ref refid="structIRockyMaterialInteraction" kindref="compound">IRockyMaterialInteraction</ref><sp/><ref refid="classIRockyInteractionCalculationsData_1aeb94fd8ed1f75bd0523634285ad94e4d" kindref="member">IRockyInteractionCalculationsData::get_material_interaction</ref>(</highlight><highlight class="keywordtype">int</highlight><highlight class="normal"><sp/>home_index,<sp/></highlight><highlight class="keywordtype">int</highlight><highlight class="normal"><sp/>near_index)</highlight><highlight class="keyword"><sp/>const</highlight></codeline>
<codeline lineno="124"><highlight class="keyword"></highlight><highlight class="normal">{</highlight></codeline>
<codeline lineno="125"><highlight class="normal"><sp/><sp/><sp/><sp/></highlight><highlight class="keywordflow">return</highlight><highlight class="normal"><sp/><ref refid="structIRockyMaterialInteraction" kindref="compound">IRockyMaterialInteraction</ref>(</highlight></codeline>
<codeline lineno="126"><highlight class="normal"><sp/><sp/><sp/><sp/><sp/><sp/><sp/><sp/>this-&gt;pImpl-&gt;solver_model.get_material_interaction(home_index,<sp/>near_index));</highlight></codeline>
<codeline lineno="127"><highlight class="normal">}</highlight></codeline>
<codeline lineno="128"><highlight class="normal"></highlight></codeline>
<codeline lineno="129"><highlight class="normal">IRockyInteractionCalculationsData::IRockyInteractionCalculationsData(</highlight></codeline>
<codeline lineno="130"><highlight class="normal"><sp/><sp/><sp/><sp/>RockyModel&amp;<sp/>model,<sp/></highlight><highlight class="keyword">const</highlight><highlight class="normal"><sp/>std::vector&lt;timestep::ParticleGroupData&gt;&amp;<sp/>group_data)</highlight></codeline>
<codeline lineno="131"><highlight class="normal">{</highlight></codeline>
<codeline lineno="132"><highlight class="normal"><sp/><sp/><sp/><sp/>this-&gt;pImpl.reset(</highlight><highlight class="keyword">new</highlight><highlight class="normal"><sp/>impl(model,<sp/>group_data));</highlight></codeline>
<codeline lineno="133"><highlight class="normal">}</highlight></codeline>
<codeline lineno="134"><highlight class="normal"></highlight></codeline>
<codeline lineno="135"><highlight class="normal">IRockyInteractionCalculationsData::IRockyInteractionCalculationsData(RockyModel<sp/>&amp;model)</highlight></codeline>
<codeline lineno="136"><highlight class="normal">{</highlight></codeline>
<codeline lineno="137"><highlight class="normal"><sp/><sp/><sp/><sp/>this-&gt;pImpl.reset(</highlight><highlight class="keyword">new</highlight><highlight class="normal"><sp/>impl(model));</highlight></codeline>
<codeline lineno="138"><highlight class="normal">}</highlight></codeline>
<codeline lineno="139"><highlight class="normal"></highlight></codeline>
<codeline lineno="140"><highlight class="normal">IRockyInteractionCalculationsData::~IRockyInteractionCalculationsData()</highlight></codeline>
<codeline lineno="141"><highlight class="normal">{</highlight></codeline>
<codeline lineno="142"><highlight class="normal"><sp/><sp/><sp/><sp/>this-&gt;pImpl.reset();</highlight></codeline>
<codeline lineno="143"><highlight class="normal">}</highlight></codeline>
<codeline lineno="144"><highlight class="normal"></highlight></codeline>
<codeline lineno="145"><highlight class="normal"></highlight><highlight class="comment">//<sp/>================================================================================================</highlight><highlight class="normal"></highlight></codeline>
<codeline lineno="146"><highlight class="normal"></highlight><highlight class="comment">//<sp/>IRockyTimestepData</highlight><highlight class="normal"></highlight></codeline>
<codeline lineno="147"><highlight class="normal"></highlight><highlight class="comment">//<sp/>================================================================================================</highlight><highlight class="normal"></highlight></codeline>
<codeline lineno="148"><highlight class="normal"></highlight></codeline>
<codeline lineno="149"><highlight class="normal">IRockyTimestepData::IRockyTimestepData(</highlight></codeline>
<codeline lineno="150"><highlight class="normal"><sp/><sp/><sp/><sp/>RockyModel&amp;<sp/>model,<sp/></highlight><highlight class="keyword">const</highlight><highlight class="normal"><sp/>std::vector&lt;timestep::ParticleGroupData&gt;&amp;<sp/>group_data)</highlight></codeline>
<codeline lineno="151"><highlight class="normal"><sp/><sp/><sp/><sp/>:<sp/><ref refid="classIRockyInteractionCalculationsData" kindref="compound">IRockyInteractionCalculationsData</ref>(model,<sp/>group_data)</highlight></codeline>
<codeline lineno="152"><highlight class="normal">{</highlight></codeline>
<codeline lineno="153"><highlight class="normal">}</highlight></codeline>
<codeline lineno="154"><highlight class="normal"></highlight></codeline>
<codeline lineno="155"><highlight class="normal"></highlight><highlight class="keywordtype">int</highlight><highlight class="normal"><sp/><ref refid="classIRockyTimestepData_1a3a8aecd285747c87e9987fd439a14a3b" kindref="member">IRockyTimestepData::get_loading_n_steps</ref>()</highlight><highlight class="keyword"><sp/>const</highlight></codeline>
<codeline lineno="156"><highlight class="keyword"></highlight><highlight class="normal">{</highlight></codeline>
<codeline lineno="157"><highlight class="normal"><sp/><sp/><sp/><sp/></highlight><highlight class="keywordflow">return</highlight><highlight class="normal"><sp/>this-&gt;pImpl-&gt;solver_model.nsteps;</highlight></codeline>
<codeline lineno="158"><highlight class="normal">}</highlight></codeline>
<codeline lineno="159"><highlight class="normal"></highlight></codeline>
<codeline lineno="160"><highlight class="normal"></highlight><highlight class="comment">//<sp/>================================================================================================</highlight><highlight class="normal"></highlight></codeline>
<codeline lineno="161"><highlight class="normal"></highlight><highlight class="comment">//<sp/>IRockyAdhesiveDistanceData</highlight><highlight class="normal"></highlight></codeline>
<codeline lineno="162"><highlight class="normal"></highlight><highlight class="comment">//<sp/>================================================================================================</highlight><highlight class="normal"></highlight></codeline>
<codeline lineno="163"><highlight class="normal"></highlight></codeline>
<codeline lineno="164"><highlight class="normal">IRockyAdhesiveDistanceData::IRockyAdhesiveDistanceData(RockyModel<sp/>&amp;model)<sp/>:</highlight></codeline>
<codeline lineno="165"><highlight class="normal"><sp/><sp/><sp/><sp/><ref refid="classIRockyInteractionCalculationsData" kindref="compound">IRockyInteractionCalculationsData</ref>(model)<sp/>{}</highlight></codeline>
<codeline lineno="166"><highlight class="normal"></highlight></codeline>
<codeline lineno="167"><highlight class="normal"></highlight></codeline>
<codeline lineno="168"><highlight class="normal"></highlight><highlight class="keywordtype">void</highlight><highlight class="normal"><sp/><ref refid="classIRockyAdhesiveDistanceData_1a7d103731c5133db24f461e91e24e2f7a" kindref="member">IRockyAdhesiveDistanceData::set_adhesive_distance</ref>(</highlight><highlight class="keywordtype">int</highlight><highlight class="normal"><sp/>mat_1_index,<sp/></highlight><highlight class="keywordtype">int</highlight><highlight class="normal"><sp/>mat_2_index,<sp/></highlight><highlight class="keywordtype">double</highlight><highlight class="normal"><sp/>adhesive_distance)</highlight></codeline>
<codeline lineno="169"><highlight class="normal">{</highlight></codeline>
<codeline lineno="170"><highlight class="normal"><sp/><sp/><sp/><sp/></highlight><highlight class="keyword">auto</highlight><highlight class="normal"><sp/>&amp;mi<sp/>=<sp/>this-&gt;pImpl-&gt;solver_model.<ref refid="classIRockyInteractionCalculationsData_1aeb94fd8ed1f75bd0523634285ad94e4d" kindref="member">get_material_interaction</ref>(mat_1_index,<sp/>mat_2_index);</highlight></codeline>
<codeline lineno="171"><highlight class="normal"><sp/><sp/><sp/><sp/>mi.adh_dist<sp/>=<sp/>max(mi.adh_dist,<sp/>adhesive_distance);</highlight></codeline>
<codeline lineno="172"><highlight class="normal">}</highlight></codeline>
<codeline lineno="173"><highlight class="normal"></highlight></codeline>
<codeline lineno="174"><highlight class="normal"></highlight></codeline>
    </programlisting>
    <location file="source/c++/rocky20/api/rocky_timestep_api.cpp"/>
  </compounddef>
</doxygen>
