<?xml version='1.0' encoding='UTF-8' standalone='no'?>
<doxygen xmlns:xsi="http://www.w3.org/2001/XMLSchema-instance" xsi:noNamespaceSchemaLocation="compound.xsd" version="1.10.0" xml:lang="en-US">
  <compounddef id="rocky__vicinity__pair__api_8hpp" kind="file" language="C++">
    <compoundname>rocky_vicinity_pair_api.hpp</compoundname>
    <includes refid="rocky__boundary__api_8hpp" local="yes">rocky_boundary_api.hpp</includes>
    <includes refid="rocky__particle__api_8hpp" local="yes">rocky_particle_api.hpp</includes>
    <includedby refid="api__device__vicinity_8hpp" local="no">source/c++/rocky20/api/device/api_device_vicinity.hpp</includedby>
    <incdepgraph>
      <node id="7">
        <label>rocky20/api/device/api_backend.hpp</label>
        <link refid="api__backend_8hpp_source"/>
        <childnode refid="8" relation="include">
        </childnode>
        <childnode refid="9" relation="include">
        </childnode>
      </node>
      <node id="6">
        <label>rocky_boundary.hpp</label>
        <link refid="rocky__boundary_8hpp_source"/>
        <childnode refid="4" relation="include">
        </childnode>
        <childnode refid="7" relation="include">
        </childnode>
        <childnode refid="10" relation="include">
        </childnode>
        <childnode refid="11" relation="include">
        </childnode>
      </node>
      <node id="2">
        <label>rocky_boundary_api.hpp</label>
        <link refid="rocky__boundary__api_8hpp_source"/>
        <childnode refid="3" relation="include">
        </childnode>
        <childnode refid="4" relation="include">
        </childnode>
        <childnode refid="5" relation="include">
        </childnode>
        <childnode refid="6" relation="include">
        </childnode>
      </node>
      <node id="10">
        <label>rocky20/api/rocky_material_api.hpp</label>
        <link refid="rocky__material__api_8hpp_source"/>
        <childnode refid="4" relation="include">
        </childnode>
      </node>
      <node id="17">
        <label>rocky_particle.hpp</label>
        <link refid="rocky__particle_8hpp_source"/>
        <childnode refid="7" relation="include">
        </childnode>
        <childnode refid="18" relation="include">
        </childnode>
        <childnode refid="4" relation="include">
        </childnode>
        <childnode refid="19" relation="include">
        </childnode>
      </node>
      <node id="16">
        <label>rocky_particle_api.hpp</label>
        <link refid="rocky__particle__api_8hpp_source"/>
        <childnode refid="17" relation="include">
        </childnode>
        <childnode refid="10" relation="include">
        </childnode>
        <childnode refid="18" relation="include">
        </childnode>
      </node>
      <node id="18">
        <label>rocky20/api/rocky_particle_scalars.hpp</label>
        <link refid="rocky__particle__scalars_8hpp_source"/>
        <childnode refid="12" relation="include">
        </childnode>
      </node>
      <node id="12">
        <label>rocky_scalars.h</label>
        <link refid="rocky__scalars_8h_source"/>
        <childnode refid="13" relation="include">
        </childnode>
        <childnode refid="7" relation="include">
        </childnode>
        <childnode refid="14" relation="include">
        </childnode>
      </node>
      <node id="14">
        <label>rocky20/api/rocky_statistics_data.hpp</label>
        <link refid="rocky__statistics__data_8hpp_source"/>
        <childnode refid="15" relation="include">
        </childnode>
        <childnode refid="7" relation="include">
        </childnode>
      </node>
      <node id="11">
        <label>rocky_triangle_scalars.hpp</label>
        <link refid="rocky__triangle__scalars_8hpp_source"/>
        <childnode refid="12" relation="include">
        </childnode>
      </node>
      <node id="1">
        <label>source/c++/rocky20/api/rocky_vicinity_pair_api.hpp</label>
        <link refid="rocky__vicinity__pair__api_8hpp"/>
        <childnode refid="2" relation="include">
        </childnode>
        <childnode refid="16" relation="include">
        </childnode>
      </node>
      <node id="3">
        <label>rocky20/core/utils/rocky_math.hpp</label>
      </node>
      <node id="8">
        <label>rocky20/cuda/cuda_basics.hpp</label>
      </node>
      <node id="4">
        <label>rocky20/device/device_model.hpp</label>
      </node>
      <node id="5">
        <label>rocky20/device/device_triangles.hpp</label>
      </node>
      <node id="19">
        <label>rocky20/device/element_properties.hpp</label>
      </node>
      <node id="9">
        <label>rocky20/device/omp_backend.hpp</label>
      </node>
      <node id="13">
        <label>rocky20/model/rocky_model.h</label>
      </node>
      <node id="15">
        <label>rocky20/model/statistics_data.hpp</label>
      </node>
    </incdepgraph>
    <invincdepgraph>
      <node id="2">
        <label>source/c++/rocky20/api/device/api_device_vicinity.hpp</label>
        <link refid="api__device__vicinity_8hpp_source"/>
        <childnode refid="3" relation="include">
        </childnode>
      </node>
      <node id="3">
        <label>source/c++/rocky20/api/rocky_api_vicinity.h</label>
        <link refid="rocky__api__vicinity_8h_source"/>
      </node>
      <node id="1">
        <label>source/c++/rocky20/api/rocky_vicinity_pair_api.hpp</label>
        <link refid="rocky__vicinity__pair__api_8hpp"/>
        <childnode refid="2" relation="include">
        </childnode>
      </node>
    </invincdepgraph>
    <innerclass refid="structIRockyVicinityPair" prot="public">IRockyVicinityPair</innerclass>
    <briefdescription>
    </briefdescription>
    <detaileddescription>
    </detaileddescription>
    <programlisting>
<codeline lineno="1"><highlight class="comment">//<sp/>(C)<sp/>2024<sp/>ANSYS,<sp/>Inc.<sp/>Unauthorized<sp/>use,<sp/>distribution,<sp/>or<sp/>duplication<sp/>is<sp/>prohibited.</highlight><highlight class="normal"></highlight></codeline>
<codeline lineno="2"><highlight class="normal"></highlight><highlight class="preprocessor">#pragma<sp/>once</highlight><highlight class="normal"></highlight></codeline>
<codeline lineno="3"><highlight class="normal"></highlight></codeline>
<codeline lineno="4"><highlight class="normal"></highlight><highlight class="preprocessor">#include<sp/>&quot;rocky_boundary_api.hpp&quot;</highlight><highlight class="normal"></highlight></codeline>
<codeline lineno="5"><highlight class="normal"></highlight><highlight class="preprocessor">#include<sp/>&quot;rocky_particle_api.hpp&quot;</highlight><highlight class="normal"></highlight></codeline>
<codeline lineno="6"><highlight class="normal"></highlight></codeline>
<codeline lineno="12" refid="structIRockyVicinityPair" refkind="compound"><highlight class="normal"></highlight><highlight class="keyword">struct<sp/></highlight><highlight class="normal"><ref refid="structIRockyVicinityPair" kindref="compound">IRockyVicinityPair</ref></highlight></codeline>
<codeline lineno="13"><highlight class="normal">{</highlight></codeline>
<codeline lineno="19"><highlight class="normal"><sp/><sp/><sp/><sp/>ROCKY_FUNCTIONS<sp/><ref refid="structIRockyParticle" kindref="compound">IRockyParticle</ref><sp/><ref refid="structIRockyVicinityPair_1a6453667273c56febeed7c2806fa4a516" kindref="member">get_home_particle</ref>()<sp/></highlight><highlight class="keyword">const</highlight><highlight class="normal">;</highlight></codeline>
<codeline lineno="20"><highlight class="normal"></highlight></codeline>
<codeline lineno="26"><highlight class="normal"><sp/><sp/><sp/><sp/>ROCKY_FUNCTIONS<sp/><ref refid="structIRockyParticle" kindref="compound">IRockyParticle</ref><sp/><ref refid="structIRockyVicinityPair_1a1085098207fdb2d038dcf55d10c318e1" kindref="member">get_near_particle</ref>()<sp/></highlight><highlight class="keyword">const</highlight><highlight class="normal">;</highlight></codeline>
<codeline lineno="27"><highlight class="normal"></highlight></codeline>
<codeline lineno="33"><highlight class="normal"><sp/><sp/><sp/><sp/>ROCKY_FUNCTIONS<sp/><ref refid="structIRockyGeometryTriangle" kindref="compound">IRockyGeometryTriangle</ref><sp/><ref refid="structIRockyVicinityPair_1a3d83f2759c519cadcd1a4a4199be6bb1" kindref="member">get_near_triangle</ref>()<sp/></highlight><highlight class="keyword">const</highlight><highlight class="normal">;</highlight></codeline>
<codeline lineno="34"><highlight class="normal"></highlight></codeline>
<codeline lineno="38"><highlight class="normal"><sp/><sp/><sp/><sp/>ROCKY_FUNCTIONS<sp/></highlight><highlight class="keywordtype">bool</highlight><highlight class="normal"><sp/><ref refid="structIRockyVicinityPair_1a4e8173adc82c91c5d26edd8b0100c2f3" kindref="member">is_particle_particle</ref>()<sp/></highlight><highlight class="keyword">const</highlight><highlight class="normal">;</highlight></codeline>
<codeline lineno="39"><highlight class="normal"></highlight></codeline>
<codeline lineno="43"><highlight class="normal"><sp/><sp/><sp/><sp/>ROCKY_FUNCTIONS<sp/></highlight><highlight class="keywordtype">bool</highlight><highlight class="normal"><sp/><ref refid="structIRockyVicinityPair_1ad5120c027dba90895cf9d05d99e54e7d" kindref="member">is_particle_triangle</ref>()<sp/></highlight><highlight class="keyword">const</highlight><highlight class="normal">;</highlight></codeline>
<codeline lineno="44"><highlight class="normal"></highlight></codeline>
<codeline lineno="48"><highlight class="normal"><sp/><sp/><sp/><sp/>ROCKY_FUNCTIONS<sp/></highlight><highlight class="keywordtype">double</highlight><highlight class="normal"><sp/><ref refid="structIRockyVicinityPair_1a34b7e627e2b53650ec7a6b230528ee6f" kindref="member">get_distance</ref>()<sp/></highlight><highlight class="keyword">const</highlight><highlight class="normal">;</highlight></codeline>
<codeline lineno="49"><highlight class="normal"></highlight></codeline>
<codeline lineno="56"><highlight class="normal"><sp/><sp/><sp/><sp/>ROCKY_FUNCTIONS<sp/></highlight><highlight class="keywordtype">double</highlight><highlight class="normal"><sp/><ref refid="structIRockyVicinityPair_1ac697ba9682008871b110a31c8be3a48b" kindref="member">get_squared_distance</ref>()<sp/></highlight><highlight class="keyword">const</highlight><highlight class="normal">;</highlight></codeline>
<codeline lineno="57"><highlight class="normal"></highlight></codeline>
<codeline lineno="59"><highlight class="normal"><sp/><sp/><sp/><sp/>SDeviceModel*<sp/>_model;</highlight></codeline>
<codeline lineno="60"><highlight class="normal"><sp/><sp/><sp/><sp/></highlight><highlight class="keyword">const</highlight><highlight class="normal"><sp/></highlight><highlight class="keywordtype">size_t</highlight><highlight class="normal"><sp/>_home_id,<sp/>_near_id;</highlight></codeline>
<codeline lineno="61"><highlight class="normal"><sp/><sp/><sp/><sp/></highlight><highlight class="keywordtype">bool</highlight><highlight class="normal"><sp/>_is_particle_particle;</highlight></codeline>
<codeline lineno="63"><highlight class="normal">};</highlight></codeline>
<codeline lineno="64"><highlight class="normal"></highlight></codeline>
<codeline lineno="65" refid="structIRockyVicinityPair_1a6453667273c56febeed7c2806fa4a516" refkind="member"><highlight class="normal"></highlight><highlight class="keyword">inline</highlight><highlight class="normal"><sp/>ROCKY_FUNCTIONS<sp/><ref refid="structIRockyParticle" kindref="compound">IRockyParticle</ref><sp/><ref refid="structIRockyVicinityPair_1a6453667273c56febeed7c2806fa4a516" kindref="member">IRockyVicinityPair::get_home_particle</ref>()</highlight><highlight class="keyword"><sp/>const</highlight></codeline>
<codeline lineno="66"><highlight class="keyword"></highlight><highlight class="normal">{</highlight></codeline>
<codeline lineno="67"><highlight class="normal"><sp/><sp/><sp/><sp/></highlight><highlight class="keywordflow">return</highlight><highlight class="normal"><sp/><ref refid="structIRockyParticle" kindref="compound">IRockyParticle</ref><sp/>{<sp/>int(this-&gt;_home_id),<sp/>this-&gt;_model<sp/>};</highlight></codeline>
<codeline lineno="68"><highlight class="normal">}</highlight></codeline>
<codeline lineno="69"><highlight class="normal"></highlight></codeline>
<codeline lineno="70" refid="structIRockyVicinityPair_1a1085098207fdb2d038dcf55d10c318e1" refkind="member"><highlight class="normal"></highlight><highlight class="keyword">inline</highlight><highlight class="normal"><sp/>ROCKY_FUNCTIONS<sp/><ref refid="structIRockyParticle" kindref="compound">IRockyParticle</ref><sp/><ref refid="structIRockyVicinityPair_1a1085098207fdb2d038dcf55d10c318e1" kindref="member">IRockyVicinityPair::get_near_particle</ref>()</highlight><highlight class="keyword"><sp/>const</highlight></codeline>
<codeline lineno="71"><highlight class="keyword"></highlight><highlight class="normal">{</highlight></codeline>
<codeline lineno="72"><highlight class="normal"><sp/><sp/><sp/><sp/></highlight><highlight class="keywordflow">return</highlight><highlight class="normal"><sp/><ref refid="structIRockyParticle" kindref="compound">IRockyParticle</ref><sp/>{<sp/>int(this-&gt;_near_id),<sp/>this-&gt;_model<sp/>};</highlight></codeline>
<codeline lineno="73"><highlight class="normal">}</highlight></codeline>
<codeline lineno="74"><highlight class="normal"></highlight></codeline>
<codeline lineno="75" refid="structIRockyVicinityPair_1a3d83f2759c519cadcd1a4a4199be6bb1" refkind="member"><highlight class="normal"></highlight><highlight class="keyword">inline</highlight><highlight class="normal"><sp/>ROCKY_FUNCTIONS<sp/><ref refid="structIRockyGeometryTriangle" kindref="compound">IRockyGeometryTriangle</ref><sp/><ref refid="structIRockyVicinityPair_1a3d83f2759c519cadcd1a4a4199be6bb1" kindref="member">IRockyVicinityPair::get_near_triangle</ref>()</highlight><highlight class="keyword"><sp/>const</highlight></codeline>
<codeline lineno="76"><highlight class="keyword"></highlight><highlight class="normal">{</highlight></codeline>
<codeline lineno="77"><highlight class="normal"><sp/><sp/><sp/><sp/></highlight><highlight class="keywordflow">return</highlight><highlight class="normal"><sp/><ref refid="structIRockyGeometryTriangle" kindref="compound">IRockyGeometryTriangle</ref><sp/>{<sp/>int(this-&gt;_near_id),<sp/>this-&gt;_model<sp/>};</highlight></codeline>
<codeline lineno="78"><highlight class="normal">}</highlight></codeline>
<codeline lineno="79"><highlight class="normal"></highlight></codeline>
<codeline lineno="80" refid="structIRockyVicinityPair_1a4e8173adc82c91c5d26edd8b0100c2f3" refkind="member"><highlight class="normal"></highlight><highlight class="keyword">inline</highlight><highlight class="normal"><sp/>ROCKY_FUNCTIONS<sp/></highlight><highlight class="keywordtype">bool</highlight><highlight class="normal"><sp/><ref refid="structIRockyVicinityPair_1a4e8173adc82c91c5d26edd8b0100c2f3" kindref="member">IRockyVicinityPair::is_particle_particle</ref>()</highlight><highlight class="keyword"><sp/>const</highlight></codeline>
<codeline lineno="81"><highlight class="keyword"></highlight><highlight class="normal">{</highlight></codeline>
<codeline lineno="82"><highlight class="normal"><sp/><sp/><sp/><sp/></highlight><highlight class="keywordflow">return</highlight><highlight class="normal"><sp/>this-&gt;_is_particle_particle;</highlight></codeline>
<codeline lineno="83"><highlight class="normal">}</highlight></codeline>
<codeline lineno="84"><highlight class="normal"></highlight></codeline>
<codeline lineno="85" refid="structIRockyVicinityPair_1ad5120c027dba90895cf9d05d99e54e7d" refkind="member"><highlight class="normal"></highlight><highlight class="keyword">inline</highlight><highlight class="normal"><sp/>ROCKY_FUNCTIONS<sp/></highlight><highlight class="keywordtype">bool</highlight><highlight class="normal"><sp/><ref refid="structIRockyVicinityPair_1ad5120c027dba90895cf9d05d99e54e7d" kindref="member">IRockyVicinityPair::is_particle_triangle</ref>()</highlight><highlight class="keyword"><sp/>const</highlight></codeline>
<codeline lineno="86"><highlight class="keyword"></highlight><highlight class="normal">{</highlight></codeline>
<codeline lineno="87"><highlight class="normal"><sp/><sp/><sp/><sp/></highlight><highlight class="keywordflow">return</highlight><highlight class="normal"><sp/>!this-&gt;_is_particle_particle;</highlight></codeline>
<codeline lineno="88"><highlight class="normal">}</highlight></codeline>
<codeline lineno="89"><highlight class="normal"></highlight></codeline>
<codeline lineno="90" refid="structIRockyVicinityPair_1a34b7e627e2b53650ec7a6b230528ee6f" refkind="member"><highlight class="normal"></highlight><highlight class="keyword">inline</highlight><highlight class="normal"><sp/>ROCKY_FUNCTIONS<sp/></highlight><highlight class="keywordtype">double</highlight><highlight class="normal"><sp/><ref refid="structIRockyVicinityPair_1a34b7e627e2b53650ec7a6b230528ee6f" kindref="member">IRockyVicinityPair::get_distance</ref>()</highlight><highlight class="keyword"><sp/>const</highlight></codeline>
<codeline lineno="91"><highlight class="keyword"></highlight><highlight class="normal">{</highlight></codeline>
<codeline lineno="92"><highlight class="normal"><sp/><sp/><sp/><sp/></highlight><highlight class="keywordflow">return</highlight><highlight class="normal"><sp/>sqrt(this-&gt;<ref refid="structIRockyVicinityPair_1ac697ba9682008871b110a31c8be3a48b" kindref="member">get_squared_distance</ref>());</highlight></codeline>
<codeline lineno="93"><highlight class="normal">}</highlight></codeline>
<codeline lineno="94"><highlight class="normal"></highlight></codeline>
<codeline lineno="95" refid="structIRockyVicinityPair_1ac697ba9682008871b110a31c8be3a48b" refkind="member"><highlight class="normal"></highlight><highlight class="keyword">inline</highlight><highlight class="normal"><sp/>ROCKY_FUNCTIONS<sp/></highlight><highlight class="keywordtype">double</highlight><highlight class="normal"><sp/><ref refid="structIRockyVicinityPair_1ac697ba9682008871b110a31c8be3a48b" kindref="member">IRockyVicinityPair::get_squared_distance</ref>()</highlight><highlight class="keyword"><sp/>const</highlight></codeline>
<codeline lineno="96"><highlight class="keyword"></highlight><highlight class="normal">{</highlight></codeline>
<codeline lineno="97"><highlight class="normal"><sp/><sp/><sp/><sp/></highlight><highlight class="keyword">const</highlight><highlight class="normal"><sp/></highlight><highlight class="keyword">auto</highlight><highlight class="normal"><sp/>home_position<sp/>=<sp/>this-&gt;_model-&gt;prt[this-&gt;_home_id].get_centroid();</highlight></codeline>
<codeline lineno="98"><highlight class="normal"><sp/><sp/><sp/><sp/></highlight><highlight class="keyword">const</highlight><highlight class="normal"><sp/></highlight><highlight class="keyword">auto</highlight><highlight class="normal"><sp/>near_position<sp/>=<sp/>this-&gt;_is_particle_particle</highlight></codeline>
<codeline lineno="99"><highlight class="normal"><sp/><sp/><sp/><sp/><sp/><sp/><sp/><sp/>?<sp/>this-&gt;_model-&gt;prt[this-&gt;_near_id].get_centroid()</highlight></codeline>
<codeline lineno="100"><highlight class="normal"><sp/><sp/><sp/><sp/><sp/><sp/><sp/><sp/>:<sp/>RockyBoundaryTriangle(this-&gt;_model,<sp/></highlight><highlight class="keywordtype">int</highlight><highlight class="normal">(this-&gt;_near_id)).get_centroid();</highlight></codeline>
<codeline lineno="101"><highlight class="normal"><sp/><sp/><sp/><sp/></highlight><highlight class="keywordflow">return</highlight><highlight class="normal"><sp/>rocky::vector::dot(near_position<sp/>-<sp/>home_position);</highlight></codeline>
<codeline lineno="102"><highlight class="normal">}</highlight></codeline>
    </programlisting>
    <location file="source/c++/rocky20/api/rocky_vicinity_pair_api.hpp"/>
  </compounddef>
</doxygen>
