<?xml version='1.0' encoding='UTF-8' standalone='no'?>
<doxygen xmlns:xsi="http://www.w3.org/2001/XMLSchema-instance" xsi:noNamespaceSchemaLocation="compound.xsd" version="1.10.0" xml:lang="en-US">
  <compounddef id="rocky__triangle__scalars_8hpp" kind="file" language="C++">
    <compoundname>rocky_triangle_scalars.hpp</compoundname>
    <includes refid="rocky__scalars_8h" local="yes">rocky_scalars.h</includes>
    <includedby refid="rocky__api_8h" local="yes">source/c++/rocky20/api/rocky_api.h</includedby>
    <includedby refid="rocky__boundary_8hpp" local="yes">source/c++/rocky20/api/rocky_boundary.hpp</includedby>
    <includedby refid="rocky__triangle__scalars_8cpp" local="yes">source/c++/rocky20/api/rocky_triangle_scalars.cpp</includedby>
    <incdepgraph>
      <node id="4">
        <label>rocky20/api/device/api_backend.hpp</label>
        <link refid="api__backend_8hpp_source"/>
        <childnode refid="5" relation="include">
        </childnode>
        <childnode refid="6" relation="include">
        </childnode>
      </node>
      <node id="2">
        <label>rocky_scalars.h</label>
        <link refid="rocky__scalars_8h_source"/>
        <childnode refid="3" relation="include">
        </childnode>
        <childnode refid="4" relation="include">
        </childnode>
        <childnode refid="7" relation="include">
        </childnode>
      </node>
      <node id="7">
        <label>rocky20/api/rocky_statistics_data.hpp</label>
        <link refid="rocky__statistics__data_8hpp_source"/>
        <childnode refid="8" relation="include">
        </childnode>
        <childnode refid="4" relation="include">
        </childnode>
      </node>
      <node id="1">
        <label>source/c++/rocky20/api/rocky_triangle_scalars.hpp</label>
        <link refid="rocky__triangle__scalars_8hpp"/>
        <childnode refid="2" relation="include">
        </childnode>
      </node>
      <node id="5">
        <label>rocky20/cuda/cuda_basics.hpp</label>
      </node>
      <node id="6">
        <label>rocky20/device/omp_backend.hpp</label>
      </node>
      <node id="3">
        <label>rocky20/model/rocky_model.h</label>
      </node>
      <node id="8">
        <label>rocky20/model/statistics_data.hpp</label>
      </node>
    </incdepgraph>
    <invincdepgraph>
      <node id="3">
        <label>source/c++/rocky20/api/device/api_cuda.hpp</label>
        <link refid="api__cuda_8hpp_source"/>
        <childnode refid="4" relation="include">
        </childnode>
        <childnode refid="5" relation="include">
        </childnode>
        <childnode refid="6" relation="include">
        </childnode>
        <childnode refid="7" relation="include">
        </childnode>
        <childnode refid="8" relation="include">
        </childnode>
        <childnode refid="9" relation="include">
        </childnode>
      </node>
      <node id="4">
        <label>source/c++/rocky20/api/device/api_cuda_cfd_coupling.hpp</label>
        <link refid="api__cuda__cfd__coupling_8hpp_source"/>
      </node>
      <node id="5">
        <label>source/c++/rocky20/api/device/api_cuda_contacts.hpp</label>
        <link refid="api__cuda__contacts_8hpp_source"/>
      </node>
      <node id="6">
        <label>source/c++/rocky20/api/device/api_cuda_joints.hpp</label>
        <link refid="api__cuda__joints_8hpp_source"/>
      </node>
      <node id="7">
        <label>source/c++/rocky20/api/device/api_cuda_particles.hpp</label>
        <link refid="api__cuda__particles_8hpp_source"/>
      </node>
      <node id="8">
        <label>source/c++/rocky20/api/device/api_cuda_triangles.hpp</label>
        <link refid="api__cuda__triangles_8hpp_source"/>
      </node>
      <node id="20">
        <label>source/c++/rocky20/api/device/api_device_vicinity.hpp</label>
        <link refid="api__device__vicinity_8hpp_source"/>
        <childnode refid="21" relation="include">
        </childnode>
      </node>
      <node id="10">
        <label>source/c++/rocky20/api/device/api_omp_contacts.hpp</label>
        <link refid="api__omp__contacts_8hpp_source"/>
        <childnode refid="2" relation="include">
        </childnode>
      </node>
      <node id="2">
        <label>source/c++/rocky20/api/rocky_api.h</label>
        <link refid="rocky__api_8h_source"/>
        <childnode refid="3" relation="include">
        </childnode>
        <childnode refid="5" relation="include">
        </childnode>
        <childnode refid="10" relation="include">
        </childnode>
        <childnode refid="11" relation="include">
        </childnode>
        <childnode refid="12" relation="include">
        </childnode>
        <childnode refid="13" relation="include">
        </childnode>
      </node>
      <node id="11">
        <label>source/c++/rocky20/api/rocky_api_cfd.h</label>
        <link refid="rocky__api__cfd_8h_source"/>
      </node>
      <node id="16">
        <label>source/c++/rocky20/api/rocky_api_functions.h</label>
        <link refid="rocky__api__functions_8h_source"/>
        <childnode refid="5" relation="include">
        </childnode>
        <childnode refid="10" relation="include">
        </childnode>
        <childnode refid="2" relation="include">
        </childnode>
      </node>
      <node id="12">
        <label>source/c++/rocky20/api/rocky_api_sph.h</label>
        <link refid="rocky__api__sph_8h_source"/>
      </node>
      <node id="21">
        <label>source/c++/rocky20/api/rocky_api_vicinity.h</label>
        <link refid="rocky__api__vicinity_8h_source"/>
      </node>
      <node id="14">
        <label>source/c++/rocky20/api/rocky_boundary.hpp</label>
        <link refid="rocky__boundary_8hpp_source"/>
        <childnode refid="15" relation="include">
        </childnode>
        <childnode refid="17" relation="include">
        </childnode>
      </node>
      <node id="15">
        <label>source/c++/rocky20/api/rocky_boundary_api.hpp</label>
        <link refid="rocky__boundary__api_8hpp_source"/>
        <childnode refid="16" relation="include">
        </childnode>
        <childnode refid="17" relation="include">
        </childnode>
        <childnode refid="19" relation="include">
        </childnode>
        <childnode refid="22" relation="include">
        </childnode>
      </node>
      <node id="17">
        <label>source/c++/rocky20/api/rocky_contact.hpp</label>
        <link refid="rocky__contact_8hpp_source"/>
        <childnode refid="18" relation="include">
        </childnode>
      </node>
      <node id="18">
        <label>source/c++/rocky20/api/rocky_contact_api.hpp</label>
        <link refid="rocky__contact__api_8hpp_source"/>
        <childnode refid="2" relation="include">
        </childnode>
      </node>
      <node id="1">
        <label>source/c++/rocky20/api/rocky_triangle_scalars.hpp</label>
        <link refid="rocky__triangle__scalars_8hpp"/>
        <childnode refid="2" relation="include">
        </childnode>
        <childnode refid="14" relation="include">
        </childnode>
      </node>
      <node id="19">
        <label>source/c++/rocky20/api/rocky_vicinity_pair_api.hpp</label>
        <link refid="rocky__vicinity__pair__api_8hpp_source"/>
        <childnode refid="20" relation="include">
        </childnode>
      </node>
      <node id="9">
        <label>source/c++/rocky20/api/sph/api_cuda_sph.hpp</label>
        <link refid="api__cuda__sph_8hpp_source"/>
      </node>
      <node id="23">
        <label>source/c++/rocky20/api/sph/api_device_sph.hpp</label>
        <link refid="api__device__sph_8hpp_source"/>
        <childnode refid="9" relation="include">
        </childnode>
        <childnode refid="13" relation="include">
        </childnode>
      </node>
      <node id="13">
        <label>source/c++/rocky20/api/sph/api_omp_sph.hpp</label>
        <link refid="api__omp__sph_8hpp_source"/>
        <childnode refid="12" relation="include">
        </childnode>
      </node>
      <node id="22">
        <label>source/c++/rocky20/api/sph/rocky_sph_interaction_api.hpp</label>
        <link refid="rocky__sph__interaction__api_8hpp_source"/>
        <childnode refid="23" relation="include">
        </childnode>
      </node>
    </invincdepgraph>
    <innerclass refid="structIRockyTriangleScalarsModel" prot="public">IRockyTriangleScalarsModel</innerclass>
    <innerclass refid="structIRockyTriangleScalars" prot="public">IRockyTriangleScalars</innerclass>
    <briefdescription>
    </briefdescription>
    <detaileddescription>
    </detaileddescription>
    <programlisting>
<codeline lineno="1"><highlight class="comment">//<sp/>(C)<sp/>2024<sp/>ANSYS,<sp/>Inc.<sp/>Unauthorized<sp/>use,<sp/>distribution,<sp/>or<sp/>duplication<sp/>is<sp/>prohibited.</highlight><highlight class="normal"></highlight></codeline>
<codeline lineno="2"><highlight class="normal"></highlight><highlight class="preprocessor">#pragma<sp/>once</highlight><highlight class="normal"></highlight></codeline>
<codeline lineno="3"><highlight class="normal"></highlight></codeline>
<codeline lineno="4"><highlight class="normal"></highlight><highlight class="comment">//<sp/>Includes<sp/>========================================================================================</highlight><highlight class="normal"></highlight></codeline>
<codeline lineno="5"><highlight class="normal"></highlight><highlight class="preprocessor">#include<sp/>&quot;rocky_scalars.h&quot;</highlight><highlight class="normal"></highlight></codeline>
<codeline lineno="6"><highlight class="normal"></highlight></codeline>
<codeline lineno="7"><highlight class="normal"></highlight></codeline>
<codeline lineno="8"><highlight class="normal"></highlight><highlight class="comment">//<sp/>Forward<sp/>declarations<sp/>===========================================================================</highlight><highlight class="normal"></highlight></codeline>
<codeline lineno="9"><highlight class="normal"></highlight><highlight class="keyword">class<sp/></highlight><highlight class="normal">cuda_host;</highlight></codeline>
<codeline lineno="10"><highlight class="normal"></highlight><highlight class="keyword">typedef</highlight><highlight class="normal"><sp/>cuda_host<sp/>RockyModel;</highlight></codeline>
<codeline lineno="11"><highlight class="normal"></highlight></codeline>
<codeline lineno="12"><highlight class="normal"></highlight><highlight class="keyword">using<sp/></highlight><highlight class="normal">rocky20::KnownTriangleScalars;</highlight></codeline>
<codeline lineno="13"><highlight class="normal"></highlight></codeline>
<codeline lineno="14"><highlight class="normal"></highlight><highlight class="comment">//<sp/>=================================================================================================</highlight><highlight class="normal"></highlight></codeline>
<codeline lineno="15"><highlight class="normal"></highlight><highlight class="comment">//<sp/>IRockyTriangleScalarsModel</highlight><highlight class="normal"></highlight></codeline>
<codeline lineno="16"><highlight class="normal"></highlight><highlight class="comment">//<sp/>=================================================================================================</highlight><highlight class="normal"></highlight></codeline>
<codeline lineno="17"><highlight class="normal"></highlight></codeline>
<codeline lineno="25" refid="structIRockyTriangleScalarsModel" refkind="compound"><highlight class="normal"></highlight><highlight class="keyword">struct<sp/></highlight><highlight class="normal"><ref refid="structIRockyTriangleScalarsModel" kindref="compound">IRockyTriangleScalarsModel</ref><sp/>:<sp/>ScalarsModel&lt;rocky20::TriangleScalarsController&gt;</highlight></codeline>
<codeline lineno="26"><highlight class="normal">{</highlight></codeline>
<codeline lineno="27"><highlight class="normal"></highlight></codeline>
<codeline lineno="28"><highlight class="normal"></highlight><highlight class="preprocessor">#ifdef<sp/>ONLY_FOR_DOXYGEN</highlight><highlight class="normal"></highlight></codeline>
<codeline lineno="29"><highlight class="normal"></highlight></codeline>
<codeline lineno="31" refid="structIRockyTriangleScalarsModel_1afc273a1e67e4995f848452fda3f71c31" refkind="member"><highlight class="normal"><sp/><sp/><sp/><sp/></highlight><highlight class="keywordtype">int</highlight><highlight class="normal"><sp/><ref refid="structIRockyTriangleScalarsModel_1afc273a1e67e4995f848452fda3f71c31" kindref="member">find</ref>(</highlight><highlight class="keyword">const</highlight><highlight class="normal"><sp/></highlight><highlight class="keywordtype">char</highlight><highlight class="normal">*<sp/>name);</highlight></codeline>
<codeline lineno="32"><highlight class="normal"></highlight></codeline>
<codeline lineno="34"><highlight class="normal"><sp/><sp/><sp/><sp/></highlight><highlight class="keywordtype">int</highlight><highlight class="normal"><sp/><ref refid="structIRockyTriangleScalarsModel_1a41b8986cbde7d37e0946a3a8a8361d19" kindref="member">add</ref>(</highlight><highlight class="keyword">const</highlight><highlight class="normal"><sp/></highlight><highlight class="keywordtype">char</highlight><highlight class="normal">*<sp/>name,<sp/></highlight><highlight class="keyword">const</highlight><highlight class="normal"><sp/></highlight><highlight class="keywordtype">char</highlight><highlight class="normal">*<sp/>unit,<sp/></highlight><highlight class="keywordtype">bool</highlight><highlight class="normal"><sp/>output<sp/>=<sp/></highlight><highlight class="keyword">true</highlight><highlight class="normal">);</highlight></codeline>
<codeline lineno="35"><highlight class="normal"></highlight></codeline>
<codeline lineno="58"><highlight class="normal"><sp/><sp/><sp/><sp/></highlight><highlight class="keyword">template</highlight><highlight class="normal"><sp/>&lt;</highlight><highlight class="keyword">class</highlight><highlight class="normal"><sp/>data_type&gt;</highlight></codeline>
<codeline lineno="59" refid="structIRockyTriangleScalarsModel_1ac3e84af17e0dfaea602eab3a7a888b83" refkind="member"><highlight class="normal"><sp/><sp/><sp/><sp/></highlight><highlight class="keywordtype">int</highlight><highlight class="normal"><sp/><ref refid="structIRockyTriangleScalarsModel_1ac3e84af17e0dfaea602eab3a7a888b83" kindref="member">add_accumulation_scalar</ref>(</highlight><highlight class="keyword">const</highlight><highlight class="normal"><sp/></highlight><highlight class="keywordtype">char</highlight><highlight class="normal">*<sp/>name,<sp/></highlight><highlight class="keyword">const</highlight><highlight class="normal"><sp/></highlight><highlight class="keywordtype">char</highlight><highlight class="normal">*<sp/>unit,<sp/></highlight><highlight class="keywordtype">bool</highlight><highlight class="normal"><sp/>output<sp/>=<sp/></highlight><highlight class="keyword">true</highlight><highlight class="normal">);</highlight></codeline>
<codeline lineno="60"><highlight class="normal"></highlight></codeline>
<codeline lineno="62" refid="structIRockyTriangleScalarsModel_1ae4f5d565ed2b3fa05b52f9274d542d69" refkind="member"><highlight class="normal"><sp/><sp/><sp/><sp/></highlight><highlight class="keywordtype">void</highlight><highlight class="normal"><sp/><ref refid="structIRockyTriangleScalarsModel_1ae4f5d565ed2b3fa05b52f9274d542d69" kindref="member">reset</ref>(</highlight><highlight class="keywordtype">int</highlight><highlight class="normal"><sp/>scalar_index);</highlight></codeline>
<codeline lineno="63"><highlight class="normal"></highlight></codeline>
<codeline lineno="65" refid="structIRockyTriangleScalarsModel_1aa02d862be5d91a62af18a1b1320286e7" refkind="member"><highlight class="normal"><sp/><sp/><sp/><sp/></highlight><highlight class="keywordtype">void</highlight><highlight class="normal"><sp/><ref refid="structIRockyTriangleScalarsModel_1aa02d862be5d91a62af18a1b1320286e7" kindref="member">set_dimension</ref>(</highlight><highlight class="keywordtype">int</highlight><highlight class="normal"><sp/>scalar_index,<sp/></highlight><highlight class="keywordtype">double</highlight><highlight class="normal"><sp/>dimension_factor);</highlight></codeline>
<codeline lineno="66"><highlight class="normal"></highlight></codeline>
<codeline lineno="67"><highlight class="normal"></highlight><highlight class="preprocessor">#endif<sp/><sp/></highlight><highlight class="normal"></highlight></codeline>
<codeline lineno="68"><highlight class="normal"></highlight></codeline>
<codeline lineno="77"><highlight class="normal"><sp/><sp/><sp/><sp/></highlight><highlight class="keywordtype">void</highlight><highlight class="normal"><sp/><ref refid="structIRockyTriangleScalarsModel_1a01f4979062e25a0fb10b874f9f1f81d9" kindref="member">enable_storage_of_exchanged_heat</ref>();</highlight></codeline>
<codeline lineno="78"><highlight class="normal"></highlight></codeline>
<codeline lineno="87"><highlight class="normal"><sp/><sp/><sp/><sp/></highlight><highlight class="keywordtype">void</highlight><highlight class="normal"><sp/><ref refid="structIRockyTriangleScalarsModel_1abe794fd133422249549fad8c56fee6eb" kindref="member">reset_exchanged_heat</ref>();</highlight></codeline>
<codeline lineno="88"><highlight class="normal"><sp/><sp/><sp/><sp/></highlight></codeline>
<codeline lineno="96"><highlight class="normal"><sp/><sp/><sp/><sp/>std::vector&lt;double&gt;<sp/><ref refid="structIRockyTriangleScalarsModel_1acba5f06875d88bba1d66bd829c37fb52" kindref="member">calculate_sum_over_geometries</ref>(</highlight><highlight class="keywordtype">int</highlight><highlight class="normal"><sp/>scalar_index);</highlight></codeline>
<codeline lineno="97"><highlight class="normal"></highlight></codeline>
<codeline lineno="107"><highlight class="normal"><sp/><sp/><sp/><sp/></highlight><highlight class="keywordtype">void</highlight><highlight class="normal"><sp/><ref refid="structIRockyTriangleScalarsModel_1a60ee5f18541c3104a7a286d244a5f896" kindref="member">pull_scalar_from_devices</ref>(</highlight><highlight class="keywordtype">int</highlight><highlight class="normal"><sp/>scalar_index);</highlight></codeline>
<codeline lineno="108"><highlight class="normal"></highlight></codeline>
<codeline lineno="115"><highlight class="normal"><sp/><sp/><sp/><sp/></highlight><highlight class="keywordtype">void</highlight><highlight class="normal"><sp/><ref refid="structIRockyTriangleScalarsModel_1a1111ee6479b40ce1e086aec31c405e3e" kindref="member">push_scalar_to_devices</ref>(</highlight><highlight class="keywordtype">int</highlight><highlight class="normal"><sp/>scalar_index);</highlight></codeline>
<codeline lineno="116"><highlight class="normal"></highlight></codeline>
<codeline lineno="119"><highlight class="normal"><sp/><sp/><sp/><sp/>[[deprecated(</highlight><highlight class="stringliteral">&quot;Use<sp/>the<sp/>ROCKY_PLUGIN_INITIALIZE_TRIANGLE<sp/>hook<sp/>instead.&quot;</highlight><highlight class="normal">)]]</highlight></codeline>
<codeline lineno="120"><highlight class="normal"><sp/><sp/><sp/><sp/></highlight><highlight class="keywordtype">void</highlight><highlight class="normal"><sp/>fill_with_geometry_values(</highlight><highlight class="keywordtype">int</highlight><highlight class="normal"><sp/>scalar_index,<sp/></highlight><highlight class="keywordtype">double</highlight><highlight class="normal">*<sp/>geometry_values);</highlight></codeline>
<codeline lineno="121"><highlight class="normal"></highlight></codeline>
<codeline lineno="122"><highlight class="normal"><sp/><sp/><sp/><sp/></highlight><highlight class="keywordtype">int</highlight><highlight class="normal"><sp/><ref refid="structIRockyTriangleScalarsModel_1a41b8986cbde7d37e0946a3a8a8361d19" kindref="member">add</ref>(</highlight><highlight class="keyword">const</highlight><highlight class="normal"><sp/></highlight><highlight class="keywordtype">char</highlight><highlight class="normal">*<sp/>name,<sp/></highlight><highlight class="keyword">const</highlight><highlight class="normal"><sp/></highlight><highlight class="keywordtype">char</highlight><highlight class="normal">*<sp/>unit,<sp/></highlight><highlight class="keywordtype">bool</highlight><highlight class="normal"><sp/>output<sp/>=<sp/></highlight><highlight class="keyword">true</highlight><highlight class="normal">);</highlight></codeline>
<codeline lineno="123"><highlight class="normal"></highlight></codeline>
<codeline lineno="124"><highlight class="normal"><sp/><sp/><sp/><sp/></highlight><highlight class="keyword">template</highlight><highlight class="normal"><sp/>&lt;</highlight><highlight class="keyword">class</highlight><highlight class="normal"><sp/>data_type&gt;</highlight></codeline>
<codeline lineno="125"><highlight class="normal"><sp/><sp/><sp/><sp/></highlight><highlight class="keywordtype">int</highlight><highlight class="normal"><sp/><ref refid="structIRockyTriangleScalarsModel_1a41b8986cbde7d37e0946a3a8a8361d19" kindref="member">add</ref>(</highlight><highlight class="keyword">const</highlight><highlight class="normal"><sp/></highlight><highlight class="keywordtype">char</highlight><highlight class="normal">*<sp/>name,<sp/></highlight><highlight class="keyword">const</highlight><highlight class="normal"><sp/></highlight><highlight class="keywordtype">char</highlight><highlight class="normal">*<sp/>unit,<sp/></highlight><highlight class="keywordtype">bool</highlight><highlight class="normal"><sp/>output<sp/>=<sp/></highlight><highlight class="keyword">true</highlight><highlight class="normal">)</highlight></codeline>
<codeline lineno="126"><highlight class="normal"><sp/><sp/><sp/><sp/>{</highlight></codeline>
<codeline lineno="127"><highlight class="normal"><sp/><sp/><sp/><sp/><sp/><sp/><sp/><sp/></highlight><highlight class="keywordflow">return</highlight><highlight class="normal"><sp/>this-&gt;_impl.rocky20::TriangleScalarsController::template<sp/>add_scalars&lt;data_type&gt;(</highlight></codeline>
<codeline lineno="128"><highlight class="normal"><sp/><sp/><sp/><sp/><sp/><sp/><sp/><sp/><sp/><sp/><sp/><sp/>name,<sp/>unit,<sp/>rocky20::ScalarsInfo::cotIntegrated,<sp/>output);</highlight></codeline>
<codeline lineno="129"><highlight class="normal"><sp/><sp/><sp/><sp/>}</highlight></codeline>
<codeline lineno="130"><highlight class="normal"></highlight></codeline>
<codeline lineno="131"><highlight class="normal"><sp/><sp/><sp/><sp/></highlight><highlight class="keyword">template</highlight><highlight class="normal"><sp/>&lt;</highlight><highlight class="keyword">class</highlight><highlight class="normal"><sp/>data_type&gt;</highlight></codeline>
<codeline lineno="132"><highlight class="normal"><sp/><sp/><sp/><sp/></highlight><highlight class="keywordtype">int</highlight><highlight class="normal"><sp/><ref refid="structIRockyTriangleScalarsModel_1ac3e84af17e0dfaea602eab3a7a888b83" kindref="member">add_accumulation_scalar</ref>(</highlight><highlight class="keyword">const</highlight><highlight class="normal"><sp/></highlight><highlight class="keywordtype">char</highlight><highlight class="normal">*<sp/>name,<sp/></highlight><highlight class="keyword">const</highlight><highlight class="normal"><sp/></highlight><highlight class="keywordtype">char</highlight><highlight class="normal">*<sp/>unit,<sp/></highlight><highlight class="keywordtype">bool</highlight><highlight class="normal"><sp/>output<sp/>=<sp/></highlight><highlight class="keyword">true</highlight><highlight class="normal">)</highlight></codeline>
<codeline lineno="133"><highlight class="normal"><sp/><sp/><sp/><sp/>{</highlight></codeline>
<codeline lineno="134"><highlight class="normal"><sp/><sp/><sp/><sp/><sp/><sp/><sp/><sp/></highlight><highlight class="keywordflow">return</highlight><highlight class="normal"><sp/>this-&gt;_impl.rocky20::TriangleScalarsController::template<sp/>add_scalars&lt;data_type&gt;(</highlight></codeline>
<codeline lineno="135"><highlight class="normal"><sp/><sp/><sp/><sp/><sp/><sp/><sp/><sp/><sp/><sp/><sp/><sp/>name,</highlight></codeline>
<codeline lineno="136"><highlight class="normal"><sp/><sp/><sp/><sp/><sp/><sp/><sp/><sp/><sp/><sp/><sp/><sp/>unit,</highlight></codeline>
<codeline lineno="137"><highlight class="normal"><sp/><sp/><sp/><sp/><sp/><sp/><sp/><sp/><sp/><sp/><sp/><sp/>rocky20::ScalarsInfo::CollectiveOperationType::cotAccumulateOnDemand,</highlight></codeline>
<codeline lineno="138"><highlight class="normal"><sp/><sp/><sp/><sp/><sp/><sp/><sp/><sp/><sp/><sp/><sp/><sp/>output);</highlight></codeline>
<codeline lineno="139"><highlight class="normal"><sp/><sp/><sp/><sp/>}</highlight></codeline>
<codeline lineno="140"><highlight class="normal"></highlight></codeline>
<codeline lineno="141"><highlight class="normal"><sp/><sp/><sp/><sp/><ref refid="structIRockyTriangleScalarsModel" kindref="compound">IRockyTriangleScalarsModel</ref>(RockyModel<sp/>*_model);</highlight></codeline>
<codeline lineno="142"><highlight class="normal"></highlight></codeline>
<codeline lineno="143"><highlight class="normal"><sp/><sp/><sp/><sp/>RockyModel<sp/>*model;</highlight></codeline>
<codeline lineno="144"><highlight class="normal"></highlight></codeline>
<codeline lineno="146"><highlight class="normal">};</highlight></codeline>
<codeline lineno="147"><highlight class="normal"></highlight></codeline>
<codeline lineno="148"><highlight class="normal"></highlight><highlight class="comment">//<sp/>=================================================================================================</highlight><highlight class="normal"></highlight></codeline>
<codeline lineno="149"><highlight class="normal"></highlight><highlight class="comment">//<sp/>IRockyTriangleScalars</highlight><highlight class="normal"></highlight></codeline>
<codeline lineno="150"><highlight class="normal"></highlight><highlight class="comment">//<sp/>=================================================================================================</highlight><highlight class="normal"></highlight></codeline>
<codeline lineno="151"><highlight class="normal"></highlight></codeline>
<codeline lineno="160" refid="structIRockyTriangleScalars" refkind="compound"><highlight class="normal"></highlight><highlight class="keyword">struct<sp/></highlight><highlight class="normal"><ref refid="structIRockyTriangleScalars" kindref="compound">IRockyTriangleScalars</ref><sp/>:<sp/>EntityScalars&lt;rocky20::TriangleScalars&gt;</highlight></codeline>
<codeline lineno="161"><highlight class="normal">{</highlight></codeline>
<codeline lineno="168" refid="structIRockyTriangleScalars_1a05684b0ee2ad2ea56b3ed0d627d86cfe" refkind="member"><highlight class="normal"><sp/><sp/><sp/><sp/>ROCKY_FUNCTIONS<sp/></highlight><highlight class="keyword">inline</highlight><highlight class="normal"><sp/></highlight><highlight class="keywordtype">double</highlight><highlight class="normal"><sp/><ref refid="structIRockyTriangleScalars_1a05684b0ee2ad2ea56b3ed0d627d86cfe" kindref="member">get_thermal_conductivity</ref>()</highlight><highlight class="keyword"><sp/>const</highlight></codeline>
<codeline lineno="169"><highlight class="keyword"><sp/><sp/><sp/><sp/></highlight><highlight class="normal">{</highlight></codeline>
<codeline lineno="170"><highlight class="normal"><sp/><sp/><sp/><sp/><sp/><sp/><sp/><sp/></highlight><highlight class="keywordflow">return</highlight><highlight class="normal"><sp/>this-&gt;get_known_scalar(KnownTriangleScalars::ThermalConductivity);</highlight></codeline>
<codeline lineno="171"><highlight class="normal"><sp/><sp/><sp/><sp/>}</highlight></codeline>
<codeline lineno="172"><highlight class="normal"></highlight></codeline>
<codeline lineno="180" refid="structIRockyTriangleScalars_1adfb451a883a51e0e52bbb4fb304bdbee" refkind="member"><highlight class="normal"><sp/><sp/><sp/><sp/>ROCKY_FUNCTIONS<sp/></highlight><highlight class="keyword">inline</highlight><highlight class="normal"><sp/></highlight><highlight class="keywordtype">void</highlight><highlight class="normal"><sp/><ref refid="structIRockyTriangleScalars_1adfb451a883a51e0e52bbb4fb304bdbee" kindref="member">set_thermal_conductivity</ref>(</highlight><highlight class="keyword">const</highlight><highlight class="normal"><sp/></highlight><highlight class="keywordtype">double</highlight><highlight class="normal"><sp/>value)</highlight></codeline>
<codeline lineno="181"><highlight class="normal"><sp/><sp/><sp/><sp/>{</highlight></codeline>
<codeline lineno="182"><highlight class="normal"><sp/><sp/><sp/><sp/><sp/><sp/><sp/><sp/>this-&gt;get_known_scalar(KnownTriangleScalars::ThermalConductivity)<sp/>=<sp/>value;</highlight></codeline>
<codeline lineno="183"><highlight class="normal"><sp/><sp/><sp/><sp/>}</highlight></codeline>
<codeline lineno="184"><highlight class="normal"></highlight></codeline>
<codeline lineno="191" refid="structIRockyTriangleScalars_1ac72837182e4220fc58411bad8db38042" refkind="member"><highlight class="normal"><sp/><sp/><sp/><sp/>ROCKY_FUNCTIONS<sp/></highlight><highlight class="keyword">inline</highlight><highlight class="normal"><sp/></highlight><highlight class="keywordtype">double</highlight><highlight class="normal"><sp/><ref refid="structIRockyTriangleScalars_1ac72837182e4220fc58411bad8db38042" kindref="member">get_poisson_ratio</ref>()</highlight><highlight class="keyword"><sp/>const</highlight></codeline>
<codeline lineno="192"><highlight class="keyword"><sp/><sp/><sp/><sp/></highlight><highlight class="normal">{</highlight></codeline>
<codeline lineno="193"><highlight class="normal"><sp/><sp/><sp/><sp/><sp/><sp/><sp/><sp/></highlight><highlight class="keywordflow">return</highlight><highlight class="normal"><sp/>this-&gt;get_known_scalar(KnownTriangleScalars::PoissonRatio);</highlight></codeline>
<codeline lineno="194"><highlight class="normal"><sp/><sp/><sp/><sp/>}</highlight></codeline>
<codeline lineno="195"><highlight class="normal"></highlight></codeline>
<codeline lineno="203" refid="structIRockyTriangleScalars_1abc7a467e91fb2232868c27518c92c844" refkind="member"><highlight class="normal"><sp/><sp/><sp/><sp/>ROCKY_FUNCTIONS<sp/></highlight><highlight class="keyword">inline</highlight><highlight class="normal"><sp/></highlight><highlight class="keywordtype">void</highlight><highlight class="normal"><sp/><ref refid="structIRockyTriangleScalars_1abc7a467e91fb2232868c27518c92c844" kindref="member">set_poisson_ratio</ref>(</highlight><highlight class="keyword">const</highlight><highlight class="normal"><sp/></highlight><highlight class="keywordtype">double</highlight><highlight class="normal"><sp/>value)</highlight></codeline>
<codeline lineno="204"><highlight class="normal"><sp/><sp/><sp/><sp/>{</highlight></codeline>
<codeline lineno="205"><highlight class="normal"><sp/><sp/><sp/><sp/><sp/><sp/><sp/><sp/>this-&gt;get_known_scalar(KnownTriangleScalars::PoissonRatio)<sp/>=<sp/>value;</highlight></codeline>
<codeline lineno="206"><highlight class="normal"><sp/><sp/><sp/><sp/>}</highlight></codeline>
<codeline lineno="207"><highlight class="normal"></highlight></codeline>
<codeline lineno="219" refid="structIRockyTriangleScalars_1afaf1ed93d75a4a75ad38c31f675decc2" refkind="member"><highlight class="normal"><sp/><sp/><sp/><sp/>ROCKY_FUNCTIONS<sp/></highlight><highlight class="keyword">inline</highlight><highlight class="normal"><sp/></highlight><highlight class="keywordtype">double</highlight><highlight class="normal"><sp/><ref refid="structIRockyTriangleScalars_1afaf1ed93d75a4a75ad38c31f675decc2" kindref="member">get_exchanged_heat</ref>()</highlight><highlight class="keyword"><sp/>const</highlight></codeline>
<codeline lineno="220"><highlight class="keyword"><sp/><sp/><sp/><sp/></highlight><highlight class="normal">{</highlight></codeline>
<codeline lineno="221"><highlight class="normal"><sp/><sp/><sp/><sp/><sp/><sp/><sp/><sp/></highlight><highlight class="keywordflow">return</highlight><highlight class="normal"><sp/>this-&gt;get_known_scalar(KnownTriangleScalars::HeatExchanged);</highlight></codeline>
<codeline lineno="222"><highlight class="normal"><sp/><sp/><sp/><sp/>}</highlight></codeline>
<codeline lineno="223"><highlight class="normal"></highlight></codeline>
<codeline lineno="224"><highlight class="normal"></highlight><highlight class="preprocessor">#ifdef<sp/>ONLY_FOR_DOXYGEN</highlight><highlight class="normal"></highlight></codeline>
<codeline lineno="225"><highlight class="normal"></highlight></codeline>
<codeline lineno="227" refid="structIRockyTriangleScalars_1a27cf07c2dd9371c2b26106133266a327" refkind="member"><highlight class="normal"><sp/><sp/><sp/><sp/>ROCKY_FUNCTIONS<sp/><sp/></highlight><highlight class="keywordtype">double</highlight><highlight class="normal"><sp/><ref refid="structIRockyTriangleScalars_1a27cf07c2dd9371c2b26106133266a327" kindref="member">get_scalar</ref>(</highlight><highlight class="keywordtype">int</highlight><highlight class="normal"><sp/>scalar_index)<sp/></highlight><highlight class="keyword">const</highlight><highlight class="normal">;</highlight></codeline>
<codeline lineno="228"><highlight class="normal"></highlight></codeline>
<codeline lineno="230" refid="structIRockyTriangleScalars_1a2882608ab8fdf75777d411400604e135" refkind="member"><highlight class="normal"><sp/><sp/><sp/><sp/>ROCKY_FUNCTIONS<sp/><sp/></highlight><highlight class="keywordtype">void</highlight><highlight class="normal"><sp/><ref refid="structIRockyTriangleScalars_1a2882608ab8fdf75777d411400604e135" kindref="member">set_scalar</ref>(</highlight><highlight class="keywordtype">int</highlight><highlight class="normal"><sp/>scalar_index,<sp/></highlight><highlight class="keywordtype">double</highlight><highlight class="normal"><sp/>value)<sp/></highlight><highlight class="keyword">const</highlight><highlight class="normal">;</highlight></codeline>
<codeline lineno="231"><highlight class="normal"></highlight></codeline>
<codeline lineno="233" refid="structIRockyTriangleScalars_1ab9721444212bd5fe4e3af03fe3a70294" refkind="member"><highlight class="normal"><sp/><sp/><sp/><sp/>ROCKY_FUNCTIONS<sp/></highlight><highlight class="keywordtype">void</highlight><highlight class="normal"><sp/><ref refid="structIRockyTriangleScalars_1ab9721444212bd5fe4e3af03fe3a70294" kindref="member">add_scalar</ref>(</highlight><highlight class="keywordtype">int</highlight><highlight class="normal"><sp/>scalar_index,<sp/></highlight><highlight class="keywordtype">double</highlight><highlight class="normal"><sp/>value)<sp/></highlight><highlight class="keyword">const</highlight><highlight class="normal">;</highlight></codeline>
<codeline lineno="234"><highlight class="normal"></highlight></codeline>
<codeline lineno="236" refid="structIRockyTriangleScalars_1a6d802b0828e406fd357377d8500625f5" refkind="member"><highlight class="normal"><sp/><sp/><sp/><sp/>ROCKY_FUNCTIONS<sp/></highlight><highlight class="keywordtype">void</highlight><highlight class="normal"><sp/><ref refid="structIRockyTriangleScalars_1a6d802b0828e406fd357377d8500625f5" kindref="member">max_scalar</ref>(</highlight><highlight class="keywordtype">int</highlight><highlight class="normal"><sp/>scalar_index,<sp/></highlight><highlight class="keywordtype">double</highlight><highlight class="normal"><sp/>value)<sp/></highlight><highlight class="keyword">const</highlight><highlight class="normal">;</highlight></codeline>
<codeline lineno="237"><highlight class="normal"></highlight></codeline>
<codeline lineno="238"><highlight class="normal"></highlight><highlight class="preprocessor">#endif</highlight><highlight class="normal"></highlight></codeline>
<codeline lineno="239"><highlight class="normal"></highlight></codeline>
<codeline lineno="242"><highlight class="normal"><sp/><sp/><sp/><sp/>__host__<sp/>__device__</highlight></codeline>
<codeline lineno="243"><highlight class="normal"><sp/><sp/><sp/><sp/><ref refid="structIRockyTriangleScalars" kindref="compound">IRockyTriangleScalars</ref>(rocky20::TriangleScalars<sp/>&amp;_scalars,<sp/></highlight><highlight class="keywordtype">int</highlight><highlight class="normal"><sp/>_element_index)<sp/>:</highlight></codeline>
<codeline lineno="244"><highlight class="normal"><sp/><sp/><sp/><sp/><sp/><sp/><sp/><sp/>EntityScalars&lt;<sp/>rocky20::TriangleScalars&gt;(_scalars,<sp/>_element_index)</highlight></codeline>
<codeline lineno="245"><highlight class="normal"><sp/><sp/><sp/><sp/>{}</highlight></codeline>
<codeline lineno="246"><highlight class="normal"></highlight></codeline>
<codeline lineno="248"><highlight class="normal">};</highlight></codeline>
    </programlisting>
    <location file="source/c++/rocky20/api/rocky_triangle_scalars.hpp"/>
  </compounddef>
</doxygen>
