<?xml version='1.0' encoding='UTF-8' standalone='no'?>
<doxygen xmlns:xsi="http://www.w3.org/2001/XMLSchema-instance" xsi:noNamespaceSchemaLocation="compound.xsd" version="1.10.0" xml:lang="en-US">
  <compounddef id="rocky__api__vicinity_8h" kind="file" language="C++">
    <compoundname>rocky_api_vicinity.h</compoundname>
    <includes refid="rocky__api__vicinity__functions_8h" local="yes">rocky_api_vicinity_functions.h</includes>
    <includes refid="api__device__vicinity_8hpp" local="yes">device/api_device_vicinity.hpp</includes>
    <incdepgraph>
      <node id="16">
        <label>rocky20/api/device/api_backend.hpp</label>
        <link refid="api__backend_8hpp_source"/>
        <childnode refid="17" relation="include">
        </childnode>
        <childnode refid="18" relation="include">
        </childnode>
      </node>
      <node id="5">
        <label>rocky20/api/device/api_device_grid_search.hpp</label>
        <link refid="api__device__grid__search_8hpp_source"/>
        <childnode refid="6" relation="include">
        </childnode>
        <childnode refid="3" relation="include">
        </childnode>
      </node>
      <node id="4">
        <label>device/api_device_vicinity.hpp</label>
        <link refid="api__device__vicinity_8hpp_source"/>
        <childnode refid="5" relation="include">
        </childnode>
        <childnode refid="7" relation="include">
        </childnode>
        <childnode refid="27" relation="include">
        </childnode>
      </node>
      <node id="1">
        <label>source/c++/rocky20/api/rocky_api_vicinity.h</label>
        <link refid="rocky__api__vicinity_8h"/>
        <childnode refid="2" relation="include">
        </childnode>
        <childnode refid="4" relation="include">
        </childnode>
      </node>
      <node id="2">
        <label>rocky_api_vicinity_functions.h</label>
        <link refid="rocky__api__vicinity__functions_8h_source"/>
        <childnode refid="3" relation="include">
        </childnode>
      </node>
      <node id="30">
        <label>rocky_boundary.hpp</label>
        <link refid="rocky__boundary_8hpp_source"/>
        <childnode refid="9" relation="include">
        </childnode>
        <childnode refid="16" relation="include">
        </childnode>
        <childnode refid="26" relation="include">
        </childnode>
        <childnode refid="31" relation="include">
        </childnode>
      </node>
      <node id="28">
        <label>rocky_boundary_api.hpp</label>
        <link refid="rocky__boundary__api_8hpp_source"/>
        <childnode refid="6" relation="include">
        </childnode>
        <childnode refid="9" relation="include">
        </childnode>
        <childnode refid="29" relation="include">
        </childnode>
        <childnode refid="30" relation="include">
        </childnode>
      </node>
      <node id="21">
        <label>rocky20/api/rocky_boundary_scalars.hpp</label>
        <link refid="rocky__boundary__scalars_8hpp_source"/>
        <childnode refid="14" relation="include">
        </childnode>
      </node>
      <node id="26">
        <label>rocky_material_api.hpp</label>
        <link refid="rocky__material__api_8hpp_source"/>
        <childnode refid="9" relation="include">
        </childnode>
      </node>
      <node id="8">
        <label>rocky_model.hpp</label>
        <link refid="rocky__model_8hpp_source"/>
        <childnode refid="9" relation="include">
        </childnode>
        <childnode refid="10" relation="include">
        </childnode>
        <childnode refid="13" relation="include">
        </childnode>
        <childnode refid="21" relation="include">
        </childnode>
      </node>
      <node id="7">
        <label>rocky20/api/rocky_model_api.hpp</label>
        <link refid="rocky__model__api_8hpp_source"/>
        <childnode refid="8" relation="include">
        </childnode>
        <childnode refid="22" relation="include">
        </childnode>
      </node>
      <node id="13">
        <label>rocky20/api/rocky_pair_scalars.hpp</label>
        <link refid="rocky__pair__scalars_8hpp_source"/>
        <childnode refid="14" relation="include">
        </childnode>
      </node>
      <node id="23">
        <label>rocky_particle.hpp</label>
        <link refid="rocky__particle_8hpp_source"/>
        <childnode refid="16" relation="include">
        </childnode>
        <childnode refid="24" relation="include">
        </childnode>
        <childnode refid="9" relation="include">
        </childnode>
        <childnode refid="25" relation="include">
        </childnode>
      </node>
      <node id="22">
        <label>rocky_particle_api.hpp</label>
        <link refid="rocky__particle__api_8hpp_source"/>
        <childnode refid="23" relation="include">
        </childnode>
        <childnode refid="26" relation="include">
        </childnode>
        <childnode refid="24" relation="include">
        </childnode>
      </node>
      <node id="24">
        <label>rocky20/api/rocky_particle_scalars.hpp</label>
        <link refid="rocky__particle__scalars_8hpp_source"/>
        <childnode refid="14" relation="include">
        </childnode>
      </node>
      <node id="11">
        <label>rocky_point_cloud.h</label>
        <link refid="rocky__point__cloud_8h_source"/>
        <childnode refid="12" relation="include">
        </childnode>
      </node>
      <node id="10">
        <label>rocky20/api/rocky_point_cloud_api.hpp</label>
        <link refid="rocky__point__cloud__api_8hpp_source"/>
        <childnode refid="11" relation="include">
        </childnode>
      </node>
      <node id="14">
        <label>rocky_scalars.h</label>
        <link refid="rocky__scalars_8h_source"/>
        <childnode refid="15" relation="include">
        </childnode>
        <childnode refid="16" relation="include">
        </childnode>
        <childnode refid="19" relation="include">
        </childnode>
      </node>
      <node id="19">
        <label>rocky20/api/rocky_statistics_data.hpp</label>
        <link refid="rocky__statistics__data_8hpp_source"/>
        <childnode refid="20" relation="include">
        </childnode>
        <childnode refid="16" relation="include">
        </childnode>
      </node>
      <node id="31">
        <label>rocky_triangle_scalars.hpp</label>
        <link refid="rocky__triangle__scalars_8hpp_source"/>
        <childnode refid="14" relation="include">
        </childnode>
      </node>
      <node id="27">
        <label>rocky20/api/rocky_vicinity_pair_api.hpp</label>
        <link refid="rocky__vicinity__pair__api_8hpp_source"/>
        <childnode refid="28" relation="include">
        </childnode>
        <childnode refid="22" relation="include">
        </childnode>
      </node>
      <node id="3">
        <label>cstddef</label>
      </node>
      <node id="6">
        <label>rocky20/core/utils/rocky_math.hpp</label>
      </node>
      <node id="17">
        <label>rocky20/cuda/cuda_basics.hpp</label>
      </node>
      <node id="9">
        <label>rocky20/device/device_model.hpp</label>
      </node>
      <node id="29">
        <label>rocky20/device/device_triangles.hpp</label>
      </node>
      <node id="25">
        <label>rocky20/device/element_properties.hpp</label>
      </node>
      <node id="18">
        <label>rocky20/device/omp_backend.hpp</label>
      </node>
      <node id="12">
        <label>rocky20/model/point_cloud.h</label>
      </node>
      <node id="15">
        <label>rocky20/model/rocky_model.h</label>
      </node>
      <node id="20">
        <label>rocky20/model/statistics_data.hpp</label>
      </node>
    </incdepgraph>
    <briefdescription>
    </briefdescription>
    <detaileddescription>
    </detaileddescription>
    <programlisting>
<codeline lineno="1"><highlight class="comment">//<sp/>(C)<sp/>2024<sp/>ANSYS,<sp/>Inc.<sp/>Unauthorized<sp/>use,<sp/>distribution,<sp/>or<sp/>duplication<sp/>is<sp/>prohibited.</highlight><highlight class="normal"></highlight></codeline>
<codeline lineno="2"><highlight class="normal"></highlight><highlight class="preprocessor">#pragma<sp/>once</highlight><highlight class="normal"></highlight></codeline>
<codeline lineno="3"><highlight class="normal"></highlight></codeline>
<codeline lineno="4"><highlight class="normal"></highlight><highlight class="comment">//<sp/>Includes<sp/>=======================================================================================</highlight><highlight class="normal"></highlight></codeline>
<codeline lineno="5"><highlight class="normal"></highlight><highlight class="preprocessor">#include<sp/>&quot;rocky_api_vicinity_functions.h&quot;</highlight><highlight class="normal"></highlight></codeline>
<codeline lineno="6"><highlight class="normal"></highlight></codeline>
<codeline lineno="7"><highlight class="normal"></highlight><highlight class="preprocessor">#include<sp/>&quot;device/api_device_vicinity.hpp&quot;</highlight></codeline>
    </programlisting>
    <location file="source/c++/rocky20/api/rocky_api_vicinity.h"/>
  </compounddef>
</doxygen>
