<?xml version='1.0' encoding='UTF-8' standalone='no'?>
<doxygen xmlns:xsi="http://www.w3.org/2001/XMLSchema-instance" xsi:noNamespaceSchemaLocation="compound.xsd" version="1.10.0" xml:lang="en-US">
  <compounddef id="rocky__time__curve__data_8cpp" kind="file" language="C++">
    <compoundname>rocky_time_curve_data.cpp</compoundname>
    <includes refid="rocky__time__curve__data_8hpp" local="yes">rocky_time_curve_data.hpp</includes>
    <includes local="no">rocky20/addins/RockyAddinCurvesWriter.h</includes>
    <includes local="no">rocky20/core/utils/rocky_exception.hpp</includes>
    <incdepgraph>
      <node id="1">
        <label>source/c++/rocky20/api/rocky_time_curve_data.cpp</label>
        <link refid="rocky__time__curve__data_8cpp"/>
        <childnode refid="2" relation="include">
        </childnode>
        <childnode refid="4" relation="include">
        </childnode>
        <childnode refid="5" relation="include">
        </childnode>
      </node>
      <node id="2">
        <label>rocky_time_curve_data.hpp</label>
        <link refid="rocky__time__curve__data_8hpp_source"/>
        <childnode refid="3" relation="include">
        </childnode>
      </node>
      <node id="4">
        <label>rocky20/addins/RockyAddinCurvesWriter.h</label>
      </node>
      <node id="3">
        <label>rocky20/addins/rocky_addin.h</label>
      </node>
      <node id="5">
        <label>rocky20/core/utils/rocky_exception.hpp</label>
      </node>
    </incdepgraph>
    <sectiondef kind="typedef">
      <memberdef kind="typedef" id="rocky__time__curve__data_8cpp_1ae95923c8e27779c818ef19e4b19a41ce" prot="public" static="no">
        <type>rocky20::RockyAddinCurvesWriter</type>
        <definition>using DatasetsWriter =  rocky20::RockyAddinCurvesWriter</definition>
        <argsstring></argsstring>
        <name>DatasetsWriter</name>
        <briefdescription>
        </briefdescription>
        <detaileddescription>
        </detaileddescription>
        <inbodydescription>
        </inbodydescription>
        <location file="source/c++/rocky20/api/rocky_time_curve_data.cpp" line="9" column="1" bodyfile="source/c++/rocky20/api/rocky_time_curve_data.cpp" bodystart="9" bodyend="-1"/>
      </memberdef>
    </sectiondef>
    <briefdescription>
    </briefdescription>
    <detaileddescription>
    </detaileddescription>
    <programlisting>
<codeline lineno="1"><highlight class="comment">//<sp/>(C)<sp/>2024<sp/>ANSYS,<sp/>Inc.<sp/>Unauthorized<sp/>use,<sp/>distribution,<sp/>or<sp/>duplication<sp/>is<sp/>prohibited.</highlight><highlight class="normal"></highlight></codeline>
<codeline lineno="2"><highlight class="normal"></highlight></codeline>
<codeline lineno="3"><highlight class="normal"></highlight><highlight class="comment">//<sp/>Includes<sp/>========================================================================================</highlight><highlight class="normal"></highlight></codeline>
<codeline lineno="4"><highlight class="normal"></highlight><highlight class="preprocessor">#include<sp/>&quot;rocky_time_curve_data.hpp&quot;</highlight><highlight class="normal"></highlight></codeline>
<codeline lineno="5"><highlight class="normal"></highlight></codeline>
<codeline lineno="6"><highlight class="normal"></highlight><highlight class="preprocessor">#include<sp/>&lt;rocky20/addins/RockyAddinCurvesWriter.h&gt;</highlight><highlight class="normal"></highlight></codeline>
<codeline lineno="7"><highlight class="normal"></highlight><highlight class="preprocessor">#include<sp/>&lt;rocky20/core/utils/rocky_exception.hpp&gt;</highlight><highlight class="normal"></highlight></codeline>
<codeline lineno="8"><highlight class="normal"></highlight></codeline>
<codeline lineno="9"><highlight class="normal"></highlight><highlight class="keyword">using<sp/></highlight><highlight class="normal">DatasetsWriter<sp/>=<sp/>rocky20::RockyAddinCurvesWriter;</highlight></codeline>
<codeline lineno="10"><highlight class="normal"></highlight></codeline>
<codeline lineno="11"><highlight class="normal"></highlight><highlight class="comment">//<sp/>=================================================================================================</highlight><highlight class="normal"></highlight></codeline>
<codeline lineno="12"><highlight class="normal"></highlight><highlight class="comment">//<sp/>RockyCurveCollectionData</highlight><highlight class="normal"></highlight></codeline>
<codeline lineno="13"><highlight class="normal"></highlight><highlight class="comment">//<sp/>=================================================================================================</highlight><highlight class="normal"></highlight></codeline>
<codeline lineno="14"><highlight class="normal"></highlight></codeline>
<codeline lineno="15"><highlight class="normal">RockyCurveCollectionData::RockyCurveCollectionData(std::shared_ptr&lt;DatasetsWriter&gt;<sp/>datasets_writer)</highlight></codeline>
<codeline lineno="16"><highlight class="normal"><sp/><sp/><sp/><sp/>:<sp/>_datasets_writer(datasets_writer)</highlight></codeline>
<codeline lineno="17"><highlight class="normal">{</highlight></codeline>
<codeline lineno="18"><highlight class="normal">}</highlight></codeline>
<codeline lineno="19"><highlight class="normal"></highlight></codeline>
<codeline lineno="20"><highlight class="normal"></highlight><highlight class="keywordtype">void</highlight><highlight class="normal"><sp/>RockyCurveCollectionData::create_particles_dataset(</highlight></codeline>
<codeline lineno="21"><highlight class="normal"><sp/><sp/><sp/><sp/></highlight><highlight class="keyword">const</highlight><highlight class="normal"><sp/>std::string&amp;<sp/>name,<sp/></highlight><highlight class="keyword">const</highlight><highlight class="normal"><sp/>std::string&amp;<sp/>unit)</highlight></codeline>
<codeline lineno="22"><highlight class="normal">{</highlight></codeline>
<codeline lineno="23"><highlight class="normal"><sp/><sp/><sp/><sp/>this-&gt;_datasets_writer-&gt;CreateDataset(name,<sp/>unit,<sp/>DatasetsWriter::coParticles);</highlight></codeline>
<codeline lineno="24"><highlight class="normal">}</highlight></codeline>
<codeline lineno="25"><highlight class="normal"></highlight></codeline>
<codeline lineno="26"><highlight class="normal"></highlight><highlight class="keywordtype">void</highlight><highlight class="normal"><sp/>RockyCurveCollectionData::create_solver_dataset(</highlight></codeline>
<codeline lineno="27"><highlight class="normal"><sp/><sp/><sp/><sp/></highlight><highlight class="keyword">const</highlight><highlight class="normal"><sp/>std::string&amp;<sp/>name,<sp/></highlight><highlight class="keyword">const</highlight><highlight class="normal"><sp/>std::string&amp;<sp/>unit)</highlight></codeline>
<codeline lineno="28"><highlight class="normal">{</highlight></codeline>
<codeline lineno="29"><highlight class="normal"><sp/><sp/><sp/><sp/>this-&gt;_datasets_writer-&gt;CreateDataset(name,<sp/>unit,<sp/>DatasetsWriter::coSolver);</highlight></codeline>
<codeline lineno="30"><highlight class="normal">}</highlight></codeline>
<codeline lineno="31"><highlight class="normal"></highlight></codeline>
<codeline lineno="32"><highlight class="normal"></highlight><highlight class="keywordtype">void</highlight><highlight class="normal"><sp/>RockyCurveCollectionData::create_geometry_dataset(</highlight></codeline>
<codeline lineno="33"><highlight class="normal"><sp/><sp/><sp/><sp/></highlight><highlight class="keyword">const</highlight><highlight class="normal"><sp/>std::string&amp;<sp/>name,<sp/></highlight><highlight class="keyword">const</highlight><highlight class="normal"><sp/>std::string&amp;<sp/>unit,<sp/></highlight><highlight class="keywordtype">int</highlight><highlight class="normal"><sp/>geometry_id)</highlight></codeline>
<codeline lineno="34"><highlight class="normal">{</highlight></codeline>
<codeline lineno="35"><highlight class="normal"><sp/><sp/><sp/><sp/>this-&gt;_datasets_writer-&gt;CreateDataset(name,<sp/>unit,<sp/>DatasetsWriter::coBoundary,<sp/>geometry_id);</highlight></codeline>
<codeline lineno="36"><highlight class="normal">}</highlight></codeline>
<codeline lineno="37"><highlight class="normal"></highlight></codeline>
<codeline lineno="38"><highlight class="normal"></highlight><highlight class="keywordtype">void</highlight><highlight class="normal"><sp/>RockyCurveCollectionData::create_custom_dataset(</highlight></codeline>
<codeline lineno="39"><highlight class="normal"><sp/><sp/><sp/><sp/></highlight><highlight class="keyword">const</highlight><highlight class="normal"><sp/>std::string<sp/>&amp;domain_name,<sp/></highlight><highlight class="keyword">const</highlight><highlight class="normal"><sp/>std::string<sp/>&amp;unit,<sp/></highlight><highlight class="keyword">const</highlight><highlight class="normal"><sp/>std::string<sp/>&amp;owner_name)</highlight></codeline>
<codeline lineno="40"><highlight class="normal">{</highlight></codeline>
<codeline lineno="41"><highlight class="normal"><sp/><sp/><sp/><sp/>this-&gt;_datasets_writer-&gt;CreateDataset(domain_name,<sp/>unit,<sp/>owner_name);</highlight></codeline>
<codeline lineno="42"><highlight class="normal">}</highlight></codeline>
<codeline lineno="43"><highlight class="normal"></highlight></codeline>
<codeline lineno="44"><highlight class="normal"></highlight><highlight class="keywordtype">void</highlight><highlight class="normal"><sp/>RockyCurveCollectionData::create_particles_curve(</highlight></codeline>
<codeline lineno="45"><highlight class="normal"><sp/><sp/><sp/><sp/></highlight><highlight class="keyword">const</highlight><highlight class="normal"><sp/>std::string&amp;<sp/>domain_name,<sp/></highlight><highlight class="keyword">const</highlight><highlight class="normal"><sp/>std::string&amp;<sp/>image_name)</highlight></codeline>
<codeline lineno="46"><highlight class="normal">{</highlight></codeline>
<codeline lineno="47"><highlight class="normal"><sp/><sp/><sp/><sp/>this-&gt;_datasets_writer-&gt;CreateCurve(</highlight></codeline>
<codeline lineno="48"><highlight class="normal"><sp/><sp/><sp/><sp/><sp/><sp/><sp/><sp/>domain_name,<sp/>image_name,<sp/>DatasetsWriter::ctTransientCurve,<sp/>DatasetsWriter::coParticles);</highlight></codeline>
<codeline lineno="49"><highlight class="normal">}</highlight></codeline>
<codeline lineno="50"><highlight class="normal"></highlight></codeline>
<codeline lineno="51"><highlight class="normal"></highlight><highlight class="keywordtype">void</highlight><highlight class="normal"><sp/>RockyCurveCollectionData::create_solver_curve(</highlight></codeline>
<codeline lineno="52"><highlight class="normal"><sp/><sp/><sp/><sp/></highlight><highlight class="keyword">const</highlight><highlight class="normal"><sp/>std::string&amp;<sp/>domain_name,<sp/></highlight><highlight class="keyword">const</highlight><highlight class="normal"><sp/>std::string&amp;<sp/>image_name)</highlight></codeline>
<codeline lineno="53"><highlight class="normal">{</highlight></codeline>
<codeline lineno="54"><highlight class="normal"><sp/><sp/><sp/><sp/>this-&gt;_datasets_writer-&gt;CreateCurve(</highlight></codeline>
<codeline lineno="55"><highlight class="normal"><sp/><sp/><sp/><sp/><sp/><sp/><sp/><sp/>domain_name,<sp/>image_name,<sp/>DatasetsWriter::ctTransientCurve,<sp/>DatasetsWriter::coSolver);</highlight></codeline>
<codeline lineno="56"><highlight class="normal">}</highlight></codeline>
<codeline lineno="57"><highlight class="normal"></highlight></codeline>
<codeline lineno="58"><highlight class="normal"></highlight><highlight class="keywordtype">void</highlight><highlight class="normal"><sp/>RockyCurveCollectionData::create_geometry_curve(</highlight></codeline>
<codeline lineno="59"><highlight class="normal"><sp/><sp/><sp/><sp/></highlight><highlight class="keyword">const</highlight><highlight class="normal"><sp/>std::string&amp;<sp/>domain_name,<sp/></highlight><highlight class="keyword">const</highlight><highlight class="normal"><sp/>std::string&amp;<sp/>image_name,<sp/></highlight><highlight class="keywordtype">int</highlight><highlight class="normal"><sp/>geometry_id)</highlight></codeline>
<codeline lineno="60"><highlight class="normal">{</highlight></codeline>
<codeline lineno="61"><highlight class="normal"><sp/><sp/><sp/><sp/>this-&gt;_datasets_writer-&gt;CreateCurve(</highlight></codeline>
<codeline lineno="62"><highlight class="normal"><sp/><sp/><sp/><sp/><sp/><sp/><sp/><sp/>domain_name,</highlight></codeline>
<codeline lineno="63"><highlight class="normal"><sp/><sp/><sp/><sp/><sp/><sp/><sp/><sp/>image_name,</highlight></codeline>
<codeline lineno="64"><highlight class="normal"><sp/><sp/><sp/><sp/><sp/><sp/><sp/><sp/>DatasetsWriter::ctTransientCurve,</highlight></codeline>
<codeline lineno="65"><highlight class="normal"><sp/><sp/><sp/><sp/><sp/><sp/><sp/><sp/>DatasetsWriter::coBoundary,</highlight></codeline>
<codeline lineno="66"><highlight class="normal"><sp/><sp/><sp/><sp/><sp/><sp/><sp/><sp/>geometry_id);</highlight></codeline>
<codeline lineno="67"><highlight class="normal">}</highlight></codeline>
<codeline lineno="68"><highlight class="normal"></highlight></codeline>
<codeline lineno="69"><highlight class="normal"></highlight><highlight class="keywordtype">void</highlight><highlight class="normal"><sp/>RockyCurveCollectionData::create_custom_curve(</highlight></codeline>
<codeline lineno="70"><highlight class="normal"><sp/><sp/><sp/><sp/></highlight><highlight class="keyword">const</highlight><highlight class="normal"><sp/>std::string<sp/>&amp;domain_name,<sp/></highlight><highlight class="keyword">const</highlight><highlight class="normal"><sp/>std::string<sp/>&amp;image_name,<sp/></highlight><highlight class="keyword">const</highlight><highlight class="normal"><sp/>std::string<sp/>&amp;owner_name)</highlight></codeline>
<codeline lineno="71"><highlight class="normal">{</highlight></codeline>
<codeline lineno="72"><highlight class="normal"><sp/><sp/><sp/><sp/>this-&gt;_datasets_writer-&gt;CreateCurve(domain_name,<sp/>image_name,<sp/>DatasetsWriter::ctTransientCurve,<sp/>owner_name);</highlight></codeline>
<codeline lineno="73"><highlight class="normal">}</highlight></codeline>
<codeline lineno="74"><highlight class="normal"></highlight></codeline>
<codeline lineno="75"><highlight class="normal"></highlight><highlight class="keywordtype">void</highlight><highlight class="normal"><sp/>RockyCurveCollectionData::setup_particles_dataset_dimension(</highlight></codeline>
<codeline lineno="76"><highlight class="normal"><sp/><sp/><sp/><sp/></highlight><highlight class="keyword">const</highlight><highlight class="normal"><sp/>std::string&amp;<sp/>name,<sp/></highlight><highlight class="keywordtype">double</highlight><highlight class="normal"><sp/>dimension)</highlight></codeline>
<codeline lineno="77"><highlight class="normal">{</highlight></codeline>
<codeline lineno="78"><highlight class="normal"><sp/><sp/><sp/><sp/>this-&gt;_datasets_writer-&gt;SetDatasetDimension(name,<sp/>dimension,<sp/>DatasetsWriter::coParticles);</highlight></codeline>
<codeline lineno="79"><highlight class="normal">}</highlight></codeline>
<codeline lineno="80"><highlight class="normal"></highlight></codeline>
<codeline lineno="81"><highlight class="normal"></highlight><highlight class="keywordtype">void</highlight><highlight class="normal"><sp/>RockyCurveCollectionData::setup_solver_dataset_dimension(</highlight></codeline>
<codeline lineno="82"><highlight class="normal"><sp/><sp/><sp/><sp/></highlight><highlight class="keyword">const</highlight><highlight class="normal"><sp/>std::string&amp;<sp/>name,<sp/></highlight><highlight class="keywordtype">double</highlight><highlight class="normal"><sp/>dimension)</highlight></codeline>
<codeline lineno="83"><highlight class="normal">{</highlight></codeline>
<codeline lineno="84"><highlight class="normal"><sp/><sp/><sp/><sp/>this-&gt;_datasets_writer-&gt;SetDatasetDimension(name,<sp/>dimension,<sp/>DatasetsWriter::coSolver);</highlight></codeline>
<codeline lineno="85"><highlight class="normal">}</highlight></codeline>
<codeline lineno="86"><highlight class="normal"></highlight></codeline>
<codeline lineno="87"><highlight class="normal"></highlight><highlight class="keywordtype">void</highlight><highlight class="normal"><sp/>RockyCurveCollectionData::setup_geometry_dataset_dimension(</highlight></codeline>
<codeline lineno="88"><highlight class="normal"><sp/><sp/><sp/><sp/></highlight><highlight class="keyword">const</highlight><highlight class="normal"><sp/>std::string&amp;<sp/>name,<sp/></highlight><highlight class="keywordtype">double</highlight><highlight class="normal"><sp/>dimension,<sp/></highlight><highlight class="keywordtype">int</highlight><highlight class="normal"><sp/>geometry_id)</highlight></codeline>
<codeline lineno="89"><highlight class="normal">{</highlight></codeline>
<codeline lineno="90"><highlight class="normal"><sp/><sp/><sp/><sp/>this-&gt;_datasets_writer-&gt;SetDatasetDimension(</highlight></codeline>
<codeline lineno="91"><highlight class="normal"><sp/><sp/><sp/><sp/><sp/><sp/><sp/><sp/>name,<sp/>dimension,<sp/>DatasetsWriter::coBoundary,<sp/>geometry_id);</highlight></codeline>
<codeline lineno="92"><highlight class="normal">}</highlight></codeline>
<codeline lineno="93"><highlight class="normal"></highlight></codeline>
<codeline lineno="94"><highlight class="normal"></highlight><highlight class="keywordtype">void</highlight><highlight class="normal"><sp/>RockyCurveCollectionData::setup_custom_dataset_dimension(</highlight></codeline>
<codeline lineno="95"><highlight class="normal"><sp/><sp/><sp/><sp/><sp/><sp/><sp/><sp/></highlight><highlight class="keyword">const</highlight><highlight class="normal"><sp/>std::string&amp;<sp/>name,<sp/></highlight><highlight class="keywordtype">double</highlight><highlight class="normal"><sp/>dimension,<sp/></highlight><highlight class="keyword">const</highlight><highlight class="normal"><sp/>std::string&amp;<sp/>owner_name)</highlight></codeline>
<codeline lineno="96"><highlight class="normal">{</highlight></codeline>
<codeline lineno="97"><highlight class="normal"><sp/><sp/><sp/><sp/>this-&gt;_datasets_writer-&gt;SetDatasetDimension(</highlight></codeline>
<codeline lineno="98"><highlight class="normal"><sp/><sp/><sp/><sp/><sp/><sp/><sp/><sp/><sp/><sp/><sp/><sp/>name,<sp/>dimension,<sp/>owner_name);</highlight></codeline>
<codeline lineno="99"><highlight class="normal">}</highlight></codeline>
<codeline lineno="100"><highlight class="normal"></highlight></codeline>
<codeline lineno="101"><highlight class="normal"></highlight><highlight class="keywordtype">void</highlight><highlight class="normal"><sp/>RockyCurveCollectionData::update_particles_dataset(</highlight></codeline>
<codeline lineno="102"><highlight class="normal"><sp/><sp/><sp/><sp/></highlight><highlight class="keyword">const</highlight><highlight class="normal"><sp/>std::string&amp;<sp/>name,<sp/></highlight><highlight class="keyword">const</highlight><highlight class="normal"><sp/></highlight><highlight class="keywordtype">double</highlight><highlight class="normal">*<sp/>dataset,<sp/></highlight><highlight class="keywordtype">size_t</highlight><highlight class="normal"><sp/>size)</highlight></codeline>
<codeline lineno="103"><highlight class="normal">{</highlight></codeline>
<codeline lineno="104"><highlight class="normal"><sp/><sp/><sp/><sp/>this-&gt;_datasets_writer-&gt;UpdateDataset(name,<sp/>dataset,<sp/>size,<sp/>DatasetsWriter::coParticles);</highlight></codeline>
<codeline lineno="105"><highlight class="normal">}</highlight></codeline>
<codeline lineno="106"><highlight class="normal"></highlight></codeline>
<codeline lineno="107"><highlight class="normal"></highlight><highlight class="keywordtype">void</highlight><highlight class="normal"><sp/>RockyCurveCollectionData::update_solver_dataset(</highlight></codeline>
<codeline lineno="108"><highlight class="normal"><sp/><sp/><sp/><sp/></highlight><highlight class="keyword">const</highlight><highlight class="normal"><sp/>std::string&amp;<sp/>name,<sp/></highlight><highlight class="keyword">const</highlight><highlight class="normal"><sp/></highlight><highlight class="keywordtype">double</highlight><highlight class="normal">*<sp/>dataset,<sp/></highlight><highlight class="keywordtype">size_t</highlight><highlight class="normal"><sp/>size)</highlight></codeline>
<codeline lineno="109"><highlight class="normal">{</highlight></codeline>
<codeline lineno="110"><highlight class="normal"><sp/><sp/><sp/><sp/>this-&gt;_datasets_writer-&gt;UpdateDataset(name,<sp/>dataset,<sp/>size,<sp/>DatasetsWriter::coSolver);</highlight></codeline>
<codeline lineno="111"><highlight class="normal">}</highlight></codeline>
<codeline lineno="112"><highlight class="normal"></highlight></codeline>
<codeline lineno="113"><highlight class="normal"></highlight><highlight class="keywordtype">void</highlight><highlight class="normal"><sp/>RockyCurveCollectionData::update_geometry_dataset(</highlight></codeline>
<codeline lineno="114"><highlight class="normal"><sp/><sp/><sp/><sp/></highlight><highlight class="keyword">const</highlight><highlight class="normal"><sp/>std::string&amp;<sp/>name,<sp/></highlight><highlight class="keyword">const</highlight><highlight class="normal"><sp/></highlight><highlight class="keywordtype">double</highlight><highlight class="normal">*<sp/>dataset,<sp/></highlight><highlight class="keywordtype">size_t</highlight><highlight class="normal"><sp/>size,<sp/></highlight><highlight class="keywordtype">int</highlight><highlight class="normal"><sp/>geometry_id)</highlight></codeline>
<codeline lineno="115"><highlight class="normal">{</highlight></codeline>
<codeline lineno="116"><highlight class="normal"><sp/><sp/><sp/><sp/>this-&gt;_datasets_writer-&gt;UpdateDataset(</highlight></codeline>
<codeline lineno="117"><highlight class="normal"><sp/><sp/><sp/><sp/><sp/><sp/><sp/><sp/>name,<sp/>dataset,<sp/>size,<sp/>DatasetsWriter::coBoundary,<sp/>geometry_id);</highlight></codeline>
<codeline lineno="118"><highlight class="normal">}</highlight></codeline>
<codeline lineno="119"><highlight class="normal"></highlight></codeline>
<codeline lineno="120"><highlight class="normal"></highlight><highlight class="keywordtype">void</highlight><highlight class="normal"><sp/>RockyCurveCollectionData::update_custom_dataset(</highlight></codeline>
<codeline lineno="121"><highlight class="normal"><sp/><sp/><sp/><sp/><sp/><sp/><sp/><sp/></highlight><highlight class="keyword">const</highlight><highlight class="normal"><sp/>std::string&amp;<sp/>name,<sp/></highlight><highlight class="keyword">const</highlight><highlight class="normal"><sp/></highlight><highlight class="keywordtype">double</highlight><highlight class="normal">*<sp/>dataset,<sp/></highlight><highlight class="keywordtype">size_t</highlight><highlight class="normal"><sp/>size,<sp/></highlight><highlight class="keyword">const</highlight><highlight class="normal"><sp/>std::string&amp;<sp/>owner_name)</highlight></codeline>
<codeline lineno="122"><highlight class="normal">{</highlight></codeline>
<codeline lineno="123"><highlight class="normal"><sp/><sp/><sp/><sp/>this-&gt;_datasets_writer-&gt;UpdateDataset(name,<sp/>dataset,<sp/>size,<sp/>owner_name);</highlight></codeline>
<codeline lineno="124"><highlight class="normal">}</highlight></codeline>
<codeline lineno="125"><highlight class="normal"></highlight></codeline>
<codeline lineno="126"><highlight class="normal"></highlight><highlight class="keywordtype">void</highlight><highlight class="normal"><sp/>RockyCurveCollectionData::create_particles_time_curve(</highlight></codeline>
<codeline lineno="127"><highlight class="normal"><sp/><sp/><sp/><sp/></highlight><highlight class="keyword">const</highlight><highlight class="normal"><sp/>std::string&amp;<sp/>name,<sp/></highlight><highlight class="keyword">const</highlight><highlight class="normal"><sp/>std::string&amp;<sp/>unit)</highlight></codeline>
<codeline lineno="128"><highlight class="normal">{</highlight></codeline>
<codeline lineno="129"><highlight class="normal"><sp/><sp/><sp/><sp/>this-&gt;_datasets_writer-&gt;CreateTimeCurve(name,<sp/>unit,<sp/>DatasetsWriter::coParticles);</highlight></codeline>
<codeline lineno="130"><highlight class="normal">}</highlight></codeline>
<codeline lineno="131"><highlight class="normal"></highlight></codeline>
<codeline lineno="132"><highlight class="normal"></highlight><highlight class="keywordtype">void</highlight><highlight class="normal"><sp/>RockyCurveCollectionData::create_solver_time_curve(</highlight></codeline>
<codeline lineno="133"><highlight class="normal"><sp/><sp/><sp/><sp/></highlight><highlight class="keyword">const</highlight><highlight class="normal"><sp/>std::string&amp;<sp/>name,<sp/></highlight><highlight class="keyword">const</highlight><highlight class="normal"><sp/>std::string&amp;<sp/>unit)</highlight></codeline>
<codeline lineno="134"><highlight class="normal">{</highlight></codeline>
<codeline lineno="135"><highlight class="normal"><sp/><sp/><sp/><sp/>this-&gt;_datasets_writer-&gt;CreateTimeCurve(name,<sp/>unit,<sp/>DatasetsWriter::coSolver);</highlight></codeline>
<codeline lineno="136"><highlight class="normal">}</highlight></codeline>
<codeline lineno="137"><highlight class="normal"></highlight></codeline>
<codeline lineno="138"><highlight class="normal"></highlight><highlight class="keywordtype">void</highlight><highlight class="normal"><sp/>RockyCurveCollectionData::create_geometry_time_curve(</highlight></codeline>
<codeline lineno="139"><highlight class="normal"><sp/><sp/><sp/><sp/></highlight><highlight class="keyword">const</highlight><highlight class="normal"><sp/>std::string&amp;<sp/>name,<sp/></highlight><highlight class="keyword">const</highlight><highlight class="normal"><sp/>std::string&amp;<sp/>unit,<sp/></highlight><highlight class="keywordtype">int</highlight><highlight class="normal"><sp/>geometry_id)</highlight></codeline>
<codeline lineno="140"><highlight class="normal">{</highlight></codeline>
<codeline lineno="141"><highlight class="normal"><sp/><sp/><sp/><sp/>this-&gt;_datasets_writer-&gt;CreateTimeCurve(name,<sp/>unit,<sp/>DatasetsWriter::coBoundary,<sp/>geometry_id);</highlight></codeline>
<codeline lineno="142"><highlight class="normal">}</highlight></codeline>
<codeline lineno="143"><highlight class="normal"></highlight></codeline>
<codeline lineno="144"><highlight class="normal"></highlight><highlight class="keywordtype">void</highlight><highlight class="normal"><sp/>RockyCurveCollectionData::create_custom_time_curve(</highlight></codeline>
<codeline lineno="145"><highlight class="normal"><sp/><sp/><sp/><sp/><sp/><sp/><sp/><sp/></highlight><highlight class="keyword">const</highlight><highlight class="normal"><sp/>std::string&amp;<sp/>name,<sp/></highlight><highlight class="keyword">const</highlight><highlight class="normal"><sp/>std::string&amp;<sp/>unit,<sp/></highlight><highlight class="keyword">const</highlight><highlight class="normal"><sp/>std::string&amp;<sp/>owner_name)</highlight></codeline>
<codeline lineno="146"><highlight class="normal">{</highlight></codeline>
<codeline lineno="147"><highlight class="normal"><sp/><sp/><sp/><sp/>this-&gt;_datasets_writer-&gt;CreateTimeCurve(name,<sp/>unit,<sp/>owner_name);</highlight></codeline>
<codeline lineno="148"><highlight class="normal">}</highlight></codeline>
<codeline lineno="149"><highlight class="normal"></highlight></codeline>
    </programlisting>
    <location file="source/c++/rocky20/api/rocky_time_curve_data.cpp"/>
  </compounddef>
</doxygen>
