<?xml version='1.0' encoding='UTF-8' standalone='no'?>
<doxygen xmlns:xsi="http://www.w3.org/2001/XMLSchema-instance" xsi:noNamespaceSchemaLocation="compound.xsd" version="1.10.0" xml:lang="en-US">
  <compounddef id="rocky__sph__element__api_8hpp" kind="file" language="C++">
    <compoundname>rocky_sph_element_api.hpp</compoundname>
    <includes refid="rocky__sph__element_8hpp" local="yes">rocky_sph_element.hpp</includes>
    <includes refid="rocky__sph__element__scalars_8hpp" local="yes">rocky_sph_element_scalars.hpp</includes>
    <includes refid="rocky__particle__api_8hpp" local="no">rocky20/api/rocky_particle_api.hpp</includes>
    <includedby refid="api__device__sph_8hpp" local="no">source/c++/rocky20/api/sph/api_device_sph.hpp</includedby>
    <includedby refid="rocky__sph__interaction__api_8hpp" local="yes">source/c++/rocky20/api/sph/rocky_sph_interaction_api.hpp</includedby>
    <includedby refid="rocky__sph__model__api_8hpp" local="yes">source/c++/rocky20/api/sph/rocky_sph_model_api.hpp</includedby>
    <incdepgraph>
      <node id="3">
        <label>rocky20/api/device/api_backend.hpp</label>
        <link refid="api__backend_8hpp_source"/>
        <childnode refid="4" relation="include">
        </childnode>
        <childnode refid="5" relation="include">
        </childnode>
      </node>
      <node id="18">
        <label>rocky_material_api.hpp</label>
        <link refid="rocky__material__api_8hpp_source"/>
        <childnode refid="12" relation="include">
        </childnode>
      </node>
      <node id="6">
        <label>rocky20/api/rocky_particle.hpp</label>
        <link refid="rocky__particle_8hpp_source"/>
        <childnode refid="3" relation="include">
        </childnode>
        <childnode refid="7" relation="include">
        </childnode>
        <childnode refid="12" relation="include">
        </childnode>
        <childnode refid="13" relation="include">
        </childnode>
      </node>
      <node id="17">
        <label>rocky20/api/rocky_particle_api.hpp</label>
        <link refid="rocky__particle__api_8hpp_source"/>
        <childnode refid="6" relation="include">
        </childnode>
        <childnode refid="18" relation="include">
        </childnode>
        <childnode refid="7" relation="include">
        </childnode>
      </node>
      <node id="7">
        <label>rocky20/api/rocky_particle_scalars.hpp</label>
        <link refid="rocky__particle__scalars_8hpp_source"/>
        <childnode refid="8" relation="include">
        </childnode>
      </node>
      <node id="8">
        <label>rocky_scalars.h</label>
        <link refid="rocky__scalars_8h_source"/>
        <childnode refid="9" relation="include">
        </childnode>
        <childnode refid="3" relation="include">
        </childnode>
        <childnode refid="10" relation="include">
        </childnode>
      </node>
      <node id="10">
        <label>rocky20/api/rocky_statistics_data.hpp</label>
        <link refid="rocky__statistics__data_8hpp_source"/>
        <childnode refid="11" relation="include">
        </childnode>
        <childnode refid="3" relation="include">
        </childnode>
      </node>
      <node id="2">
        <label>rocky_sph_element.hpp</label>
        <link refid="rocky__sph__element_8hpp_source"/>
        <childnode refid="3" relation="include">
        </childnode>
        <childnode refid="6" relation="include">
        </childnode>
        <childnode refid="12" relation="include">
        </childnode>
        <childnode refid="14" relation="include">
        </childnode>
      </node>
      <node id="1">
        <label>source/c++/rocky20/api/sph/rocky_sph_element_api.hpp</label>
        <link refid="rocky__sph__element__api_8hpp"/>
        <childnode refid="2" relation="include">
        </childnode>
        <childnode refid="15" relation="include">
        </childnode>
        <childnode refid="17" relation="include">
        </childnode>
      </node>
      <node id="15">
        <label>rocky_sph_element_scalars.hpp</label>
        <link refid="rocky__sph__element__scalars_8hpp_source"/>
        <childnode refid="8" relation="include">
        </childnode>
        <childnode refid="16" relation="include">
        </childnode>
      </node>
      <node id="4">
        <label>rocky20/cuda/cuda_basics.hpp</label>
      </node>
      <node id="12">
        <label>rocky20/device/device_model.hpp</label>
      </node>
      <node id="13">
        <label>rocky20/device/element_properties.hpp</label>
      </node>
      <node id="5">
        <label>rocky20/device/omp_backend.hpp</label>
      </node>
      <node id="9">
        <label>rocky20/model/rocky_model.h</label>
      </node>
      <node id="11">
        <label>rocky20/model/statistics_data.hpp</label>
      </node>
      <node id="14">
        <label>rocky20/sph/sph_model.h</label>
      </node>
      <node id="16">
        <label>rocky20/sph/sph_particle_scalars.h</label>
      </node>
    </incdepgraph>
    <invincdepgraph>
      <node id="5">
        <label>source/c++/rocky20/api/rocky_api_sph.h</label>
        <link refid="rocky__api__sph_8h_source"/>
      </node>
      <node id="3">
        <label>source/c++/rocky20/api/sph/api_cuda_sph.hpp</label>
        <link refid="api__cuda__sph_8hpp_source"/>
      </node>
      <node id="2">
        <label>source/c++/rocky20/api/sph/api_device_sph.hpp</label>
        <link refid="api__device__sph_8hpp_source"/>
        <childnode refid="3" relation="include">
        </childnode>
        <childnode refid="4" relation="include">
        </childnode>
      </node>
      <node id="4">
        <label>source/c++/rocky20/api/sph/api_omp_sph.hpp</label>
        <link refid="api__omp__sph_8hpp_source"/>
        <childnode refid="5" relation="include">
        </childnode>
      </node>
      <node id="1">
        <label>source/c++/rocky20/api/sph/rocky_sph_element_api.hpp</label>
        <link refid="rocky__sph__element__api_8hpp"/>
        <childnode refid="2" relation="include">
        </childnode>
        <childnode refid="6" relation="include">
        </childnode>
        <childnode refid="7" relation="include">
        </childnode>
      </node>
      <node id="6">
        <label>source/c++/rocky20/api/sph/rocky_sph_interaction_api.hpp</label>
        <link refid="rocky__sph__interaction__api_8hpp_source"/>
        <childnode refid="2" relation="include">
        </childnode>
      </node>
      <node id="7">
        <label>source/c++/rocky20/api/sph/rocky_sph_model_api.hpp</label>
        <link refid="rocky__sph__model__api_8hpp_source"/>
        <childnode refid="2" relation="include">
        </childnode>
      </node>
    </invincdepgraph>
    <innerclass refid="structIRockySPHElement" prot="public">IRockySPHElement</innerclass>
    <innerclass refid="structIRockySPHElementHost" prot="public">IRockySPHElementHost</innerclass>
    <briefdescription>
    </briefdescription>
    <detaileddescription>
    </detaileddescription>
    <programlisting>
<codeline lineno="1"><highlight class="comment">//<sp/>(C)<sp/>2024<sp/>ANSYS,<sp/>Inc.<sp/>Unauthorized<sp/>use,<sp/>distribution,<sp/>or<sp/>duplication<sp/>is<sp/>prohibited.</highlight><highlight class="normal"></highlight></codeline>
<codeline lineno="2"><highlight class="normal"></highlight><highlight class="preprocessor">#pragma<sp/>once</highlight><highlight class="normal"></highlight></codeline>
<codeline lineno="3"><highlight class="normal"></highlight></codeline>
<codeline lineno="4"><highlight class="normal"></highlight><highlight class="comment">//<sp/>Includes<sp/>=======================================================================================</highlight><highlight class="normal"></highlight></codeline>
<codeline lineno="5"><highlight class="normal"></highlight><highlight class="preprocessor">#include<sp/>&quot;rocky_sph_element.hpp&quot;</highlight><highlight class="normal"></highlight></codeline>
<codeline lineno="6"><highlight class="normal"></highlight><highlight class="preprocessor">#include<sp/>&quot;rocky_sph_element_scalars.hpp&quot;</highlight><highlight class="normal"></highlight></codeline>
<codeline lineno="7"><highlight class="normal"></highlight><highlight class="preprocessor">#include<sp/>&lt;rocky20/api/rocky_particle_api.hpp&gt;</highlight><highlight class="normal"></highlight></codeline>
<codeline lineno="8"><highlight class="normal"></highlight></codeline>
<codeline lineno="9"><highlight class="normal"></highlight><highlight class="comment">//<sp/>================================================================================================</highlight><highlight class="normal"></highlight></codeline>
<codeline lineno="10"><highlight class="normal"></highlight><highlight class="comment">//<sp/>IRockySPHElement</highlight><highlight class="normal"></highlight></codeline>
<codeline lineno="11"><highlight class="normal"></highlight><highlight class="comment">//<sp/>================================================================================================</highlight><highlight class="normal"></highlight></codeline>
<codeline lineno="12"><highlight class="normal"></highlight></codeline>
<codeline lineno="20" refid="structIRockySPHElement" refkind="compound"><highlight class="normal"></highlight><highlight class="keyword">struct<sp/></highlight><highlight class="normal"><ref refid="structIRockySPHElement" kindref="compound">IRockySPHElement</ref></highlight></codeline>
<codeline lineno="21"><highlight class="normal">{</highlight></codeline>
<codeline lineno="24"><highlight class="normal"><sp/><sp/><sp/><sp/>RockySPHElement<sp/>_impl;</highlight></codeline>
<codeline lineno="25"><highlight class="normal"><sp/><sp/><sp/><sp/></highlight><highlight class="keywordtype">double</highlight><highlight class="normal"><sp/>current_time;</highlight></codeline>
<codeline lineno="26"><highlight class="normal"></highlight></codeline>
<codeline lineno="27"><highlight class="normal"><sp/><sp/><sp/><sp/>ROCKY_FUNCTIONS<sp/><ref refid="structIRockySPHElement" kindref="compound">IRockySPHElement</ref>(RockySPHElement<sp/>impl,<sp/></highlight><highlight class="keyword">const</highlight><highlight class="normal"><sp/></highlight><highlight class="keywordtype">double</highlight><highlight class="normal"><sp/>current_time)</highlight></codeline>
<codeline lineno="28"><highlight class="normal"><sp/><sp/><sp/><sp/><sp/><sp/><sp/><sp/>:<sp/>_impl(impl)</highlight></codeline>
<codeline lineno="29"><highlight class="normal"><sp/><sp/><sp/><sp/><sp/><sp/><sp/><sp/>,<sp/>current_time(current_time)</highlight></codeline>
<codeline lineno="30"><highlight class="normal"><sp/><sp/><sp/><sp/>{</highlight></codeline>
<codeline lineno="31"><highlight class="normal"><sp/><sp/><sp/><sp/>}</highlight></codeline>
<codeline lineno="32"><highlight class="normal"></highlight></codeline>
<codeline lineno="37"><highlight class="normal"><sp/><sp/><sp/><sp/><ref refid="structIRockyParticleHost" kindref="compound">IRockyParticleHost</ref><sp/><ref refid="structIRockySPHElement_1a82b39eaf0e1f5b9f09367fcb994af3d9" kindref="member">get_linked_dem_particle</ref>(<ref refid="structIRockyModel" kindref="compound">IRockyModel</ref>&amp;<sp/>model)</highlight><highlight class="keyword"><sp/>const</highlight></codeline>
<codeline lineno="38"><highlight class="keyword"><sp/><sp/><sp/><sp/></highlight><highlight class="normal">{</highlight></codeline>
<codeline lineno="39"><highlight class="normal"><sp/><sp/><sp/><sp/><sp/><sp/><sp/><sp/></highlight><highlight class="keywordflow">return</highlight><highlight class="normal"><sp/>{<sp/>this-&gt;_impl.get_linked_dem_index(),<sp/>model._impl<sp/>};</highlight></codeline>
<codeline lineno="40"><highlight class="normal"><sp/><sp/><sp/><sp/>}</highlight></codeline>
<codeline lineno="41"><highlight class="normal"></highlight></codeline>
<codeline lineno="48" refid="structIRockySPHElement_1a82b39eaf0e1f5b9f09367fcb994af3d9" refkind="member"><highlight class="normal"><sp/><sp/><sp/><sp/>ROCKY_FUNCTIONS<sp/><ref refid="structIRockyParticle" kindref="compound">IRockyParticle</ref><sp/><ref refid="structIRockySPHElement_1a82b39eaf0e1f5b9f09367fcb994af3d9" kindref="member">get_linked_dem_particle</ref>(<ref refid="structIRockyDeviceModel" kindref="compound">IRockyDeviceModel</ref>&amp;<sp/>model)</highlight><highlight class="keyword"><sp/>const</highlight></codeline>
<codeline lineno="49"><highlight class="keyword"><sp/><sp/><sp/><sp/></highlight><highlight class="normal">{</highlight></codeline>
<codeline lineno="50"><highlight class="normal"><sp/><sp/><sp/><sp/><sp/><sp/><sp/><sp/></highlight><highlight class="keywordflow">return</highlight><highlight class="normal"><sp/>{<sp/>this-&gt;_impl.get_linked_dem_index(),<sp/>model._impl.model<sp/>};</highlight></codeline>
<codeline lineno="51"><highlight class="normal"><sp/><sp/><sp/><sp/>}</highlight></codeline>
<codeline lineno="52"><highlight class="normal"></highlight></codeline>
<codeline lineno="58" refid="structIRockySPHElement_1a0d51cf017a85bd175db6d18538c9d2e0" refkind="member"><highlight class="normal"><sp/><sp/><sp/><sp/>ROCKY_FUNCTIONS<sp/></highlight><highlight class="keywordtype">void</highlight><highlight class="normal"><sp/><ref refid="structIRockySPHElement_1a0d51cf017a85bd175db6d18538c9d2e0" kindref="member">add_force</ref>(</highlight><highlight class="keyword">const</highlight><highlight class="normal"><sp/>float3&amp;<sp/>force)</highlight></codeline>
<codeline lineno="59"><highlight class="normal"><sp/><sp/><sp/><sp/>{</highlight></codeline>
<codeline lineno="60"><highlight class="normal"><sp/><sp/><sp/><sp/><sp/><sp/><sp/><sp/>this-&gt;_impl.add_force(force);</highlight></codeline>
<codeline lineno="61"><highlight class="normal"><sp/><sp/><sp/><sp/>}</highlight></codeline>
<codeline lineno="62"><highlight class="normal"></highlight></codeline>
<codeline lineno="69" refid="structIRockySPHElement_1a2f90b3a2980c2fa73cd53e72ea277f76" refkind="member"><highlight class="normal"><sp/><sp/><sp/><sp/>ROCKY_FUNCTIONS<sp/></highlight><highlight class="keywordtype">void</highlight><highlight class="normal"><sp/><ref refid="structIRockySPHElement_1a2f90b3a2980c2fa73cd53e72ea277f76" kindref="member">add_acceleration</ref>(</highlight><highlight class="keyword">const</highlight><highlight class="normal"><sp/>float3&amp;<sp/>acceleration)</highlight></codeline>
<codeline lineno="70"><highlight class="normal"><sp/><sp/><sp/><sp/>{</highlight></codeline>
<codeline lineno="71"><highlight class="normal"><sp/><sp/><sp/><sp/><sp/><sp/><sp/><sp/>this-&gt;_impl.add_acceleration(acceleration);</highlight></codeline>
<codeline lineno="72"><highlight class="normal"><sp/><sp/><sp/><sp/>}</highlight></codeline>
<codeline lineno="73"><highlight class="normal"></highlight></codeline>
<codeline lineno="77" refid="structIRockySPHElement_1af514a8db990dff91c80abef70c29d604" refkind="member"><highlight class="normal"><sp/><sp/><sp/><sp/>ROCKY_FUNCTIONS<sp/></highlight><highlight class="keywordtype">bool</highlight><highlight class="normal"><sp/><ref refid="structIRockySPHElement_1af514a8db990dff91c80abef70c29d604" kindref="member">is_enabled</ref>()</highlight><highlight class="keyword"><sp/>const</highlight></codeline>
<codeline lineno="78"><highlight class="keyword"><sp/><sp/><sp/><sp/></highlight><highlight class="normal">{</highlight></codeline>
<codeline lineno="79"><highlight class="normal"><sp/><sp/><sp/><sp/><sp/><sp/><sp/><sp/></highlight><highlight class="keywordflow">return</highlight><highlight class="normal"><sp/>this-&gt;_impl.is_enabled();</highlight></codeline>
<codeline lineno="80"><highlight class="normal"><sp/><sp/><sp/><sp/>}</highlight></codeline>
<codeline lineno="81"><highlight class="normal"></highlight></codeline>
<codeline lineno="88" refid="structIRockySPHElement_1a258ae430ddd628d1b3375680774fd748" refkind="member"><highlight class="normal"><sp/><sp/><sp/><sp/>ROCKY_FUNCTIONS<sp/></highlight><highlight class="keywordtype">void</highlight><highlight class="normal"><sp/><ref refid="structIRockySPHElement_1a258ae430ddd628d1b3375680774fd748" kindref="member">set_frozen</ref>(</highlight><highlight class="keywordtype">bool</highlight><highlight class="normal"><sp/>frozen)</highlight></codeline>
<codeline lineno="89"><highlight class="normal"><sp/><sp/><sp/><sp/>{</highlight></codeline>
<codeline lineno="90"><highlight class="normal"><sp/><sp/><sp/><sp/><sp/><sp/><sp/><sp/>this-&gt;_impl.set_frozen(frozen);</highlight></codeline>
<codeline lineno="91"><highlight class="normal"><sp/><sp/><sp/><sp/>}</highlight></codeline>
<codeline lineno="92"><highlight class="normal"></highlight></codeline>
<codeline lineno="96" refid="structIRockySPHElement_1a8a513f4cacbb94a272332beb8c8a371c" refkind="member"><highlight class="normal"><sp/><sp/><sp/><sp/>ROCKY_FUNCTIONS<sp/></highlight><highlight class="keywordtype">bool</highlight><highlight class="normal"><sp/><ref refid="structIRockySPHElement_1a8a513f4cacbb94a272332beb8c8a371c" kindref="member">is_frozen</ref>()</highlight><highlight class="keyword"><sp/>const</highlight></codeline>
<codeline lineno="97"><highlight class="keyword"><sp/><sp/><sp/><sp/></highlight><highlight class="normal">{</highlight></codeline>
<codeline lineno="98"><highlight class="normal"><sp/><sp/><sp/><sp/><sp/><sp/><sp/><sp/></highlight><highlight class="keywordflow">return</highlight><highlight class="normal"><sp/>this-&gt;_impl.is_frozen();</highlight></codeline>
<codeline lineno="99"><highlight class="normal"><sp/><sp/><sp/><sp/>}</highlight></codeline>
<codeline lineno="100"><highlight class="normal"></highlight></codeline>
<codeline lineno="105" refid="structIRockySPHElement_1a3cd85ecace2e2784572a2e01397237f3" refkind="member"><highlight class="normal"><sp/><sp/><sp/><sp/>ROCKY_FUNCTIONS<sp/></highlight><highlight class="keywordtype">bool</highlight><highlight class="normal"><sp/><ref refid="structIRockySPHElement_1a3cd85ecace2e2784572a2e01397237f3" kindref="member">is_dem_coupled</ref>()</highlight><highlight class="keyword"><sp/>const</highlight></codeline>
<codeline lineno="106"><highlight class="keyword"><sp/><sp/><sp/><sp/></highlight><highlight class="normal">{</highlight></codeline>
<codeline lineno="107"><highlight class="normal"><sp/><sp/><sp/><sp/><sp/><sp/><sp/><sp/></highlight><highlight class="keywordflow">return</highlight><highlight class="normal"><sp/>this-&gt;_impl.is_dem_coupled();</highlight></codeline>
<codeline lineno="108"><highlight class="normal"><sp/><sp/><sp/><sp/>}</highlight></codeline>
<codeline lineno="109"><highlight class="normal"></highlight></codeline>
<codeline lineno="113" refid="structIRockySPHElement_1a630d5e1aaea6b7c2f8f51c30089e07cd" refkind="member"><highlight class="normal"><sp/><sp/><sp/><sp/>ROCKY_FUNCTIONS<sp/></highlight><highlight class="keywordtype">float</highlight><highlight class="normal"><sp/><ref refid="structIRockySPHElement_1a630d5e1aaea6b7c2f8f51c30089e07cd" kindref="member">get_density</ref>()</highlight><highlight class="keyword"><sp/>const</highlight></codeline>
<codeline lineno="114"><highlight class="keyword"><sp/><sp/><sp/><sp/></highlight><highlight class="normal">{</highlight></codeline>
<codeline lineno="115"><highlight class="normal"><sp/><sp/><sp/><sp/><sp/><sp/><sp/><sp/></highlight><highlight class="keywordflow">return</highlight><highlight class="normal"><sp/>this-&gt;_impl.get_density();</highlight></codeline>
<codeline lineno="116"><highlight class="normal"><sp/><sp/><sp/><sp/>}</highlight></codeline>
<codeline lineno="117"><highlight class="normal"></highlight></codeline>
<codeline lineno="121" refid="structIRockySPHElement_1a52f9c9ca275229c97e0fee6c2962e65f" refkind="member"><highlight class="normal"><sp/><sp/><sp/><sp/>ROCKY_FUNCTIONS<sp/></highlight><highlight class="keywordtype">float</highlight><highlight class="normal"><sp/><ref refid="structIRockySPHElement_1a52f9c9ca275229c97e0fee6c2962e65f" kindref="member">get_pressure</ref>()</highlight><highlight class="keyword"><sp/>const</highlight></codeline>
<codeline lineno="122"><highlight class="keyword"><sp/><sp/><sp/><sp/></highlight><highlight class="normal">{</highlight></codeline>
<codeline lineno="123"><highlight class="normal"><sp/><sp/><sp/><sp/><sp/><sp/><sp/><sp/></highlight><highlight class="keywordflow">return</highlight><highlight class="normal"><sp/>this-&gt;_impl.get_pressure();</highlight></codeline>
<codeline lineno="124"><highlight class="normal"><sp/><sp/><sp/><sp/>}</highlight></codeline>
<codeline lineno="128" refid="structIRockySPHElement_1ae7191bebe8d701047d69b8bc9f590b16" refkind="member"><highlight class="normal"><sp/><sp/><sp/><sp/>ROCKY_FUNCTIONS<sp/></highlight><highlight class="keywordtype">float</highlight><highlight class="normal"><sp/><ref refid="structIRockySPHElement_1ae7191bebe8d701047d69b8bc9f590b16" kindref="member">get_temperature</ref>()</highlight><highlight class="keyword"><sp/>const</highlight></codeline>
<codeline lineno="129"><highlight class="keyword"><sp/><sp/><sp/><sp/></highlight><highlight class="normal">{</highlight></codeline>
<codeline lineno="130"><highlight class="normal"><sp/><sp/><sp/><sp/><sp/><sp/><sp/><sp/></highlight><highlight class="keywordflow">return</highlight><highlight class="normal"><sp/>this-&gt;_impl.get_temperature();</highlight></codeline>
<codeline lineno="131"><highlight class="normal"><sp/><sp/><sp/><sp/>}</highlight></codeline>
<codeline lineno="132"><highlight class="normal"></highlight></codeline>
<codeline lineno="136" refid="structIRockySPHElement_1a9be557e2ec8056dd05338a651f5da171" refkind="member"><highlight class="normal"><sp/><sp/><sp/><sp/>ROCKY_FUNCTIONS<sp/></highlight><highlight class="keywordtype">float</highlight><highlight class="normal"><sp/><ref refid="structIRockySPHElement_1a9be557e2ec8056dd05338a651f5da171" kindref="member">get_release_time</ref>()</highlight><highlight class="keyword"><sp/>const</highlight></codeline>
<codeline lineno="137"><highlight class="keyword"><sp/><sp/><sp/><sp/></highlight><highlight class="normal">{</highlight></codeline>
<codeline lineno="138"><highlight class="normal"><sp/><sp/><sp/><sp/><sp/><sp/><sp/><sp/></highlight><highlight class="keywordflow">return</highlight><highlight class="normal"><sp/>this-&gt;_impl.get_release_time();</highlight></codeline>
<codeline lineno="139"><highlight class="normal"><sp/><sp/><sp/><sp/>}</highlight></codeline>
<codeline lineno="140"><highlight class="normal"></highlight></codeline>
<codeline lineno="144" refid="structIRockySPHElement_1a7bd5a61c05ac4a77a61d3a0fc09597c5" refkind="member"><highlight class="normal"><sp/><sp/><sp/><sp/>ROCKY_FUNCTIONS<sp/>float3<sp/><ref refid="structIRockySPHElement_1a7bd5a61c05ac4a77a61d3a0fc09597c5" kindref="member">get_position</ref>()</highlight><highlight class="keyword"><sp/>const</highlight></codeline>
<codeline lineno="145"><highlight class="keyword"><sp/><sp/><sp/><sp/></highlight><highlight class="normal">{</highlight></codeline>
<codeline lineno="146"><highlight class="normal"><sp/><sp/><sp/><sp/><sp/><sp/><sp/><sp/></highlight><highlight class="keywordflow">return</highlight><highlight class="normal"><sp/>this-&gt;_impl.get_adjusted_coordinates(this-&gt;current_time);</highlight></codeline>
<codeline lineno="147"><highlight class="normal"><sp/><sp/><sp/><sp/>}</highlight></codeline>
<codeline lineno="148"><highlight class="normal"></highlight></codeline>
<codeline lineno="153" refid="structIRockySPHElement_1ab57e961ebc05e415bacc7c2236749428" refkind="member"><highlight class="normal"><sp/><sp/><sp/><sp/>ROCKY_FUNCTIONS<sp/>float3<sp/><ref refid="structIRockySPHElement_1ab57e961ebc05e415bacc7c2236749428" kindref="member">get_velocity</ref>()</highlight><highlight class="keyword"><sp/>const</highlight></codeline>
<codeline lineno="154"><highlight class="keyword"><sp/><sp/><sp/><sp/></highlight><highlight class="normal">{</highlight></codeline>
<codeline lineno="155"><highlight class="normal"><sp/><sp/><sp/><sp/><sp/><sp/><sp/><sp/></highlight><highlight class="keywordflow">return</highlight><highlight class="normal"><sp/>this-&gt;_impl.get_velocity();</highlight></codeline>
<codeline lineno="156"><highlight class="normal"><sp/><sp/><sp/><sp/>}</highlight></codeline>
<codeline lineno="157"><highlight class="normal"></highlight></codeline>
<codeline lineno="171" refid="structIRockySPHElement_1af2f5b34f666646f5d1f19207bac5cb2d" refkind="member"><highlight class="normal"><sp/><sp/><sp/><sp/>ROCKY_FUNCTIONS<sp/>float3<sp/><ref refid="structIRockySPHElement_1af2f5b34f666646f5d1f19207bac5cb2d" kindref="member">get_normal</ref>()</highlight><highlight class="keyword"><sp/>const</highlight></codeline>
<codeline lineno="172"><highlight class="keyword"><sp/><sp/><sp/><sp/></highlight><highlight class="normal">{</highlight></codeline>
<codeline lineno="173"><highlight class="normal"><sp/><sp/><sp/><sp/><sp/><sp/><sp/><sp/></highlight><highlight class="keywordflow">return</highlight><highlight class="normal"><sp/>this-&gt;_impl.get_normal();</highlight></codeline>
<codeline lineno="174"><highlight class="normal"><sp/><sp/><sp/><sp/>}</highlight></codeline>
<codeline lineno="175"><highlight class="normal"></highlight></codeline>
<codeline lineno="181" refid="structIRockySPHElement_1ab81b9afbefc503f46027274878703a3c" refkind="member"><highlight class="normal"><sp/><sp/><sp/><sp/>ROCKY_FUNCTIONS<sp/>float3<sp/><ref refid="structIRockySPHElement_1ab81b9afbefc503f46027274878703a3c" kindref="member">get_force</ref>()</highlight><highlight class="keyword"><sp/>const</highlight></codeline>
<codeline lineno="182"><highlight class="keyword"><sp/><sp/><sp/><sp/></highlight><highlight class="normal">{</highlight></codeline>
<codeline lineno="183"><highlight class="normal"><sp/><sp/><sp/><sp/><sp/><sp/><sp/><sp/></highlight><highlight class="keywordflow">return</highlight><highlight class="normal"><sp/>this-&gt;_impl.get_force();</highlight></codeline>
<codeline lineno="184"><highlight class="normal"><sp/><sp/><sp/><sp/>}</highlight></codeline>
<codeline lineno="185"><highlight class="normal"></highlight></codeline>
<codeline lineno="191" refid="structIRockySPHElement_1a9bbac7594cfc7a8dd14fee220a59cc0d" refkind="member"><highlight class="normal"><sp/><sp/><sp/><sp/>ROCKY_FUNCTIONS<sp/>float3<sp/><ref refid="structIRockySPHElement_1a9bbac7594cfc7a8dd14fee220a59cc0d" kindref="member">get_acceleration</ref>()</highlight><highlight class="keyword"><sp/>const</highlight></codeline>
<codeline lineno="192"><highlight class="keyword"><sp/><sp/><sp/><sp/></highlight><highlight class="normal">{</highlight></codeline>
<codeline lineno="193"><highlight class="normal"><sp/><sp/><sp/><sp/><sp/><sp/><sp/><sp/></highlight><highlight class="keywordflow">return</highlight><highlight class="normal"><sp/>this-&gt;_impl.get_acceleration();</highlight></codeline>
<codeline lineno="194"><highlight class="normal"><sp/><sp/><sp/><sp/>}</highlight></codeline>
<codeline lineno="206" refid="structIRockySPHElement_1a0d1898e6d543bbe3af9cb951646491ee" refkind="member"><highlight class="normal"><sp/><sp/><sp/><sp/>ROCKY_FUNCTIONS<sp/></highlight><highlight class="keywordtype">float</highlight><highlight class="normal"><sp/><ref refid="structIRockySPHElement_1a0d1898e6d543bbe3af9cb951646491ee" kindref="member">get_kernel</ref></highlight></codeline>
<codeline lineno="207"><highlight class="normal"><sp/><sp/><sp/><sp/><sp/><sp/><sp/><sp/>(</highlight><highlight class="keyword">const</highlight><highlight class="normal"><sp/></highlight><highlight class="keywordtype">float</highlight><highlight class="normal"><sp/>distance,<sp/></highlight><highlight class="keyword">const</highlight><highlight class="normal"><sp/><ref refid="structIRockySPHElement" kindref="compound">IRockySPHElement</ref>&amp;<sp/>near_element)</highlight><highlight class="keyword"><sp/>const</highlight></codeline>
<codeline lineno="208"><highlight class="keyword"><sp/><sp/><sp/><sp/></highlight><highlight class="normal">{</highlight></codeline>
<codeline lineno="209"><highlight class="normal"><sp/><sp/><sp/><sp/><sp/><sp/><sp/><sp/></highlight><highlight class="keywordflow">return</highlight><highlight class="normal"><sp/>this-&gt;_impl.get_kernel(distance,near_element._impl);</highlight></codeline>
<codeline lineno="210"><highlight class="normal"><sp/><sp/><sp/><sp/>}</highlight></codeline>
<codeline lineno="211"><highlight class="normal"></highlight></codeline>
<codeline lineno="223" refid="structIRockySPHElement_1a480a6f0abe070040e11affa55f24c43f" refkind="member"><highlight class="normal"><sp/><sp/><sp/><sp/>ROCKY_FUNCTIONS<sp/></highlight><highlight class="keywordtype">float</highlight><highlight class="normal"><sp/><ref refid="structIRockySPHElement_1a480a6f0abe070040e11affa55f24c43f" kindref="member">get_kernel_derivative</ref></highlight></codeline>
<codeline lineno="224"><highlight class="normal"><sp/><sp/><sp/><sp/><sp/><sp/><sp/><sp/>(</highlight><highlight class="keyword">const</highlight><highlight class="normal"><sp/></highlight><highlight class="keywordtype">float</highlight><highlight class="normal"><sp/>distance,<sp/></highlight><highlight class="keyword">const</highlight><highlight class="normal"><sp/><ref refid="structIRockySPHElement" kindref="compound">IRockySPHElement</ref>&amp;<sp/>near_element)</highlight><highlight class="keyword"><sp/>const</highlight></codeline>
<codeline lineno="225"><highlight class="keyword"><sp/><sp/><sp/><sp/></highlight><highlight class="normal">{</highlight></codeline>
<codeline lineno="226"><highlight class="normal"><sp/><sp/><sp/><sp/><sp/><sp/><sp/><sp/></highlight><highlight class="keywordflow">return</highlight><highlight class="normal"><sp/>this-&gt;_impl.get_kernel_derivative(distance,near_element._impl);</highlight></codeline>
<codeline lineno="227"><highlight class="normal"><sp/><sp/><sp/><sp/>}</highlight></codeline>
<codeline lineno="228"><highlight class="normal"></highlight></codeline>
<codeline lineno="232" refid="structIRockySPHElement_1ac3520dd9ddfb74c066ba7aef4737a455" refkind="member"><highlight class="normal"><sp/><sp/><sp/><sp/>ROCKY_FUNCTIONS<sp/></highlight><highlight class="keywordtype">float</highlight><highlight class="normal"><sp/><ref refid="structIRockySPHElement_1ac3520dd9ddfb74c066ba7aef4737a455" kindref="member">get_mass</ref>()</highlight><highlight class="keyword"><sp/>const</highlight></codeline>
<codeline lineno="233"><highlight class="keyword"><sp/><sp/><sp/><sp/></highlight><highlight class="normal">{</highlight></codeline>
<codeline lineno="234"><highlight class="normal"><sp/><sp/><sp/><sp/><sp/><sp/><sp/><sp/></highlight><highlight class="keywordflow">return</highlight><highlight class="normal"><sp/>this-&gt;_impl.get_mass();</highlight></codeline>
<codeline lineno="235"><highlight class="normal"><sp/><sp/><sp/><sp/>}</highlight></codeline>
<codeline lineno="236"><highlight class="normal"></highlight></codeline>
<codeline lineno="242" refid="structIRockySPHElement_1a040d1e15607c23a673614e3506a2e971" refkind="member"><highlight class="normal"><sp/><sp/><sp/><sp/></highlight><highlight class="keyword">inline</highlight><highlight class="normal"><sp/>ROCKY_FUNCTIONS<sp/></highlight><highlight class="keywordtype">float</highlight><highlight class="normal"><sp/><ref refid="structIRockySPHElement_1a040d1e15607c23a673614e3506a2e971" kindref="member">get_smoothing_length</ref>()</highlight><highlight class="keyword"><sp/>const</highlight></codeline>
<codeline lineno="243"><highlight class="keyword"><sp/><sp/><sp/><sp/></highlight><highlight class="normal">{</highlight></codeline>
<codeline lineno="244"><highlight class="normal"><sp/><sp/><sp/><sp/><sp/><sp/><sp/><sp/></highlight><highlight class="keywordflow">return</highlight><highlight class="normal"><sp/>this-&gt;_impl.get_kernel_base();</highlight></codeline>
<codeline lineno="245"><highlight class="normal"><sp/><sp/><sp/><sp/>}</highlight></codeline>
<codeline lineno="246"><highlight class="normal"></highlight></codeline>
<codeline lineno="251" refid="structIRockySPHElement_1a38068aa228cc70686e89149e9aa4edb8" refkind="member"><highlight class="normal"><sp/><sp/><sp/><sp/></highlight><highlight class="keyword">inline</highlight><highlight class="normal"><sp/>ROCKY_FUNCTIONS<sp/></highlight><highlight class="keywordtype">float</highlight><highlight class="normal"><sp/><ref refid="structIRockySPHElement_1a38068aa228cc70686e89149e9aa4edb8" kindref="member">get_size</ref>()</highlight><highlight class="keyword"><sp/>const</highlight></codeline>
<codeline lineno="252"><highlight class="keyword"><sp/><sp/><sp/><sp/></highlight><highlight class="normal">{</highlight></codeline>
<codeline lineno="253"><highlight class="normal"><sp/><sp/><sp/><sp/><sp/><sp/><sp/><sp/></highlight><highlight class="keywordflow">return</highlight><highlight class="normal"><sp/>this-&gt;_impl.get_size();</highlight></codeline>
<codeline lineno="254"><highlight class="normal"><sp/><sp/><sp/><sp/>}</highlight></codeline>
<codeline lineno="255"><highlight class="normal"></highlight></codeline>
<codeline lineno="260" refid="structIRockySPHElement_1a326bd60795936f9c4b77a9e000b1fa99" refkind="member"><highlight class="normal"><sp/><sp/><sp/><sp/>ROCKY_FUNCTIONS<sp/><ref refid="structIRockySPHElementScalars" kindref="compound">IRockySPHElementScalars</ref><sp/><ref refid="structIRockySPHElement_1a326bd60795936f9c4b77a9e000b1fa99" kindref="member">get_scalars</ref>()</highlight></codeline>
<codeline lineno="261"><highlight class="normal"><sp/><sp/><sp/><sp/>{</highlight></codeline>
<codeline lineno="262"><highlight class="normal"><sp/><sp/><sp/><sp/><sp/><sp/><sp/><sp/></highlight><highlight class="keywordflow">return</highlight><highlight class="normal"><sp/>{<sp/>*this-&gt;_impl.get_scalars(),<sp/>this-&gt;_impl.element_index<sp/>};</highlight></codeline>
<codeline lineno="263"><highlight class="normal"><sp/><sp/><sp/><sp/>}</highlight></codeline>
<codeline lineno="264"><highlight class="normal"></highlight></codeline>
<codeline lineno="270" refid="structIRockySPHElement_1ac28f2f31caf98235f3281c9c9f417474" refkind="member"><highlight class="normal"><sp/><sp/><sp/><sp/>ROCKY_FUNCTIONS<sp/>SymmetricTensor&lt;float&gt;<sp/><ref refid="structIRockySPHElement_1ac28f2f31caf98235f3281c9c9f417474" kindref="member">get_strain_rate_tensor</ref>()</highlight></codeline>
<codeline lineno="271"><highlight class="normal"><sp/><sp/><sp/><sp/>{</highlight></codeline>
<codeline lineno="272"><highlight class="normal"><sp/><sp/><sp/><sp/><sp/><sp/><sp/><sp/></highlight><highlight class="keywordflow">return</highlight><highlight class="normal"><sp/>this-&gt;_impl.get_strain_rate_tensor();</highlight></codeline>
<codeline lineno="273"><highlight class="normal"><sp/><sp/><sp/><sp/>}</highlight></codeline>
<codeline lineno="277" refid="structIRockySPHElement_1ac526f6d9758c69d4d7270317c327546a" refkind="member"><highlight class="normal"><sp/><sp/><sp/><sp/>ROCKY_FUNCTIONS<sp/></highlight><highlight class="keywordtype">float</highlight><highlight class="normal"><sp/><ref refid="structIRockySPHElement_1ac526f6d9758c69d4d7270317c327546a" kindref="member">get_molecular_viscosity</ref>()</highlight><highlight class="keyword"><sp/>const</highlight></codeline>
<codeline lineno="278"><highlight class="keyword"><sp/><sp/><sp/><sp/></highlight><highlight class="normal">{</highlight></codeline>
<codeline lineno="279"><highlight class="normal"><sp/><sp/><sp/><sp/><sp/><sp/><sp/><sp/></highlight><highlight class="keywordflow">return</highlight><highlight class="normal"><sp/>this-&gt;_impl.get_molecular_viscosity();</highlight></codeline>
<codeline lineno="280"><highlight class="normal"><sp/><sp/><sp/><sp/>}</highlight></codeline>
<codeline lineno="284" refid="structIRockySPHElement_1abc6efc9b72adc7c3b487e760a2c53534" refkind="member"><highlight class="normal"><sp/><sp/><sp/><sp/>ROCKY_FUNCTIONS<sp/></highlight><highlight class="keywordtype">void</highlight><highlight class="normal"><sp/><ref refid="structIRockySPHElement_1abc6efc9b72adc7c3b487e760a2c53534" kindref="member">set_molecular_viscosity</ref>(</highlight><highlight class="keyword">const</highlight><highlight class="normal"><sp/></highlight><highlight class="keywordtype">float</highlight><highlight class="normal"><sp/>molecular_viscosity)</highlight></codeline>
<codeline lineno="285"><highlight class="normal"><sp/><sp/><sp/><sp/>{</highlight></codeline>
<codeline lineno="286"><highlight class="normal"><sp/><sp/><sp/><sp/><sp/><sp/><sp/><sp/>this-&gt;_impl.set_molecular_viscosity(molecular_viscosity);</highlight></codeline>
<codeline lineno="287"><highlight class="normal"><sp/><sp/><sp/><sp/>}</highlight></codeline>
<codeline lineno="288"><highlight class="normal">};</highlight></codeline>
<codeline lineno="289"><highlight class="normal"></highlight></codeline>
<codeline lineno="290"><highlight class="normal"></highlight><highlight class="comment">//<sp/>================================================================================================</highlight><highlight class="normal"></highlight></codeline>
<codeline lineno="291"><highlight class="normal"></highlight><highlight class="comment">//<sp/>IRockySPHElementHost</highlight><highlight class="normal"></highlight></codeline>
<codeline lineno="292"><highlight class="normal"></highlight><highlight class="comment">//<sp/>================================================================================================</highlight><highlight class="normal"></highlight></codeline>
<codeline lineno="293"><highlight class="normal"></highlight></codeline>
<codeline lineno="294"><highlight class="normal"></highlight><highlight class="preprocessor">#ifdef<sp/>ONLY_FOR_DOXYGEN</highlight></codeline>
<codeline lineno="304" refid="structIRockySPHElementHost" refkind="compound"><highlight class="normal"></highlight><highlight class="keyword">struct<sp/></highlight><highlight class="normal"><ref refid="structIRockySPHElementHost" kindref="compound">IRockySPHElementHost</ref><sp/>:<sp/></highlight><highlight class="keyword">public</highlight><highlight class="normal"><sp/><ref refid="structIRockySPHElement" kindref="compound">IRockySPHElement</ref></highlight></codeline>
<codeline lineno="305"><highlight class="normal">{</highlight></codeline>
<codeline lineno="310" refid="structIRockySPHElementHost_1ac189516559b776a629f56aead8ac886b" refkind="member"><highlight class="normal"><sp/><sp/><sp/><sp/><ref refid="structIRockyParticleHost" kindref="compound">IRockyParticleHost</ref><sp/><ref refid="structIRockySPHElementHost_1ac189516559b776a629f56aead8ac886b" kindref="member">get_linked_dem_particle</ref>(<ref refid="structIRockyModel" kindref="compound">IRockyModel</ref>&amp;<sp/>model)<sp/></highlight><highlight class="keyword">const</highlight><highlight class="normal">;</highlight></codeline>
<codeline lineno="311"><highlight class="normal"></highlight></codeline>
<codeline lineno="313" refid="structIRockySPHElementHost_1abe5925c0999262fc7128da90d3a3f401" refkind="member"><highlight class="normal"><sp/><sp/><sp/><sp/></highlight><highlight class="keywordtype">bool</highlight><highlight class="normal"><sp/><ref refid="structIRockySPHElementHost_1abe5925c0999262fc7128da90d3a3f401" kindref="member">is_dem_coupled</ref>()<sp/></highlight><highlight class="keyword">const</highlight><highlight class="normal">;</highlight></codeline>
<codeline lineno="314"><highlight class="normal"></highlight></codeline>
<codeline lineno="316" refid="structIRockySPHElementHost_1a246b2e85d4b1568d8db488e0f212a358" refkind="member"><highlight class="normal"><sp/><sp/><sp/><sp/></highlight><highlight class="keywordtype">float</highlight><highlight class="normal"><sp/><ref refid="structIRockySPHElementHost_1a246b2e85d4b1568d8db488e0f212a358" kindref="member">get_density</ref>()<sp/></highlight><highlight class="keyword">const</highlight><highlight class="normal">;</highlight></codeline>
<codeline lineno="317"><highlight class="normal"></highlight></codeline>
<codeline lineno="319" refid="structIRockySPHElementHost_1a1e02d98c42706aad00a15f84090046b7" refkind="member"><highlight class="normal"><sp/><sp/><sp/><sp/></highlight><highlight class="keywordtype">float</highlight><highlight class="normal"><sp/><ref refid="structIRockySPHElementHost_1a1e02d98c42706aad00a15f84090046b7" kindref="member">get_pressure</ref>()<sp/></highlight><highlight class="keyword">const</highlight><highlight class="normal">;</highlight></codeline>
<codeline lineno="320"><highlight class="normal"></highlight></codeline>
<codeline lineno="322" refid="structIRockySPHElementHost_1a300c46b79175d050ec9e96c736732b98" refkind="member"><highlight class="normal"><sp/><sp/><sp/><sp/></highlight><highlight class="keywordtype">float</highlight><highlight class="normal"><sp/><ref refid="structIRockySPHElementHost_1a300c46b79175d050ec9e96c736732b98" kindref="member">get_release_time</ref>()<sp/></highlight><highlight class="keyword">const</highlight><highlight class="normal">;</highlight></codeline>
<codeline lineno="323"><highlight class="normal"></highlight></codeline>
<codeline lineno="325" refid="structIRockySPHElementHost_1a518652c4c9aaba36c6e2137c3ff60f70" refkind="member"><highlight class="normal"><sp/><sp/><sp/><sp/>float3<sp/><ref refid="structIRockySPHElementHost_1a518652c4c9aaba36c6e2137c3ff60f70" kindref="member">get_position</ref>()<sp/></highlight><highlight class="keyword">const</highlight><highlight class="normal">;</highlight></codeline>
<codeline lineno="326"><highlight class="normal"></highlight></codeline>
<codeline lineno="328" refid="structIRockySPHElementHost_1a1d9f8648a1c0ac0b575c9361ca5b9b96" refkind="member"><highlight class="normal"><sp/><sp/><sp/><sp/>float3<sp/><ref refid="structIRockySPHElementHost_1a1d9f8648a1c0ac0b575c9361ca5b9b96" kindref="member">get_velocity</ref>()<sp/></highlight><highlight class="keyword">const</highlight><highlight class="normal">;</highlight></codeline>
<codeline lineno="329"><highlight class="normal"></highlight></codeline>
<codeline lineno="331" refid="structIRockySPHElementHost_1a9cae6ab2f89fc02fd3e944a5f1059d2d" refkind="member"><highlight class="normal"><sp/><sp/><sp/><sp/>float3<sp/><ref refid="structIRockySPHElementHost_1a9cae6ab2f89fc02fd3e944a5f1059d2d" kindref="member">get_normal</ref>()<sp/></highlight><highlight class="keyword">const</highlight><highlight class="normal">;</highlight></codeline>
<codeline lineno="332"><highlight class="normal"></highlight></codeline>
<codeline lineno="334" refid="structIRockySPHElementHost_1aa1c7a1c2190108886098cf3918d29588" refkind="member"><highlight class="normal"><sp/><sp/><sp/><sp/>float3<sp/><ref refid="structIRockySPHElementHost_1aa1c7a1c2190108886098cf3918d29588" kindref="member">get_force</ref>()<sp/></highlight><highlight class="keyword">const</highlight><highlight class="normal">;</highlight></codeline>
<codeline lineno="335"><highlight class="normal"></highlight></codeline>
<codeline lineno="337" refid="structIRockySPHElementHost_1a9118b2d9c4e8d7f185d453503bfbb04f" refkind="member"><highlight class="normal"><sp/><sp/><sp/><sp/>float3<sp/><ref refid="structIRockySPHElementHost_1a9118b2d9c4e8d7f185d453503bfbb04f" kindref="member">get_acceleration</ref>()<sp/></highlight><highlight class="keyword">const</highlight><highlight class="normal">;</highlight></codeline>
<codeline lineno="338"><highlight class="normal"></highlight></codeline>
<codeline lineno="340" refid="structIRockySPHElementHost_1a333bb7196556fbe6da90abe079747071" refkind="member"><highlight class="normal"><sp/><sp/><sp/><sp/><ref refid="structIRockySPHElementScalars" kindref="compound">IRockySPHElementScalars</ref><sp/><ref refid="structIRockySPHElementHost_1a333bb7196556fbe6da90abe079747071" kindref="member">get_scalars</ref>();</highlight></codeline>
<codeline lineno="341"><highlight class="normal"></highlight></codeline>
<codeline lineno="343" refid="structIRockySPHElementHost_1a0540a21d1483e3848494d71a7145d8ff" refkind="member"><highlight class="normal"><sp/><sp/><sp/><sp/>ROCKY_FUNCTIONS<sp/>SymmetricTensor&lt;float&gt;<sp/><ref refid="structIRockySPHElementHost_1a0540a21d1483e3848494d71a7145d8ff" kindref="member">get_strain_rate_tensor</ref>();</highlight></codeline>
<codeline lineno="344"><highlight class="normal">};</highlight></codeline>
<codeline lineno="345"><highlight class="normal"></highlight><highlight class="preprocessor">#else</highlight><highlight class="normal"></highlight></codeline>
<codeline lineno="346"><highlight class="normal"></highlight><highlight class="keyword">using<sp/></highlight><highlight class="normal"><ref refid="structIRockySPHElementHost" kindref="compound">IRockySPHElementHost</ref><sp/>=<sp/><ref refid="structIRockySPHElement" kindref="compound">IRockySPHElement</ref>;</highlight></codeline>
<codeline lineno="347"><highlight class="normal"></highlight><highlight class="preprocessor">#endif</highlight></codeline>
    </programlisting>
    <location file="source/c++/rocky20/api/sph/rocky_sph_element_api.hpp"/>
  </compounddef>
</doxygen>
