<?xml version='1.0' encoding='UTF-8' standalone='no'?>
<doxygen xmlns:xsi="http://www.w3.org/2001/XMLSchema-instance" xsi:noNamespaceSchemaLocation="compound.xsd" version="1.10.0" xml:lang="en-US">
  <compounddef id="rocky__joint__api_8hpp" kind="file" language="C++">
    <compoundname>rocky_joint_api.hpp</compoundname>
    <includes refid="rocky__particle__api_8hpp" local="no">rocky20/api/rocky_particle_api.hpp</includes>
    <includes local="no">rocky20/device/device_joint_api.hpp</includes>
    <includes refid="rocky__joint__scalars_8hpp" local="yes">rocky_joint_scalars.hpp</includes>
    <includedby refid="rocky__api_8h" local="yes">source/c++/rocky20/api/rocky_api.h</includedby>
    <incdepgraph>
      <node id="4">
        <label>rocky20/api/device/api_backend.hpp</label>
        <link refid="api__backend_8hpp_source"/>
        <childnode refid="5" relation="include">
        </childnode>
        <childnode refid="6" relation="include">
        </childnode>
      </node>
      <node id="1">
        <label>source/c++/rocky20/api/rocky_joint_api.hpp</label>
        <link refid="rocky__joint__api_8hpp"/>
        <childnode refid="2" relation="include">
        </childnode>
        <childnode refid="15" relation="include">
        </childnode>
        <childnode refid="16" relation="include">
        </childnode>
      </node>
      <node id="16">
        <label>rocky_joint_scalars.hpp</label>
        <link refid="rocky__joint__scalars_8hpp_source"/>
        <childnode refid="8" relation="include">
        </childnode>
      </node>
      <node id="14">
        <label>rocky_material_api.hpp</label>
        <link refid="rocky__material__api_8hpp_source"/>
        <childnode refid="12" relation="include">
        </childnode>
      </node>
      <node id="3">
        <label>rocky_particle.hpp</label>
        <link refid="rocky__particle_8hpp_source"/>
        <childnode refid="4" relation="include">
        </childnode>
        <childnode refid="7" relation="include">
        </childnode>
        <childnode refid="12" relation="include">
        </childnode>
        <childnode refid="13" relation="include">
        </childnode>
      </node>
      <node id="2">
        <label>rocky20/api/rocky_particle_api.hpp</label>
        <link refid="rocky__particle__api_8hpp_source"/>
        <childnode refid="3" relation="include">
        </childnode>
        <childnode refid="14" relation="include">
        </childnode>
        <childnode refid="7" relation="include">
        </childnode>
      </node>
      <node id="7">
        <label>rocky20/api/rocky_particle_scalars.hpp</label>
        <link refid="rocky__particle__scalars_8hpp_source"/>
        <childnode refid="8" relation="include">
        </childnode>
      </node>
      <node id="8">
        <label>rocky_scalars.h</label>
        <link refid="rocky__scalars_8h_source"/>
        <childnode refid="9" relation="include">
        </childnode>
        <childnode refid="4" relation="include">
        </childnode>
        <childnode refid="10" relation="include">
        </childnode>
      </node>
      <node id="10">
        <label>rocky20/api/rocky_statistics_data.hpp</label>
        <link refid="rocky__statistics__data_8hpp_source"/>
        <childnode refid="11" relation="include">
        </childnode>
        <childnode refid="4" relation="include">
        </childnode>
      </node>
      <node id="5">
        <label>rocky20/cuda/cuda_basics.hpp</label>
      </node>
      <node id="15">
        <label>rocky20/device/device_joint_api.hpp</label>
      </node>
      <node id="12">
        <label>rocky20/device/device_model.hpp</label>
      </node>
      <node id="13">
        <label>rocky20/device/element_properties.hpp</label>
      </node>
      <node id="6">
        <label>rocky20/device/omp_backend.hpp</label>
      </node>
      <node id="9">
        <label>rocky20/model/rocky_model.h</label>
      </node>
      <node id="11">
        <label>rocky20/model/statistics_data.hpp</label>
      </node>
    </incdepgraph>
    <invincdepgraph>
      <node id="3">
        <label>source/c++/rocky20/api/device/api_cuda.hpp</label>
        <link refid="api__cuda_8hpp_source"/>
        <childnode refid="4" relation="include">
        </childnode>
        <childnode refid="5" relation="include">
        </childnode>
        <childnode refid="6" relation="include">
        </childnode>
        <childnode refid="7" relation="include">
        </childnode>
        <childnode refid="8" relation="include">
        </childnode>
        <childnode refid="9" relation="include">
        </childnode>
      </node>
      <node id="4">
        <label>source/c++/rocky20/api/device/api_cuda_cfd_coupling.hpp</label>
        <link refid="api__cuda__cfd__coupling_8hpp_source"/>
      </node>
      <node id="5">
        <label>source/c++/rocky20/api/device/api_cuda_contacts.hpp</label>
        <link refid="api__cuda__contacts_8hpp_source"/>
      </node>
      <node id="6">
        <label>source/c++/rocky20/api/device/api_cuda_joints.hpp</label>
        <link refid="api__cuda__joints_8hpp_source"/>
      </node>
      <node id="7">
        <label>source/c++/rocky20/api/device/api_cuda_particles.hpp</label>
        <link refid="api__cuda__particles_8hpp_source"/>
      </node>
      <node id="8">
        <label>source/c++/rocky20/api/device/api_cuda_triangles.hpp</label>
        <link refid="api__cuda__triangles_8hpp_source"/>
      </node>
      <node id="10">
        <label>source/c++/rocky20/api/device/api_omp_contacts.hpp</label>
        <link refid="api__omp__contacts_8hpp_source"/>
        <childnode refid="2" relation="include">
        </childnode>
      </node>
      <node id="2">
        <label>source/c++/rocky20/api/rocky_api.h</label>
        <link refid="rocky__api_8h_source"/>
        <childnode refid="3" relation="include">
        </childnode>
        <childnode refid="5" relation="include">
        </childnode>
        <childnode refid="10" relation="include">
        </childnode>
        <childnode refid="11" relation="include">
        </childnode>
        <childnode refid="12" relation="include">
        </childnode>
        <childnode refid="13" relation="include">
        </childnode>
      </node>
      <node id="11">
        <label>source/c++/rocky20/api/rocky_api_cfd.h</label>
        <link refid="rocky__api__cfd_8h_source"/>
      </node>
      <node id="12">
        <label>source/c++/rocky20/api/rocky_api_sph.h</label>
        <link refid="rocky__api__sph_8h_source"/>
      </node>
      <node id="1">
        <label>source/c++/rocky20/api/rocky_joint_api.hpp</label>
        <link refid="rocky__joint__api_8hpp"/>
        <childnode refid="2" relation="include">
        </childnode>
      </node>
      <node id="9">
        <label>source/c++/rocky20/api/sph/api_cuda_sph.hpp</label>
        <link refid="api__cuda__sph_8hpp_source"/>
      </node>
      <node id="13">
        <label>source/c++/rocky20/api/sph/api_omp_sph.hpp</label>
        <link refid="api__omp__sph_8hpp_source"/>
        <childnode refid="12" relation="include">
        </childnode>
      </node>
    </invincdepgraph>
    <innerclass refid="structIRockyJoint" prot="public">IRockyJoint</innerclass>
    <innerclass refid="structIRockyJointOutputData" prot="public">IRockyJointOutputData</innerclass>
    <briefdescription>
    </briefdescription>
    <detaileddescription>
    </detaileddescription>
    <programlisting>
<codeline lineno="1"><highlight class="comment">//<sp/>(C)<sp/>2024<sp/>ANSYS,<sp/>Inc.<sp/>Unauthorized<sp/>use,<sp/>distribution,<sp/>or<sp/>duplication<sp/>is<sp/>prohibited.</highlight><highlight class="normal"></highlight></codeline>
<codeline lineno="2"><highlight class="normal"></highlight><highlight class="preprocessor">#pragma<sp/>once</highlight><highlight class="normal"></highlight></codeline>
<codeline lineno="3"><highlight class="normal"></highlight></codeline>
<codeline lineno="4"><highlight class="normal"></highlight><highlight class="comment">//<sp/>Includes<sp/>=======================================================================================</highlight><highlight class="normal"></highlight></codeline>
<codeline lineno="5"><highlight class="normal"></highlight><highlight class="preprocessor">#include<sp/>&lt;rocky20/api/rocky_particle_api.hpp&gt;</highlight><highlight class="normal"></highlight></codeline>
<codeline lineno="6"><highlight class="normal"></highlight><highlight class="preprocessor">#include<sp/>&lt;rocky20/device/device_joint_api.hpp&gt;</highlight><highlight class="normal"></highlight></codeline>
<codeline lineno="7"><highlight class="normal"></highlight></codeline>
<codeline lineno="8"><highlight class="normal"></highlight><highlight class="preprocessor">#include<sp/>&quot;rocky_joint_scalars.hpp&quot;</highlight><highlight class="normal"></highlight></codeline>
<codeline lineno="9"><highlight class="normal"></highlight></codeline>
<codeline lineno="10"><highlight class="normal"></highlight><highlight class="comment">//<sp/>================================================================================================</highlight><highlight class="normal"></highlight></codeline>
<codeline lineno="11"><highlight class="normal"></highlight><highlight class="comment">//<sp/>IRockyJoint</highlight><highlight class="normal"></highlight></codeline>
<codeline lineno="12"><highlight class="normal"></highlight><highlight class="comment">//<sp/>================================================================================================</highlight><highlight class="normal"></highlight></codeline>
<codeline lineno="13"><highlight class="normal"></highlight></codeline>
<codeline lineno="32" refid="structIRockyJoint" refkind="compound"><highlight class="normal"></highlight><highlight class="keyword">struct<sp/></highlight><highlight class="normal"><ref refid="structIRockyJoint" kindref="compound">IRockyJoint</ref></highlight></codeline>
<codeline lineno="33"><highlight class="normal">{</highlight></codeline>
<codeline lineno="34"><highlight class="normal"></highlight></codeline>
<codeline lineno="35"><highlight class="normal"><sp/><sp/><sp/><sp/></highlight><highlight class="comment">//<sp/>-----------------------------------------------------------------------</highlight><highlight class="normal"></highlight></codeline>
<codeline lineno="36"><highlight class="normal"><sp/><sp/><sp/><sp/></highlight><highlight class="comment">//<sp/>Forces<sp/>and<sp/>moments<sp/>according<sp/>to<sp/>the<sp/>default<sp/>linear<sp/>elastic<sp/>model</highlight><highlight class="normal"></highlight></codeline>
<codeline lineno="37"><highlight class="normal"><sp/><sp/><sp/><sp/></highlight><highlight class="comment">//<sp/>-----------------------------------------------------------------------</highlight><highlight class="normal"></highlight></codeline>
<codeline lineno="38"><highlight class="normal"></highlight></codeline>
<codeline lineno="52"><highlight class="normal"><sp/><sp/><sp/><sp/></highlight><highlight class="keyword">inline</highlight><highlight class="normal"><sp/>ROCKY_FUNCTIONS</highlight></codeline>
<codeline lineno="53" refid="structIRockyJoint_1ab006cbc3b38064611dfa5dae2cbdf672" refkind="member"><highlight class="normal"><sp/><sp/><sp/><sp/>double3<sp/><ref refid="structIRockyJoint_1ab006cbc3b38064611dfa5dae2cbdf672" kindref="member">get_elastic_force</ref>()</highlight><highlight class="keyword"><sp/>const</highlight></codeline>
<codeline lineno="54"><highlight class="keyword"><sp/><sp/><sp/><sp/></highlight><highlight class="normal">{</highlight></codeline>
<codeline lineno="55"><highlight class="normal"><sp/><sp/><sp/><sp/><sp/><sp/><sp/><sp/></highlight><highlight class="keywordflow">return</highlight><highlight class="normal"><sp/>this-&gt;_impl.get_elastic_force();</highlight></codeline>
<codeline lineno="56"><highlight class="normal"><sp/><sp/><sp/><sp/>}</highlight></codeline>
<codeline lineno="57"><highlight class="normal"></highlight></codeline>
<codeline lineno="58"><highlight class="normal"></highlight></codeline>
<codeline lineno="71"><highlight class="normal"><sp/><sp/><sp/><sp/></highlight><highlight class="keyword">inline</highlight><highlight class="normal"><sp/>ROCKY_FUNCTIONS</highlight></codeline>
<codeline lineno="72" refid="structIRockyJoint_1a3447c9a4ef194097e8c3898b25ebe942" refkind="member"><highlight class="normal"><sp/><sp/><sp/><sp/>thrust::tuple&lt;double3,<sp/>double3&gt;<sp/><ref refid="structIRockyJoint_1a3447c9a4ef194097e8c3898b25ebe942" kindref="member">get_moments_due_to_force</ref>(double3<sp/>force)</highlight><highlight class="keyword"><sp/>const</highlight></codeline>
<codeline lineno="73"><highlight class="keyword"><sp/><sp/><sp/><sp/></highlight><highlight class="normal">{</highlight></codeline>
<codeline lineno="74"><highlight class="normal"><sp/><sp/><sp/><sp/><sp/><sp/><sp/><sp/></highlight><highlight class="keywordflow">return</highlight><highlight class="normal"><sp/>this-&gt;_impl.get_moments_due_to_force(force);</highlight></codeline>
<codeline lineno="75"><highlight class="normal"><sp/><sp/><sp/><sp/>}</highlight></codeline>
<codeline lineno="76"><highlight class="normal"></highlight></codeline>
<codeline lineno="77"><highlight class="normal"></highlight></codeline>
<codeline lineno="94"><highlight class="normal"><sp/><sp/><sp/><sp/></highlight><highlight class="keyword">inline</highlight><highlight class="normal"><sp/>ROCKY_FUNCTIONS</highlight></codeline>
<codeline lineno="95" refid="structIRockyJoint_1a8eeb46a9210aeaf532467ecb77c580e7" refkind="member"><highlight class="normal"><sp/><sp/><sp/><sp/>double3<sp/><ref refid="structIRockyJoint_1a8eeb46a9210aeaf532467ecb77c580e7" kindref="member">get_elastic_moment</ref>()</highlight><highlight class="keyword"><sp/>const</highlight></codeline>
<codeline lineno="96"><highlight class="keyword"><sp/><sp/><sp/><sp/></highlight><highlight class="normal">{</highlight></codeline>
<codeline lineno="97"><highlight class="normal"><sp/><sp/><sp/><sp/><sp/><sp/><sp/><sp/></highlight><highlight class="keywordflow">return</highlight><highlight class="normal"><sp/>this-&gt;_impl.get_elastic_moment();</highlight></codeline>
<codeline lineno="98"><highlight class="normal"><sp/><sp/><sp/><sp/>}</highlight></codeline>
<codeline lineno="99"><highlight class="normal"></highlight></codeline>
<codeline lineno="100"><highlight class="normal"></highlight></codeline>
<codeline lineno="114"><highlight class="normal"><sp/><sp/><sp/><sp/></highlight><highlight class="keyword">inline</highlight><highlight class="normal"><sp/>ROCKY_FUNCTIONS</highlight></codeline>
<codeline lineno="115" refid="structIRockyJoint_1a7c2d0b63f577c279227b2df8daffbf5c" refkind="member"><highlight class="normal"><sp/><sp/><sp/><sp/>double3<sp/><ref refid="structIRockyJoint_1a7c2d0b63f577c279227b2df8daffbf5c" kindref="member">get_damping_force</ref>()</highlight><highlight class="keyword"><sp/>const</highlight></codeline>
<codeline lineno="116"><highlight class="keyword"><sp/><sp/><sp/><sp/></highlight><highlight class="normal">{</highlight></codeline>
<codeline lineno="117"><highlight class="normal"><sp/><sp/><sp/><sp/><sp/><sp/><sp/><sp/></highlight><highlight class="keywordflow">return</highlight><highlight class="normal"><sp/>this-&gt;_impl.get_damping_force();</highlight></codeline>
<codeline lineno="118"><highlight class="normal"><sp/><sp/><sp/><sp/>}</highlight></codeline>
<codeline lineno="119"><highlight class="normal"></highlight></codeline>
<codeline lineno="120"><highlight class="normal"></highlight></codeline>
<codeline lineno="137"><highlight class="normal"><sp/><sp/><sp/><sp/></highlight><highlight class="keyword">inline</highlight><highlight class="normal"><sp/>ROCKY_FUNCTIONS</highlight></codeline>
<codeline lineno="138" refid="structIRockyJoint_1a71de79fea3ed20ae451b5cb36d2b6349" refkind="member"><highlight class="normal"><sp/><sp/><sp/><sp/>double3<sp/><ref refid="structIRockyJoint_1a71de79fea3ed20ae451b5cb36d2b6349" kindref="member">get_damping_moment</ref>()</highlight><highlight class="keyword"><sp/>const</highlight></codeline>
<codeline lineno="139"><highlight class="keyword"><sp/><sp/><sp/><sp/></highlight><highlight class="normal">{</highlight></codeline>
<codeline lineno="140"><highlight class="normal"><sp/><sp/><sp/><sp/><sp/><sp/><sp/><sp/></highlight><highlight class="keywordflow">return</highlight><highlight class="normal"><sp/>this-&gt;_impl.get_damping_moment();</highlight></codeline>
<codeline lineno="141"><highlight class="normal"><sp/><sp/><sp/><sp/>}</highlight></codeline>
<codeline lineno="142"><highlight class="normal"></highlight></codeline>
<codeline lineno="143"><highlight class="normal"><sp/><sp/><sp/><sp/></highlight><highlight class="comment">//<sp/>------------------------------------------------------</highlight><highlight class="normal"></highlight></codeline>
<codeline lineno="144"><highlight class="normal"><sp/><sp/><sp/><sp/></highlight><highlight class="comment">//<sp/>Deformations<sp/>and<sp/>deformation<sp/>velocities</highlight><highlight class="normal"></highlight></codeline>
<codeline lineno="145"><highlight class="normal"><sp/><sp/><sp/><sp/></highlight><highlight class="comment">//<sp/>------------------------------------------------------</highlight><highlight class="normal"></highlight></codeline>
<codeline lineno="146"><highlight class="normal"></highlight></codeline>
<codeline lineno="159"><highlight class="normal"><sp/><sp/><sp/><sp/></highlight><highlight class="keyword">inline</highlight><highlight class="normal"><sp/>ROCKY_FUNCTIONS</highlight></codeline>
<codeline lineno="160" refid="structIRockyJoint_1add47e1c2a985abef3a9fef24c44902e2" refkind="member"><highlight class="normal"><sp/><sp/><sp/><sp/>double3<sp/><ref refid="structIRockyJoint_1add47e1c2a985abef3a9fef24c44902e2" kindref="member">get_normal_deformation</ref>()</highlight><highlight class="keyword"><sp/>const</highlight></codeline>
<codeline lineno="161"><highlight class="keyword"><sp/><sp/><sp/><sp/></highlight><highlight class="normal">{</highlight></codeline>
<codeline lineno="162"><highlight class="normal"><sp/><sp/><sp/><sp/><sp/><sp/><sp/><sp/></highlight><highlight class="keywordflow">return</highlight><highlight class="normal"><sp/>this-&gt;_impl.state.normal_deformation;</highlight></codeline>
<codeline lineno="163"><highlight class="normal"><sp/><sp/><sp/><sp/>}</highlight></codeline>
<codeline lineno="164"><highlight class="normal"></highlight></codeline>
<codeline lineno="165"><highlight class="normal"></highlight></codeline>
<codeline lineno="176"><highlight class="normal"><sp/><sp/><sp/><sp/></highlight><highlight class="keyword">inline</highlight><highlight class="normal"><sp/>ROCKY_FUNCTIONS</highlight></codeline>
<codeline lineno="177" refid="structIRockyJoint_1a3d324dbcee8a4366284a5fb84547dd9d" refkind="member"><highlight class="normal"><sp/><sp/><sp/><sp/>double3<sp/><ref refid="structIRockyJoint_1a3d324dbcee8a4366284a5fb84547dd9d" kindref="member">get_tangential_deformation</ref>()</highlight><highlight class="keyword"><sp/>const</highlight></codeline>
<codeline lineno="178"><highlight class="keyword"><sp/><sp/><sp/><sp/></highlight><highlight class="normal">{</highlight></codeline>
<codeline lineno="179"><highlight class="normal"><sp/><sp/><sp/><sp/><sp/><sp/><sp/><sp/></highlight><highlight class="keywordflow">return</highlight><highlight class="normal"><sp/>this-&gt;_impl.state.tangential_deformation;</highlight></codeline>
<codeline lineno="180"><highlight class="normal"><sp/><sp/><sp/><sp/>}</highlight></codeline>
<codeline lineno="181"><highlight class="normal"></highlight></codeline>
<codeline lineno="182"><highlight class="normal"></highlight></codeline>
<codeline lineno="197"><highlight class="normal"><sp/><sp/><sp/><sp/></highlight><highlight class="keyword">inline</highlight><highlight class="normal"><sp/>ROCKY_FUNCTIONS</highlight></codeline>
<codeline lineno="198" refid="structIRockyJoint_1abd22a485b99c59a2141dff07e6f9b9e0" refkind="member"><highlight class="normal"><sp/><sp/><sp/><sp/>double3<sp/><ref refid="structIRockyJoint_1abd22a485b99c59a2141dff07e6f9b9e0" kindref="member">get_normal_deformation_velocity</ref>()</highlight><highlight class="keyword"><sp/>const</highlight></codeline>
<codeline lineno="199"><highlight class="keyword"><sp/><sp/><sp/><sp/></highlight><highlight class="normal">{</highlight></codeline>
<codeline lineno="200"><highlight class="normal"><sp/><sp/><sp/><sp/><sp/><sp/><sp/><sp/></highlight><highlight class="keywordflow">return</highlight><highlight class="normal"><sp/>this-&gt;_impl.state.normal_deformation_velocity;</highlight></codeline>
<codeline lineno="201"><highlight class="normal"><sp/><sp/><sp/><sp/>}</highlight></codeline>
<codeline lineno="202"><highlight class="normal"></highlight></codeline>
<codeline lineno="203"><highlight class="normal"></highlight></codeline>
<codeline lineno="218"><highlight class="normal"><sp/><sp/><sp/><sp/></highlight><highlight class="keyword">inline</highlight><highlight class="normal"><sp/>ROCKY_FUNCTIONS</highlight></codeline>
<codeline lineno="219" refid="structIRockyJoint_1a35e3299e0b5a35128aff0ca6f7604e38" refkind="member"><highlight class="normal"><sp/><sp/><sp/><sp/>double3<sp/><ref refid="structIRockyJoint_1a35e3299e0b5a35128aff0ca6f7604e38" kindref="member">get_tangential_deformation_velocity</ref>()</highlight><highlight class="keyword"><sp/>const</highlight></codeline>
<codeline lineno="220"><highlight class="keyword"><sp/><sp/><sp/><sp/></highlight><highlight class="normal">{</highlight></codeline>
<codeline lineno="221"><highlight class="normal"><sp/><sp/><sp/><sp/><sp/><sp/><sp/><sp/></highlight><highlight class="keywordflow">return</highlight><highlight class="normal"><sp/>this-&gt;_impl.state.tangential_deformation_velocity;</highlight></codeline>
<codeline lineno="222"><highlight class="normal"><sp/><sp/><sp/><sp/>}</highlight></codeline>
<codeline lineno="223"><highlight class="normal"></highlight></codeline>
<codeline lineno="224"><highlight class="normal"></highlight></codeline>
<codeline lineno="232"><highlight class="normal"><sp/><sp/><sp/><sp/></highlight><highlight class="keyword">inline</highlight><highlight class="normal"><sp/>ROCKY_FUNCTIONS</highlight></codeline>
<codeline lineno="233" refid="structIRockyJoint_1a7c84ef4dad6d9e1f38b2d227ac1f083a" refkind="member"><highlight class="normal"><sp/><sp/><sp/><sp/></highlight><highlight class="keywordtype">int</highlight><highlight class="normal"><sp/><ref refid="structIRockyJoint_1a7c84ef4dad6d9e1f38b2d227ac1f083a" kindref="member">get_number_angular_deformations</ref>()</highlight><highlight class="keyword"><sp/>const</highlight></codeline>
<codeline lineno="234"><highlight class="keyword"><sp/><sp/><sp/><sp/></highlight><highlight class="normal">{</highlight></codeline>
<codeline lineno="235"><highlight class="normal"><sp/><sp/><sp/><sp/><sp/><sp/><sp/><sp/></highlight><highlight class="keywordflow">return</highlight><highlight class="normal"><sp/>this-&gt;_impl.state.get_n_angular_deformations();</highlight></codeline>
<codeline lineno="236"><highlight class="normal"><sp/><sp/><sp/><sp/>}</highlight></codeline>
<codeline lineno="237"><highlight class="normal"></highlight></codeline>
<codeline lineno="238"><highlight class="normal"></highlight></codeline>
<codeline lineno="253"><highlight class="normal"><sp/><sp/><sp/><sp/></highlight><highlight class="keyword">inline</highlight><highlight class="normal"><sp/>ROCKY_FUNCTIONS</highlight></codeline>
<codeline lineno="254" refid="structIRockyJoint_1a46c8b6ca5aa8e78f55cb6c0a70f1cc6d" refkind="member"><highlight class="normal"><sp/><sp/><sp/><sp/></highlight><highlight class="keywordtype">double</highlight><highlight class="normal"><sp/><ref refid="structIRockyJoint_1a46c8b6ca5aa8e78f55cb6c0a70f1cc6d" kindref="member">get_angular_deformation</ref>(</highlight><highlight class="keywordtype">int</highlight><highlight class="normal"><sp/>deformation_direction)</highlight><highlight class="keyword"><sp/>const</highlight></codeline>
<codeline lineno="255"><highlight class="keyword"><sp/><sp/><sp/><sp/></highlight><highlight class="normal">{</highlight></codeline>
<codeline lineno="256"><highlight class="normal"><sp/><sp/><sp/><sp/><sp/><sp/><sp/><sp/></highlight><highlight class="keywordflow">return</highlight><highlight class="normal"><sp/>this-&gt;_impl.state.angular_deformation[deformation_direction];</highlight></codeline>
<codeline lineno="257"><highlight class="normal"><sp/><sp/><sp/><sp/>}</highlight></codeline>
<codeline lineno="258"><highlight class="normal"></highlight></codeline>
<codeline lineno="259"><highlight class="normal"></highlight></codeline>
<codeline lineno="273"><highlight class="normal"><sp/><sp/><sp/><sp/></highlight><highlight class="keyword">inline</highlight><highlight class="normal"><sp/>ROCKY_FUNCTIONS</highlight></codeline>
<codeline lineno="274" refid="structIRockyJoint_1a1be4ec6e88935d14a4b900d09fdbfadf" refkind="member"><highlight class="normal"><sp/><sp/><sp/><sp/></highlight><highlight class="keywordtype">double</highlight><highlight class="normal"><sp/><ref refid="structIRockyJoint_1a1be4ec6e88935d14a4b900d09fdbfadf" kindref="member">get_angular_deformation_velocity</ref>(</highlight><highlight class="keywordtype">int</highlight><highlight class="normal"><sp/>deformation_direction)</highlight><highlight class="keyword"><sp/>const</highlight></codeline>
<codeline lineno="275"><highlight class="keyword"><sp/><sp/><sp/><sp/></highlight><highlight class="normal">{</highlight></codeline>
<codeline lineno="276"><highlight class="normal"><sp/><sp/><sp/><sp/><sp/><sp/><sp/><sp/></highlight><highlight class="keywordflow">return</highlight><highlight class="normal"><sp/>this-&gt;_impl.state.angular_deformation_velocity[deformation_direction];</highlight></codeline>
<codeline lineno="277"><highlight class="normal"><sp/><sp/><sp/><sp/>}</highlight></codeline>
<codeline lineno="278"><highlight class="normal"></highlight></codeline>
<codeline lineno="279"><highlight class="normal"></highlight></codeline>
<codeline lineno="293"><highlight class="normal"><sp/><sp/><sp/><sp/></highlight><highlight class="keyword">inline</highlight><highlight class="normal"><sp/>ROCKY_FUNCTIONS</highlight></codeline>
<codeline lineno="294" refid="structIRockyJoint_1ae4c1028eba2077ae552c21aba43ce638" refkind="member"><highlight class="normal"><sp/><sp/><sp/><sp/>double3<sp/><ref refid="structIRockyJoint_1ae4c1028eba2077ae552c21aba43ce638" kindref="member">get_angular_deformation_direction</ref>(</highlight><highlight class="keywordtype">int</highlight><highlight class="normal"><sp/>deformation_direction)</highlight><highlight class="keyword"><sp/>const</highlight></codeline>
<codeline lineno="295"><highlight class="keyword"><sp/><sp/><sp/><sp/></highlight><highlight class="normal">{</highlight></codeline>
<codeline lineno="296"><highlight class="normal"><sp/><sp/><sp/><sp/><sp/><sp/><sp/><sp/></highlight><highlight class="keywordflow">return</highlight><highlight class="normal"><sp/>this-&gt;_impl.state.local_basis[deformation_direction];</highlight></codeline>
<codeline lineno="297"><highlight class="normal"><sp/><sp/><sp/><sp/>}</highlight></codeline>
<codeline lineno="298"><highlight class="normal"></highlight></codeline>
<codeline lineno="299"><highlight class="normal"></highlight></codeline>
<codeline lineno="300"><highlight class="normal"><sp/><sp/><sp/><sp/></highlight><highlight class="comment">//<sp/>------------------------------------------------------</highlight><highlight class="normal"></highlight></codeline>
<codeline lineno="301"><highlight class="normal"><sp/><sp/><sp/><sp/></highlight><highlight class="comment">//<sp/>Stiffnesses<sp/>and<sp/>damping<sp/>coefficients</highlight><highlight class="normal"></highlight></codeline>
<codeline lineno="302"><highlight class="normal"><sp/><sp/><sp/><sp/></highlight><highlight class="comment">//<sp/>------------------------------------------------------</highlight><highlight class="normal"></highlight></codeline>
<codeline lineno="303"><highlight class="normal"></highlight></codeline>
<codeline lineno="314"><highlight class="normal"><sp/><sp/><sp/><sp/></highlight><highlight class="keyword">inline</highlight><highlight class="normal"><sp/>ROCKY_FUNCTIONS</highlight></codeline>
<codeline lineno="315" refid="structIRockyJoint_1a47718a93f4aa6bffe9ef0e03bfff3fa9" refkind="member"><highlight class="normal"><sp/><sp/><sp/><sp/></highlight><highlight class="keywordtype">double</highlight><highlight class="normal"><sp/><ref refid="structIRockyJoint_1a47718a93f4aa6bffe9ef0e03bfff3fa9" kindref="member">get_normal_stiffness</ref>()</highlight><highlight class="keyword"><sp/>const<sp/></highlight></codeline>
<codeline lineno="316"><highlight class="keyword"><sp/><sp/><sp/><sp/></highlight><highlight class="normal">{<sp/></highlight></codeline>
<codeline lineno="317"><highlight class="normal"><sp/><sp/><sp/><sp/><sp/><sp/><sp/><sp/></highlight><highlight class="keywordflow">return</highlight><highlight class="normal"><sp/>this-&gt;_impl.state.particle_group-&gt;joint_elastic_ratio.normal<sp/>*<sp/>this-&gt;_impl.state.normal_stiffness;</highlight></codeline>
<codeline lineno="318"><highlight class="normal"><sp/><sp/><sp/><sp/>}</highlight></codeline>
<codeline lineno="319"><highlight class="normal"></highlight></codeline>
<codeline lineno="320"><highlight class="normal"></highlight></codeline>
<codeline lineno="331"><highlight class="normal"><sp/><sp/><sp/><sp/></highlight><highlight class="keyword">inline</highlight><highlight class="normal"><sp/>ROCKY_FUNCTIONS</highlight></codeline>
<codeline lineno="332" refid="structIRockyJoint_1a48e95a4cc7245305980339ea8ddf43b3" refkind="member"><highlight class="normal"><sp/><sp/><sp/><sp/></highlight><highlight class="keywordtype">double</highlight><highlight class="normal"><sp/><ref refid="structIRockyJoint_1a48e95a4cc7245305980339ea8ddf43b3" kindref="member">get_tangential_stiffness</ref>()</highlight><highlight class="keyword"><sp/>const<sp/></highlight></codeline>
<codeline lineno="333"><highlight class="keyword"><sp/><sp/><sp/><sp/></highlight><highlight class="normal">{<sp/></highlight></codeline>
<codeline lineno="334"><highlight class="normal"><sp/><sp/><sp/><sp/><sp/><sp/><sp/><sp/></highlight><highlight class="keywordflow">return</highlight><highlight class="normal"><sp/>this-&gt;_impl.state.particle_group-&gt;joint_elastic_ratio.tangential<sp/>*<sp/>this-&gt;_impl.state.tangential_stiffness;</highlight></codeline>
<codeline lineno="335"><highlight class="normal"><sp/><sp/><sp/><sp/>}</highlight></codeline>
<codeline lineno="336"><highlight class="normal"></highlight></codeline>
<codeline lineno="337"><highlight class="normal"></highlight></codeline>
<codeline lineno="356"><highlight class="normal"><sp/><sp/><sp/><sp/></highlight><highlight class="keyword">inline</highlight><highlight class="normal"><sp/>ROCKY_FUNCTIONS</highlight></codeline>
<codeline lineno="357" refid="structIRockyJoint_1a299b8659e8bb2ddba28de92d18055e5b" refkind="member"><highlight class="normal"><sp/><sp/><sp/><sp/></highlight><highlight class="keywordtype">double</highlight><highlight class="normal"><sp/><ref refid="structIRockyJoint_1a299b8659e8bb2ddba28de92d18055e5b" kindref="member">get_angular_stiffness</ref>(</highlight><highlight class="keywordtype">int</highlight><highlight class="normal"><sp/>deformation_direction)</highlight><highlight class="keyword"><sp/>const</highlight></codeline>
<codeline lineno="358"><highlight class="keyword"><sp/><sp/><sp/><sp/></highlight><highlight class="normal">{</highlight></codeline>
<codeline lineno="359"><highlight class="normal"><sp/><sp/><sp/><sp/><sp/><sp/><sp/><sp/>cu_real<sp/>geometric_factor<sp/>=<sp/>this-&gt;<ref refid="structIRockyJoint_1a22573a85d220d9db4afa1b0f67337196" kindref="member">get_area_moment_of_inertia</ref>(deformation_direction)<sp/>/<sp/>this-&gt;<ref refid="structIRockyJoint_1af2ea637b5ce30f553c19f973411ef451" kindref="member">get_area</ref>();</highlight></codeline>
<codeline lineno="360"><highlight class="normal"><sp/><sp/><sp/><sp/><sp/><sp/><sp/><sp/></highlight><highlight class="keywordflow">return</highlight><highlight class="normal"><sp/>(deformation_direction<sp/>==<sp/>0)<sp/>?</highlight></codeline>
<codeline lineno="361"><highlight class="normal"><sp/><sp/><sp/><sp/><sp/><sp/><sp/><sp/><sp/><sp/><sp/><sp/>this-&gt;_impl.state.particle_group-&gt;joint_elastic_ratio.torsion<sp/>*<sp/>this-&gt;_impl.state.tangential_stiffness<sp/>*<sp/>geometric_factor<sp/>:</highlight></codeline>
<codeline lineno="362"><highlight class="normal"><sp/><sp/><sp/><sp/><sp/><sp/><sp/><sp/><sp/><sp/><sp/><sp/>this-&gt;_impl.state.particle_group-&gt;joint_elastic_ratio.bending<sp/>*<sp/>this-&gt;_impl.state.normal_stiffness<sp/>*<sp/>geometric_factor;</highlight></codeline>
<codeline lineno="363"><highlight class="normal"><sp/><sp/><sp/><sp/>}</highlight></codeline>
<codeline lineno="364"><highlight class="normal"></highlight></codeline>
<codeline lineno="365"><highlight class="normal"></highlight></codeline>
<codeline lineno="374"><highlight class="normal"><sp/><sp/><sp/><sp/></highlight><highlight class="keyword">inline</highlight><highlight class="normal"><sp/>ROCKY_FUNCTIONS</highlight></codeline>
<codeline lineno="375" refid="structIRockyJoint_1ad55375a544cfd11a0c0fb52986b1fc74" refkind="member"><highlight class="normal"><sp/><sp/><sp/><sp/></highlight><highlight class="keywordtype">double</highlight><highlight class="normal"><sp/><ref refid="structIRockyJoint_1ad55375a544cfd11a0c0fb52986b1fc74" kindref="member">get_normal_damping_coefficient</ref>()</highlight><highlight class="keyword"><sp/>const<sp/></highlight></codeline>
<codeline lineno="376"><highlight class="keyword"><sp/><sp/><sp/><sp/></highlight><highlight class="normal">{<sp/></highlight></codeline>
<codeline lineno="377"><highlight class="normal"><sp/><sp/><sp/><sp/><sp/><sp/><sp/><sp/></highlight><highlight class="keywordflow">return</highlight><highlight class="normal"><sp/>this-&gt;_impl.state.particle_group-&gt;sqrt_joint_elastic_ratio.normal<sp/>*<sp/>this-&gt;_impl.state.normal_damping;<sp/></highlight></codeline>
<codeline lineno="378"><highlight class="normal"><sp/><sp/><sp/><sp/>}</highlight></codeline>
<codeline lineno="379"><highlight class="normal"></highlight></codeline>
<codeline lineno="380"><highlight class="normal"></highlight></codeline>
<codeline lineno="389"><highlight class="normal"><sp/><sp/><sp/><sp/></highlight><highlight class="keyword">inline</highlight><highlight class="normal"><sp/>ROCKY_FUNCTIONS</highlight></codeline>
<codeline lineno="390" refid="structIRockyJoint_1a25c86f76033636ab37b3ff19ba60b41a" refkind="member"><highlight class="normal"><sp/><sp/><sp/><sp/></highlight><highlight class="keywordtype">double</highlight><highlight class="normal"><sp/><ref refid="structIRockyJoint_1a25c86f76033636ab37b3ff19ba60b41a" kindref="member">get_tangential_damping_coefficient</ref>()</highlight><highlight class="keyword"><sp/>const<sp/></highlight></codeline>
<codeline lineno="391"><highlight class="keyword"><sp/><sp/><sp/><sp/></highlight><highlight class="normal">{<sp/></highlight></codeline>
<codeline lineno="392"><highlight class="normal"><sp/><sp/><sp/><sp/><sp/><sp/><sp/><sp/></highlight><highlight class="keywordflow">return</highlight><highlight class="normal"><sp/>this-&gt;_impl.state.particle_group-&gt;sqrt_joint_elastic_ratio.tangential<sp/>*<sp/>this-&gt;_impl.state.tangential_damping;</highlight></codeline>
<codeline lineno="393"><highlight class="normal"><sp/><sp/><sp/><sp/>}</highlight></codeline>
<codeline lineno="394"><highlight class="normal"></highlight></codeline>
<codeline lineno="395"><highlight class="normal"></highlight></codeline>
<codeline lineno="412"><highlight class="normal"><sp/><sp/><sp/><sp/></highlight><highlight class="keyword">inline</highlight><highlight class="normal"><sp/>ROCKY_FUNCTIONS</highlight></codeline>
<codeline lineno="413" refid="structIRockyJoint_1a83db4989103e17e6158b6e96a030457d" refkind="member"><highlight class="normal"><sp/><sp/><sp/><sp/></highlight><highlight class="keywordtype">double</highlight><highlight class="normal"><sp/><ref refid="structIRockyJoint_1a83db4989103e17e6158b6e96a030457d" kindref="member">get_angular_damping_coefficient</ref>(</highlight><highlight class="keywordtype">int</highlight><highlight class="normal"><sp/>deformation_direction)</highlight><highlight class="keyword"><sp/>const</highlight></codeline>
<codeline lineno="414"><highlight class="keyword"><sp/><sp/><sp/><sp/></highlight><highlight class="normal">{</highlight></codeline>
<codeline lineno="415"><highlight class="normal"><sp/><sp/><sp/><sp/><sp/><sp/><sp/><sp/>cu_real<sp/>geometric_factor<sp/>=<sp/>this-&gt;<ref refid="structIRockyJoint_1a22573a85d220d9db4afa1b0f67337196" kindref="member">get_area_moment_of_inertia</ref>(deformation_direction)<sp/>/<sp/>this-&gt;<ref refid="structIRockyJoint_1af2ea637b5ce30f553c19f973411ef451" kindref="member">get_area</ref>();</highlight></codeline>
<codeline lineno="416"><highlight class="normal"><sp/><sp/><sp/><sp/><sp/><sp/><sp/><sp/></highlight><highlight class="keywordflow">return</highlight><highlight class="normal"><sp/>(deformation_direction<sp/>==<sp/>0)<sp/>?</highlight></codeline>
<codeline lineno="417"><highlight class="normal"><sp/><sp/><sp/><sp/><sp/><sp/><sp/><sp/><sp/><sp/><sp/><sp/>this-&gt;_impl.state.particle_group-&gt;sqrt_joint_elastic_ratio.torsion<sp/>*<sp/>this-&gt;_impl.state.tangential_damping<sp/>*<sp/>geometric_factor<sp/>:</highlight></codeline>
<codeline lineno="418"><highlight class="normal"><sp/><sp/><sp/><sp/><sp/><sp/><sp/><sp/><sp/><sp/><sp/><sp/>this-&gt;_impl.state.particle_group-&gt;sqrt_joint_elastic_ratio.bending<sp/>*<sp/>this-&gt;_impl.state.normal_damping<sp/>*<sp/>geometric_factor;</highlight></codeline>
<codeline lineno="419"><highlight class="normal"><sp/><sp/><sp/><sp/>}</highlight></codeline>
<codeline lineno="420"><highlight class="normal"><sp/><sp/><sp/><sp/></highlight></codeline>
<codeline lineno="421"><highlight class="normal"><sp/><sp/><sp/><sp/></highlight><highlight class="comment">//---------------------------------------------------------------</highlight><highlight class="normal"></highlight></codeline>
<codeline lineno="422"><highlight class="normal"><sp/><sp/><sp/><sp/></highlight><highlight class="comment">//<sp/>Low-level<sp/>parameters</highlight><highlight class="normal"></highlight></codeline>
<codeline lineno="423"><highlight class="normal"><sp/><sp/><sp/><sp/></highlight><highlight class="comment">//---------------------------------------------------------------</highlight><highlight class="normal"></highlight></codeline>
<codeline lineno="424"><highlight class="normal"></highlight></codeline>
<codeline lineno="431"><highlight class="normal"><sp/><sp/><sp/><sp/></highlight><highlight class="keyword">inline</highlight><highlight class="normal"><sp/>ROCKY_FUNCTIONS</highlight></codeline>
<codeline lineno="432" refid="structIRockyJoint_1af300e95bee5d2a332c3085e6fad91af2" refkind="member"><highlight class="normal"><sp/><sp/><sp/><sp/>double3<sp/><ref refid="structIRockyJoint_1af300e95bee5d2a332c3085e6fad91af2" kindref="member">get_normal_vector</ref>()</highlight><highlight class="keyword"><sp/>const<sp/></highlight><highlight class="normal">{<sp/></highlight><highlight class="keywordflow">return</highlight><highlight class="normal"><sp/>this-&gt;_impl.state.normal_vector;<sp/><sp/>}</highlight></codeline>
<codeline lineno="433"><highlight class="normal"></highlight></codeline>
<codeline lineno="434"><highlight class="normal"></highlight></codeline>
<codeline lineno="445"><highlight class="normal"><sp/><sp/><sp/><sp/></highlight><highlight class="keyword">inline</highlight><highlight class="normal"><sp/>ROCKY_FUNCTIONS</highlight></codeline>
<codeline lineno="446" refid="structIRockyJoint_1af2ea637b5ce30f553c19f973411ef451" refkind="member"><highlight class="normal"><sp/><sp/><sp/><sp/></highlight><highlight class="keywordtype">double</highlight><highlight class="normal"><sp/><ref refid="structIRockyJoint_1af2ea637b5ce30f553c19f973411ef451" kindref="member">get_area</ref>()</highlight><highlight class="keyword"><sp/>const<sp/></highlight><highlight class="normal">{<sp/></highlight><highlight class="keywordflow">return</highlight><highlight class="normal"><sp/>this-&gt;_impl.state.area;<sp/>}</highlight></codeline>
<codeline lineno="447"><highlight class="normal"></highlight></codeline>
<codeline lineno="448"><highlight class="normal"></highlight></codeline>
<codeline lineno="460"><highlight class="normal"><sp/><sp/><sp/><sp/></highlight><highlight class="keyword">inline</highlight><highlight class="normal"><sp/>ROCKY_FUNCTIONS</highlight></codeline>
<codeline lineno="461" refid="structIRockyJoint_1a22573a85d220d9db4afa1b0f67337196" refkind="member"><highlight class="normal"><sp/><sp/><sp/><sp/></highlight><highlight class="keywordtype">double</highlight><highlight class="normal"><sp/><ref refid="structIRockyJoint_1a22573a85d220d9db4afa1b0f67337196" kindref="member">get_area_moment_of_inertia</ref>(</highlight><highlight class="keywordtype">int</highlight><highlight class="normal"><sp/>deformation_direction)</highlight><highlight class="keyword"><sp/>const</highlight></codeline>
<codeline lineno="462"><highlight class="keyword"><sp/><sp/><sp/><sp/></highlight><highlight class="normal">{</highlight></codeline>
<codeline lineno="463"><highlight class="normal"><sp/><sp/><sp/><sp/><sp/><sp/><sp/><sp/></highlight><highlight class="keywordflow">return</highlight><highlight class="normal"><sp/>this-&gt;_impl.state.area_moment[deformation_direction];</highlight></codeline>
<codeline lineno="464"><highlight class="normal"><sp/><sp/><sp/><sp/>}</highlight></codeline>
<codeline lineno="465"><highlight class="normal"></highlight></codeline>
<codeline lineno="466"><highlight class="normal"></highlight></codeline>
<codeline lineno="472"><highlight class="normal"><sp/><sp/><sp/><sp/></highlight><highlight class="keyword">inline</highlight><highlight class="normal"><sp/>ROCKY_FUNCTIONS</highlight></codeline>
<codeline lineno="473" refid="structIRockyJoint_1a2d57d8f171e77be4e1de3f2eb2b10fb3" refkind="member"><highlight class="normal"><sp/><sp/><sp/><sp/></highlight><highlight class="keywordtype">double</highlight><highlight class="normal"><sp/><ref refid="structIRockyJoint_1a2d57d8f171e77be4e1de3f2eb2b10fb3" kindref="member">get_young_modulus</ref>()</highlight><highlight class="keyword"><sp/>const<sp/></highlight><highlight class="normal">{<sp/></highlight></codeline>
<codeline lineno="474"><highlight class="normal"><sp/><sp/><sp/><sp/><sp/><sp/><sp/><sp/></highlight><highlight class="keywordtype">int</highlight><highlight class="normal"><sp/>material_index<sp/>=<sp/>this-&gt;_impl.state.particle_group-&gt;get_material_index();</highlight></codeline>
<codeline lineno="475"><highlight class="normal"><sp/><sp/><sp/><sp/><sp/><sp/><sp/><sp/></highlight><highlight class="keywordflow">return</highlight><highlight class="normal"><sp/>this-&gt;_impl.model-&gt;get_material(material_index).kn_load;</highlight></codeline>
<codeline lineno="476"><highlight class="normal"><sp/><sp/><sp/><sp/>}</highlight></codeline>
<codeline lineno="477"><highlight class="normal"></highlight></codeline>
<codeline lineno="478"><highlight class="normal"></highlight></codeline>
<codeline lineno="486" refid="structIRockyJoint_1a09693f2837c14dfb1a0fa4d40373553f" refkind="member"><highlight class="normal"><sp/><sp/><sp/><sp/></highlight><highlight class="keyword">inline</highlight><highlight class="normal"><sp/>ROCKY_FUNCTIONS<sp/></highlight><highlight class="keywordtype">double</highlight><highlight class="normal"><sp/><ref refid="structIRockyJoint_1a09693f2837c14dfb1a0fa4d40373553f" kindref="member">get_poisson_ratio</ref>()</highlight><highlight class="keyword"><sp/>const</highlight></codeline>
<codeline lineno="487"><highlight class="keyword"><sp/><sp/><sp/><sp/></highlight><highlight class="normal">{</highlight></codeline>
<codeline lineno="488"><highlight class="normal"><sp/><sp/><sp/><sp/><sp/><sp/><sp/><sp/></highlight><highlight class="keyword">const</highlight><highlight class="normal"><sp/>SDeviceModel*<sp/>model<sp/>=<sp/>this-&gt;_impl.model;</highlight></codeline>
<codeline lineno="489"><highlight class="normal"><sp/><sp/><sp/><sp/><sp/><sp/><sp/><sp/></highlight><highlight class="keywordflow">if</highlight><highlight class="normal"><sp/>(model-&gt;particle_scalars-&gt;is_poisson_ratio_enabled())</highlight></codeline>
<codeline lineno="490"><highlight class="normal"><sp/><sp/><sp/><sp/><sp/><sp/><sp/><sp/>{</highlight></codeline>
<codeline lineno="491"><highlight class="normal"><sp/><sp/><sp/><sp/><sp/><sp/><sp/><sp/><sp/><sp/><sp/><sp/></highlight><highlight class="keyword">const</highlight><highlight class="normal"><sp/>cuda_particle_joint&amp;<sp/>particle_joint<sp/>=<sp/>model-&gt;jnt_prt[this-&gt;_impl.joint_index];</highlight></codeline>
<codeline lineno="492"><highlight class="normal"><sp/><sp/><sp/><sp/><sp/><sp/><sp/><sp/><sp/><sp/><sp/><sp/></highlight><highlight class="keyword">const</highlight><highlight class="normal"><sp/></highlight><highlight class="keywordtype">int</highlight><highlight class="normal"><sp/>home_index<sp/>=<sp/>particle_joint.nh;</highlight></codeline>
<codeline lineno="493"><highlight class="normal"><sp/><sp/><sp/><sp/><sp/><sp/><sp/><sp/><sp/><sp/><sp/><sp/></highlight><highlight class="keyword">const</highlight><highlight class="normal"><sp/></highlight><highlight class="keywordtype">int</highlight><highlight class="normal"><sp/>near_index<sp/>=<sp/>particle_joint.nn;</highlight></codeline>
<codeline lineno="494"><highlight class="normal"><sp/><sp/><sp/><sp/><sp/><sp/><sp/><sp/><sp/><sp/><sp/><sp/></highlight><highlight class="keywordflow">return</highlight><highlight class="normal"><sp/>0.5</highlight></codeline>
<codeline lineno="495"><highlight class="normal"><sp/><sp/><sp/><sp/><sp/><sp/><sp/><sp/><sp/><sp/><sp/><sp/><sp/><sp/><sp/><sp/>*<sp/>(this-&gt;_impl.model-&gt;particle_scalars-&gt;get_poisson_ratio(home_index)</highlight></codeline>
<codeline lineno="496"><highlight class="normal"><sp/><sp/><sp/><sp/><sp/><sp/><sp/><sp/><sp/><sp/><sp/><sp/><sp/><sp/><sp/><sp/><sp/><sp/><sp/>+<sp/>this-&gt;_impl.model-&gt;particle_scalars-&gt;get_poisson_ratio(near_index));</highlight></codeline>
<codeline lineno="497"><highlight class="normal"><sp/><sp/><sp/><sp/><sp/><sp/><sp/><sp/>}</highlight></codeline>
<codeline lineno="498"><highlight class="normal"><sp/><sp/><sp/><sp/><sp/><sp/><sp/><sp/></highlight><highlight class="keywordflow">else</highlight><highlight class="normal"></highlight></codeline>
<codeline lineno="499"><highlight class="normal"><sp/><sp/><sp/><sp/><sp/><sp/><sp/><sp/>{</highlight></codeline>
<codeline lineno="500"><highlight class="normal"><sp/><sp/><sp/><sp/><sp/><sp/><sp/><sp/><sp/><sp/><sp/><sp/></highlight><highlight class="keywordtype">int</highlight><highlight class="normal"><sp/>material_index<sp/>=<sp/>this-&gt;_impl.state.particle_group-&gt;get_material_index();</highlight></codeline>
<codeline lineno="501"><highlight class="normal"><sp/><sp/><sp/><sp/><sp/><sp/><sp/><sp/><sp/><sp/><sp/><sp/></highlight><highlight class="keywordflow">return</highlight><highlight class="normal"><sp/>model-&gt;get_material(material_index).poisson_ratio;</highlight></codeline>
<codeline lineno="502"><highlight class="normal"><sp/><sp/><sp/><sp/><sp/><sp/><sp/><sp/>}</highlight></codeline>
<codeline lineno="503"><highlight class="normal"><sp/><sp/><sp/><sp/>}</highlight></codeline>
<codeline lineno="504"><highlight class="normal"></highlight></codeline>
<codeline lineno="505"><highlight class="normal"></highlight></codeline>
<codeline lineno="517"><highlight class="normal"><sp/><sp/><sp/><sp/></highlight><highlight class="keyword">inline</highlight><highlight class="normal"><sp/>ROCKY_FUNCTIONS</highlight></codeline>
<codeline lineno="518" refid="structIRockyJoint_1a0912316f01b3785c5f711aad2a3ebde1" refkind="member"><highlight class="normal"><sp/><sp/><sp/><sp/></highlight><highlight class="keywordtype">double</highlight><highlight class="normal"><sp/><ref refid="structIRockyJoint_1a0912316f01b3785c5f711aad2a3ebde1" kindref="member">get_normal_elastic_ratio</ref>()</highlight><highlight class="keyword"><sp/>const<sp/></highlight></codeline>
<codeline lineno="519"><highlight class="keyword"><sp/><sp/><sp/><sp/></highlight><highlight class="normal">{<sp/></highlight></codeline>
<codeline lineno="520"><highlight class="normal"><sp/><sp/><sp/><sp/><sp/><sp/><sp/><sp/></highlight><highlight class="keywordflow">return</highlight><highlight class="normal"><sp/>this-&gt;_impl.state.particle_group-&gt;joint_elastic_ratio.normal;<sp/></highlight></codeline>
<codeline lineno="521"><highlight class="normal"><sp/><sp/><sp/><sp/>}</highlight></codeline>
<codeline lineno="522"><highlight class="normal"></highlight></codeline>
<codeline lineno="523"><highlight class="normal"></highlight></codeline>
<codeline lineno="535"><highlight class="normal"><sp/><sp/><sp/><sp/></highlight><highlight class="keyword">inline</highlight><highlight class="normal"><sp/>ROCKY_FUNCTIONS</highlight></codeline>
<codeline lineno="536" refid="structIRockyJoint_1aeeae504e7d95c787e088c8dd5a55c83c" refkind="member"><highlight class="normal"><sp/><sp/><sp/><sp/></highlight><highlight class="keywordtype">double</highlight><highlight class="normal"><sp/><ref refid="structIRockyJoint_1aeeae504e7d95c787e088c8dd5a55c83c" kindref="member">get_tangential_elastic_ratio</ref>()</highlight><highlight class="keyword"><sp/>const<sp/></highlight></codeline>
<codeline lineno="537"><highlight class="keyword"><sp/><sp/><sp/><sp/></highlight><highlight class="normal">{<sp/></highlight></codeline>
<codeline lineno="538"><highlight class="normal"><sp/><sp/><sp/><sp/><sp/><sp/><sp/><sp/></highlight><highlight class="keywordflow">return</highlight><highlight class="normal"><sp/>this-&gt;_impl.state.particle_group-&gt;joint_elastic_ratio.tangential;<sp/></highlight></codeline>
<codeline lineno="539"><highlight class="normal"><sp/><sp/><sp/><sp/>}</highlight></codeline>
<codeline lineno="540"><highlight class="normal"></highlight></codeline>
<codeline lineno="541"><highlight class="normal"></highlight></codeline>
<codeline lineno="553"><highlight class="normal"><sp/><sp/><sp/><sp/></highlight><highlight class="keyword">inline</highlight><highlight class="normal"><sp/>ROCKY_FUNCTIONS</highlight></codeline>
<codeline lineno="554" refid="structIRockyJoint_1a23fa06ce00c95412142f49e82825bca1" refkind="member"><highlight class="normal"><sp/><sp/><sp/><sp/></highlight><highlight class="keywordtype">double</highlight><highlight class="normal"><sp/><ref refid="structIRockyJoint_1a23fa06ce00c95412142f49e82825bca1" kindref="member">get_torsion_elastic_ratio</ref>()</highlight><highlight class="keyword"><sp/>const<sp/></highlight></codeline>
<codeline lineno="555"><highlight class="keyword"><sp/><sp/><sp/><sp/></highlight><highlight class="normal">{<sp/></highlight></codeline>
<codeline lineno="556"><highlight class="normal"><sp/><sp/><sp/><sp/><sp/><sp/><sp/><sp/></highlight><highlight class="keywordflow">return</highlight><highlight class="normal"><sp/>this-&gt;_impl.state.particle_group-&gt;joint_elastic_ratio.torsion;<sp/></highlight></codeline>
<codeline lineno="557"><highlight class="normal"><sp/><sp/><sp/><sp/>}</highlight></codeline>
<codeline lineno="558"><highlight class="normal"></highlight></codeline>
<codeline lineno="559"><highlight class="normal"></highlight></codeline>
<codeline lineno="571"><highlight class="normal"><sp/><sp/><sp/><sp/></highlight><highlight class="keyword">inline</highlight><highlight class="normal"><sp/>ROCKY_FUNCTIONS</highlight></codeline>
<codeline lineno="572" refid="structIRockyJoint_1a83474e7ee11615ca201de8fec94c8c22" refkind="member"><highlight class="normal"><sp/><sp/><sp/><sp/></highlight><highlight class="keywordtype">double</highlight><highlight class="normal"><sp/><ref refid="structIRockyJoint_1a83474e7ee11615ca201de8fec94c8c22" kindref="member">get_bending_elastic_ratio</ref>()</highlight><highlight class="keyword"><sp/>const<sp/></highlight></codeline>
<codeline lineno="573"><highlight class="keyword"><sp/><sp/><sp/><sp/></highlight><highlight class="normal">{<sp/></highlight></codeline>
<codeline lineno="574"><highlight class="normal"><sp/><sp/><sp/><sp/><sp/><sp/><sp/><sp/></highlight><highlight class="keywordflow">return</highlight><highlight class="normal"><sp/>this-&gt;_impl.state.particle_group-&gt;joint_elastic_ratio.bending;<sp/></highlight></codeline>
<codeline lineno="575"><highlight class="normal"><sp/><sp/><sp/><sp/>}</highlight></codeline>
<codeline lineno="576"><highlight class="normal"></highlight></codeline>
<codeline lineno="577"><highlight class="normal"></highlight></codeline>
<codeline lineno="585"><highlight class="normal"><sp/><sp/><sp/><sp/></highlight><highlight class="keyword">inline</highlight><highlight class="normal"><sp/>ROCKY_FUNCTIONS</highlight></codeline>
<codeline lineno="586" refid="structIRockyJoint_1a997ad60ff60b99d485c1d3d2fce74ff2" refkind="member"><highlight class="normal"><sp/><sp/><sp/><sp/></highlight><highlight class="keywordtype">double</highlight><highlight class="normal"><sp/><ref refid="structIRockyJoint_1a997ad60ff60b99d485c1d3d2fce74ff2" kindref="member">get_joint_damping_ratio</ref>()</highlight><highlight class="keyword"><sp/>const</highlight></codeline>
<codeline lineno="587"><highlight class="keyword"><sp/><sp/><sp/><sp/></highlight><highlight class="normal">{</highlight></codeline>
<codeline lineno="588"><highlight class="normal"><sp/><sp/><sp/><sp/><sp/><sp/><sp/><sp/></highlight><highlight class="keywordflow">return</highlight><highlight class="normal"><sp/>this-&gt;_impl.state.particle_group-&gt;joint_damping_ratio;</highlight></codeline>
<codeline lineno="589"><highlight class="normal"><sp/><sp/><sp/><sp/>}</highlight></codeline>
<codeline lineno="590"><highlight class="normal"></highlight></codeline>
<codeline lineno="591"><highlight class="normal"></highlight></codeline>
<codeline lineno="607"><highlight class="normal"><sp/><sp/><sp/><sp/></highlight><highlight class="keyword">inline</highlight><highlight class="normal"><sp/>ROCKY_FUNCTIONS</highlight></codeline>
<codeline lineno="608" refid="structIRockyJoint_1a200f5da4324981ce63eeca693082ce3f" refkind="member"><highlight class="normal"><sp/><sp/><sp/><sp/></highlight><highlight class="keywordtype">double</highlight><highlight class="normal"><sp/><ref refid="structIRockyJoint_1a200f5da4324981ce63eeca693082ce3f" kindref="member">get_angle_scaling_factor</ref>()</highlight><highlight class="keyword"><sp/>const<sp/></highlight><highlight class="normal">{<sp/></highlight><highlight class="keywordflow">return</highlight><highlight class="normal"><sp/>this-&gt;_impl.get_angle_scaling_factor();<sp/><sp/>}</highlight></codeline>
<codeline lineno="609"><highlight class="normal"></highlight></codeline>
<codeline lineno="610"><highlight class="normal"></highlight></codeline>
<codeline lineno="617"><highlight class="normal"><sp/><sp/><sp/><sp/></highlight><highlight class="keyword">inline</highlight><highlight class="normal"><sp/>ROCKY_FUNCTIONS</highlight></codeline>
<codeline lineno="618" refid="structIRockyJoint_1a53d243061f43d6e0a291de65afec3b3c" refkind="member"><highlight class="normal"><sp/><sp/><sp/><sp/></highlight><highlight class="keywordtype">double</highlight><highlight class="normal"><sp/><ref refid="structIRockyJoint_1a53d243061f43d6e0a291de65afec3b3c" kindref="member">get_equivalent_mass</ref>()</highlight><highlight class="keyword"><sp/>const</highlight></codeline>
<codeline lineno="619"><highlight class="keyword"><sp/><sp/><sp/><sp/></highlight><highlight class="normal">{</highlight></codeline>
<codeline lineno="620"><highlight class="normal"><sp/><sp/><sp/><sp/><sp/><sp/><sp/><sp/></highlight><highlight class="keywordflow">return</highlight><highlight class="normal"><sp/>this-&gt;_impl.state.equivalent_mass;</highlight></codeline>
<codeline lineno="621"><highlight class="normal"><sp/><sp/><sp/><sp/>}</highlight></codeline>
<codeline lineno="622"><highlight class="normal"></highlight></codeline>
<codeline lineno="623"><highlight class="normal"></highlight></codeline>
<codeline lineno="631"><highlight class="normal"><sp/><sp/><sp/><sp/></highlight><highlight class="keyword">inline</highlight><highlight class="normal"><sp/>ROCKY_FUNCTIONS</highlight></codeline>
<codeline lineno="632" refid="structIRockyJoint_1ad78b35364784e0ffe09508d99facd5a3" refkind="member"><highlight class="normal"><sp/><sp/><sp/><sp/></highlight><highlight class="keywordtype">double</highlight><highlight class="normal"><sp/><ref refid="structIRockyJoint_1ad78b35364784e0ffe09508d99facd5a3" kindref="member">get_normal_stiffness_per_area</ref>()</highlight><highlight class="keyword"><sp/>const</highlight></codeline>
<codeline lineno="633"><highlight class="keyword"><sp/><sp/><sp/><sp/></highlight><highlight class="normal">{</highlight></codeline>
<codeline lineno="634"><highlight class="normal"><sp/><sp/><sp/><sp/><sp/><sp/><sp/><sp/></highlight><highlight class="keywordflow">return</highlight><highlight class="normal"><sp/>this-&gt;_impl.state.particle_group-&gt;kn_dgb;</highlight></codeline>
<codeline lineno="635"><highlight class="normal"><sp/><sp/><sp/><sp/>}</highlight></codeline>
<codeline lineno="636"><highlight class="normal"></highlight></codeline>
<codeline lineno="637"><highlight class="normal"></highlight></codeline>
<codeline lineno="645"><highlight class="normal"><sp/><sp/><sp/><sp/></highlight><highlight class="keyword">inline</highlight><highlight class="normal"><sp/>ROCKY_FUNCTIONS</highlight></codeline>
<codeline lineno="646" refid="structIRockyJoint_1a1444e28a82d898d15775180373952ee1" refkind="member"><highlight class="normal"><sp/><sp/><sp/><sp/></highlight><highlight class="keywordtype">double</highlight><highlight class="normal"><sp/><ref refid="structIRockyJoint_1a1444e28a82d898d15775180373952ee1" kindref="member">get_tangential_stiffness_per_area</ref>()</highlight><highlight class="keyword"><sp/>const</highlight></codeline>
<codeline lineno="647"><highlight class="keyword"><sp/><sp/><sp/><sp/></highlight><highlight class="normal">{</highlight></codeline>
<codeline lineno="648"><highlight class="normal"><sp/><sp/><sp/><sp/><sp/><sp/><sp/><sp/></highlight><highlight class="keywordflow">return</highlight><highlight class="normal"><sp/>this-&gt;_impl.state.particle_group-&gt;kt_dgb;</highlight></codeline>
<codeline lineno="649"><highlight class="normal"><sp/><sp/><sp/><sp/>}</highlight></codeline>
<codeline lineno="650"><highlight class="normal"></highlight></codeline>
<codeline lineno="651"><highlight class="normal"></highlight></codeline>
<codeline lineno="658"><highlight class="normal"><sp/><sp/><sp/><sp/></highlight><highlight class="keyword">inline</highlight><highlight class="normal"><sp/>ROCKY_FUNCTIONS</highlight></codeline>
<codeline lineno="659" refid="structIRockyJoint_1a2f87ef623553e934f8fdca19d163669a" refkind="member"><highlight class="normal"><sp/><sp/><sp/><sp/></highlight><highlight class="keywordtype">double</highlight><highlight class="normal"><sp/><ref refid="structIRockyJoint_1a2f87ef623553e934f8fdca19d163669a" kindref="member">get_young_modulus_multiplier</ref>()</highlight><highlight class="keyword"><sp/>const<sp/></highlight><highlight class="normal">{<sp/></highlight><highlight class="keywordflow">return</highlight><highlight class="normal"><sp/>this-&gt;_impl.state.stiffness_multiplier;<sp/>}</highlight></codeline>
<codeline lineno="660"><highlight class="normal"></highlight></codeline>
<codeline lineno="661"><highlight class="normal"><sp/><sp/><sp/><sp/></highlight><highlight class="comment">//<sp/>---------------------------------------------------------------------</highlight><highlight class="normal"></highlight></codeline>
<codeline lineno="662"><highlight class="normal"><sp/><sp/><sp/><sp/></highlight><highlight class="comment">//<sp/>Access<sp/>to<sp/>joint<sp/>scalars</highlight><highlight class="normal"></highlight></codeline>
<codeline lineno="663"><highlight class="normal"><sp/><sp/><sp/><sp/></highlight><highlight class="comment">//<sp/>---------------------------------------------------------------------</highlight><highlight class="normal"></highlight></codeline>
<codeline lineno="664"><highlight class="normal"></highlight></codeline>
<codeline lineno="674"><highlight class="normal"><sp/><sp/><sp/><sp/></highlight><highlight class="keyword">inline</highlight><highlight class="normal"><sp/>ROCKY_FUNCTIONS</highlight></codeline>
<codeline lineno="675" refid="structIRockyJoint_1af78ec40df8e4715343434772668bf70d" refkind="member"><highlight class="normal"><sp/><sp/><sp/><sp/><ref refid="structIRockyJointScalars" kindref="compound">IRockyJointScalars</ref><sp/><ref refid="structIRockyJoint_1af78ec40df8e4715343434772668bf70d" kindref="member">get_scalars</ref>()</highlight></codeline>
<codeline lineno="676"><highlight class="normal"><sp/><sp/><sp/><sp/>{</highlight></codeline>
<codeline lineno="677"><highlight class="normal"><sp/><sp/><sp/><sp/><sp/><sp/><sp/><sp/></highlight><highlight class="keywordflow">return</highlight><highlight class="normal"><sp/><ref refid="structIRockyJointScalars" kindref="compound">IRockyJointScalars</ref>(*this-&gt;_impl.model-&gt;joint_scalars,<sp/>this-&gt;_impl.joint_index);</highlight></codeline>
<codeline lineno="678"><highlight class="normal"><sp/><sp/><sp/><sp/>}</highlight></codeline>
<codeline lineno="679"><highlight class="normal"></highlight></codeline>
<codeline lineno="680"><highlight class="normal"><sp/><sp/><sp/><sp/></highlight><highlight class="comment">//<sp/>---------------------------------------------------------------------</highlight><highlight class="normal"></highlight></codeline>
<codeline lineno="681"><highlight class="normal"><sp/><sp/><sp/><sp/></highlight><highlight class="comment">//<sp/>home<sp/>and<sp/>near<sp/>elements<sp/>data</highlight><highlight class="normal"></highlight></codeline>
<codeline lineno="682"><highlight class="normal"><sp/><sp/><sp/><sp/></highlight><highlight class="comment">//<sp/>---------------------------------------------------------------------</highlight><highlight class="normal"></highlight></codeline>
<codeline lineno="683"><highlight class="normal"></highlight></codeline>
<codeline lineno="689" refid="structIRockyJoint_1acd6105a244aacfbbc5a833760c7ca1b9" refkind="member"><highlight class="normal"><sp/><sp/><sp/><sp/>ROCKY_FUNCTIONS<sp/>thrust::tuple&lt;double3,<sp/>double&gt;<sp/><ref refid="structIRockyJoint_1acd6105a244aacfbbc5a833760c7ca1b9" kindref="member">get_home_element_orientation</ref>()</highlight><highlight class="keyword"><sp/>const</highlight></codeline>
<codeline lineno="690"><highlight class="keyword"><sp/><sp/><sp/><sp/></highlight><highlight class="normal">{</highlight></codeline>
<codeline lineno="691"><highlight class="normal"><sp/><sp/><sp/><sp/><sp/><sp/><sp/><sp/></highlight><highlight class="keywordflow">return</highlight><highlight class="normal"><sp/>this-&gt;_impl.get_home_element_orientation();</highlight></codeline>
<codeline lineno="692"><highlight class="normal"><sp/><sp/><sp/><sp/>}</highlight></codeline>
<codeline lineno="693"><highlight class="normal"></highlight></codeline>
<codeline lineno="699" refid="structIRockyJoint_1addfb58409bb1dc5703d9d3ab64b3e458" refkind="member"><highlight class="normal"><sp/><sp/><sp/><sp/>ROCKY_FUNCTIONS<sp/>thrust::tuple&lt;double3,<sp/>double&gt;<sp/><ref refid="structIRockyJoint_1addfb58409bb1dc5703d9d3ab64b3e458" kindref="member">get_near_element_orientation</ref>()</highlight><highlight class="keyword"><sp/>const</highlight></codeline>
<codeline lineno="700"><highlight class="keyword"><sp/><sp/><sp/><sp/></highlight><highlight class="normal">{</highlight></codeline>
<codeline lineno="701"><highlight class="normal"><sp/><sp/><sp/><sp/><sp/><sp/><sp/><sp/></highlight><highlight class="keywordflow">return</highlight><highlight class="normal"><sp/>this-&gt;_impl.get_near_element_orientation();</highlight></codeline>
<codeline lineno="702"><highlight class="normal"><sp/><sp/><sp/><sp/>}</highlight></codeline>
<codeline lineno="703"><highlight class="normal"></highlight></codeline>
<codeline lineno="707" refid="structIRockyJoint_1a4422c62fbad4e4f34c011d683fc0d859" refkind="member"><highlight class="normal"><sp/><sp/><sp/><sp/>ROCKY_FUNCTIONS<sp/>double3<sp/><ref refid="structIRockyJoint_1a4422c62fbad4e4f34c011d683fc0d859" kindref="member">get_home_element_centroid_position</ref>()</highlight><highlight class="keyword"><sp/>const</highlight></codeline>
<codeline lineno="708"><highlight class="keyword"><sp/><sp/><sp/><sp/></highlight><highlight class="normal">{</highlight></codeline>
<codeline lineno="709"><highlight class="normal"><sp/><sp/><sp/><sp/><sp/><sp/><sp/><sp/></highlight><highlight class="keywordflow">return</highlight><highlight class="normal"><sp/>this-&gt;_impl.get_home_element_centroid_position();</highlight></codeline>
<codeline lineno="710"><highlight class="normal"><sp/><sp/><sp/><sp/>}</highlight></codeline>
<codeline lineno="711"><highlight class="normal"></highlight></codeline>
<codeline lineno="715" refid="structIRockyJoint_1a3a804cfa90d13e065de6d983d7a35caf" refkind="member"><highlight class="normal"><sp/><sp/><sp/><sp/>ROCKY_FUNCTIONS<sp/>double3<sp/><ref refid="structIRockyJoint_1a3a804cfa90d13e065de6d983d7a35caf" kindref="member">get_near_element_centroid_position</ref>()</highlight><highlight class="keyword"><sp/>const</highlight></codeline>
<codeline lineno="716"><highlight class="keyword"><sp/><sp/><sp/><sp/></highlight><highlight class="normal">{</highlight></codeline>
<codeline lineno="717"><highlight class="normal"><sp/><sp/><sp/><sp/><sp/><sp/><sp/><sp/></highlight><highlight class="keywordflow">return</highlight><highlight class="normal"><sp/>this-&gt;_impl.get_near_element_centroid_position();</highlight></codeline>
<codeline lineno="718"><highlight class="normal"><sp/><sp/><sp/><sp/>}</highlight></codeline>
<codeline lineno="719"><highlight class="normal"></highlight></codeline>
<codeline lineno="723" refid="structIRockyJoint_1a86a5ed840cdc8b276f3ff65ad8148a3c" refkind="member"><highlight class="normal"><sp/><sp/><sp/><sp/>ROCKY_FUNCTIONS<sp/>double3<sp/><ref refid="structIRockyJoint_1a86a5ed840cdc8b276f3ff65ad8148a3c" kindref="member">get_home_arm</ref>()</highlight><highlight class="keyword"><sp/>const</highlight></codeline>
<codeline lineno="724"><highlight class="keyword"><sp/><sp/><sp/><sp/></highlight><highlight class="normal">{</highlight></codeline>
<codeline lineno="725"><highlight class="normal"><sp/><sp/><sp/><sp/><sp/><sp/><sp/><sp/></highlight><highlight class="keywordflow">return</highlight><highlight class="normal"><sp/>this-&gt;_impl.get_home_arm();</highlight></codeline>
<codeline lineno="726"><highlight class="normal"><sp/><sp/><sp/><sp/>}</highlight></codeline>
<codeline lineno="727"><highlight class="normal"></highlight></codeline>
<codeline lineno="731" refid="structIRockyJoint_1a4129719851a851ff1ac7d0190d834ad3" refkind="member"><highlight class="normal"><sp/><sp/><sp/><sp/>ROCKY_FUNCTIONS<sp/>double3<sp/><ref refid="structIRockyJoint_1a4129719851a851ff1ac7d0190d834ad3" kindref="member">get_near_arm</ref>()</highlight><highlight class="keyword"><sp/>const</highlight></codeline>
<codeline lineno="732"><highlight class="keyword"><sp/><sp/><sp/><sp/></highlight><highlight class="normal">{</highlight></codeline>
<codeline lineno="733"><highlight class="normal"><sp/><sp/><sp/><sp/><sp/><sp/><sp/><sp/></highlight><highlight class="keywordflow">return</highlight><highlight class="normal"><sp/>this-&gt;_impl.get_near_arm();</highlight></codeline>
<codeline lineno="734"><highlight class="normal"><sp/><sp/><sp/><sp/>}</highlight></codeline>
<codeline lineno="735"><highlight class="normal"></highlight></codeline>
<codeline lineno="744" refid="structIRockyJoint_1a37e1bd3fb20a03cf9be8a2d4dd317d22" refkind="member"><highlight class="normal"><sp/><sp/><sp/><sp/>ROCKY_FUNCTIONS<sp/>thrust::tuple&lt;int,<sp/>int&gt;<sp/><ref refid="structIRockyJoint_1a37e1bd3fb20a03cf9be8a2d4dd317d22" kindref="member">get_element_tags</ref>()</highlight><highlight class="keyword"><sp/>const</highlight></codeline>
<codeline lineno="745"><highlight class="keyword"><sp/><sp/><sp/><sp/></highlight><highlight class="normal">{</highlight></codeline>
<codeline lineno="746"><highlight class="normal"><sp/><sp/><sp/><sp/><sp/><sp/><sp/><sp/></highlight><highlight class="keywordflow">return</highlight><highlight class="normal"><sp/>this-&gt;_impl.get_element_tags();</highlight></codeline>
<codeline lineno="747"><highlight class="normal"><sp/><sp/><sp/><sp/>}</highlight></codeline>
<codeline lineno="748"><highlight class="normal"></highlight></codeline>
<codeline lineno="749"><highlight class="normal"></highlight></codeline>
<codeline lineno="752"><highlight class="normal"><sp/><sp/><sp/><sp/>ROCKY_FUNCTIONS<sp/><ref refid="structIRockyJoint" kindref="compound">IRockyJoint</ref>(SDeviceModel<sp/>*_model,<sp/></highlight><highlight class="keywordtype">int</highlight><highlight class="normal"><sp/>_device_index)<sp/>:</highlight></codeline>
<codeline lineno="753"><highlight class="normal"><sp/><sp/><sp/><sp/><sp/><sp/><sp/><sp/>_impl(_model,<sp/>_device_index)<sp/>{}</highlight></codeline>
<codeline lineno="754"><highlight class="normal"></highlight></codeline>
<codeline lineno="755"><highlight class="normal"><sp/><sp/><sp/><sp/>device::RockyJoint<sp/>_impl;</highlight></codeline>
<codeline lineno="756"><highlight class="normal"></highlight></codeline>
<codeline lineno="758"><highlight class="normal">};</highlight></codeline>
<codeline lineno="759"><highlight class="normal"></highlight></codeline>
<codeline lineno="760"><highlight class="normal"></highlight><highlight class="comment">//<sp/>=================================================================================================</highlight><highlight class="normal"></highlight></codeline>
<codeline lineno="761"><highlight class="normal"></highlight><highlight class="comment">//<sp/>IRockyJointOutputData</highlight><highlight class="normal"></highlight></codeline>
<codeline lineno="762"><highlight class="normal"></highlight><highlight class="comment">//<sp/>=================================================================================================</highlight><highlight class="normal"></highlight></codeline>
<codeline lineno="763"><highlight class="normal"></highlight></codeline>
<codeline lineno="764"><highlight class="normal"></highlight><highlight class="keyword">struct<sp/></highlight><highlight class="normal">IRockyJointOutputData</highlight></codeline>
<codeline lineno="765"><highlight class="normal">{</highlight></codeline>
<codeline lineno="766"><highlight class="normal"><sp/><sp/><sp/><sp/></highlight></codeline>
<codeline lineno="779"><highlight class="normal"><sp/><sp/><sp/><sp/>ROCKY_FUNCTIONS<sp/></highlight><highlight class="keywordtype">void</highlight><highlight class="normal"><sp/>set_force(</highlight><highlight class="keyword">const</highlight><highlight class="normal"><sp/>double3&amp;<sp/>value);</highlight></codeline>
<codeline lineno="780"><highlight class="normal"></highlight></codeline>
<codeline lineno="781"><highlight class="normal"></highlight></codeline>
<codeline lineno="792"><highlight class="normal"><sp/><sp/><sp/><sp/>ROCKY_FUNCTIONS<sp/></highlight><highlight class="keywordtype">void</highlight><highlight class="normal"><sp/>set_home_moment(</highlight><highlight class="keyword">const</highlight><highlight class="normal"><sp/>double3&amp;<sp/>value);</highlight></codeline>
<codeline lineno="793"><highlight class="normal"></highlight></codeline>
<codeline lineno="794"><highlight class="normal"></highlight></codeline>
<codeline lineno="805"><highlight class="normal"><sp/><sp/><sp/><sp/>ROCKY_FUNCTIONS<sp/></highlight><highlight class="keywordtype">void</highlight><highlight class="normal"><sp/>set_near_moment(</highlight><highlight class="keyword">const</highlight><highlight class="normal"><sp/>double3&amp;<sp/>value);</highlight></codeline>
<codeline lineno="806"><highlight class="normal"></highlight></codeline>
<codeline lineno="807"><highlight class="normal"></highlight></codeline>
<codeline lineno="810"><highlight class="normal"><sp/><sp/><sp/><sp/>double3<sp/>_force{},<sp/>_home_moment{},<sp/>_near_moment{};</highlight></codeline>
<codeline lineno="811"><highlight class="normal"></highlight></codeline>
<codeline lineno="813"><highlight class="normal">};</highlight></codeline>
<codeline lineno="814"><highlight class="normal"></highlight></codeline>
<codeline lineno="815"><highlight class="normal"></highlight><highlight class="keyword">inline</highlight><highlight class="normal"><sp/>ROCKY_FUNCTIONS<sp/></highlight><highlight class="keywordtype">void</highlight><highlight class="normal"><sp/>IRockyJointOutputData::set_force(</highlight><highlight class="keyword">const</highlight><highlight class="normal"><sp/>double3&amp;<sp/>value)</highlight></codeline>
<codeline lineno="816"><highlight class="normal">{</highlight></codeline>
<codeline lineno="817"><highlight class="normal"><sp/><sp/><sp/><sp/>this-&gt;_force<sp/>=<sp/>value;</highlight></codeline>
<codeline lineno="818"><highlight class="normal">}</highlight></codeline>
<codeline lineno="819"><highlight class="normal"></highlight></codeline>
<codeline lineno="820"><highlight class="normal"></highlight><highlight class="keyword">inline</highlight><highlight class="normal"><sp/>ROCKY_FUNCTIONS<sp/></highlight><highlight class="keywordtype">void</highlight><highlight class="normal"><sp/>IRockyJointOutputData::set_home_moment(</highlight><highlight class="keyword">const</highlight><highlight class="normal"><sp/>double3&amp;<sp/>value)</highlight></codeline>
<codeline lineno="821"><highlight class="normal">{</highlight></codeline>
<codeline lineno="822"><highlight class="normal"><sp/><sp/><sp/><sp/>this-&gt;_home_moment<sp/>=<sp/>value;</highlight></codeline>
<codeline lineno="823"><highlight class="normal">}</highlight></codeline>
<codeline lineno="824"><highlight class="normal"></highlight></codeline>
<codeline lineno="825"><highlight class="normal"></highlight><highlight class="keyword">inline</highlight><highlight class="normal"><sp/>ROCKY_FUNCTIONS<sp/></highlight><highlight class="keywordtype">void</highlight><highlight class="normal"><sp/>IRockyJointOutputData::set_near_moment(</highlight><highlight class="keyword">const</highlight><highlight class="normal"><sp/>double3&amp;<sp/>value)</highlight></codeline>
<codeline lineno="826"><highlight class="normal">{</highlight></codeline>
<codeline lineno="827"><highlight class="normal"><sp/><sp/><sp/><sp/>this-&gt;_near_moment<sp/>=<sp/>value;</highlight></codeline>
<codeline lineno="828"><highlight class="normal">}</highlight></codeline>
    </programlisting>
    <location file="source/c++/rocky20/api/rocky_joint_api.hpp"/>
  </compounddef>
</doxygen>
