<?xml version='1.0' encoding='UTF-8' standalone='no'?>
<doxygen xmlns:xsi="http://www.w3.org/2001/XMLSchema-instance" xsi:noNamespaceSchemaLocation="compound.xsd" version="1.10.0" xml:lang="en-US">
  <compounddef id="rocky__point__cloud_8cpp" kind="file" language="C++">
    <compoundname>rocky_point_cloud.cpp</compoundname>
    <includes refid="rocky__point__cloud_8h" local="yes">rocky_point_cloud.h</includes>
    <includes local="yes">rocky20/addins/rocky_addin.h</includes>
    <includes refid="rocky__api_8h" local="yes">rocky20/api/rocky_api.h</includes>
    <includes local="yes">rocky20/sph/sph_model.h</includes>
    <incdepgraph>
      <node id="11">
        <label>rocky20/api/device/api_backend.hpp</label>
        <link refid="api__backend_8hpp_source"/>
        <childnode refid="12" relation="include">
        </childnode>
        <childnode refid="13" relation="include">
        </childnode>
      </node>
      <node id="54">
        <label>rocky20/api/device/api_device_contacts.hpp</label>
        <link refid="api__device__contacts_8hpp_source"/>
        <childnode refid="33" relation="include">
        </childnode>
        <childnode refid="55" relation="include">
        </childnode>
        <childnode refid="28" relation="include">
        </childnode>
      </node>
      <node id="53">
        <label>rocky20/api/device/api_omp_contacts.hpp</label>
        <link refid="api__omp__contacts_8hpp_source"/>
        <childnode refid="51" relation="include">
        </childnode>
        <childnode refid="5" relation="include">
        </childnode>
        <childnode refid="54" relation="include">
        </childnode>
        <childnode refid="13" relation="include">
        </childnode>
      </node>
      <node id="6">
        <label>dll_export.h</label>
        <link refid="dll__export_8h_source"/>
      </node>
      <node id="5">
        <label>rocky20/api/rocky_api.h</label>
        <link refid="rocky__api_8h_source"/>
        <childnode refid="6" relation="include">
        </childnode>
        <childnode refid="7" relation="include">
        </childnode>
        <childnode refid="23" relation="include">
        </childnode>
        <childnode refid="29" relation="include">
        </childnode>
        <childnode refid="30" relation="include">
        </childnode>
        <childnode refid="33" relation="include">
        </childnode>
        <childnode refid="24" relation="include">
        </childnode>
        <childnode refid="26" relation="include">
        </childnode>
        <childnode refid="32" relation="include">
        </childnode>
        <childnode refid="36" relation="include">
        </childnode>
        <childnode refid="37" relation="include">
        </childnode>
        <childnode refid="15" relation="include">
        </childnode>
        <childnode refid="38" relation="include">
        </childnode>
        <childnode refid="41" relation="include">
        </childnode>
        <childnode refid="48" relation="include">
        </childnode>
        <childnode refid="49" relation="include">
        </childnode>
        <childnode refid="18" relation="include">
        </childnode>
        <childnode refid="51" relation="include">
        </childnode>
        <childnode refid="11" relation="include">
        </childnode>
        <childnode refid="53" relation="include">
        </childnode>
        <childnode refid="54" relation="include">
        </childnode>
      </node>
      <node id="52">
        <label>rocky_api_contact_functions.h</label>
        <link refid="rocky__api__contact__functions_8h_source"/>
      </node>
      <node id="51">
        <label>rocky_api_functions.h</label>
        <link refid="rocky__api__functions_8h_source"/>
        <childnode refid="6" relation="include">
        </childnode>
        <childnode refid="20" relation="include">
        </childnode>
        <childnode refid="52" relation="include">
        </childnode>
      </node>
      <node id="10">
        <label>rocky20/api/rocky_boundary.hpp</label>
        <link refid="rocky__boundary_8hpp_source"/>
        <childnode refid="9" relation="include">
        </childnode>
        <childnode refid="11" relation="include">
        </childnode>
        <childnode refid="14" relation="include">
        </childnode>
        <childnode refid="15" relation="include">
        </childnode>
      </node>
      <node id="20">
        <label>rocky20/api/rocky_boundary_api.hpp</label>
        <link refid="rocky__boundary__api_8hpp_source"/>
        <childnode refid="21" relation="include">
        </childnode>
        <childnode refid="9" relation="include">
        </childnode>
        <childnode refid="22" relation="include">
        </childnode>
        <childnode refid="10" relation="include">
        </childnode>
      </node>
      <node id="37">
        <label>rocky20/api/rocky_boundary_scalars.hpp</label>
        <link refid="rocky__boundary__scalars_8hpp_source"/>
        <childnode refid="16" relation="include">
        </childnode>
      </node>
      <node id="8">
        <label>rocky20/api/rocky_contact.hpp</label>
        <link refid="rocky__contact_8hpp_source"/>
        <childnode refid="9" relation="include">
        </childnode>
        <childnode refid="10" relation="include">
        </childnode>
        <childnode refid="20" relation="include">
        </childnode>
        <childnode refid="23" relation="include">
        </childnode>
        <childnode refid="24" relation="include">
        </childnode>
        <childnode refid="27" relation="include">
        </childnode>
      </node>
      <node id="7">
        <label>rocky_contact_api.hpp</label>
        <link refid="rocky__contact__api_8hpp_source"/>
        <childnode refid="8" relation="include">
        </childnode>
        <childnode refid="14" relation="include">
        </childnode>
        <childnode refid="28" relation="include">
        </childnode>
      </node>
      <node id="49">
        <label>rocky_contact_data_recorder_api.h</label>
        <link refid="rocky__contact__data__recorder__api_8h_source"/>
        <childnode refid="50" relation="include">
        </childnode>
      </node>
      <node id="23">
        <label>rocky20/api/rocky_contact_scalars.hpp</label>
        <link refid="rocky__contact__scalars_8hpp_source"/>
        <childnode refid="16" relation="include">
        </childnode>
      </node>
      <node id="29">
        <label>rocky_fluid_scalars.hpp</label>
        <link refid="rocky__fluid__scalars_8hpp_source"/>
        <childnode refid="16" relation="include">
        </childnode>
      </node>
      <node id="30">
        <label>rocky_joint_api.hpp</label>
        <link refid="rocky__joint__api_8hpp_source"/>
        <childnode refid="24" relation="include">
        </childnode>
        <childnode refid="31" relation="include">
        </childnode>
        <childnode refid="32" relation="include">
        </childnode>
      </node>
      <node id="32">
        <label>rocky_joint_scalars.hpp</label>
        <link refid="rocky__joint__scalars_8hpp_source"/>
        <childnode refid="16" relation="include">
        </childnode>
      </node>
      <node id="14">
        <label>rocky20/api/rocky_material_api.hpp</label>
        <link refid="rocky__material__api_8hpp_source"/>
        <childnode refid="9" relation="include">
        </childnode>
      </node>
      <node id="34">
        <label>rocky_model.hpp</label>
        <link refid="rocky__model_8hpp_source"/>
        <childnode refid="9" relation="include">
        </childnode>
        <childnode refid="35" relation="include">
        </childnode>
        <childnode refid="36" relation="include">
        </childnode>
        <childnode refid="37" relation="include">
        </childnode>
      </node>
      <node id="33">
        <label>rocky_model_api.hpp</label>
        <link refid="rocky__model__api_8hpp_source"/>
        <childnode refid="34" relation="include">
        </childnode>
        <childnode refid="24" relation="include">
        </childnode>
      </node>
      <node id="41">
        <label>rocky_output_collections_api.hpp</label>
        <link refid="rocky__output__collections__api_8hpp_source"/>
        <childnode refid="42" relation="include">
        </childnode>
        <childnode refid="43" relation="include">
        </childnode>
      </node>
      <node id="43">
        <label>rocky_output_properties.h</label>
        <link refid="rocky__output__properties_8h_source"/>
        <childnode refid="40" relation="include">
        </childnode>
        <childnode refid="44" relation="include">
        </childnode>
        <childnode refid="45" relation="include">
        </childnode>
        <childnode refid="46" relation="include">
        </childnode>
        <childnode refid="47" relation="include">
        </childnode>
      </node>
      <node id="36">
        <label>rocky20/api/rocky_pair_scalars.hpp</label>
        <link refid="rocky__pair__scalars_8hpp_source"/>
        <childnode refid="16" relation="include">
        </childnode>
      </node>
      <node id="25">
        <label>rocky_particle.hpp</label>
        <link refid="rocky__particle_8hpp_source"/>
        <childnode refid="11" relation="include">
        </childnode>
        <childnode refid="26" relation="include">
        </childnode>
        <childnode refid="9" relation="include">
        </childnode>
        <childnode refid="27" relation="include">
        </childnode>
      </node>
      <node id="24">
        <label>rocky20/api/rocky_particle_api.hpp</label>
        <link refid="rocky__particle__api_8hpp_source"/>
        <childnode refid="25" relation="include">
        </childnode>
        <childnode refid="14" relation="include">
        </childnode>
        <childnode refid="26" relation="include">
        </childnode>
      </node>
      <node id="26">
        <label>rocky20/api/rocky_particle_scalars.hpp</label>
        <link refid="rocky__particle__scalars_8hpp_source"/>
        <childnode refid="16" relation="include">
        </childnode>
      </node>
      <node id="38">
        <label>rocky_plugin_data.h</label>
        <link refid="rocky__plugin__data_8h_source"/>
        <childnode refid="39" relation="include">
        </childnode>
        <childnode refid="40" relation="include">
        </childnode>
      </node>
      <node id="1">
        <label>source/c++/rocky20/api/rocky_point_cloud.cpp</label>
        <link refid="rocky__point__cloud_8cpp"/>
        <childnode refid="2" relation="include">
        </childnode>
        <childnode refid="4" relation="include">
        </childnode>
        <childnode refid="5" relation="include">
        </childnode>
        <childnode refid="56" relation="include">
        </childnode>
      </node>
      <node id="2">
        <label>rocky_point_cloud.h</label>
        <link refid="rocky__point__cloud_8h_source"/>
        <childnode refid="3" relation="include">
        </childnode>
      </node>
      <node id="35">
        <label>rocky20/api/rocky_point_cloud_api.hpp</label>
        <link refid="rocky__point__cloud__api_8hpp_source"/>
        <childnode refid="2" relation="include">
        </childnode>
      </node>
      <node id="16">
        <label>rocky_scalars.h</label>
        <link refid="rocky__scalars_8h_source"/>
        <childnode refid="17" relation="include">
        </childnode>
        <childnode refid="11" relation="include">
        </childnode>
        <childnode refid="18" relation="include">
        </childnode>
      </node>
      <node id="18">
        <label>rocky20/api/rocky_statistics_data.hpp</label>
        <link refid="rocky__statistics__data_8hpp_source"/>
        <childnode refid="19" relation="include">
        </childnode>
        <childnode refid="11" relation="include">
        </childnode>
      </node>
      <node id="42">
        <label>rocky_time_curve_data.hpp</label>
        <link refid="rocky__time__curve__data_8hpp_source"/>
        <childnode refid="4" relation="include">
        </childnode>
      </node>
      <node id="48">
        <label>rocky_timestep_api.h</label>
        <link refid="rocky__timestep__api_8h_source"/>
        <childnode refid="39" relation="include">
        </childnode>
        <childnode refid="44" relation="include">
        </childnode>
      </node>
      <node id="15">
        <label>rocky_triangle_scalars.hpp</label>
        <link refid="rocky__triangle__scalars_8hpp_source"/>
        <childnode refid="16" relation="include">
        </childnode>
      </node>
      <node id="39">
        <label>memory</label>
      </node>
      <node id="4">
        <label>rocky20/addins/rocky_addin.h</label>
      </node>
      <node id="46">
        <label>rocky20/core/utils/rocky_exception.hpp</label>
      </node>
      <node id="21">
        <label>rocky20/core/utils/rocky_math.hpp</label>
      </node>
      <node id="12">
        <label>rocky20/cuda/cuda_basics.hpp</label>
      </node>
      <node id="28">
        <label>rocky20/device/device_contact.hpp</label>
      </node>
      <node id="55">
        <label>rocky20/device/device_forces.hpp</label>
      </node>
      <node id="31">
        <label>rocky20/device/device_joint_api.hpp</label>
      </node>
      <node id="9">
        <label>rocky20/device/device_model.hpp</label>
      </node>
      <node id="22">
        <label>rocky20/device/device_triangles.hpp</label>
      </node>
      <node id="27">
        <label>rocky20/device/element_properties.hpp</label>
      </node>
      <node id="13">
        <label>rocky20/device/omp_backend.hpp</label>
      </node>
      <node id="50">
        <label>rocky20/model/data_recorders.h</label>
      </node>
      <node id="3">
        <label>rocky20/model/point_cloud.h</label>
      </node>
      <node id="45">
        <label>rocky20/model/rocky_enums.h</label>
      </node>
      <node id="17">
        <label>rocky20/model/rocky_model.h</label>
      </node>
      <node id="47">
        <label>rocky20/model/scalars.h</label>
      </node>
      <node id="19">
        <label>rocky20/model/statistics_data.hpp</label>
      </node>
      <node id="56">
        <label>rocky20/sph/sph_model.h</label>
      </node>
      <node id="40">
        <label>string</label>
      </node>
      <node id="44">
        <label>vector</label>
      </node>
    </incdepgraph>
    <briefdescription>
    </briefdescription>
    <detaileddescription>
    </detaileddescription>
    <programlisting>
<codeline lineno="1"><highlight class="comment">//<sp/>(C)<sp/>2024<sp/>ANSYS,<sp/>Inc.<sp/>Unauthorized<sp/>use,<sp/>distribution,<sp/>or<sp/>duplication<sp/>is<sp/>prohibited.</highlight><highlight class="normal"></highlight></codeline>
<codeline lineno="2"><highlight class="normal"></highlight><highlight class="preprocessor">#include<sp/>&quot;rocky_point_cloud.h&quot;</highlight><highlight class="normal"></highlight></codeline>
<codeline lineno="3"><highlight class="normal"></highlight></codeline>
<codeline lineno="4"><highlight class="normal"></highlight><highlight class="preprocessor">#include<sp/>&quot;rocky20/addins/rocky_addin.h&quot;</highlight><highlight class="normal"></highlight></codeline>
<codeline lineno="5"><highlight class="normal"></highlight><highlight class="preprocessor">#include<sp/>&quot;rocky20/api/rocky_api.h&quot;</highlight><highlight class="normal"></highlight></codeline>
<codeline lineno="6"><highlight class="normal"></highlight><highlight class="preprocessor">#include<sp/>&quot;rocky20/sph/sph_model.h&quot;</highlight><highlight class="normal"></highlight></codeline>
<codeline lineno="7"><highlight class="normal"></highlight></codeline>
<codeline lineno="8"><highlight class="normal"></highlight><highlight class="comment">//<sp/>================================================================================================</highlight><highlight class="normal"></highlight></codeline>
<codeline lineno="9"><highlight class="normal"></highlight><highlight class="comment">//<sp/>RockyPointCloudController</highlight><highlight class="normal"></highlight></codeline>
<codeline lineno="10"><highlight class="normal"></highlight><highlight class="comment">//<sp/>================================================================================================</highlight><highlight class="normal"></highlight></codeline>
<codeline lineno="11"><highlight class="normal"></highlight></codeline>
<codeline lineno="12"><highlight class="normal">RockyPointCloudController::RockyPointCloudController(<ref refid="structIRockyModel" kindref="compound">IRockyModel</ref>&amp;<sp/>_model)</highlight></codeline>
<codeline lineno="13"><highlight class="normal">{</highlight></codeline>
<codeline lineno="14"><highlight class="normal"><sp/><sp/><sp/><sp/>this-&gt;model<sp/>=<sp/>_model._impl;</highlight></codeline>
<codeline lineno="15"><highlight class="normal"><sp/><sp/><sp/><sp/></highlight><highlight class="keyword">auto</highlight><highlight class="normal"><sp/>pc_controller<sp/>=<sp/>_model.addins-&gt;get_feature_addin(</highlight></codeline>
<codeline lineno="16"><highlight class="normal"><sp/><sp/><sp/><sp/><sp/><sp/><sp/><sp/>rocky20::addins::RockyAddinsController::FeaturedAddins::faPointCloud);</highlight></codeline>
<codeline lineno="17"><highlight class="normal"></highlight></codeline>
<codeline lineno="18"><highlight class="normal"><sp/><sp/><sp/><sp/></highlight><highlight class="keywordflow">if</highlight><highlight class="normal"><sp/>(pc_controller<sp/>==<sp/></highlight><highlight class="keyword">nullptr</highlight><highlight class="normal">)</highlight></codeline>
<codeline lineno="19"><highlight class="normal"><sp/><sp/><sp/><sp/>{</highlight></codeline>
<codeline lineno="20"><highlight class="normal"><sp/><sp/><sp/><sp/><sp/><sp/><sp/><sp/></highlight><highlight class="comment">//<sp/>setup<sp/>stage<sp/>already<sp/>ended,<sp/>cannot<sp/>add<sp/>new<sp/>point<sp/>cloud</highlight><highlight class="normal"></highlight></codeline>
<codeline lineno="21"><highlight class="normal"><sp/><sp/><sp/><sp/><sp/><sp/><sp/><sp/>ROCKY_RUNTIME_ERROR(</highlight><highlight class="stringliteral">&quot;There<sp/>is<sp/>no<sp/>point<sp/>cloud<sp/>in<sp/>the<sp/>simulation.&quot;</highlight><highlight class="normal">)</highlight></codeline>
<codeline lineno="22"><highlight class="normal"><sp/><sp/><sp/><sp/>}</highlight></codeline>
<codeline lineno="23"><highlight class="normal"></highlight></codeline>
<codeline lineno="24"><highlight class="normal"><sp/><sp/><sp/><sp/>this-&gt;pc_data<sp/>=<sp/></highlight><highlight class="keyword">static_cast&lt;</highlight><highlight class="normal">rocky20::PointCloudCollection*</highlight><highlight class="keyword">&gt;</highlight><highlight class="normal">(pc_controller-&gt;get_addin_data());</highlight></codeline>
<codeline lineno="25"><highlight class="normal"></highlight></codeline>
<codeline lineno="26"><highlight class="normal"><sp/><sp/><sp/><sp/></highlight><highlight class="keyword">const</highlight><highlight class="normal"><sp/></highlight><highlight class="keywordtype">int</highlight><highlight class="normal"><sp/>n_point_clouds<sp/>=<sp/>pc_data-&gt;size();</highlight></codeline>
<codeline lineno="27"><highlight class="normal"><sp/><sp/><sp/><sp/>this-&gt;pc_data-&gt;host_point_cloud_data.n_point_clouds<sp/>=<sp/>n_point_clouds;</highlight></codeline>
<codeline lineno="28"><highlight class="normal"></highlight></codeline>
<codeline lineno="29"><highlight class="normal"><sp/><sp/><sp/><sp/>this-&gt;pc_points.resize(n_point_clouds);</highlight></codeline>
<codeline lineno="30"><highlight class="normal">}</highlight></codeline>
<codeline lineno="31"><highlight class="normal"></highlight></codeline>
<codeline lineno="32"><highlight class="normal">RockyPointCloudController::RockyPointCloudController(</highlight><highlight class="keyword">const</highlight><highlight class="normal"><sp/><ref refid="structIRockyModel" kindref="compound">IRockyModel</ref>&amp;<sp/>_model)</highlight></codeline>
<codeline lineno="33"><highlight class="normal"><sp/><sp/><sp/><sp/>:<sp/>RockyPointCloudController(const_cast&lt;<ref refid="structIRockyModel" kindref="compound">IRockyModel</ref>&amp;&gt;(_model))</highlight></codeline>
<codeline lineno="34"><highlight class="normal">{</highlight></codeline>
<codeline lineno="35"><highlight class="normal">}</highlight></codeline>
<codeline lineno="36"><highlight class="normal"></highlight></codeline>
<codeline lineno="37"><highlight class="normal"></highlight><highlight class="keywordtype">void</highlight><highlight class="normal"><sp/>RockyPointCloudController::setup_scalars(</highlight></codeline>
<codeline lineno="38"><highlight class="normal"><sp/><sp/><sp/><sp/>cuda_host&amp;<sp/>solver_model,<sp/>rocky20::PointCloudCollection&amp;<sp/>pc_data_collection)</highlight></codeline>
<codeline lineno="39"><highlight class="normal">{</highlight></codeline>
<codeline lineno="40"><highlight class="normal"><sp/><sp/><sp/><sp/></highlight><highlight class="keywordflow">for</highlight><highlight class="normal"><sp/>(</highlight><highlight class="keyword">auto</highlight><highlight class="normal"><sp/>pc<sp/>:<sp/>pc_data_collection)</highlight></codeline>
<codeline lineno="41"><highlight class="normal"><sp/><sp/><sp/><sp/>{</highlight></codeline>
<codeline lineno="42"><highlight class="normal"><sp/><sp/><sp/><sp/><sp/><sp/><sp/><sp/></highlight><highlight class="keyword">auto</highlight><highlight class="normal"><sp/>index<sp/>=<sp/>solver_model.particle_scalars_controller.add_scalars&lt;</highlight><highlight class="keywordtype">int</highlight><highlight class="normal">&gt;(</highlight></codeline>
<codeline lineno="43"><highlight class="normal"><sp/><sp/><sp/><sp/><sp/><sp/><sp/><sp/><sp/><sp/><sp/><sp/>pc-&gt;name<sp/>+<sp/></highlight><highlight class="stringliteral">&quot;:point_index&quot;</highlight><highlight class="normal">,<sp/></highlight><highlight class="stringliteral">&quot;-&quot;</highlight><highlight class="normal">,<sp/>rocky20::ScalarsInfo::cotNone,<sp/></highlight><highlight class="keyword">false</highlight><highlight class="normal">);</highlight></codeline>
<codeline lineno="44"><highlight class="normal"><sp/><sp/><sp/><sp/><sp/><sp/><sp/><sp/>pc-&gt;particle_scalars_index<sp/>=<sp/>index;</highlight></codeline>
<codeline lineno="45"><highlight class="normal"></highlight></codeline>
<codeline lineno="46"><highlight class="normal"><sp/><sp/><sp/><sp/><sp/><sp/><sp/><sp/></highlight><highlight class="keywordflow">if</highlight><highlight class="normal"><sp/>((</highlight><highlight class="keywordtype">bool</highlight><highlight class="normal">)<sp/>solver_model.sph_model<sp/>&amp;&amp;<sp/>solver_model.sph_model-&gt;gen_sph.use)</highlight></codeline>
<codeline lineno="47"><highlight class="normal"><sp/><sp/><sp/><sp/><sp/><sp/><sp/><sp/>{</highlight></codeline>
<codeline lineno="48"><highlight class="normal"><sp/><sp/><sp/><sp/><sp/><sp/><sp/><sp/><sp/><sp/><sp/><sp/>index<sp/>=<sp/>solver_model.sph_model-&gt;sph_particle_scalars_controller.add_scalars&lt;</highlight><highlight class="keywordtype">int</highlight><highlight class="normal">&gt;(</highlight></codeline>
<codeline lineno="49"><highlight class="normal"><sp/><sp/><sp/><sp/><sp/><sp/><sp/><sp/><sp/><sp/><sp/><sp/><sp/><sp/><sp/><sp/>pc-&gt;name<sp/>+<sp/></highlight><highlight class="stringliteral">&quot;:point_index&quot;</highlight><highlight class="normal">,<sp/></highlight><highlight class="stringliteral">&quot;-&quot;</highlight><highlight class="normal">,<sp/>rocky20::ScalarsInfo::cotNone,<sp/></highlight><highlight class="keyword">false</highlight><highlight class="normal">);</highlight></codeline>
<codeline lineno="50"><highlight class="normal"><sp/><sp/><sp/><sp/><sp/><sp/><sp/><sp/><sp/><sp/><sp/><sp/>pc-&gt;sph_scalars_index<sp/>=<sp/>index;</highlight></codeline>
<codeline lineno="51"><highlight class="normal"><sp/><sp/><sp/><sp/><sp/><sp/><sp/><sp/>}</highlight></codeline>
<codeline lineno="52"><highlight class="normal"><sp/><sp/><sp/><sp/>}</highlight></codeline>
<codeline lineno="53"><highlight class="normal">}</highlight></codeline>
<codeline lineno="54"><highlight class="normal"></highlight></codeline>
<codeline lineno="55"><highlight class="normal">RockyPointCloudController::~RockyPointCloudController()</highlight></codeline>
<codeline lineno="56"><highlight class="normal">{</highlight></codeline>
<codeline lineno="57"><highlight class="normal"><sp/><sp/><sp/><sp/></highlight><highlight class="keywordflow">if</highlight><highlight class="normal"><sp/>(!this-&gt;any_change)</highlight></codeline>
<codeline lineno="58"><highlight class="normal"><sp/><sp/><sp/><sp/><sp/><sp/><sp/><sp/></highlight><highlight class="keywordflow">return</highlight><highlight class="normal">;</highlight></codeline>
<codeline lineno="59"><highlight class="normal"></highlight></codeline>
<codeline lineno="60"><highlight class="normal"><sp/><sp/><sp/><sp/></highlight><highlight class="keyword">auto</highlight><highlight class="normal">&amp;<sp/>host_pc_data<sp/>=<sp/>pc_data-&gt;host_point_cloud_data;</highlight></codeline>
<codeline lineno="61"><highlight class="normal"></highlight></codeline>
<codeline lineno="62"><highlight class="normal"><sp/><sp/><sp/><sp/></highlight><highlight class="keywordflow">if</highlight><highlight class="normal"><sp/>(!this-&gt;pc_data-&gt;finished_setup)</highlight></codeline>
<codeline lineno="63"><highlight class="normal"><sp/><sp/><sp/><sp/>{</highlight></codeline>
<codeline lineno="64"><highlight class="normal"><sp/><sp/><sp/><sp/><sp/><sp/><sp/><sp/></highlight><highlight class="comment">//<sp/>Reallocate<sp/>space<sp/>for<sp/>the<sp/>new<sp/>point<sp/>cloud</highlight><highlight class="normal"></highlight></codeline>
<codeline lineno="65"><highlight class="normal"><sp/><sp/><sp/><sp/><sp/><sp/><sp/><sp/>host_pc_data.point_clouds<sp/>=<sp/>(device::PointCloud*)<sp/>realloc(</highlight></codeline>
<codeline lineno="66"><highlight class="normal"><sp/><sp/><sp/><sp/><sp/><sp/><sp/><sp/><sp/><sp/><sp/><sp/>host_pc_data.point_clouds,<sp/>host_pc_data.n_point_clouds<sp/>*<sp/></highlight><highlight class="keyword">sizeof</highlight><highlight class="normal">(device::PointCloud));</highlight></codeline>
<codeline lineno="67"><highlight class="normal"></highlight></codeline>
<codeline lineno="68"><highlight class="normal"><sp/><sp/><sp/><sp/><sp/><sp/><sp/><sp/></highlight><highlight class="comment">//<sp/>Setup<sp/>scalars<sp/>during<sp/>setup</highlight><highlight class="normal"></highlight></codeline>
<codeline lineno="69"><highlight class="normal"><sp/><sp/><sp/><sp/><sp/><sp/><sp/><sp/>RockyPointCloudController::setup_scalars(*this-&gt;model,<sp/>*this-&gt;pc_data);</highlight></codeline>
<codeline lineno="70"><highlight class="normal"><sp/><sp/><sp/><sp/>}</highlight></codeline>
<codeline lineno="71"><highlight class="normal"></highlight></codeline>
<codeline lineno="72"><highlight class="normal"><sp/><sp/><sp/><sp/></highlight><highlight class="keywordflow">for</highlight><highlight class="normal"><sp/>(</highlight><highlight class="keywordtype">int</highlight><highlight class="normal"><sp/>pc_index<sp/>=<sp/>0;<sp/>pc_index<sp/>&lt;<sp/>this-&gt;pc_data-&gt;size();<sp/>pc_index++)</highlight></codeline>
<codeline lineno="73"><highlight class="normal"><sp/><sp/><sp/><sp/>{</highlight></codeline>
<codeline lineno="74"><highlight class="normal"><sp/><sp/><sp/><sp/><sp/><sp/><sp/><sp/>PointCloud*<sp/>pc<sp/>=<sp/>this-&gt;pc_data-&gt;at(pc_index);</highlight></codeline>
<codeline lineno="75"><highlight class="normal"><sp/><sp/><sp/><sp/><sp/><sp/><sp/><sp/></highlight><highlight class="keyword">auto</highlight><highlight class="normal">&amp;<sp/>scalars<sp/>=<sp/>pc-&gt;scalars_controller;</highlight></codeline>
<codeline lineno="76"><highlight class="normal"></highlight></codeline>
<codeline lineno="77"><highlight class="normal"><sp/><sp/><sp/><sp/><sp/><sp/><sp/><sp/></highlight><highlight class="keywordflow">if</highlight><highlight class="normal"><sp/>(!pc-&gt;check_for_valid_state())</highlight></codeline>
<codeline lineno="78"><highlight class="normal"><sp/><sp/><sp/><sp/><sp/><sp/><sp/><sp/>{</highlight></codeline>
<codeline lineno="79"><highlight class="normal"><sp/><sp/><sp/><sp/><sp/><sp/><sp/><sp/><sp/><sp/><sp/><sp/></highlight><highlight class="keywordflow">return</highlight><highlight class="normal">;</highlight></codeline>
<codeline lineno="80"><highlight class="normal"><sp/><sp/><sp/><sp/><sp/><sp/><sp/><sp/>}</highlight></codeline>
<codeline lineno="81"><highlight class="normal"></highlight></codeline>
<codeline lineno="82"><highlight class="normal"><sp/><sp/><sp/><sp/><sp/><sp/><sp/><sp/></highlight><highlight class="comment">//<sp/>Check<sp/>if<sp/>we<sp/>need<sp/>to<sp/>update<sp/>point<sp/>cloud,<sp/>build<sp/>the<sp/>kd-tree<sp/>or<sp/>copy<sp/>its<sp/>data</highlight><highlight class="normal"></highlight></codeline>
<codeline lineno="83"><highlight class="normal"><sp/><sp/><sp/><sp/><sp/><sp/><sp/><sp/></highlight><highlight class="keywordflow">if</highlight><highlight class="normal"><sp/>(pc-&gt;must_build_kd_tree())</highlight></codeline>
<codeline lineno="84"><highlight class="normal"><sp/><sp/><sp/><sp/><sp/><sp/><sp/><sp/>{</highlight></codeline>
<codeline lineno="85"><highlight class="normal"><sp/><sp/><sp/><sp/><sp/><sp/><sp/><sp/><sp/><sp/><sp/><sp/></highlight><highlight class="comment">//<sp/>Trigger<sp/>index<sp/>update<sp/>if<sp/>we<sp/>already<sp/>finished<sp/>setup</highlight><highlight class="normal"></highlight></codeline>
<codeline lineno="86"><highlight class="normal"><sp/><sp/><sp/><sp/><sp/><sp/><sp/><sp/><sp/><sp/><sp/><sp/></highlight><highlight class="keywordflow">if</highlight><highlight class="normal"><sp/>(this-&gt;pc_data-&gt;finished_setup)</highlight></codeline>
<codeline lineno="87"><highlight class="normal"><sp/><sp/><sp/><sp/><sp/><sp/><sp/><sp/><sp/><sp/><sp/><sp/><sp/><sp/><sp/><sp/>pc-&gt;trigger_update_index();</highlight></codeline>
<codeline lineno="88"><highlight class="normal"></highlight></codeline>
<codeline lineno="89"><highlight class="normal"><sp/><sp/><sp/><sp/><sp/><sp/><sp/><sp/><sp/><sp/><sp/><sp/></highlight><highlight class="comment">//<sp/>Build<sp/>the<sp/>kd<sp/>tree<sp/>using<sp/>the<sp/>temporary<sp/>data<sp/>stored<sp/>in<sp/>the<sp/>controller</highlight><highlight class="normal"></highlight></codeline>
<codeline lineno="90"><highlight class="normal"><sp/><sp/><sp/><sp/><sp/><sp/><sp/><sp/><sp/><sp/><sp/><sp/>build_kd_tree(this-&gt;pc_points[pc_index],<sp/>pc);</highlight></codeline>
<codeline lineno="91"><highlight class="normal"><sp/><sp/><sp/><sp/><sp/><sp/><sp/><sp/><sp/><sp/><sp/><sp/></highlight><highlight class="comment">//<sp/>Reorder<sp/>point<sp/>cloud<sp/>scalar<sp/>properties<sp/>according<sp/>to<sp/>the<sp/>point<sp/>map,<sp/>assuming<sp/>point</highlight><highlight class="normal"></highlight></codeline>
<codeline lineno="92"><highlight class="normal"><sp/><sp/><sp/><sp/><sp/><sp/><sp/><sp/><sp/><sp/><sp/><sp/></highlight><highlight class="comment">//<sp/>cloud<sp/>properties<sp/>are<sp/>in<sp/>their<sp/>input<sp/>order.</highlight><highlight class="normal"></highlight></codeline>
<codeline lineno="93"><highlight class="normal"><sp/><sp/><sp/><sp/><sp/><sp/><sp/><sp/><sp/><sp/><sp/><sp/>pc-&gt;scalars_controller.swap_scalars(pc-&gt;point_map);</highlight></codeline>
<codeline lineno="94"><highlight class="normal"></highlight></codeline>
<codeline lineno="95"><highlight class="normal"><sp/><sp/><sp/><sp/><sp/><sp/><sp/><sp/><sp/><sp/><sp/><sp/></highlight><highlight class="comment">//<sp/>An<sp/>update<sp/>on<sp/>kd-tree<sp/>enabled<sp/>the<sp/>point<sp/>cloud</highlight><highlight class="normal"></highlight></codeline>
<codeline lineno="96"><highlight class="normal"><sp/><sp/><sp/><sp/><sp/><sp/><sp/><sp/><sp/><sp/><sp/><sp/>pc-&gt;set_enabled(</highlight><highlight class="keyword">true</highlight><highlight class="normal">);</highlight></codeline>
<codeline lineno="97"><highlight class="normal"><sp/><sp/><sp/><sp/><sp/><sp/><sp/><sp/>}</highlight></codeline>
<codeline lineno="98"><highlight class="normal"><sp/><sp/><sp/><sp/><sp/><sp/><sp/><sp/></highlight><highlight class="keywordflow">else</highlight><highlight class="normal"><sp/></highlight><highlight class="keywordflow">if</highlight><highlight class="normal"><sp/>(pc-&gt;update_property())</highlight></codeline>
<codeline lineno="99"><highlight class="normal"><sp/><sp/><sp/><sp/><sp/><sp/><sp/><sp/>{</highlight></codeline>
<codeline lineno="100"><highlight class="normal"><sp/><sp/><sp/><sp/><sp/><sp/><sp/><sp/><sp/><sp/><sp/><sp/></highlight><highlight class="comment">//<sp/>Only<sp/>update<sp/>the<sp/>properties<sp/>changed<sp/>in<sp/>this<sp/>case</highlight><highlight class="normal"></highlight></codeline>
<codeline lineno="101"><highlight class="normal"><sp/><sp/><sp/><sp/><sp/><sp/><sp/><sp/><sp/><sp/><sp/><sp/></highlight><highlight class="keywordflow">for</highlight><highlight class="normal"><sp/>(</highlight><highlight class="keywordtype">int</highlight><highlight class="normal"><sp/>j<sp/>=<sp/>0;<sp/>j<sp/>&lt;<sp/>pc-&gt;get_n_properties();<sp/>j++)</highlight></codeline>
<codeline lineno="102"><highlight class="normal"><sp/><sp/><sp/><sp/><sp/><sp/><sp/><sp/><sp/><sp/><sp/><sp/>{</highlight></codeline>
<codeline lineno="103"><highlight class="normal"><sp/><sp/><sp/><sp/><sp/><sp/><sp/><sp/><sp/><sp/><sp/><sp/><sp/><sp/><sp/><sp/></highlight><highlight class="keywordflow">if</highlight><highlight class="normal"><sp/>(scalars.is_updated(j))</highlight></codeline>
<codeline lineno="104"><highlight class="normal"><sp/><sp/><sp/><sp/><sp/><sp/><sp/><sp/><sp/><sp/><sp/><sp/><sp/><sp/><sp/><sp/>{</highlight></codeline>
<codeline lineno="105"><highlight class="normal"><sp/><sp/><sp/><sp/><sp/><sp/><sp/><sp/><sp/><sp/><sp/><sp/><sp/><sp/><sp/><sp/><sp/><sp/><sp/><sp/></highlight><highlight class="comment">//<sp/>Scalars<sp/>are<sp/>in<sp/>order,<sp/>must<sp/>apply<sp/>the<sp/>point<sp/>map<sp/>over<sp/>them</highlight><highlight class="normal"></highlight></codeline>
<codeline lineno="106"><highlight class="normal"><sp/><sp/><sp/><sp/><sp/><sp/><sp/><sp/><sp/><sp/><sp/><sp/><sp/><sp/><sp/><sp/><sp/><sp/><sp/><sp/>scalars.swap_scalars(pc-&gt;point_map,<sp/>j);</highlight></codeline>
<codeline lineno="107"><highlight class="normal"><sp/><sp/><sp/><sp/><sp/><sp/><sp/><sp/><sp/><sp/><sp/><sp/><sp/><sp/><sp/><sp/>}</highlight></codeline>
<codeline lineno="108"><highlight class="normal"><sp/><sp/><sp/><sp/><sp/><sp/><sp/><sp/><sp/><sp/><sp/><sp/>}</highlight></codeline>
<codeline lineno="109"><highlight class="normal"><sp/><sp/><sp/><sp/><sp/><sp/><sp/><sp/><sp/><sp/><sp/><sp/></highlight><highlight class="comment">//<sp/>An<sp/>update<sp/>on<sp/>the<sp/>tree<sp/>properties<sp/>enables<sp/>the<sp/>point<sp/>cloud</highlight><highlight class="normal"></highlight></codeline>
<codeline lineno="110"><highlight class="normal"><sp/><sp/><sp/><sp/><sp/><sp/><sp/><sp/><sp/><sp/><sp/><sp/>pc-&gt;set_enabled(</highlight><highlight class="keyword">true</highlight><highlight class="normal">);</highlight></codeline>
<codeline lineno="111"><highlight class="normal"><sp/><sp/><sp/><sp/><sp/><sp/><sp/><sp/>}</highlight></codeline>
<codeline lineno="112"><highlight class="normal"></highlight></codeline>
<codeline lineno="113"><highlight class="normal"><sp/><sp/><sp/><sp/><sp/><sp/><sp/><sp/></highlight><highlight class="comment">//<sp/>Trigger<sp/>data<sp/>update<sp/>to<sp/>adjust<sp/>devices<sp/>and<sp/>host<sp/>pointers</highlight><highlight class="normal"></highlight></codeline>
<codeline lineno="114"><highlight class="normal"><sp/><sp/><sp/><sp/><sp/><sp/><sp/><sp/></highlight><highlight class="comment">//<sp/>If<sp/>we<sp/>are<sp/>on<sp/>setup,<sp/>this<sp/>will<sp/>be<sp/>done<sp/>by<sp/>the<sp/>point<sp/>cloud<sp/>controller<sp/>initialization</highlight><highlight class="normal"></highlight></codeline>
<codeline lineno="115"><highlight class="normal"><sp/><sp/><sp/><sp/><sp/><sp/><sp/><sp/></highlight><highlight class="keywordflow">if</highlight><highlight class="normal"><sp/>(pc-&gt;must_build_kd_tree()<sp/>||<sp/>pc-&gt;update_property()<sp/>||<sp/>pc-&gt;update_enable_disable())</highlight></codeline>
<codeline lineno="116"><highlight class="normal"><sp/><sp/><sp/><sp/><sp/><sp/><sp/><sp/>{</highlight></codeline>
<codeline lineno="117"><highlight class="normal"><sp/><sp/><sp/><sp/><sp/><sp/><sp/><sp/><sp/><sp/><sp/><sp/></highlight><highlight class="keywordflow">if</highlight><highlight class="normal"><sp/>(pc_data-&gt;finished_setup)</highlight></codeline>
<codeline lineno="118"><highlight class="normal"><sp/><sp/><sp/><sp/><sp/><sp/><sp/><sp/><sp/><sp/><sp/><sp/>{</highlight></codeline>
<codeline lineno="119"><highlight class="normal"><sp/><sp/><sp/><sp/><sp/><sp/><sp/><sp/><sp/><sp/><sp/><sp/><sp/><sp/><sp/><sp/>pc-&gt;set_must_update_data(</highlight><highlight class="keyword">true</highlight><highlight class="normal">);</highlight></codeline>
<codeline lineno="120"><highlight class="normal"><sp/><sp/><sp/><sp/><sp/><sp/><sp/><sp/><sp/><sp/><sp/><sp/>}</highlight></codeline>
<codeline lineno="121"><highlight class="normal"></highlight></codeline>
<codeline lineno="122"><highlight class="normal"><sp/><sp/><sp/><sp/><sp/><sp/><sp/><sp/><sp/><sp/><sp/><sp/></highlight><highlight class="comment">//<sp/>register<sp/>the<sp/>change<sp/>that<sp/>was<sp/>done<sp/>to<sp/>this<sp/>point<sp/>cloud<sp/>to<sp/>perform<sp/>its<sp/>I/O</highlight><highlight class="normal"></highlight></codeline>
<codeline lineno="123"><highlight class="normal"><sp/><sp/><sp/><sp/><sp/><sp/><sp/><sp/><sp/><sp/><sp/><sp/></highlight><highlight class="keywordtype">bool</highlight><highlight class="normal"><sp/>is_start_event<sp/>=<sp/>pc-&gt;enabled();</highlight></codeline>
<codeline lineno="124"><highlight class="normal"><sp/><sp/><sp/><sp/><sp/><sp/><sp/><sp/><sp/><sp/><sp/><sp/></highlight><highlight class="keywordtype">double</highlight><highlight class="normal"><sp/>current_time<sp/>=<sp/>model-&gt;iteration.current_time<sp/>*<sp/>model-&gt;dims.time;</highlight></codeline>
<codeline lineno="125"><highlight class="normal"></highlight></codeline>
<codeline lineno="126"><highlight class="normal"><sp/><sp/><sp/><sp/><sp/><sp/><sp/><sp/><sp/><sp/><sp/><sp/></highlight><highlight class="comment">//<sp/>If<sp/>only<sp/>start<sp/>event<sp/>without<sp/>changes,<sp/>we<sp/>can<sp/>reuse<sp/>the<sp/>same<sp/>point<sp/>cloud<sp/>file</highlight><highlight class="normal"></highlight></codeline>
<codeline lineno="127"><highlight class="normal"><sp/><sp/><sp/><sp/><sp/><sp/><sp/><sp/><sp/><sp/><sp/><sp/></highlight><highlight class="keyword">auto</highlight><highlight class="normal">&amp;<sp/>dataset<sp/>=<sp/>pc_data-&gt;get_dataset(pc_index);</highlight></codeline>
<codeline lineno="128"><highlight class="normal"><sp/><sp/><sp/><sp/><sp/><sp/><sp/><sp/><sp/><sp/><sp/><sp/>pc-&gt;set_from_module(</highlight><highlight class="keyword">true</highlight><highlight class="normal">);</highlight></codeline>
<codeline lineno="129"><highlight class="normal"></highlight></codeline>
<codeline lineno="130"><highlight class="normal"><sp/><sp/><sp/><sp/><sp/><sp/><sp/><sp/><sp/><sp/><sp/><sp/></highlight><highlight class="keywordflow">if</highlight><highlight class="normal"><sp/>(is_start_event)</highlight></codeline>
<codeline lineno="131"><highlight class="normal"><sp/><sp/><sp/><sp/><sp/><sp/><sp/><sp/><sp/><sp/><sp/><sp/>{</highlight></codeline>
<codeline lineno="132"><highlight class="normal"><sp/><sp/><sp/><sp/><sp/><sp/><sp/><sp/><sp/><sp/><sp/><sp/><sp/><sp/><sp/><sp/></highlight><highlight class="comment">//<sp/>pc_collection<sp/>add<sp/>the<sp/>new<sp/>dataset<sp/>start<sp/>event<sp/>and<sp/>handle<sp/>the<sp/>creation<sp/>of<sp/>a<sp/>new</highlight><highlight class="normal"></highlight></codeline>
<codeline lineno="133"><highlight class="normal"><sp/><sp/><sp/><sp/><sp/><sp/><sp/><sp/><sp/><sp/><sp/><sp/><sp/><sp/><sp/><sp/></highlight><highlight class="comment">//<sp/>filename.</highlight><highlight class="normal"></highlight></codeline>
<codeline lineno="134"><highlight class="normal"><sp/><sp/><sp/><sp/><sp/><sp/><sp/><sp/><sp/><sp/><sp/><sp/><sp/><sp/><sp/><sp/>dataset.add_start_event(current_time);</highlight></codeline>
<codeline lineno="135"><highlight class="normal"></highlight></codeline>
<codeline lineno="136"><highlight class="normal"><sp/><sp/><sp/><sp/><sp/><sp/><sp/><sp/><sp/><sp/><sp/><sp/><sp/><sp/><sp/><sp/></highlight><highlight class="comment">//<sp/>add<sp/>type<sp/>of<sp/>event<sp/>changes<sp/>we<sp/>have<sp/>here<sp/>in<sp/>the<sp/>dataset<sp/>(geometry,<sp/>or<sp/>property)</highlight><highlight class="normal"></highlight></codeline>
<codeline lineno="137"><highlight class="normal"><sp/><sp/><sp/><sp/><sp/><sp/><sp/><sp/><sp/><sp/><sp/><sp/><sp/><sp/><sp/><sp/>std::vector&lt;bool&gt;<sp/>properties_changes(pc-&gt;get_n_properties(),<sp/></highlight><highlight class="keyword">false</highlight><highlight class="normal">);</highlight></codeline>
<codeline lineno="138"><highlight class="normal"><sp/><sp/><sp/><sp/><sp/><sp/><sp/><sp/><sp/><sp/><sp/><sp/><sp/><sp/><sp/><sp/></highlight><highlight class="keywordflow">for</highlight><highlight class="normal"><sp/>(</highlight><highlight class="keywordtype">int</highlight><highlight class="normal"><sp/>i<sp/>=<sp/>0;<sp/>i<sp/>&lt;<sp/>pc-&gt;get_n_properties();<sp/>++i)</highlight></codeline>
<codeline lineno="139"><highlight class="normal"><sp/><sp/><sp/><sp/><sp/><sp/><sp/><sp/><sp/><sp/><sp/><sp/><sp/><sp/><sp/><sp/><sp/><sp/><sp/><sp/>properties_changes[i]<sp/>=<sp/>pc-&gt;scalars_controller.is_updated(i);</highlight></codeline>
<codeline lineno="140"><highlight class="normal"><sp/><sp/><sp/><sp/><sp/><sp/><sp/><sp/><sp/><sp/><sp/><sp/><sp/><sp/><sp/><sp/>dataset.register_changes_to_point_cloud(</highlight></codeline>
<codeline lineno="141"><highlight class="normal"><sp/><sp/><sp/><sp/><sp/><sp/><sp/><sp/><sp/><sp/><sp/><sp/><sp/><sp/><sp/><sp/><sp/><sp/><sp/><sp/>pc-&gt;must_build_kd_tree(),<sp/>properties_changes);</highlight></codeline>
<codeline lineno="142"><highlight class="normal"><sp/><sp/><sp/><sp/><sp/><sp/><sp/><sp/><sp/><sp/><sp/><sp/>}</highlight></codeline>
<codeline lineno="143"><highlight class="normal"><sp/><sp/><sp/><sp/><sp/><sp/><sp/><sp/><sp/><sp/><sp/><sp/></highlight><highlight class="keywordflow">else</highlight><highlight class="normal"></highlight></codeline>
<codeline lineno="144"><highlight class="normal"><sp/><sp/><sp/><sp/><sp/><sp/><sp/><sp/><sp/><sp/><sp/><sp/>{</highlight></codeline>
<codeline lineno="145"><highlight class="normal"><sp/><sp/><sp/><sp/><sp/><sp/><sp/><sp/><sp/><sp/><sp/><sp/><sp/><sp/><sp/><sp/>dataset.add_stop_event(current_time);</highlight></codeline>
<codeline lineno="146"><highlight class="normal"><sp/><sp/><sp/><sp/><sp/><sp/><sp/><sp/><sp/><sp/><sp/><sp/>}</highlight></codeline>
<codeline lineno="147"><highlight class="normal"><sp/><sp/><sp/><sp/><sp/><sp/><sp/><sp/>}</highlight></codeline>
<codeline lineno="148"><highlight class="normal"><sp/><sp/><sp/><sp/>}</highlight></codeline>
<codeline lineno="149"><highlight class="normal">}</highlight></codeline>
<codeline lineno="150"><highlight class="normal"></highlight></codeline>
<codeline lineno="151"><highlight class="normal"></highlight><highlight class="keywordtype">int</highlight><highlight class="normal"><sp/>RockyPointCloudController::add_point_cloud(</highlight></codeline>
<codeline lineno="152"><highlight class="normal"><sp/><sp/><sp/><sp/></highlight><highlight class="keyword">const</highlight><highlight class="normal"><sp/>std::string&amp;<sp/>point_cloud_name,</highlight></codeline>
<codeline lineno="153"><highlight class="normal"><sp/><sp/><sp/><sp/></highlight><highlight class="keyword">const</highlight><highlight class="normal"><sp/>std::vector&lt;double3&gt;&amp;<sp/>points)</highlight></codeline>
<codeline lineno="154"><highlight class="normal">{</highlight></codeline>
<codeline lineno="155"><highlight class="normal"><sp/><sp/><sp/><sp/></highlight><highlight class="keywordtype">int</highlight><highlight class="normal"><sp/>point_cloud_index<sp/>=<sp/>this-&gt;add_point_cloud(point_cloud_name);</highlight></codeline>
<codeline lineno="156"><highlight class="normal"></highlight></codeline>
<codeline lineno="157"><highlight class="normal"><sp/><sp/><sp/><sp/></highlight><highlight class="keywordflow">if</highlight><highlight class="normal"><sp/>(points.size()<sp/>==<sp/>0)</highlight></codeline>
<codeline lineno="158"><highlight class="normal"><sp/><sp/><sp/><sp/>{</highlight></codeline>
<codeline lineno="159"><highlight class="normal"><sp/><sp/><sp/><sp/><sp/><sp/><sp/><sp/>ROCKY_RUNTIME_ERROR(</highlight><highlight class="stringliteral">&quot;Cannot<sp/>create<sp/>a<sp/>Point<sp/>Cloud<sp/>without<sp/>any<sp/>points.&quot;</highlight><highlight class="normal">)</highlight></codeline>
<codeline lineno="160"><highlight class="normal"><sp/><sp/><sp/><sp/>}</highlight></codeline>
<codeline lineno="161"><highlight class="normal"></highlight></codeline>
<codeline lineno="162"><highlight class="normal"><sp/><sp/><sp/><sp/>this-&gt;any_change<sp/>=<sp/></highlight><highlight class="keyword">true</highlight><highlight class="normal">;</highlight></codeline>
<codeline lineno="163"><highlight class="normal"><sp/><sp/><sp/><sp/>update_point_cloud_topology(point_cloud_index,<sp/>points);</highlight></codeline>
<codeline lineno="164"><highlight class="normal"></highlight></codeline>
<codeline lineno="165"><highlight class="normal"><sp/><sp/><sp/><sp/></highlight><highlight class="keywordflow">return</highlight><highlight class="normal"><sp/>point_cloud_index;</highlight></codeline>
<codeline lineno="166"><highlight class="normal">}</highlight></codeline>
<codeline lineno="167"><highlight class="normal"></highlight></codeline>
<codeline lineno="168"><highlight class="normal"></highlight><highlight class="keywordtype">int</highlight><highlight class="normal"><sp/>RockyPointCloudController::add_point_cloud(</highlight><highlight class="keyword">const</highlight><highlight class="normal"><sp/>std::string&amp;<sp/>point_cloud_name)</highlight></codeline>
<codeline lineno="169"><highlight class="normal">{</highlight></codeline>
<codeline lineno="170"><highlight class="normal"><sp/><sp/><sp/><sp/></highlight><highlight class="comment">//<sp/>Prevent<sp/>addition<sp/>of<sp/>a<sp/>new<sp/>point<sp/>cloud<sp/>after<sp/>the<sp/>setup<sp/>phase<sp/>ended</highlight><highlight class="normal"></highlight></codeline>
<codeline lineno="171"><highlight class="normal"><sp/><sp/><sp/><sp/></highlight><highlight class="keywordflow">if</highlight><highlight class="normal"><sp/>(pc_data-&gt;finished_setup)</highlight></codeline>
<codeline lineno="172"><highlight class="normal"><sp/><sp/><sp/><sp/>{</highlight></codeline>
<codeline lineno="173"><highlight class="normal"><sp/><sp/><sp/><sp/><sp/><sp/><sp/><sp/>ROCKY_RUNTIME_ERROR(</highlight><highlight class="stringliteral">&quot;Cannot<sp/>add<sp/>a<sp/>new<sp/>point<sp/>cloud<sp/>after<sp/>setup.&quot;</highlight><highlight class="normal">)</highlight></codeline>
<codeline lineno="174"><highlight class="normal"><sp/><sp/><sp/><sp/>}</highlight></codeline>
<codeline lineno="175"><highlight class="normal"></highlight></codeline>
<codeline lineno="176"><highlight class="normal"><sp/><sp/><sp/><sp/>PointCloud*<sp/>point_cloud<sp/>=<sp/></highlight><highlight class="keyword">new</highlight><highlight class="normal"><sp/>PointCloud();</highlight></codeline>
<codeline lineno="177"><highlight class="normal"><sp/><sp/><sp/><sp/>point_cloud-&gt;resize(0);</highlight></codeline>
<codeline lineno="178"><highlight class="normal"><sp/><sp/><sp/><sp/>point_cloud-&gt;name<sp/>=<sp/>point_cloud_name;</highlight></codeline>
<codeline lineno="179"><highlight class="normal"><sp/><sp/><sp/><sp/>point_cloud-&gt;set_update_enable_disable(</highlight><highlight class="keyword">true</highlight><highlight class="normal">);</highlight></codeline>
<codeline lineno="180"><highlight class="normal"><sp/><sp/><sp/><sp/>point_cloud-&gt;set_is_new_point_cloud(</highlight><highlight class="keyword">true</highlight><highlight class="normal">);</highlight></codeline>
<codeline lineno="181"><highlight class="normal"></highlight></codeline>
<codeline lineno="182"><highlight class="normal"><sp/><sp/><sp/><sp/></highlight><highlight class="comment">//<sp/>Point<sp/>cloud<sp/>added<sp/>with<sp/>this<sp/>method<sp/>starts<sp/>disabled<sp/>to<sp/>be<sp/>able<sp/>to<sp/>have<sp/>a<sp/>start<sp/>time<sp/>!=<sp/>0</highlight><highlight class="normal"></highlight></codeline>
<codeline lineno="183"><highlight class="normal"><sp/><sp/><sp/><sp/>point_cloud-&gt;set_enabled(</highlight><highlight class="keyword">false</highlight><highlight class="normal">);</highlight></codeline>
<codeline lineno="184"><highlight class="normal"></highlight></codeline>
<codeline lineno="185"><highlight class="normal"><sp/><sp/><sp/><sp/></highlight><highlight class="comment">//<sp/>Add<sp/>the<sp/>newly<sp/>registered<sp/>transient<sp/>PC</highlight><highlight class="normal"></highlight></codeline>
<codeline lineno="186"><highlight class="normal"><sp/><sp/><sp/><sp/></highlight><highlight class="keywordtype">int</highlight><highlight class="normal"><sp/>point_cloud_index<sp/>=<sp/>this-&gt;pc_data-&gt;add_transient_point_cloud(point_cloud,<sp/></highlight><highlight class="keyword">true</highlight><highlight class="normal">);</highlight></codeline>
<codeline lineno="187"><highlight class="normal"><sp/><sp/><sp/><sp/></highlight><highlight class="comment">//<sp/>Add<sp/>a<sp/>dataset<sp/>for<sp/>it</highlight><highlight class="normal"></highlight></codeline>
<codeline lineno="188"><highlight class="normal"><sp/><sp/><sp/><sp/>PointCloudDataSet&amp;<sp/>transient_dataset<sp/>=<sp/>this-&gt;pc_data-&gt;pc_dataset.emplace_back();</highlight></codeline>
<codeline lineno="189"><highlight class="normal"><sp/><sp/><sp/><sp/>transient_dataset.point_cloud_index<sp/>=<sp/>point_cloud_index;</highlight></codeline>
<codeline lineno="190"><highlight class="normal"><sp/><sp/><sp/><sp/>point_cloud-&gt;set_from_module(</highlight><highlight class="keyword">true</highlight><highlight class="normal">);</highlight></codeline>
<codeline lineno="191"><highlight class="normal"></highlight></codeline>
<codeline lineno="192"><highlight class="normal"><sp/><sp/><sp/><sp/></highlight><highlight class="comment">//<sp/>Resize<sp/>vector<sp/>to<sp/>hold<sp/>point<sp/>cloud<sp/>data<sp/>passed<sp/>in<sp/>the<sp/>API</highlight><highlight class="normal"></highlight></codeline>
<codeline lineno="193"><highlight class="normal"><sp/><sp/><sp/><sp/></highlight><highlight class="keyword">auto</highlight><highlight class="normal">&amp;<sp/>host_pc_data<sp/>=<sp/>this-&gt;pc_data-&gt;host_point_cloud_data;</highlight></codeline>
<codeline lineno="194"><highlight class="normal"><sp/><sp/><sp/><sp/>host_pc_data.n_point_clouds++;</highlight></codeline>
<codeline lineno="195"><highlight class="normal"><sp/><sp/><sp/><sp/>this-&gt;pc_points.resize(host_pc_data.n_point_clouds);</highlight></codeline>
<codeline lineno="196"><highlight class="normal"></highlight></codeline>
<codeline lineno="197"><highlight class="normal"><sp/><sp/><sp/><sp/></highlight><highlight class="keywordflow">return</highlight><highlight class="normal"><sp/>point_cloud_index;</highlight></codeline>
<codeline lineno="198"><highlight class="normal">}</highlight></codeline>
<codeline lineno="199"><highlight class="normal"></highlight></codeline>
<codeline lineno="200"><highlight class="normal"></highlight><highlight class="keywordtype">void</highlight><highlight class="normal"><sp/>RockyPointCloudController::enable_search_cut_off_distance(</highlight><highlight class="keyword">const</highlight><highlight class="normal"><sp/></highlight><highlight class="keywordtype">int</highlight><highlight class="normal"><sp/>point_cloud_index)</highlight><highlight class="keyword"><sp/>const</highlight></codeline>
<codeline lineno="201"><highlight class="keyword"></highlight><highlight class="normal">{</highlight></codeline>
<codeline lineno="202"><highlight class="normal"><sp/><sp/><sp/><sp/>this-&gt;pc_data-&gt;at(point_cloud_index)-&gt;ignore_far_points<sp/>=<sp/></highlight><highlight class="keyword">true</highlight><highlight class="normal">;</highlight></codeline>
<codeline lineno="203"><highlight class="normal">}</highlight></codeline>
<codeline lineno="204"><highlight class="normal"></highlight></codeline>
<codeline lineno="205"><highlight class="normal"></highlight><highlight class="keywordtype">void</highlight><highlight class="normal"><sp/>RockyPointCloudController::disable_search_cut_off_distance(</highlight><highlight class="keyword">const</highlight><highlight class="normal"><sp/></highlight><highlight class="keywordtype">int</highlight><highlight class="normal"><sp/>point_cloud_index)</highlight><highlight class="keyword"><sp/>const</highlight></codeline>
<codeline lineno="206"><highlight class="keyword"></highlight><highlight class="normal">{</highlight></codeline>
<codeline lineno="207"><highlight class="normal"><sp/><sp/><sp/><sp/>this-&gt;pc_data-&gt;at(point_cloud_index)-&gt;ignore_far_points<sp/>=<sp/></highlight><highlight class="keyword">false</highlight><highlight class="normal">;</highlight></codeline>
<codeline lineno="208"><highlight class="normal">}</highlight></codeline>
<codeline lineno="209"><highlight class="normal"></highlight></codeline>
<codeline lineno="210"><highlight class="normal"></highlight><highlight class="keywordtype">void</highlight><highlight class="normal"><sp/>RockyPointCloudController::enable_point_cloud(</highlight><highlight class="keywordtype">int</highlight><highlight class="normal"><sp/>point_cloud_index)</highlight></codeline>
<codeline lineno="211"><highlight class="normal">{</highlight></codeline>
<codeline lineno="212"><highlight class="normal"><sp/><sp/><sp/><sp/>this-&gt;any_change<sp/>=<sp/></highlight><highlight class="keyword">true</highlight><highlight class="normal">;</highlight></codeline>
<codeline lineno="213"><highlight class="normal"><sp/><sp/><sp/><sp/></highlight><highlight class="keyword">auto</highlight><highlight class="normal"><sp/>pc<sp/>=<sp/>this-&gt;pc_data-&gt;at(point_cloud_index);</highlight></codeline>
<codeline lineno="214"><highlight class="normal"></highlight></codeline>
<codeline lineno="215"><highlight class="normal"><sp/><sp/><sp/><sp/></highlight><highlight class="comment">//<sp/>Check<sp/>if<sp/>&quot;empty&quot;<sp/>disabled<sp/>point<sp/>cloud<sp/>is<sp/>being<sp/>enabled<sp/>without<sp/>adding<sp/>points<sp/>and<sp/>properties</highlight><highlight class="normal"></highlight></codeline>
<codeline lineno="216"><highlight class="normal"><sp/><sp/><sp/><sp/></highlight><highlight class="keywordflow">if</highlight><highlight class="normal"><sp/>(!pc-&gt;enabled())</highlight></codeline>
<codeline lineno="217"><highlight class="normal"><sp/><sp/><sp/><sp/>{</highlight></codeline>
<codeline lineno="218"><highlight class="normal"><sp/><sp/><sp/><sp/><sp/><sp/><sp/><sp/></highlight><highlight class="keywordflow">if</highlight><highlight class="normal"><sp/>(pc-&gt;get_n_points()<sp/>==<sp/>0)</highlight></codeline>
<codeline lineno="219"><highlight class="normal"><sp/><sp/><sp/><sp/><sp/><sp/><sp/><sp/>{</highlight></codeline>
<codeline lineno="220"><highlight class="normal"><sp/><sp/><sp/><sp/><sp/><sp/><sp/><sp/><sp/><sp/><sp/><sp/>ROCKY_RUNTIME_ERROR(</highlight><highlight class="stringliteral">&quot;Cannot<sp/>enable<sp/>a<sp/>Point<sp/>Cloud<sp/>without<sp/>any<sp/>points.&quot;</highlight><highlight class="normal">)</highlight></codeline>
<codeline lineno="221"><highlight class="normal"><sp/><sp/><sp/><sp/><sp/><sp/><sp/><sp/>}</highlight></codeline>
<codeline lineno="222"><highlight class="normal"></highlight></codeline>
<codeline lineno="223"><highlight class="normal"><sp/><sp/><sp/><sp/><sp/><sp/><sp/><sp/></highlight><highlight class="keywordflow">if</highlight><highlight class="normal"><sp/>(pc-&gt;scalars_controller.get_n_scalar_arrays()<sp/>==<sp/>0)</highlight></codeline>
<codeline lineno="224"><highlight class="normal"><sp/><sp/><sp/><sp/><sp/><sp/><sp/><sp/>{</highlight></codeline>
<codeline lineno="225"><highlight class="normal"><sp/><sp/><sp/><sp/><sp/><sp/><sp/><sp/><sp/><sp/><sp/><sp/>ROCKY_RUNTIME_ERROR(</highlight><highlight class="stringliteral">&quot;Cannot<sp/>enable<sp/>a<sp/>Point<sp/>Cloud<sp/>without<sp/>any<sp/>property.&quot;</highlight><highlight class="normal">)</highlight></codeline>
<codeline lineno="226"><highlight class="normal"><sp/><sp/><sp/><sp/><sp/><sp/><sp/><sp/>}</highlight></codeline>
<codeline lineno="227"><highlight class="normal"><sp/><sp/><sp/><sp/>}</highlight></codeline>
<codeline lineno="228"><highlight class="normal"></highlight></codeline>
<codeline lineno="229"><highlight class="normal"><sp/><sp/><sp/><sp/>pc-&gt;set_enabled(</highlight><highlight class="keyword">true</highlight><highlight class="normal">);</highlight></codeline>
<codeline lineno="230"><highlight class="normal"><sp/><sp/><sp/><sp/>pc-&gt;set_update_enable_disable(</highlight><highlight class="keyword">true</highlight><highlight class="normal">);</highlight></codeline>
<codeline lineno="231"><highlight class="normal">}</highlight></codeline>
<codeline lineno="232"><highlight class="normal"></highlight></codeline>
<codeline lineno="233"><highlight class="normal"></highlight><highlight class="keywordtype">void</highlight><highlight class="normal"><sp/>RockyPointCloudController::disable_point_cloud(</highlight><highlight class="keywordtype">int</highlight><highlight class="normal"><sp/>point_cloud_index)</highlight></codeline>
<codeline lineno="234"><highlight class="normal">{</highlight></codeline>
<codeline lineno="235"><highlight class="normal"><sp/><sp/><sp/><sp/>this-&gt;any_change<sp/>=<sp/></highlight><highlight class="keyword">true</highlight><highlight class="normal">;</highlight></codeline>
<codeline lineno="236"><highlight class="normal"><sp/><sp/><sp/><sp/></highlight><highlight class="keyword">auto</highlight><highlight class="normal"><sp/>pc<sp/>=<sp/>this-&gt;pc_data-&gt;at(point_cloud_index);</highlight></codeline>
<codeline lineno="237"><highlight class="normal"></highlight></codeline>
<codeline lineno="238"><highlight class="normal"><sp/><sp/><sp/><sp/>pc-&gt;set_enabled(</highlight><highlight class="keyword">false</highlight><highlight class="normal">);</highlight></codeline>
<codeline lineno="239"><highlight class="normal"><sp/><sp/><sp/><sp/>pc-&gt;set_update_enable_disable(</highlight><highlight class="keyword">true</highlight><highlight class="normal">);</highlight></codeline>
<codeline lineno="240"><highlight class="normal">}</highlight></codeline>
<codeline lineno="241"><highlight class="normal"></highlight></codeline>
<codeline lineno="242"><highlight class="normal"></highlight><highlight class="keywordtype">bool</highlight><highlight class="normal"><sp/>RockyPointCloudController::is_enabled(</highlight><highlight class="keywordtype">int</highlight><highlight class="normal"><sp/>point_cloud_index)</highlight><highlight class="keyword"><sp/>const</highlight></codeline>
<codeline lineno="243"><highlight class="keyword"></highlight><highlight class="normal">{</highlight></codeline>
<codeline lineno="244"><highlight class="normal"><sp/><sp/><sp/><sp/></highlight><highlight class="keywordflow">return</highlight><highlight class="normal"><sp/>this-&gt;pc_data-&gt;at(point_cloud_index)-&gt;enabled();</highlight></codeline>
<codeline lineno="245"><highlight class="normal">}</highlight></codeline>
<codeline lineno="246"><highlight class="normal"></highlight></codeline>
<codeline lineno="247"><highlight class="normal"></highlight><highlight class="keywordtype">void</highlight><highlight class="normal"><sp/>RockyPointCloudController::update_point_cloud_topology(</highlight></codeline>
<codeline lineno="248"><highlight class="normal"><sp/><sp/><sp/><sp/></highlight><highlight class="keywordtype">int</highlight><highlight class="normal"><sp/>point_cloud_index,<sp/></highlight><highlight class="keyword">const</highlight><highlight class="normal"><sp/>std::vector&lt;double3&gt;&amp;<sp/>new_coordinates)</highlight></codeline>
<codeline lineno="249"><highlight class="normal">{</highlight></codeline>
<codeline lineno="250"><highlight class="normal"><sp/><sp/><sp/><sp/></highlight><highlight class="keyword">auto</highlight><highlight class="normal"><sp/>pc<sp/>=<sp/>this-&gt;pc_data-&gt;at(point_cloud_index);</highlight></codeline>
<codeline lineno="251"><highlight class="normal"><sp/><sp/><sp/><sp/></highlight><highlight class="comment">//<sp/>Block<sp/>topology<sp/>changes<sp/>for<sp/>a<sp/>point<sp/>cloud<sp/>that<sp/>was<sp/>read<sp/>from<sp/>the<sp/>HDF<sp/>during<sp/>setup.</highlight><highlight class="normal"></highlight></codeline>
<codeline lineno="252"><highlight class="normal"><sp/><sp/><sp/><sp/></highlight><highlight class="keywordflow">if</highlight><highlight class="normal"><sp/>(!pc-&gt;is_new_point_cloud()<sp/>&amp;&amp;<sp/>!pc-&gt;is_geometry_transient())</highlight></codeline>
<codeline lineno="253"><highlight class="normal"><sp/><sp/><sp/><sp/>{</highlight></codeline>
<codeline lineno="254"><highlight class="normal"><sp/><sp/><sp/><sp/><sp/><sp/><sp/><sp/>ROCKY_RUNTIME_ERROR(</highlight><highlight class="stringliteral">&quot;Cannot<sp/>update<sp/>topology<sp/>of<sp/>a<sp/>static<sp/>point<sp/>cloud.&quot;</highlight><highlight class="normal">)</highlight></codeline>
<codeline lineno="255"><highlight class="normal"><sp/><sp/><sp/><sp/>}</highlight></codeline>
<codeline lineno="256"><highlight class="normal"></highlight></codeline>
<codeline lineno="257"><highlight class="normal"><sp/><sp/><sp/><sp/>this-&gt;any_change<sp/>=<sp/></highlight><highlight class="keyword">true</highlight><highlight class="normal">;</highlight></codeline>
<codeline lineno="258"><highlight class="normal"><sp/><sp/><sp/><sp/>pc-&gt;set_update_topology(</highlight><highlight class="keyword">true</highlight><highlight class="normal">);</highlight></codeline>
<codeline lineno="259"><highlight class="normal"></highlight></codeline>
<codeline lineno="260"><highlight class="normal"><sp/><sp/><sp/><sp/>this-&gt;pc_points[point_cloud_index].clear();</highlight></codeline>
<codeline lineno="261"><highlight class="normal"><sp/><sp/><sp/><sp/>this-&gt;pc_points[point_cloud_index].resize(new_coordinates.size());</highlight></codeline>
<codeline lineno="262"><highlight class="normal"></highlight></codeline>
<codeline lineno="263"><highlight class="normal"><sp/><sp/><sp/><sp/>pc-&gt;resize(new_coordinates.size());</highlight></codeline>
<codeline lineno="264"><highlight class="normal"></highlight></codeline>
<codeline lineno="265"><highlight class="normal"><sp/><sp/><sp/><sp/></highlight><highlight class="keywordflow">for</highlight><highlight class="normal"><sp/>(</highlight><highlight class="keywordtype">int</highlight><highlight class="normal"><sp/>i<sp/>=<sp/>0;<sp/>i<sp/>&lt;<sp/>new_coordinates.size();<sp/>i++)</highlight></codeline>
<codeline lineno="266"><highlight class="normal"><sp/><sp/><sp/><sp/>{</highlight></codeline>
<codeline lineno="267"><highlight class="normal"><sp/><sp/><sp/><sp/><sp/><sp/><sp/><sp/></highlight><highlight class="keyword">const</highlight><highlight class="normal"><sp/></highlight><highlight class="keyword">auto</highlight><highlight class="normal">&amp;<sp/>p<sp/>=<sp/>new_coordinates[i];</highlight></codeline>
<codeline lineno="268"><highlight class="normal"><sp/><sp/><sp/><sp/><sp/><sp/><sp/><sp/>this-&gt;pc_points[point_cloud_index][i]<sp/>=<sp/>{<sp/>i,<sp/>p.x,<sp/>p.y,<sp/>p.z<sp/>};</highlight></codeline>
<codeline lineno="269"><highlight class="normal"><sp/><sp/><sp/><sp/>}</highlight></codeline>
<codeline lineno="270"><highlight class="normal">}</highlight></codeline>
<codeline lineno="271"><highlight class="normal"></highlight></codeline>
<codeline lineno="272"><highlight class="normal"></highlight><highlight class="keywordtype">void</highlight><highlight class="normal"><sp/>RockyPointCloudController::update_point_cloud_geometry(</highlight></codeline>
<codeline lineno="273"><highlight class="normal"><sp/><sp/><sp/><sp/></highlight><highlight class="keywordtype">int</highlight><highlight class="normal"><sp/>point_cloud_index,<sp/></highlight><highlight class="keyword">const</highlight><highlight class="normal"><sp/>std::vector&lt;double3&gt;&amp;<sp/>new_coordinates)</highlight></codeline>
<codeline lineno="274"><highlight class="normal">{</highlight></codeline>
<codeline lineno="275"><highlight class="normal"><sp/><sp/><sp/><sp/></highlight><highlight class="keyword">auto</highlight><highlight class="normal"><sp/>pc<sp/>=<sp/>this-&gt;pc_data-&gt;at(point_cloud_index);</highlight></codeline>
<codeline lineno="276"><highlight class="normal"><sp/><sp/><sp/><sp/></highlight><highlight class="keyword">auto</highlight><highlight class="normal">&amp;<sp/>scalars<sp/>=<sp/>pc-&gt;scalars_controller;</highlight></codeline>
<codeline lineno="277"><highlight class="normal"></highlight></codeline>
<codeline lineno="278"><highlight class="normal"><sp/><sp/><sp/><sp/></highlight><highlight class="comment">//<sp/>Block<sp/>geometry<sp/>changes<sp/>for<sp/>a<sp/>point<sp/>cloud<sp/>that<sp/>was<sp/>read<sp/>from<sp/>the<sp/>HDF<sp/>during<sp/>setup.</highlight><highlight class="normal"></highlight></codeline>
<codeline lineno="279"><highlight class="normal"><sp/><sp/><sp/><sp/></highlight><highlight class="keywordflow">if</highlight><highlight class="normal"><sp/>(!pc-&gt;is_new_point_cloud()<sp/>&amp;&amp;<sp/>!pc-&gt;is_geometry_transient())</highlight></codeline>
<codeline lineno="280"><highlight class="normal"><sp/><sp/><sp/><sp/>{</highlight></codeline>
<codeline lineno="281"><highlight class="normal"><sp/><sp/><sp/><sp/><sp/><sp/><sp/><sp/>ROCKY_RUNTIME_ERROR(</highlight><highlight class="stringliteral">&quot;Cannot<sp/>update<sp/>geometry<sp/>of<sp/>a<sp/>static<sp/>point<sp/>cloud.&quot;</highlight><highlight class="normal">)</highlight></codeline>
<codeline lineno="282"><highlight class="normal"><sp/><sp/><sp/><sp/>}</highlight></codeline>
<codeline lineno="283"><highlight class="normal"></highlight></codeline>
<codeline lineno="284"><highlight class="normal"><sp/><sp/><sp/><sp/></highlight><highlight class="keywordflow">if</highlight><highlight class="normal"><sp/>(pc-&gt;get_n_points()<sp/>!=<sp/>new_coordinates.size())</highlight></codeline>
<codeline lineno="285"><highlight class="normal"><sp/><sp/><sp/><sp/>{</highlight></codeline>
<codeline lineno="286"><highlight class="normal"><sp/><sp/><sp/><sp/><sp/><sp/><sp/><sp/>ROCKY_RUNTIME_ERROR(</highlight></codeline>
<codeline lineno="287"><highlight class="normal"><sp/><sp/><sp/><sp/><sp/><sp/><sp/><sp/><sp/><sp/><sp/><sp/></highlight><highlight class="stringliteral">&quot;Point<sp/>cloud<sp/>geometry<sp/>update<sp/>size<sp/>mismatch.<sp/>Old<sp/>size:<sp/>&quot;</highlight><highlight class="normal"></highlight></codeline>
<codeline lineno="288"><highlight class="normal"><sp/><sp/><sp/><sp/><sp/><sp/><sp/><sp/><sp/><sp/><sp/><sp/>&lt;&lt;<sp/>pc-&gt;get_n_points()<sp/>&lt;&lt;<sp/></highlight><highlight class="stringliteral">&quot;<sp/>new<sp/>size<sp/>&quot;</highlight><highlight class="normal"><sp/>&lt;&lt;<sp/>new_coordinates.size());</highlight></codeline>
<codeline lineno="289"><highlight class="normal"><sp/><sp/><sp/><sp/>}</highlight></codeline>
<codeline lineno="290"><highlight class="normal"></highlight></codeline>
<codeline lineno="291"><highlight class="normal"><sp/><sp/><sp/><sp/></highlight><highlight class="keyword">const</highlight><highlight class="normal"><sp/></highlight><highlight class="keywordtype">int</highlight><highlight class="normal"><sp/>n_vars<sp/>=<sp/>pc-&gt;get_n_properties();</highlight></codeline>
<codeline lineno="292"><highlight class="normal"><sp/><sp/><sp/><sp/>this-&gt;pc_points[point_cloud_index].resize(new_coordinates.size());</highlight></codeline>
<codeline lineno="293"><highlight class="normal"></highlight></codeline>
<codeline lineno="294"><highlight class="normal"><sp/><sp/><sp/><sp/></highlight><highlight class="keywordflow">for</highlight><highlight class="normal"><sp/>(</highlight><highlight class="keywordtype">int</highlight><highlight class="normal"><sp/>i<sp/>=<sp/>0;<sp/>i<sp/>&lt;<sp/>new_coordinates.size();<sp/>i++)</highlight></codeline>
<codeline lineno="295"><highlight class="normal"><sp/><sp/><sp/><sp/>{</highlight></codeline>
<codeline lineno="296"><highlight class="normal"><sp/><sp/><sp/><sp/><sp/><sp/><sp/><sp/></highlight><highlight class="keyword">const</highlight><highlight class="normal"><sp/></highlight><highlight class="keyword">auto</highlight><highlight class="normal">&amp;<sp/>p<sp/>=<sp/>new_coordinates[i];</highlight></codeline>
<codeline lineno="297"><highlight class="normal"><sp/><sp/><sp/><sp/><sp/><sp/><sp/><sp/>this-&gt;pc_points[point_cloud_index][i]<sp/>=<sp/>{<sp/>i,<sp/>p.x,<sp/>p.y,<sp/>p.z<sp/>};</highlight></codeline>
<codeline lineno="298"><highlight class="normal"><sp/><sp/><sp/><sp/>}</highlight></codeline>
<codeline lineno="299"><highlight class="normal"></highlight></codeline>
<codeline lineno="300"><highlight class="normal"><sp/><sp/><sp/><sp/></highlight><highlight class="comment">//<sp/>When<sp/>updating<sp/>geometry,<sp/>we<sp/>make<sp/>each<sp/>node<sp/>keep<sp/>its<sp/>properties<sp/>value<sp/>if<sp/>not<sp/>changed</highlight><highlight class="normal"></highlight></codeline>
<codeline lineno="301"><highlight class="normal"><sp/><sp/><sp/><sp/></highlight><highlight class="comment">//<sp/>by<sp/>a<sp/>previous<sp/>call<sp/>of<sp/>update_point_cloud_property</highlight><highlight class="normal"></highlight></codeline>
<codeline lineno="302"><highlight class="normal"><sp/><sp/><sp/><sp/></highlight><highlight class="keywordflow">for</highlight><highlight class="normal"><sp/>(</highlight><highlight class="keywordtype">int</highlight><highlight class="normal"><sp/>j<sp/>=<sp/>0;<sp/>j<sp/>&lt;<sp/>n_vars;<sp/>j++)</highlight></codeline>
<codeline lineno="303"><highlight class="normal"><sp/><sp/><sp/><sp/>{</highlight></codeline>
<codeline lineno="304"><highlight class="normal"><sp/><sp/><sp/><sp/><sp/><sp/><sp/><sp/></highlight><highlight class="keywordflow">if</highlight><highlight class="normal"><sp/>(!scalars.is_updated(j))</highlight></codeline>
<codeline lineno="305"><highlight class="normal"><sp/><sp/><sp/><sp/><sp/><sp/><sp/><sp/>{</highlight></codeline>
<codeline lineno="306"><highlight class="normal"><sp/><sp/><sp/><sp/><sp/><sp/><sp/><sp/><sp/><sp/><sp/><sp/></highlight><highlight class="comment">//<sp/>Apply<sp/>gather<sp/>to<sp/>restore<sp/>original<sp/>order</highlight><highlight class="normal"></highlight></codeline>
<codeline lineno="307"><highlight class="normal"><sp/><sp/><sp/><sp/><sp/><sp/><sp/><sp/><sp/><sp/><sp/><sp/>scalars.swap_scalars(pc-&gt;point_map,<sp/>j);</highlight></codeline>
<codeline lineno="308"><highlight class="normal"><sp/><sp/><sp/><sp/><sp/><sp/><sp/><sp/><sp/><sp/><sp/><sp/>scalars.set_updated_by_geometry_attribute(j,<sp/></highlight><highlight class="keyword">true</highlight><highlight class="normal">);</highlight></codeline>
<codeline lineno="309"><highlight class="normal"><sp/><sp/><sp/><sp/><sp/><sp/><sp/><sp/>}</highlight></codeline>
<codeline lineno="310"><highlight class="normal"><sp/><sp/><sp/><sp/>}</highlight></codeline>
<codeline lineno="311"><highlight class="normal"></highlight></codeline>
<codeline lineno="312"><highlight class="normal"><sp/><sp/><sp/><sp/>pc-&gt;set_update_geometry(</highlight><highlight class="keyword">true</highlight><highlight class="normal">);</highlight></codeline>
<codeline lineno="313"><highlight class="normal"><sp/><sp/><sp/><sp/>this-&gt;any_change<sp/>=<sp/></highlight><highlight class="keyword">true</highlight><highlight class="normal">;</highlight></codeline>
<codeline lineno="314"><highlight class="normal">}</highlight></codeline>
    </programlisting>
    <location file="source/c++/rocky20/api/rocky_point_cloud.cpp"/>
  </compounddef>
</doxygen>
