<?xml version='1.0' encoding='UTF-8' standalone='no'?>
<doxygen xmlns:xsi="http://www.w3.org/2001/XMLSchema-instance" xsi:noNamespaceSchemaLocation="compound.xsd" version="1.10.0" xml:lang="en-US">
  <compounddef id="rocky__api__vicinity__functions_8h" kind="file" language="C++">
    <compoundname>rocky_api_vicinity_functions.h</compoundname>
    <includes local="no">cstddef</includes>
    <includedby refid="rocky__api__vicinity_8h" local="yes">source/c++/rocky20/api/rocky_api_vicinity.h</includedby>
    <incdepgraph>
      <node id="1">
        <label>source/c++/rocky20/api/rocky_api_vicinity_functions.h</label>
        <link refid="rocky__api__vicinity__functions_8h"/>
        <childnode refid="2" relation="include">
        </childnode>
      </node>
      <node id="2">
        <label>cstddef</label>
      </node>
    </incdepgraph>
    <invincdepgraph>
      <node id="2">
        <label>source/c++/rocky20/api/rocky_api_vicinity.h</label>
        <link refid="rocky__api__vicinity_8h_source"/>
      </node>
      <node id="1">
        <label>source/c++/rocky20/api/rocky_api_vicinity_functions.h</label>
        <link refid="rocky__api__vicinity__functions_8h"/>
        <childnode refid="2" relation="include">
        </childnode>
      </node>
    </invincdepgraph>
    <innerclass refid="structGridSearchParameters" prot="public">GridSearchParameters</innerclass>
    <sectiondef kind="define">
      <memberdef kind="define" id="rocky__api__vicinity__functions_8h_1abb50be8b54dcd69f9555820174203de8" prot="public" static="no">
        <name>INVALID_GRID_CELL</name>
        <initializer>ULLONG_MAX</initializer>
        <briefdescription>
        </briefdescription>
        <detaileddescription>
        </detaileddescription>
        <inbodydescription>
        </inbodydescription>
        <location file="source/c++/rocky20/api/rocky_api_vicinity_functions.h" line="26" column="9" bodyfile="source/c++/rocky20/api/rocky_api_vicinity_functions.h" bodystart="26" bodyend="-1"/>
      </memberdef>
      <memberdef kind="define" id="rocky__api__vicinity__functions_8h_1a0c2c6096ef7b9e72938ff2ed4629f037" prot="public" static="no">
        <name>INVALID_ENTITY_ID</name>
        <initializer>ULLONG_MAX</initializer>
        <briefdescription>
        </briefdescription>
        <detaileddescription>
        </detaileddescription>
        <inbodydescription>
        </inbodydescription>
        <location file="source/c++/rocky20/api/rocky_api_vicinity_functions.h" line="27" column="9" bodyfile="source/c++/rocky20/api/rocky_api_vicinity_functions.h" bodystart="27" bodyend="-1"/>
      </memberdef>
      <memberdef kind="define" id="rocky__api__vicinity__functions_8h_1acd716d741b9ae62489edc6f8757b3921" prot="public" static="no">
        <name>OMP_COMPUTE_VICINITY_PP</name>
        <initializer>&quot;compute_vicinity_particles&quot;</initializer>
        <briefdescription>
        </briefdescription>
        <detaileddescription>
        </detaileddescription>
        <inbodydescription>
        </inbodydescription>
        <location file="source/c++/rocky20/api/rocky_api_vicinity_functions.h" line="33" column="9" bodyfile="source/c++/rocky20/api/rocky_api_vicinity_functions.h" bodystart="33" bodyend="-1"/>
      </memberdef>
      <memberdef kind="define" id="rocky__api__vicinity__functions_8h_1a3494ebc299734c54b3d7174dc83f3bc5" prot="public" static="no">
        <name>OMP_COMPUTE_VICINITY_PT</name>
        <initializer>&quot;compute_vicinity_triangles&quot;</initializer>
        <briefdescription>
        </briefdescription>
        <detaileddescription>
        </detaileddescription>
        <inbodydescription>
        </inbodydescription>
        <location file="source/c++/rocky20/api/rocky_api_vicinity_functions.h" line="34" column="9" bodyfile="source/c++/rocky20/api/rocky_api_vicinity_functions.h" bodystart="34" bodyend="-1"/>
      </memberdef>
      <memberdef kind="define" id="rocky__api__vicinity__functions_8h_1ad956449be81f8ae625bd7fdc10dab4b3" prot="public" static="no">
        <name>CUDA_COMPUTE_VICINITY_PP</name>
        <initializer>&quot;cuda_compute_vicinity_particles_kernel&quot;</initializer>
        <briefdescription>
        </briefdescription>
        <detaileddescription>
        </detaileddescription>
        <inbodydescription>
        </inbodydescription>
        <location file="source/c++/rocky20/api/rocky_api_vicinity_functions.h" line="35" column="9" bodyfile="source/c++/rocky20/api/rocky_api_vicinity_functions.h" bodystart="35" bodyend="-1"/>
      </memberdef>
      <memberdef kind="define" id="rocky__api__vicinity__functions_8h_1aaea391db5f43f9fd64ecfbf03b0fc80e" prot="public" static="no">
        <name>CUDA_COMPUTE_VICINITY_PT</name>
        <initializer>&quot;cuda_compute_vicinity_triangles_kernel&quot;</initializer>
        <briefdescription>
        </briefdescription>
        <detaileddescription>
        </detaileddescription>
        <inbodydescription>
        </inbodydescription>
        <location file="source/c++/rocky20/api/rocky_api_vicinity_functions.h" line="36" column="9" bodyfile="source/c++/rocky20/api/rocky_api_vicinity_functions.h" bodystart="36" bodyend="-1"/>
      </memberdef>
      <memberdef kind="define" id="rocky__api__vicinity__functions_8h_1a55131468154aeff88f65005954198ca2" prot="public" static="no">
        <name>COMPUTE_VICINITY_DISTANCE</name>
        <initializer>&quot;compute_vicinity_distance&quot;</initializer>
        <briefdescription>
        </briefdescription>
        <detaileddescription>
        </detaileddescription>
        <inbodydescription>
        </inbodydescription>
        <location file="source/c++/rocky20/api/rocky_api_vicinity_functions.h" line="37" column="9" bodyfile="source/c++/rocky20/api/rocky_api_vicinity_functions.h" bodystart="37" bodyend="-1"/>
      </memberdef>
      <memberdef kind="define" id="rocky__api__vicinity__functions_8h_1ae53f3d3589b74fe77d40a05af9f3daaa" prot="public" static="no">
        <name>ROCKY_PLUGIN_COMPUTE_VICINITY_DISTANCE</name>
        <param><defname>model</defname></param>
        <param><defname>data</defname></param>
        <initializer>    extern &quot;C&quot; ROCKYAPI_EXPORT double compute_vicinity_distance(<ref refid="structIRockyModel" kindref="compound">IRockyModel</ref>&amp; model, void* data) \
    {</initializer>
        <briefdescription>
        </briefdescription>
        <detaileddescription>
        </detaileddescription>
        <inbodydescription>
        </inbodydescription>
        <location file="source/c++/rocky20/api/rocky_api_vicinity_functions.h" line="47" column="9" bodyfile="source/c++/rocky20/api/rocky_api_vicinity_functions.h" bodystart="47" bodyend="49"/>
      </memberdef>
      <memberdef kind="define" id="rocky__api__vicinity__functions_8h_1ad5e042e6616bd9e397fd88950b94fd72" prot="public" static="no">
        <name>ROCKY_PLUGIN_COMPUTE_VICINITY_DISTANCE_END</name>
        <param></param>
        <initializer>}</initializer>
        <briefdescription>
        </briefdescription>
        <detaileddescription>
        </detaileddescription>
        <inbodydescription>
        </inbodydescription>
        <location file="source/c++/rocky20/api/rocky_api_vicinity_functions.h" line="51" column="9" bodyfile="source/c++/rocky20/api/rocky_api_vicinity_functions.h" bodystart="51" bodyend="-1"/>
      </memberdef>
      <memberdef kind="define" id="rocky__api__vicinity__functions_8h_1a01d0a812cc232f000779e9b45372ed95" prot="public" static="no">
        <name>ROCKY_PLUGIN_PRE_FORCE_ON_PARTICLE_VICINITY_PAIR</name>
        <param><defname>device_model</defname></param>
        <param><defname>vicinity_pair</defname></param>
        <param><defname>data</defname></param>
        <initializer>    extern &quot;C&quot; ROCKYAPI_EXPORT ROCKY_FUNCTIONS void compute_vicinity_particles(             \
        <ref refid="structIRockyDeviceModel" kindref="compound">IRockyDeviceModel</ref>&amp; device_model, <ref refid="structIRockyVicinityPair" kindref="compound">IRockyVicinityPair</ref>&amp; vicinity_pair, void* data)     \
    {</initializer>
        <briefdescription>
        </briefdescription>
        <detaileddescription>
        </detaileddescription>
        <inbodydescription>
        </inbodydescription>
        <location file="source/c++/rocky20/api/rocky_api_vicinity_functions.h" line="53" column="9" bodyfile="source/c++/rocky20/api/rocky_api_vicinity_functions.h" bodystart="53" bodyend="56"/>
      </memberdef>
      <memberdef kind="define" id="rocky__api__vicinity__functions_8h_1ae18594d657edd6bf12625b685ec57b2a" prot="public" static="no">
        <name>ROCKY_PLUGIN_PRE_FORCE_ON_TRIANGLE_VICINITY_PAIR</name>
        <param><defname>device_model</defname></param>
        <param><defname>vicinity_pair</defname></param>
        <param><defname>data</defname></param>
        <initializer>    extern &quot;C&quot; ROCKYAPI_EXPORT ROCKY_FUNCTIONS void compute_vicinity_triangles(             \
        <ref refid="structIRockyDeviceModel" kindref="compound">IRockyDeviceModel</ref>&amp; device_model, <ref refid="structIRockyVicinityPair" kindref="compound">IRockyVicinityPair</ref>&amp; vicinity_pair, void* data)     \
    {</initializer>
        <briefdescription>
        </briefdescription>
        <detaileddescription>
        </detaileddescription>
        <inbodydescription>
        </inbodydescription>
        <location file="source/c++/rocky20/api/rocky_api_vicinity_functions.h" line="57" column="9" bodyfile="source/c++/rocky20/api/rocky_api_vicinity_functions.h" bodystart="57" bodyend="60"/>
      </memberdef>
      <memberdef kind="define" id="rocky__api__vicinity__functions_8h_1a11ff1fc4c7ffe6bb5ce4c51252580b6f" prot="public" static="no">
        <name>ROCKY_PLUGIN_PRE_FORCE_ON_PARTICLE_VICINITY_PAIR_END</name>
        <param></param>
        <initializer>}</initializer>
        <briefdescription>
        </briefdescription>
        <detaileddescription>
        </detaileddescription>
        <inbodydescription>
        </inbodydescription>
        <location file="source/c++/rocky20/api/rocky_api_vicinity_functions.h" line="62" column="13" bodyfile="source/c++/rocky20/api/rocky_api_vicinity_functions.h" bodystart="62" bodyend="-1"/>
      </memberdef>
      <memberdef kind="define" id="rocky__api__vicinity__functions_8h_1a6cb859441a1767f02a78c67862fbb078" prot="public" static="no">
        <name>ROCKY_PLUGIN_PRE_FORCE_ON_TRIANGLE_VICINITY_PAIR_END</name>
        <param></param>
        <initializer>}</initializer>
        <briefdescription>
        </briefdescription>
        <detaileddescription>
        </detaileddescription>
        <inbodydescription>
        </inbodydescription>
        <location file="source/c++/rocky20/api/rocky_api_vicinity_functions.h" line="63" column="13" bodyfile="source/c++/rocky20/api/rocky_api_vicinity_functions.h" bodystart="63" bodyend="-1"/>
      </memberdef>
    </sectiondef>
    <sectiondef kind="typedef">
      <memberdef kind="typedef" id="rocky__api__vicinity__functions_8h_1aee8ef5c4e98aef8598402990928501b3" prot="public" static="no">
        <type>double(__stdcall *</type>
        <definition>typedef double(__stdcall * vicinity_distance_f_type) (IRockyModel &amp;, void *)</definition>
        <argsstring>)(IRockyModel &amp;, void *)</argsstring>
        <name>vicinity_distance_f_type</name>
        <briefdescription>
        </briefdescription>
        <detaileddescription>
        </detaileddescription>
        <inbodydescription>
        </inbodydescription>
        <location file="source/c++/rocky20/api/rocky_api_vicinity_functions.h" line="39" column="9" bodyfile="source/c++/rocky20/api/rocky_api_vicinity_functions.h" bodystart="39" bodyend="-1"/>
      </memberdef>
      <memberdef kind="typedef" id="rocky__api__vicinity__functions_8h_1ac28eff16aa2dd61fb6afa8500371ffcf" prot="public" static="no">
        <type>void(__stdcall *</type>
        <definition>typedef void(__stdcall * vicinity_f_type) (IRockyDeviceModel &amp;model, IRockyVicinityPair &amp;vicinity, void *data)</definition>
        <argsstring>)(IRockyDeviceModel &amp;model, IRockyVicinityPair &amp;vicinity, void *data)</argsstring>
        <name>vicinity_f_type</name>
        <briefdescription>
        </briefdescription>
        <detaileddescription>
        </detaileddescription>
        <inbodydescription>
        </inbodydescription>
        <location file="source/c++/rocky20/api/rocky_api_vicinity_functions.h" line="41" column="9" bodyfile="source/c++/rocky20/api/rocky_api_vicinity_functions.h" bodystart="41" bodyend="-1"/>
      </memberdef>
      <memberdef kind="typedef" id="rocky__api__vicinity__functions_8h_1a76d5a671569d386ea2627e21b3338339" prot="public" static="no">
        <type>void(__stdcall *</type>
        <definition>typedef void(__stdcall * cuda_vicinity_kernel_f_type) (GridSearchParameters params, double current_time, void *data)</definition>
        <argsstring>)(GridSearchParameters params, double current_time, void *data)</argsstring>
        <name>cuda_vicinity_kernel_f_type</name>
        <briefdescription>
        </briefdescription>
        <detaileddescription>
        </detaileddescription>
        <inbodydescription>
        </inbodydescription>
        <location file="source/c++/rocky20/api/rocky_api_vicinity_functions.h" line="44" column="9" bodyfile="source/c++/rocky20/api/rocky_api_vicinity_functions.h" bodystart="44" bodyend="-1"/>
      </memberdef>
    </sectiondef>
    <briefdescription>
    </briefdescription>
    <detaileddescription>
    </detaileddescription>
    <programlisting>
<codeline lineno="1"><highlight class="comment">//<sp/>(C)<sp/>2024<sp/>ANSYS,<sp/>Inc.<sp/>Unauthorized<sp/>use,<sp/>distribution,<sp/>or<sp/>duplication<sp/>is<sp/>prohibited.</highlight><highlight class="normal"></highlight></codeline>
<codeline lineno="2"><highlight class="normal"></highlight><highlight class="preprocessor">#pragma<sp/>once</highlight><highlight class="normal"></highlight></codeline>
<codeline lineno="3"><highlight class="normal"></highlight></codeline>
<codeline lineno="4"><highlight class="normal"></highlight><highlight class="preprocessor">#include<sp/>&lt;cstddef&gt;</highlight><highlight class="normal"></highlight></codeline>
<codeline lineno="5"><highlight class="normal"></highlight></codeline>
<codeline lineno="6"><highlight class="normal"></highlight><highlight class="keyword">class<sp/></highlight><highlight class="normal">cuda_host;</highlight></codeline>
<codeline lineno="7"><highlight class="normal"></highlight><highlight class="keyword">struct<sp/></highlight><highlight class="normal"><ref refid="structIRockyDeviceModel" kindref="compound">IRockyDeviceModel</ref>;</highlight></codeline>
<codeline lineno="8"><highlight class="normal"></highlight><highlight class="keyword">struct<sp/></highlight><highlight class="normal"><ref refid="structIRockyModel" kindref="compound">IRockyModel</ref>;</highlight></codeline>
<codeline lineno="9"><highlight class="normal"></highlight><highlight class="keyword">struct<sp/></highlight><highlight class="normal"><ref refid="structIRockyVicinityPair" kindref="compound">IRockyVicinityPair</ref>;</highlight></codeline>
<codeline lineno="10"><highlight class="normal"></highlight><highlight class="keyword">typedef</highlight><highlight class="normal"><sp/>cuda_host<sp/>RockyModel;</highlight></codeline>
<codeline lineno="11"><highlight class="normal"></highlight></codeline>
<codeline lineno="12"><highlight class="normal"></highlight><highlight class="keyword">struct<sp/></highlight><highlight class="normal">GridSearchParameters</highlight></codeline>
<codeline lineno="13"><highlight class="normal">{</highlight></codeline>
<codeline lineno="14"><highlight class="normal"><sp/><sp/><sp/><sp/>SDeviceModel*<sp/>device_model;</highlight></codeline>
<codeline lineno="15"><highlight class="normal"><sp/><sp/><sp/><sp/></highlight><highlight class="keyword">const</highlight><highlight class="normal"><sp/></highlight><highlight class="keywordtype">size_t</highlight><highlight class="normal"><sp/>n_total_particles;</highlight></codeline>
<codeline lineno="16"><highlight class="normal"><sp/><sp/><sp/><sp/></highlight><highlight class="keyword">const</highlight><highlight class="normal"><sp/></highlight><highlight class="keywordtype">size_t</highlight><highlight class="normal">*<sp/>grid_starting_index;</highlight></codeline>
<codeline lineno="17"><highlight class="normal"><sp/><sp/><sp/><sp/></highlight><highlight class="keyword">const</highlight><highlight class="normal"><sp/></highlight><highlight class="keywordtype">size_t</highlight><highlight class="normal">*<sp/>grid_to_morton;</highlight></codeline>
<codeline lineno="18"><highlight class="normal"><sp/><sp/><sp/><sp/></highlight><highlight class="keyword">const</highlight><highlight class="normal"><sp/></highlight><highlight class="keywordtype">double</highlight><highlight class="normal"><sp/>cell_size;</highlight></codeline>
<codeline lineno="19"><highlight class="normal"><sp/><sp/><sp/><sp/></highlight><highlight class="keyword">const</highlight><highlight class="normal"><sp/></highlight><highlight class="keywordtype">double</highlight><highlight class="normal"><sp/>max_search_radius;</highlight></codeline>
<codeline lineno="20"><highlight class="normal"><sp/><sp/><sp/><sp/></highlight><highlight class="keyword">const</highlight><highlight class="normal"><sp/>longlong3<sp/>grid_size;</highlight></codeline>
<codeline lineno="21"><highlight class="normal"><sp/><sp/><sp/><sp/></highlight><highlight class="keyword">const</highlight><highlight class="normal"><sp/>double3<sp/>grid_start;</highlight></codeline>
<codeline lineno="22"><highlight class="normal"><sp/><sp/><sp/><sp/></highlight><highlight class="keyword">const</highlight><highlight class="normal"><sp/></highlight><highlight class="keywordtype">int</highlight><highlight class="normal"><sp/>device_id;</highlight></codeline>
<codeline lineno="23"><highlight class="normal"><sp/><sp/><sp/><sp/></highlight><highlight class="keywordtype">size_t</highlight><highlight class="normal">*<sp/>n_vicinities;</highlight></codeline>
<codeline lineno="24"><highlight class="normal">};</highlight></codeline>
<codeline lineno="25"><highlight class="normal"></highlight></codeline>
<codeline lineno="26"><highlight class="normal"></highlight><highlight class="preprocessor">#define<sp/>INVALID_GRID_CELL<sp/>ULLONG_MAX</highlight><highlight class="normal"></highlight></codeline>
<codeline lineno="27"><highlight class="normal"></highlight><highlight class="preprocessor">#define<sp/>INVALID_ENTITY_ID<sp/>ULLONG_MAX</highlight><highlight class="normal"></highlight></codeline>
<codeline lineno="28"><highlight class="normal"></highlight></codeline>
<codeline lineno="29"><highlight class="normal"></highlight><highlight class="preprocessor">#ifdef<sp/>__linux__</highlight><highlight class="normal"></highlight></codeline>
<codeline lineno="30"><highlight class="normal"></highlight><highlight class="preprocessor"><sp/><sp/><sp/><sp/>#define<sp/>__stdcall</highlight><highlight class="normal"></highlight></codeline>
<codeline lineno="31"><highlight class="normal"></highlight><highlight class="preprocessor">#endif</highlight><highlight class="normal"></highlight></codeline>
<codeline lineno="32"><highlight class="normal"></highlight></codeline>
<codeline lineno="33"><highlight class="normal"></highlight><highlight class="preprocessor">#define<sp/>OMP_COMPUTE_VICINITY_PP<sp/>&quot;compute_vicinity_particles&quot;</highlight><highlight class="normal"></highlight></codeline>
<codeline lineno="34"><highlight class="normal"></highlight><highlight class="preprocessor">#define<sp/>OMP_COMPUTE_VICINITY_PT<sp/>&quot;compute_vicinity_triangles&quot;</highlight><highlight class="normal"></highlight></codeline>
<codeline lineno="35"><highlight class="normal"></highlight><highlight class="preprocessor">#define<sp/>CUDA_COMPUTE_VICINITY_PP<sp/>&quot;cuda_compute_vicinity_particles_kernel&quot;</highlight><highlight class="normal"></highlight></codeline>
<codeline lineno="36"><highlight class="normal"></highlight><highlight class="preprocessor">#define<sp/>CUDA_COMPUTE_VICINITY_PT<sp/>&quot;cuda_compute_vicinity_triangles_kernel&quot;</highlight><highlight class="normal"></highlight></codeline>
<codeline lineno="37"><highlight class="normal"></highlight><highlight class="preprocessor">#define<sp/>COMPUTE_VICINITY_DISTANCE<sp/>&quot;compute_vicinity_distance&quot;</highlight><highlight class="normal"></highlight></codeline>
<codeline lineno="38"><highlight class="normal"></highlight></codeline>
<codeline lineno="39"><highlight class="normal"></highlight><highlight class="keyword">typedef</highlight><highlight class="normal"><sp/>double(__stdcall*<sp/>vicinity_distance_f_type)(<ref refid="structIRockyModel" kindref="compound">IRockyModel</ref>&amp;,<sp/></highlight><highlight class="keywordtype">void</highlight><highlight class="normal">*);</highlight></codeline>
<codeline lineno="40"><highlight class="normal"></highlight></codeline>
<codeline lineno="41"><highlight class="normal"></highlight><highlight class="keyword">typedef</highlight><highlight class="normal"><sp/>void(__stdcall*<sp/>vicinity_f_type)(</highlight></codeline>
<codeline lineno="42"><highlight class="normal"><sp/><sp/><sp/><sp/><ref refid="structIRockyDeviceModel" kindref="compound">IRockyDeviceModel</ref>&amp;<sp/>model,<sp/><ref refid="structIRockyVicinityPair" kindref="compound">IRockyVicinityPair</ref>&amp;<sp/>vicinity,<sp/></highlight><highlight class="keywordtype">void</highlight><highlight class="normal">*<sp/>data);</highlight></codeline>
<codeline lineno="43"><highlight class="normal"></highlight></codeline>
<codeline lineno="44"><highlight class="normal"></highlight><highlight class="keyword">typedef</highlight><highlight class="normal"><sp/>void(__stdcall*<sp/>cuda_vicinity_kernel_f_type)(</highlight></codeline>
<codeline lineno="45"><highlight class="normal"><sp/><sp/><sp/><sp/>GridSearchParameters<sp/>params,<sp/></highlight><highlight class="keywordtype">double</highlight><highlight class="normal"><sp/>current_time,<sp/></highlight><highlight class="keywordtype">void</highlight><highlight class="normal">*<sp/>data);</highlight></codeline>
<codeline lineno="46"><highlight class="normal"></highlight></codeline>
<codeline lineno="47"><highlight class="normal"></highlight><highlight class="preprocessor">#define<sp/>ROCKY_PLUGIN_COMPUTE_VICINITY_DISTANCE(model,<sp/>data)<sp/><sp/><sp/><sp/><sp/><sp/><sp/><sp/><sp/><sp/><sp/><sp/><sp/><sp/><sp/><sp/><sp/><sp/><sp/><sp/><sp/><sp/><sp/><sp/><sp/><sp/><sp/><sp/><sp/><sp/><sp/><sp/><sp/><sp/><sp/><sp/><sp/>\</highlight></codeline>
<codeline lineno="48"><highlight class="preprocessor"><sp/><sp/><sp/><sp/>extern<sp/>&quot;C&quot;<sp/>ROCKYAPI_EXPORT<sp/>double<sp/>compute_vicinity_distance(IRockyModel&amp;<sp/>model,<sp/>void*<sp/>data)<sp/>\</highlight></codeline>
<codeline lineno="49"><highlight class="preprocessor"><sp/><sp/><sp/><sp/>{</highlight><highlight class="normal"></highlight></codeline>
<codeline lineno="50"><highlight class="normal"></highlight></codeline>
<codeline lineno="51"><highlight class="normal"></highlight><highlight class="preprocessor">#define<sp/>ROCKY_PLUGIN_COMPUTE_VICINITY_DISTANCE_END()<sp/>}</highlight><highlight class="normal"></highlight></codeline>
<codeline lineno="52"><highlight class="normal"></highlight></codeline>
<codeline lineno="53"><highlight class="normal"></highlight><highlight class="preprocessor">#define<sp/>ROCKY_PLUGIN_PRE_FORCE_ON_PARTICLE_VICINITY_PAIR(device_model,<sp/>vicinity_pair,<sp/>data)<sp/>\</highlight></codeline>
<codeline lineno="54"><highlight class="preprocessor"><sp/><sp/><sp/><sp/>extern<sp/>&quot;C&quot;<sp/>ROCKYAPI_EXPORT<sp/>ROCKY_FUNCTIONS<sp/>void<sp/>compute_vicinity_particles(<sp/><sp/><sp/><sp/><sp/><sp/><sp/><sp/><sp/><sp/><sp/><sp/><sp/>\</highlight></codeline>
<codeline lineno="55"><highlight class="preprocessor"><sp/><sp/><sp/><sp/><sp/><sp/><sp/><sp/>IRockyDeviceModel&amp;<sp/>device_model,<sp/>IRockyVicinityPair&amp;<sp/>vicinity_pair,<sp/>void*<sp/>data)<sp/><sp/><sp/><sp/><sp/>\</highlight></codeline>
<codeline lineno="56"><highlight class="preprocessor"><sp/><sp/><sp/><sp/>{</highlight><highlight class="normal"></highlight></codeline>
<codeline lineno="57"><highlight class="normal"></highlight><highlight class="preprocessor">#define<sp/>ROCKY_PLUGIN_PRE_FORCE_ON_TRIANGLE_VICINITY_PAIR(device_model,<sp/>vicinity_pair,<sp/>data)<sp/>\</highlight></codeline>
<codeline lineno="58"><highlight class="preprocessor"><sp/><sp/><sp/><sp/>extern<sp/>&quot;C&quot;<sp/>ROCKYAPI_EXPORT<sp/>ROCKY_FUNCTIONS<sp/>void<sp/>compute_vicinity_triangles(<sp/><sp/><sp/><sp/><sp/><sp/><sp/><sp/><sp/><sp/><sp/><sp/><sp/>\</highlight></codeline>
<codeline lineno="59"><highlight class="preprocessor"><sp/><sp/><sp/><sp/><sp/><sp/><sp/><sp/>IRockyDeviceModel&amp;<sp/>device_model,<sp/>IRockyVicinityPair&amp;<sp/>vicinity_pair,<sp/>void*<sp/>data)<sp/><sp/><sp/><sp/><sp/>\</highlight></codeline>
<codeline lineno="60"><highlight class="preprocessor"><sp/><sp/><sp/><sp/>{</highlight><highlight class="normal"></highlight></codeline>
<codeline lineno="61"><highlight class="normal"></highlight><highlight class="preprocessor">#ifndef<sp/>ROCKY_CUDA_API</highlight><highlight class="normal"></highlight></codeline>
<codeline lineno="62"><highlight class="normal"></highlight><highlight class="preprocessor"><sp/><sp/><sp/><sp/>#define<sp/>ROCKY_PLUGIN_PRE_FORCE_ON_PARTICLE_VICINITY_PAIR_END()<sp/>}</highlight><highlight class="normal"></highlight></codeline>
<codeline lineno="63"><highlight class="normal"></highlight><highlight class="preprocessor"><sp/><sp/><sp/><sp/>#define<sp/>ROCKY_PLUGIN_PRE_FORCE_ON_TRIANGLE_VICINITY_PAIR_END()<sp/>}</highlight><highlight class="normal"></highlight></codeline>
<codeline lineno="64"><highlight class="normal"></highlight><highlight class="preprocessor">#else</highlight><highlight class="normal"></highlight></codeline>
<codeline lineno="65"><highlight class="normal"></highlight><highlight class="preprocessor"><sp/><sp/><sp/><sp/>#define<sp/>ROCKY_PLUGIN_DISPATCH_VICINITY_KERNEL(type,<sp/>n_home_elements)<sp/><sp/><sp/><sp/><sp/><sp/><sp/><sp/><sp/><sp/><sp/><sp/><sp/><sp/><sp/><sp/><sp/><sp/><sp/>\</highlight></codeline>
<codeline lineno="66"><highlight class="preprocessor"><sp/><sp/><sp/><sp/><sp/><sp/><sp/><sp/>struct<sp/>ComputeVicinityDispatcher_##type<sp/><sp/><sp/><sp/><sp/><sp/><sp/><sp/><sp/><sp/><sp/><sp/><sp/><sp/><sp/><sp/><sp/><sp/><sp/><sp/><sp/><sp/><sp/><sp/><sp/><sp/><sp/><sp/><sp/><sp/><sp/><sp/><sp/><sp/><sp/><sp/><sp/><sp/><sp/><sp/><sp/><sp/><sp/><sp/>\</highlight></codeline>
<codeline lineno="67"><highlight class="preprocessor"><sp/><sp/><sp/><sp/><sp/><sp/><sp/><sp/>{<sp/><sp/><sp/><sp/><sp/><sp/><sp/><sp/><sp/><sp/><sp/><sp/><sp/><sp/><sp/><sp/><sp/><sp/><sp/><sp/><sp/><sp/><sp/><sp/><sp/><sp/><sp/><sp/><sp/><sp/><sp/><sp/><sp/><sp/><sp/><sp/><sp/><sp/><sp/><sp/><sp/><sp/><sp/><sp/><sp/><sp/><sp/><sp/><sp/><sp/><sp/><sp/><sp/><sp/><sp/><sp/><sp/><sp/><sp/><sp/><sp/><sp/><sp/><sp/><sp/><sp/><sp/><sp/><sp/><sp/><sp/><sp/><sp/><sp/><sp/><sp/><sp/><sp/><sp/><sp/><sp/><sp/>\</highlight></codeline>
<codeline lineno="68"><highlight class="preprocessor"><sp/><sp/><sp/><sp/><sp/><sp/><sp/><sp/><sp/><sp/><sp/><sp/>__forceinline__<sp/>__device__<sp/>void<sp/>operator()(<sp/><sp/><sp/><sp/><sp/><sp/><sp/><sp/><sp/><sp/><sp/><sp/><sp/><sp/><sp/><sp/><sp/><sp/><sp/><sp/><sp/><sp/><sp/><sp/><sp/><sp/><sp/><sp/><sp/><sp/><sp/><sp/><sp/><sp/><sp/><sp/>\</highlight></codeline>
<codeline lineno="69"><highlight class="preprocessor"><sp/><sp/><sp/><sp/><sp/><sp/><sp/><sp/><sp/><sp/><sp/><sp/><sp/><sp/><sp/><sp/>IRockyDeviceModel&amp;<sp/>device_model,<sp/><sp/><sp/><sp/><sp/><sp/><sp/><sp/><sp/><sp/><sp/><sp/><sp/><sp/><sp/><sp/><sp/><sp/><sp/><sp/><sp/><sp/><sp/><sp/><sp/><sp/><sp/><sp/><sp/><sp/><sp/><sp/><sp/><sp/><sp/><sp/><sp/><sp/><sp/><sp/><sp/><sp/><sp/>\</highlight></codeline>
<codeline lineno="70"><highlight class="preprocessor"><sp/><sp/><sp/><sp/><sp/><sp/><sp/><sp/><sp/><sp/><sp/><sp/><sp/><sp/><sp/><sp/>IRockyVicinityPair&amp;<sp/>vicinity_pair,<sp/><sp/><sp/><sp/><sp/><sp/><sp/><sp/><sp/><sp/><sp/><sp/><sp/><sp/><sp/><sp/><sp/><sp/><sp/><sp/><sp/><sp/><sp/><sp/><sp/><sp/><sp/><sp/><sp/><sp/><sp/><sp/><sp/><sp/><sp/><sp/><sp/><sp/><sp/><sp/><sp/>\</highlight></codeline>
<codeline lineno="71"><highlight class="preprocessor"><sp/><sp/><sp/><sp/><sp/><sp/><sp/><sp/><sp/><sp/><sp/><sp/><sp/><sp/><sp/><sp/>void*<sp/>data)<sp/>const<sp/><sp/><sp/><sp/><sp/><sp/><sp/><sp/><sp/><sp/><sp/><sp/><sp/><sp/><sp/><sp/><sp/><sp/><sp/><sp/><sp/><sp/><sp/><sp/><sp/><sp/><sp/><sp/><sp/><sp/><sp/><sp/><sp/><sp/><sp/><sp/><sp/><sp/><sp/><sp/><sp/><sp/><sp/><sp/><sp/><sp/><sp/><sp/><sp/><sp/><sp/><sp/><sp/><sp/><sp/><sp/><sp/><sp/>\</highlight></codeline>
<codeline lineno="72"><highlight class="preprocessor"><sp/><sp/><sp/><sp/><sp/><sp/><sp/><sp/><sp/><sp/><sp/><sp/>{<sp/><sp/><sp/><sp/><sp/><sp/><sp/><sp/><sp/><sp/><sp/><sp/><sp/><sp/><sp/><sp/><sp/><sp/><sp/><sp/><sp/><sp/><sp/><sp/><sp/><sp/><sp/><sp/><sp/><sp/><sp/><sp/><sp/><sp/><sp/><sp/><sp/><sp/><sp/><sp/><sp/><sp/><sp/><sp/><sp/><sp/><sp/><sp/><sp/><sp/><sp/><sp/><sp/><sp/><sp/><sp/><sp/><sp/><sp/><sp/><sp/><sp/><sp/><sp/><sp/><sp/><sp/><sp/><sp/><sp/><sp/><sp/><sp/><sp/><sp/><sp/><sp/><sp/>\</highlight></codeline>
<codeline lineno="73"><highlight class="preprocessor"><sp/><sp/><sp/><sp/><sp/><sp/><sp/><sp/><sp/><sp/><sp/><sp/><sp/><sp/><sp/><sp/>compute_vicinity_##type(device_model,<sp/>vicinity_pair,<sp/>data);<sp/><sp/><sp/><sp/><sp/><sp/><sp/><sp/><sp/><sp/><sp/><sp/><sp/><sp/><sp/><sp/>\</highlight></codeline>
<codeline lineno="74"><highlight class="preprocessor"><sp/><sp/><sp/><sp/><sp/><sp/><sp/><sp/><sp/><sp/><sp/><sp/>}<sp/><sp/><sp/><sp/><sp/><sp/><sp/><sp/><sp/><sp/><sp/><sp/><sp/><sp/><sp/><sp/><sp/><sp/><sp/><sp/><sp/><sp/><sp/><sp/><sp/><sp/><sp/><sp/><sp/><sp/><sp/><sp/><sp/><sp/><sp/><sp/><sp/><sp/><sp/><sp/><sp/><sp/><sp/><sp/><sp/><sp/><sp/><sp/><sp/><sp/><sp/><sp/><sp/><sp/><sp/><sp/><sp/><sp/><sp/><sp/><sp/><sp/><sp/><sp/><sp/><sp/><sp/><sp/><sp/><sp/><sp/><sp/><sp/><sp/><sp/><sp/><sp/><sp/>\</highlight></codeline>
<codeline lineno="75"><highlight class="preprocessor"><sp/><sp/><sp/><sp/><sp/><sp/><sp/><sp/>};<sp/><sp/><sp/><sp/><sp/><sp/><sp/><sp/><sp/><sp/><sp/><sp/><sp/><sp/><sp/><sp/><sp/><sp/><sp/><sp/><sp/><sp/><sp/><sp/><sp/><sp/><sp/><sp/><sp/><sp/><sp/><sp/><sp/><sp/><sp/><sp/><sp/><sp/><sp/><sp/><sp/><sp/><sp/><sp/><sp/><sp/><sp/><sp/><sp/><sp/><sp/><sp/><sp/><sp/><sp/><sp/><sp/><sp/><sp/><sp/><sp/><sp/><sp/><sp/><sp/><sp/><sp/><sp/><sp/><sp/><sp/><sp/><sp/><sp/><sp/><sp/><sp/><sp/><sp/><sp/><sp/>\</highlight></codeline>
<codeline lineno="76"><highlight class="preprocessor"><sp/><sp/><sp/><sp/><sp/><sp/><sp/><sp/><sp/><sp/><sp/><sp/><sp/><sp/><sp/><sp/><sp/><sp/><sp/><sp/><sp/><sp/><sp/><sp/><sp/><sp/><sp/><sp/><sp/><sp/><sp/><sp/><sp/><sp/><sp/><sp/><sp/><sp/><sp/><sp/><sp/><sp/><sp/><sp/><sp/><sp/><sp/><sp/><sp/><sp/><sp/><sp/><sp/><sp/><sp/><sp/><sp/><sp/><sp/><sp/><sp/><sp/><sp/><sp/><sp/><sp/><sp/><sp/><sp/><sp/><sp/><sp/><sp/><sp/><sp/><sp/><sp/><sp/><sp/><sp/><sp/><sp/><sp/><sp/><sp/><sp/><sp/><sp/><sp/><sp/><sp/>\</highlight></codeline>
<codeline lineno="77"><highlight class="preprocessor"><sp/><sp/><sp/><sp/><sp/><sp/><sp/><sp/>extern<sp/>&quot;C&quot;<sp/>ROCKYAPI_EXPORT<sp/>void<sp/>cuda_compute_vicinity_##type##_kernel(<sp/><sp/><sp/><sp/><sp/><sp/><sp/><sp/><sp/><sp/><sp/><sp/><sp/>\</highlight></codeline>
<codeline lineno="78"><highlight class="preprocessor"><sp/><sp/><sp/><sp/><sp/><sp/><sp/><sp/><sp/><sp/><sp/><sp/>GridSearchParameters<sp/>params,<sp/>double<sp/>current_time,<sp/>void*<sp/>user_data)<sp/><sp/><sp/><sp/><sp/><sp/><sp/><sp/><sp/><sp/><sp/><sp/><sp/>\</highlight></codeline>
<codeline lineno="79"><highlight class="preprocessor"><sp/><sp/><sp/><sp/><sp/><sp/><sp/><sp/>{<sp/><sp/><sp/><sp/><sp/><sp/><sp/><sp/><sp/><sp/><sp/><sp/><sp/><sp/><sp/><sp/><sp/><sp/><sp/><sp/><sp/><sp/><sp/><sp/><sp/><sp/><sp/><sp/><sp/><sp/><sp/><sp/><sp/><sp/><sp/><sp/><sp/><sp/><sp/><sp/><sp/><sp/><sp/><sp/><sp/><sp/><sp/><sp/><sp/><sp/><sp/><sp/><sp/><sp/><sp/><sp/><sp/><sp/><sp/><sp/><sp/><sp/><sp/><sp/><sp/><sp/><sp/><sp/><sp/><sp/><sp/><sp/><sp/><sp/><sp/><sp/><sp/><sp/><sp/><sp/><sp/><sp/>\</highlight></codeline>
<codeline lineno="80"><highlight class="preprocessor"><sp/><sp/><sp/><sp/><sp/><sp/><sp/><sp/><sp/><sp/><sp/><sp/>ComputeVicinityDispatcher_##type<sp/>dispatcher<sp/>{};<sp/><sp/><sp/><sp/><sp/><sp/><sp/><sp/><sp/><sp/><sp/><sp/><sp/><sp/><sp/><sp/><sp/><sp/><sp/><sp/><sp/><sp/><sp/><sp/><sp/><sp/><sp/><sp/><sp/><sp/><sp/><sp/>\</highlight></codeline>
<codeline lineno="81"><highlight class="preprocessor"><sp/><sp/><sp/><sp/><sp/><sp/><sp/><sp/><sp/><sp/><sp/><sp/>const<sp/>int<sp/>n_blocks<sp/>=<sp/>std::ceil(double(n_home_elements)<sp/>/<sp/>double(CD_NTHREADS));<sp/>\</highlight></codeline>
<codeline lineno="82"><highlight class="preprocessor"><sp/><sp/><sp/><sp/><sp/><sp/><sp/><sp/><sp/><sp/><sp/><sp/>dispatch_travel_vicinities_##type&lt;CudaBackend&gt;<sp/><sp/><sp/><sp/><sp/><sp/><sp/><sp/><sp/><sp/><sp/><sp/><sp/><sp/><sp/><sp/><sp/><sp/><sp/><sp/><sp/><sp/><sp/><sp/><sp/><sp/><sp/><sp/><sp/><sp/><sp/><sp/><sp/>\</highlight></codeline>
<codeline lineno="83"><highlight class="preprocessor"><sp/><sp/><sp/><sp/><sp/><sp/><sp/><sp/><sp/><sp/><sp/><sp/><sp/><sp/><sp/><sp/>&lt;&lt;&lt;n_blocks,<sp/>CD_NTHREADS&gt;&gt;&gt;(dispatcher,<sp/>params,<sp/>current_time,<sp/>user_data);<sp/><sp/>\</highlight></codeline>
<codeline lineno="84"><highlight class="preprocessor"><sp/><sp/><sp/><sp/><sp/><sp/><sp/><sp/>}</highlight><highlight class="normal"></highlight></codeline>
<codeline lineno="85"><highlight class="normal"></highlight></codeline>
<codeline lineno="86"><highlight class="normal"></highlight><highlight class="preprocessor"><sp/><sp/><sp/><sp/>#define<sp/>ROCKY_PLUGIN_PRE_FORCE_ON_PARTICLE_VICINITY_PAIR_END()<sp/>\</highlight></codeline>
<codeline lineno="87"><highlight class="preprocessor"><sp/><sp/><sp/><sp/><sp/><sp/><sp/><sp/>}<sp/><sp/><sp/><sp/><sp/><sp/><sp/><sp/><sp/><sp/><sp/><sp/><sp/><sp/><sp/><sp/><sp/><sp/><sp/><sp/><sp/><sp/><sp/><sp/><sp/><sp/><sp/><sp/><sp/><sp/><sp/><sp/><sp/><sp/><sp/><sp/><sp/><sp/><sp/><sp/><sp/><sp/><sp/><sp/><sp/><sp/><sp/><sp/><sp/><sp/><sp/><sp/><sp/><sp/><sp/><sp/><sp/><sp/>\</highlight></codeline>
<codeline lineno="88"><highlight class="preprocessor"><sp/><sp/><sp/><sp/><sp/><sp/><sp/><sp/>ROCKY_PLUGIN_DISPATCH_VICINITY_KERNEL(particles,<sp/>params.n_total_particles)</highlight><highlight class="normal"></highlight></codeline>
<codeline lineno="89"><highlight class="normal"></highlight></codeline>
<codeline lineno="90"><highlight class="normal"></highlight><highlight class="preprocessor"><sp/><sp/><sp/><sp/>#define<sp/>ROCKY_PLUGIN_PRE_FORCE_ON_TRIANGLE_VICINITY_PAIR_END()<sp/>\</highlight></codeline>
<codeline lineno="91"><highlight class="preprocessor"><sp/><sp/><sp/><sp/><sp/><sp/><sp/><sp/>}<sp/><sp/><sp/><sp/><sp/><sp/><sp/><sp/><sp/><sp/><sp/><sp/><sp/><sp/><sp/><sp/><sp/><sp/><sp/><sp/><sp/><sp/><sp/><sp/><sp/><sp/><sp/><sp/><sp/><sp/><sp/><sp/><sp/><sp/><sp/><sp/><sp/><sp/><sp/><sp/><sp/><sp/><sp/><sp/><sp/><sp/><sp/><sp/><sp/><sp/><sp/><sp/><sp/><sp/><sp/><sp/><sp/><sp/>\</highlight></codeline>
<codeline lineno="92"><highlight class="preprocessor"><sp/><sp/><sp/><sp/><sp/><sp/><sp/><sp/>ROCKY_PLUGIN_DISPATCH_VICINITY_KERNEL(triangles,<sp/>CD_NBLOCKS<sp/>*<sp/>CD_NTHREADS)</highlight><highlight class="normal"></highlight></codeline>
<codeline lineno="93"><highlight class="normal"></highlight><highlight class="preprocessor">#endif</highlight></codeline>
    </programlisting>
    <location file="source/c++/rocky20/api/rocky_api_vicinity_functions.h"/>
  </compounddef>
</doxygen>
