<?xml version='1.0' encoding='UTF-8' standalone='no'?>
<doxygen xmlns:xsi="http://www.w3.org/2001/XMLSchema-instance" xsi:noNamespaceSchemaLocation="compound.xsd" version="1.10.0" xml:lang="en-US">
  <compounddef id="rocky__cfd__model_8h" kind="file" language="C++">
    <compoundname>rocky_cfd_model.h</compoundname>
    <includes local="yes">rocky20/model/cfd_data.h</includes>
    <includedby refid="rocky__api__cfd_8h" local="yes">source/c++/rocky20/api/rocky_api_cfd.h</includedby>
    <includedby refid="rocky__cfd__model_8cpp" local="yes">source/c++/rocky20/api/rocky_cfd_model.cpp</includedby>
    <incdepgraph>
      <node id="1">
        <label>source/c++/rocky20/api/rocky_cfd_model.h</label>
        <link refid="rocky__cfd__model_8h"/>
        <childnode refid="2" relation="include">
        </childnode>
      </node>
      <node id="2">
        <label>rocky20/model/cfd_data.h</label>
      </node>
    </incdepgraph>
    <invincdepgraph>
      <node id="2">
        <label>source/c++/rocky20/api/rocky_api_cfd.h</label>
        <link refid="rocky__api__cfd_8h_source"/>
      </node>
      <node id="1">
        <label>source/c++/rocky20/api/rocky_cfd_model.h</label>
        <link refid="rocky__cfd__model_8h"/>
        <childnode refid="2" relation="include">
        </childnode>
      </node>
    </invincdepgraph>
    <innerclass refid="structIRockyCFDModel" prot="public">IRockyCFDModel</innerclass>
    <briefdescription>
    </briefdescription>
    <detaileddescription>
    </detaileddescription>
    <programlisting>
<codeline lineno="1"><highlight class="comment">//<sp/>(C)<sp/>2024<sp/>ANSYS,<sp/>Inc.<sp/>Unauthorized<sp/>use,<sp/>distribution,<sp/>or<sp/>duplication<sp/>is<sp/>prohibited.</highlight><highlight class="normal"></highlight></codeline>
<codeline lineno="2"><highlight class="normal"></highlight><highlight class="preprocessor">#pragma<sp/>once</highlight><highlight class="normal"></highlight></codeline>
<codeline lineno="3"><highlight class="normal"></highlight></codeline>
<codeline lineno="4"><highlight class="normal"></highlight><highlight class="preprocessor">#include<sp/>&quot;rocky20/model/cfd_data.h&quot;</highlight><highlight class="normal"></highlight></codeline>
<codeline lineno="5"><highlight class="normal"></highlight></codeline>
<codeline lineno="6"><highlight class="normal"></highlight><highlight class="keyword">class<sp/></highlight><highlight class="normal">cuda_host;</highlight></codeline>
<codeline lineno="7"><highlight class="normal"></highlight><highlight class="keyword">typedef</highlight><highlight class="normal"><sp/>cuda_host<sp/>RockyModel;</highlight></codeline>
<codeline lineno="8"><highlight class="normal"></highlight><highlight class="keyword">struct<sp/></highlight><highlight class="normal"><ref refid="structIRockyFluidScalarsModel" kindref="compound">IRockyFluidScalarsModel</ref>;</highlight></codeline>
<codeline lineno="9"><highlight class="normal"></highlight></codeline>
<codeline lineno="15" refid="structIRockyCFDModel" refkind="compound"><highlight class="normal"></highlight><highlight class="keyword">struct<sp/></highlight><highlight class="normal"><ref refid="structIRockyCFDModel" kindref="compound">IRockyCFDModel</ref></highlight></codeline>
<codeline lineno="16"><highlight class="normal">{</highlight></codeline>
<codeline lineno="22"><highlight class="normal"><sp/><sp/><sp/><sp/><ref refid="structIRockyFluidScalarsModel" kindref="compound">IRockyFluidScalarsModel</ref><sp/><ref refid="structIRockyCFDModel_1a001b18af80c99c01ce4baa357bac4977" kindref="member">get_fluid_scalars</ref>()<sp/></highlight><highlight class="keyword">const</highlight><highlight class="normal">;</highlight></codeline>
<codeline lineno="23"><highlight class="normal"></highlight></codeline>
<codeline lineno="33"><highlight class="normal"><sp/><sp/><sp/><sp/>ECFDCouplingMode<sp/><ref refid="structIRockyCFDModel_1a121e67b3f5efdd1783a32a7fa642080c" kindref="member">get_coupling_mode</ref>()<sp/></highlight><highlight class="keyword">const</highlight><highlight class="normal">;</highlight></codeline>
<codeline lineno="34"><highlight class="normal"></highlight></codeline>
<codeline lineno="41"><highlight class="normal"><sp/><sp/><sp/><sp/></highlight><highlight class="keywordtype">bool</highlight><highlight class="normal"><sp/><ref refid="structIRockyCFDModel_1a733281fb5b40b3cfbf10c29869208343" kindref="member">is_cfd_coupling_iteration</ref>()<sp/></highlight><highlight class="keyword">const</highlight><highlight class="normal">;</highlight></codeline>
<codeline lineno="42"><highlight class="normal"></highlight></codeline>
<codeline lineno="46"><highlight class="normal"><sp/><sp/><sp/><sp/></highlight><highlight class="keywordtype">bool</highlight><highlight class="normal"><sp/><ref refid="structIRockyCFDModel_1a0eaf07fa0aa63473b83a633dad1e8f25" kindref="member">is_single_phase</ref>()<sp/></highlight><highlight class="keyword">const</highlight><highlight class="normal">;</highlight></codeline>
<codeline lineno="50"><highlight class="normal"><sp/><sp/><sp/><sp/></highlight><highlight class="keywordtype">bool</highlight><highlight class="normal"><sp/><ref refid="structIRockyCFDModel_1a4ac3f8164add3366c5f08f4f819a79fd" kindref="member">has_species</ref>()<sp/></highlight><highlight class="keyword">const</highlight><highlight class="normal">;</highlight></codeline>
<codeline lineno="51"><highlight class="normal"></highlight></codeline>
<codeline lineno="56"><highlight class="normal"><sp/><sp/><sp/><sp/>std::vector&lt;std::string&gt;<sp/><ref refid="structIRockyCFDModel_1a6bc367fb97d56786d71d89351957a2a1" kindref="member">get_phase_names</ref>();</highlight></codeline>
<codeline lineno="57"><highlight class="normal"></highlight></codeline>
<codeline lineno="62"><highlight class="normal"><sp/><sp/><sp/><sp/>std::string<sp/><ref refid="structIRockyCFDModel_1a83c9a597793b791d1e42e0756ddddb06" kindref="member">get_primary_phase_name</ref>();</highlight></codeline>
<codeline lineno="63"><highlight class="normal"></highlight></codeline>
<codeline lineno="68"><highlight class="normal"><sp/><sp/><sp/><sp/>std::vector&lt;std::string&gt;<sp/><ref refid="structIRockyCFDModel_1aac7f217cdfc15f0dd301dfd99127a194" kindref="member">get_species_names</ref>();</highlight></codeline>
<codeline lineno="69"><highlight class="normal"></highlight></codeline>
<codeline lineno="71"><highlight class="normal"><sp/><sp/><sp/><sp/>RockyModel*<sp/>model;</highlight></codeline>
<codeline lineno="74"><highlight class="normal">};</highlight></codeline>
    </programlisting>
    <location file="source/c++/rocky20/api/rocky_cfd_model.h"/>
  </compounddef>
</doxygen>
