<?xml version='1.0' encoding='UTF-8' standalone='no'?>
<doxygen xmlns:xsi="http://www.w3.org/2001/XMLSchema-instance" xsi:noNamespaceSchemaLocation="compound.xsd" version="1.10.0" xml:lang="en-US">
  <compounddef id="rocky__contact__intermediate__data__api_8hpp" kind="file" language="C++">
    <compoundname>rocky_contact_intermediate_data_api.hpp</compoundname>
    <includes local="no">rocky20/model/contact_data.h</includes>
    <incdepgraph>
      <node id="1">
        <label>source/c++/rocky20/api/rocky_contact_intermediate_data_api.hpp</label>
        <link refid="rocky__contact__intermediate__data__api_8hpp"/>
        <childnode refid="2" relation="include">
        </childnode>
      </node>
      <node id="2">
        <label>rocky20/model/contact_data.h</label>
      </node>
    </incdepgraph>
    <innerclass refid="structIRockyContactIntermediateData" prot="public">IRockyContactIntermediateData</innerclass>
    <briefdescription>
    </briefdescription>
    <detaileddescription>
    </detaileddescription>
    <programlisting>
<codeline lineno="1"><highlight class="comment">//<sp/>(C)<sp/>2024<sp/>ANSYS,<sp/>Inc.<sp/>Unauthorized<sp/>use,<sp/>distribution,<sp/>or<sp/>duplication<sp/>is<sp/>prohibited.</highlight><highlight class="normal"></highlight></codeline>
<codeline lineno="2"><highlight class="normal"></highlight><highlight class="preprocessor">#pragma<sp/>once</highlight><highlight class="normal"></highlight></codeline>
<codeline lineno="3"><highlight class="normal"></highlight></codeline>
<codeline lineno="4"><highlight class="normal"></highlight><highlight class="comment">//<sp/>Includes<sp/>========================================================================================</highlight><highlight class="normal"></highlight></codeline>
<codeline lineno="5"><highlight class="normal"></highlight><highlight class="preprocessor">#include<sp/>&lt;rocky20/model/contact_data.h&gt;</highlight><highlight class="normal"></highlight></codeline>
<codeline lineno="6"><highlight class="normal"></highlight></codeline>
<codeline lineno="7"><highlight class="normal"></highlight><highlight class="comment">//<sp/>================================================================================================</highlight><highlight class="normal"></highlight></codeline>
<codeline lineno="8"><highlight class="normal"></highlight><highlight class="comment">//<sp/>IRockyContactIntermediateData</highlight><highlight class="normal"></highlight></codeline>
<codeline lineno="9"><highlight class="normal"></highlight><highlight class="comment">//<sp/>================================================================================================</highlight><highlight class="normal"></highlight></codeline>
<codeline lineno="10"><highlight class="normal"></highlight></codeline>
<codeline lineno="17" refid="structIRockyContactIntermediateData" refkind="compound"><highlight class="normal"></highlight><highlight class="keyword">struct<sp/></highlight><highlight class="normal"><ref refid="structIRockyContactIntermediateData" kindref="compound">IRockyContactIntermediateData</ref></highlight></codeline>
<codeline lineno="18"><highlight class="normal">{</highlight></codeline>
<codeline lineno="23"><highlight class="normal"><sp/><sp/><sp/><sp/>ROCKY_FUNCTIONS<sp/>double3<sp/><ref refid="structIRockyContactIntermediateData_1ae7271a8689305777b1f39beb47898553" kindref="member">get_home_centroid_to_contact_point_vector</ref>()<sp/></highlight><highlight class="keyword">const</highlight><highlight class="normal">;</highlight></codeline>
<codeline lineno="24"><highlight class="normal"></highlight></codeline>
<codeline lineno="29"><highlight class="normal"><sp/><sp/><sp/><sp/>ROCKY_FUNCTIONS<sp/>double3<sp/><ref refid="structIRockyContactIntermediateData_1a00c355cde831bad36cd029544a7bbb16" kindref="member">get_near_centroid_to_contact_point_vector</ref>()<sp/></highlight><highlight class="keyword">const</highlight><highlight class="normal">;</highlight></codeline>
<codeline lineno="30"><highlight class="normal"></highlight></codeline>
<codeline lineno="40"><highlight class="normal"><sp/><sp/><sp/><sp/>ROCKY_FUNCTIONS<sp/></highlight><highlight class="keywordtype">double</highlight><highlight class="normal"><sp/><ref refid="structIRockyContactIntermediateData_1a3efba296a1d32e115acbb7071cdbf775" kindref="member">get_friction_coefficient</ref>()<sp/></highlight><highlight class="keyword">const</highlight><highlight class="normal">;</highlight></codeline>
<codeline lineno="41"><highlight class="normal"></highlight></codeline>
<codeline lineno="44"><highlight class="normal"><sp/><sp/><sp/><sp/>cuda_contact_intermediate_data<sp/>_idata;</highlight></codeline>
<codeline lineno="45"><highlight class="normal"></highlight></codeline>
<codeline lineno="47"><highlight class="normal">};</highlight></codeline>
<codeline lineno="48"><highlight class="normal"></highlight></codeline>
<codeline lineno="49" refid="structIRockyContactIntermediateData_1ae7271a8689305777b1f39beb47898553" refkind="member"><highlight class="normal"></highlight><highlight class="keyword">inline</highlight><highlight class="normal"><sp/>ROCKY_FUNCTIONS<sp/>double3<sp/><ref refid="structIRockyContactIntermediateData_1ae7271a8689305777b1f39beb47898553" kindref="member">IRockyContactIntermediateData::get_home_centroid_to_contact_point_vector</ref>()</highlight><highlight class="keyword"><sp/>const</highlight></codeline>
<codeline lineno="50"><highlight class="keyword"></highlight><highlight class="normal">{</highlight></codeline>
<codeline lineno="51"><highlight class="normal"><sp/><sp/><sp/><sp/></highlight><highlight class="keywordflow">return</highlight><highlight class="normal"><sp/>this-&gt;_idata.home_arm;</highlight></codeline>
<codeline lineno="52"><highlight class="normal">}</highlight></codeline>
<codeline lineno="53"><highlight class="normal"></highlight></codeline>
<codeline lineno="54" refid="structIRockyContactIntermediateData_1a00c355cde831bad36cd029544a7bbb16" refkind="member"><highlight class="normal"></highlight><highlight class="keyword">inline</highlight><highlight class="normal"><sp/>ROCKY_FUNCTIONS<sp/>double3<sp/><ref refid="structIRockyContactIntermediateData_1a00c355cde831bad36cd029544a7bbb16" kindref="member">IRockyContactIntermediateData::get_near_centroid_to_contact_point_vector</ref>()</highlight><highlight class="keyword"><sp/>const</highlight></codeline>
<codeline lineno="55"><highlight class="keyword"></highlight><highlight class="normal">{</highlight></codeline>
<codeline lineno="56"><highlight class="normal"><sp/><sp/><sp/><sp/></highlight><highlight class="keywordflow">return</highlight><highlight class="normal"><sp/>this-&gt;_idata.near_arm;</highlight></codeline>
<codeline lineno="57"><highlight class="normal">}</highlight></codeline>
<codeline lineno="58"><highlight class="normal"></highlight></codeline>
<codeline lineno="59" refid="structIRockyContactIntermediateData_1a3efba296a1d32e115acbb7071cdbf775" refkind="member"><highlight class="normal"></highlight><highlight class="keyword">inline</highlight><highlight class="normal"><sp/>ROCKY_FUNCTIONS<sp/></highlight><highlight class="keywordtype">double</highlight><highlight class="normal"><sp/><ref refid="structIRockyContactIntermediateData_1a3efba296a1d32e115acbb7071cdbf775" kindref="member">IRockyContactIntermediateData::get_friction_coefficient</ref>()</highlight><highlight class="keyword"><sp/>const</highlight></codeline>
<codeline lineno="60"><highlight class="keyword"></highlight><highlight class="normal">{</highlight></codeline>
<codeline lineno="61"><highlight class="normal"><sp/><sp/><sp/><sp/></highlight><highlight class="keywordflow">return</highlight><highlight class="normal"><sp/>this-&gt;_idata.friction_coefficient;</highlight></codeline>
<codeline lineno="62"><highlight class="normal">}</highlight></codeline>
    </programlisting>
    <location file="source/c++/rocky20/api/rocky_contact_intermediate_data_api.hpp"/>
  </compounddef>
</doxygen>
