<?xml version='1.0' encoding='UTF-8' standalone='no'?>
<doxygen xmlns:xsi="http://www.w3.org/2001/XMLSchema-instance" xsi:noNamespaceSchemaLocation="compound.xsd" version="1.10.0" xml:lang="en-US">
  <compounddef id="rocky__boundary__scalars_8hpp" kind="file" language="C++">
    <compoundname>rocky_boundary_scalars.hpp</compoundname>
    <includes refid="rocky__scalars_8h" local="yes">rocky_scalars.h</includes>
    <includedby refid="rocky__api_8h" local="yes">source/c++/rocky20/api/rocky_api.h</includedby>
    <includedby refid="rocky__model_8hpp" local="no">source/c++/rocky20/api/rocky_model.hpp</includedby>
    <incdepgraph>
      <node id="4">
        <label>rocky20/api/device/api_backend.hpp</label>
        <link refid="api__backend_8hpp_source"/>
        <childnode refid="5" relation="include">
        </childnode>
        <childnode refid="6" relation="include">
        </childnode>
      </node>
      <node id="1">
        <label>source/c++/rocky20/api/rocky_boundary_scalars.hpp</label>
        <link refid="rocky__boundary__scalars_8hpp"/>
        <childnode refid="2" relation="include">
        </childnode>
      </node>
      <node id="2">
        <label>rocky_scalars.h</label>
        <link refid="rocky__scalars_8h_source"/>
        <childnode refid="3" relation="include">
        </childnode>
        <childnode refid="4" relation="include">
        </childnode>
        <childnode refid="7" relation="include">
        </childnode>
      </node>
      <node id="7">
        <label>rocky20/api/rocky_statistics_data.hpp</label>
        <link refid="rocky__statistics__data_8hpp_source"/>
        <childnode refid="8" relation="include">
        </childnode>
        <childnode refid="4" relation="include">
        </childnode>
      </node>
      <node id="5">
        <label>rocky20/cuda/cuda_basics.hpp</label>
      </node>
      <node id="6">
        <label>rocky20/device/omp_backend.hpp</label>
      </node>
      <node id="3">
        <label>rocky20/model/rocky_model.h</label>
      </node>
      <node id="8">
        <label>rocky20/model/statistics_data.hpp</label>
      </node>
    </incdepgraph>
    <invincdepgraph>
      <node id="3">
        <label>source/c++/rocky20/api/device/api_cuda.hpp</label>
        <link refid="api__cuda_8hpp_source"/>
        <childnode refid="4" relation="include">
        </childnode>
        <childnode refid="5" relation="include">
        </childnode>
        <childnode refid="6" relation="include">
        </childnode>
        <childnode refid="7" relation="include">
        </childnode>
        <childnode refid="8" relation="include">
        </childnode>
        <childnode refid="9" relation="include">
        </childnode>
      </node>
      <node id="4">
        <label>source/c++/rocky20/api/device/api_cuda_cfd_coupling.hpp</label>
        <link refid="api__cuda__cfd__coupling_8hpp_source"/>
      </node>
      <node id="5">
        <label>source/c++/rocky20/api/device/api_cuda_contacts.hpp</label>
        <link refid="api__cuda__contacts_8hpp_source"/>
      </node>
      <node id="6">
        <label>source/c++/rocky20/api/device/api_cuda_joints.hpp</label>
        <link refid="api__cuda__joints_8hpp_source"/>
      </node>
      <node id="7">
        <label>source/c++/rocky20/api/device/api_cuda_particles.hpp</label>
        <link refid="api__cuda__particles_8hpp_source"/>
      </node>
      <node id="8">
        <label>source/c++/rocky20/api/device/api_cuda_triangles.hpp</label>
        <link refid="api__cuda__triangles_8hpp_source"/>
      </node>
      <node id="16">
        <label>source/c++/rocky20/api/device/api_device_contacts.hpp</label>
        <link refid="api__device__contacts_8hpp_source"/>
        <childnode refid="5" relation="include">
        </childnode>
        <childnode refid="10" relation="include">
        </childnode>
        <childnode refid="2" relation="include">
        </childnode>
      </node>
      <node id="17">
        <label>source/c++/rocky20/api/device/api_device_particles.hpp</label>
        <link refid="api__device__particles_8hpp_source"/>
        <childnode refid="7" relation="include">
        </childnode>
        <childnode refid="18" relation="include">
        </childnode>
      </node>
      <node id="19">
        <label>source/c++/rocky20/api/device/api_device_triangles.hpp</label>
        <link refid="api__device__triangles_8hpp_source"/>
        <childnode refid="8" relation="include">
        </childnode>
        <childnode refid="20" relation="include">
        </childnode>
      </node>
      <node id="21">
        <label>source/c++/rocky20/api/device/api_device_vicinity.hpp</label>
        <link refid="api__device__vicinity_8hpp_source"/>
        <childnode refid="22" relation="include">
        </childnode>
      </node>
      <node id="10">
        <label>source/c++/rocky20/api/device/api_omp_contacts.hpp</label>
        <link refid="api__omp__contacts_8hpp_source"/>
        <childnode refid="2" relation="include">
        </childnode>
      </node>
      <node id="18">
        <label>source/c++/rocky20/api/device/api_omp_particles.hpp</label>
        <link refid="api__omp__particles_8hpp_source"/>
      </node>
      <node id="20">
        <label>source/c++/rocky20/api/device/api_omp_triangles.hpp</label>
        <link refid="api__omp__triangles_8hpp_source"/>
      </node>
      <node id="2">
        <label>source/c++/rocky20/api/rocky_api.h</label>
        <link refid="rocky__api_8h_source"/>
        <childnode refid="3" relation="include">
        </childnode>
        <childnode refid="5" relation="include">
        </childnode>
        <childnode refid="10" relation="include">
        </childnode>
        <childnode refid="11" relation="include">
        </childnode>
        <childnode refid="12" relation="include">
        </childnode>
        <childnode refid="13" relation="include">
        </childnode>
      </node>
      <node id="11">
        <label>source/c++/rocky20/api/rocky_api_cfd.h</label>
        <link refid="rocky__api__cfd_8h_source"/>
      </node>
      <node id="12">
        <label>source/c++/rocky20/api/rocky_api_sph.h</label>
        <link refid="rocky__api__sph_8h_source"/>
      </node>
      <node id="22">
        <label>source/c++/rocky20/api/rocky_api_vicinity.h</label>
        <link refid="rocky__api__vicinity_8h_source"/>
      </node>
      <node id="1">
        <label>source/c++/rocky20/api/rocky_boundary_scalars.hpp</label>
        <link refid="rocky__boundary__scalars_8hpp"/>
        <childnode refid="2" relation="include">
        </childnode>
        <childnode refid="14" relation="include">
        </childnode>
      </node>
      <node id="14">
        <label>source/c++/rocky20/api/rocky_model.hpp</label>
        <link refid="rocky__model_8hpp_source"/>
        <childnode refid="15" relation="include">
        </childnode>
      </node>
      <node id="15">
        <label>source/c++/rocky20/api/rocky_model_api.hpp</label>
        <link refid="rocky__model__api_8hpp_source"/>
        <childnode refid="16" relation="include">
        </childnode>
        <childnode refid="17" relation="include">
        </childnode>
        <childnode refid="19" relation="include">
        </childnode>
        <childnode refid="21" relation="include">
        </childnode>
        <childnode refid="2" relation="include">
        </childnode>
        <childnode refid="23" relation="include">
        </childnode>
      </node>
      <node id="9">
        <label>source/c++/rocky20/api/sph/api_cuda_sph.hpp</label>
        <link refid="api__cuda__sph_8hpp_source"/>
      </node>
      <node id="23">
        <label>source/c++/rocky20/api/sph/api_device_sph.hpp</label>
        <link refid="api__device__sph_8hpp_source"/>
        <childnode refid="9" relation="include">
        </childnode>
        <childnode refid="13" relation="include">
        </childnode>
      </node>
      <node id="13">
        <label>source/c++/rocky20/api/sph/api_omp_sph.hpp</label>
        <link refid="api__omp__sph_8hpp_source"/>
        <childnode refid="12" relation="include">
        </childnode>
      </node>
    </invincdepgraph>
    <innerclass refid="structIRockyGeometryScalarsModel" prot="public">IRockyGeometryScalarsModel</innerclass>
    <innerclass refid="structIRockyGeometryScalars" prot="public">IRockyGeometryScalars</innerclass>
    <briefdescription>
    </briefdescription>
    <detaileddescription>
    </detaileddescription>
    <programlisting>
<codeline lineno="1"><highlight class="comment">//<sp/>(C)<sp/>2024<sp/>ANSYS,<sp/>Inc.<sp/>Unauthorized<sp/>use,<sp/>distribution,<sp/>or<sp/>duplication<sp/>is<sp/>prohibited.</highlight><highlight class="normal"></highlight></codeline>
<codeline lineno="2"><highlight class="normal"></highlight><highlight class="preprocessor">#pragma<sp/>once</highlight><highlight class="normal"></highlight></codeline>
<codeline lineno="3"><highlight class="normal"></highlight></codeline>
<codeline lineno="4"><highlight class="normal"></highlight><highlight class="preprocessor">#include<sp/>&quot;rocky_scalars.h&quot;</highlight><highlight class="normal"></highlight></codeline>
<codeline lineno="5"><highlight class="normal"></highlight></codeline>
<codeline lineno="6"><highlight class="normal"></highlight></codeline>
<codeline lineno="7"><highlight class="normal"></highlight></codeline>
<codeline lineno="8"><highlight class="normal"></highlight><highlight class="comment">//<sp/>=================================================================================================</highlight><highlight class="normal"></highlight></codeline>
<codeline lineno="9"><highlight class="normal"></highlight><highlight class="comment">//<sp/>IRockyGeometryScalarsModel</highlight><highlight class="normal"></highlight></codeline>
<codeline lineno="10"><highlight class="normal"></highlight><highlight class="comment">//<sp/>=================================================================================================</highlight><highlight class="normal"></highlight></codeline>
<codeline lineno="11"><highlight class="normal"></highlight></codeline>
<codeline lineno="17" refid="structIRockyGeometryScalarsModel" refkind="compound"><highlight class="normal"></highlight><highlight class="keyword">struct<sp/></highlight><highlight class="normal"><ref refid="structIRockyGeometryScalarsModel" kindref="compound">IRockyGeometryScalarsModel</ref><sp/>:<sp/>ScalarsModel&lt;rocky20::BoundaryScalarsController&gt;</highlight></codeline>
<codeline lineno="18"><highlight class="normal">{</highlight></codeline>
<codeline lineno="21"><highlight class="normal"><sp/><sp/><sp/><sp/><ref refid="structIRockyGeometryScalarsModel" kindref="compound">IRockyGeometryScalarsModel</ref>(RockyModel*<sp/>solver_model)<sp/>:</highlight></codeline>
<codeline lineno="22"><highlight class="normal"><sp/><sp/><sp/><sp/><sp/><sp/><sp/><sp/>ScalarsModel&lt;rocky20::BoundaryScalarsController&gt;(solver_model-&gt;boundary_scalars_controller,</highlight></codeline>
<codeline lineno="23"><highlight class="normal"><sp/><sp/><sp/><sp/><sp/><sp/><sp/><sp/><sp/><sp/><sp/><sp/>solver_model-&gt;gpu_device_ids)<sp/></highlight></codeline>
<codeline lineno="24"><highlight class="normal"><sp/><sp/><sp/><sp/>{}</highlight></codeline>
<codeline lineno="25"><highlight class="normal"></highlight></codeline>
<codeline lineno="37"><highlight class="normal"><sp/><sp/><sp/><sp/><ref refid="structIRockyStatisticsAdder" kindref="compound">IRockyStatisticsAdder</ref>*<sp/><ref refid="structIRockyGeometryScalarsModel_1a1cc2456dbf51f7f97c9cfd4c08fd890b" kindref="member">get_statistics_adder_array</ref>(</highlight><highlight class="keywordtype">int</highlight><highlight class="normal"><sp/>scalar_index);</highlight></codeline>
<codeline lineno="38"><highlight class="normal"></highlight></codeline>
<codeline lineno="40"><highlight class="normal"><sp/><sp/><sp/><sp/>[[deprecated(</highlight><highlight class="stringliteral">&quot;IRockyStatisticsCounter<sp/>is<sp/>no<sp/>longer<sp/>needed<sp/>for<sp/>statistics&quot;</highlight><highlight class="normal">)]]</highlight></codeline>
<codeline lineno="41"><highlight class="normal"><sp/><sp/><sp/><sp/>IRockyStatisticsCounter*<sp/>get_statistics_counter_array(</highlight><highlight class="keywordtype">int</highlight><highlight class="normal"><sp/>scalar_index);</highlight></codeline>
<codeline lineno="53"><highlight class="normal"><sp/><sp/><sp/><sp/><ref refid="structIRockyStatisticsAccumulator" kindref="compound">IRockyStatisticsAccumulator</ref>*<sp/><ref refid="structIRockyGeometryScalarsModel_1af5e62356931688660f277719ca88ff2c" kindref="member">get_statistics_accumulator_array</ref>(</highlight><highlight class="keywordtype">int</highlight><highlight class="normal"><sp/>scalar_index);</highlight></codeline>
<codeline lineno="54"><highlight class="normal"></highlight></codeline>
<codeline lineno="55"><highlight class="normal"></highlight><highlight class="preprocessor">#ifdef<sp/>ONLY_FOR_DOXYGEN</highlight><highlight class="normal"></highlight></codeline>
<codeline lineno="56"><highlight class="normal"></highlight></codeline>
<codeline lineno="58" refid="structIRockyGeometryScalarsModel_1a8605e8eb24231ebdcbd9087602aa64fa" refkind="member"><highlight class="normal"><sp/><sp/><sp/><sp/></highlight><highlight class="keywordtype">int</highlight><highlight class="normal"><sp/><ref refid="structIRockyGeometryScalarsModel_1a8605e8eb24231ebdcbd9087602aa64fa" kindref="member">find</ref>(</highlight><highlight class="keyword">const</highlight><highlight class="normal"><sp/></highlight><highlight class="keywordtype">char</highlight><highlight class="normal">*<sp/>name);</highlight></codeline>
<codeline lineno="59"><highlight class="normal"></highlight></codeline>
<codeline lineno="61" refid="structIRockyGeometryScalarsModel_1ac5361e4dec1e3d63aa923b3576d8cb69" refkind="member"><highlight class="normal"><sp/><sp/><sp/><sp/></highlight><highlight class="keywordtype">int</highlight><highlight class="normal"><sp/><ref refid="structIRockyGeometryScalarsModel_1ac5361e4dec1e3d63aa923b3576d8cb69" kindref="member">add</ref>(</highlight><highlight class="keyword">const</highlight><highlight class="normal"><sp/></highlight><highlight class="keywordtype">char</highlight><highlight class="normal">*<sp/>name,<sp/></highlight><highlight class="keyword">const</highlight><highlight class="normal"><sp/></highlight><highlight class="keywordtype">char</highlight><highlight class="normal">*<sp/>unit,<sp/></highlight><highlight class="keywordtype">bool</highlight><highlight class="normal"><sp/>output<sp/>=<sp/></highlight><highlight class="keyword">true</highlight><highlight class="normal">);</highlight></codeline>
<codeline lineno="62"><highlight class="normal"></highlight></codeline>
<codeline lineno="64" refid="structIRockyGeometryScalarsModel_1a0c029b4e23f71891ed12a704f0f0cde4" refkind="member"><highlight class="normal"><sp/><sp/><sp/><sp/></highlight><highlight class="keywordtype">void</highlight><highlight class="normal"><sp/><ref refid="structIRockyGeometryScalarsModel_1a0c029b4e23f71891ed12a704f0f0cde4" kindref="member">reset</ref>(</highlight><highlight class="keywordtype">int</highlight><highlight class="normal"><sp/>scalar_index);</highlight></codeline>
<codeline lineno="65"><highlight class="normal"></highlight></codeline>
<codeline lineno="67" refid="structIRockyGeometryScalarsModel_1aa7148cfa90081ff19a8fda5e7e1cb379" refkind="member"><highlight class="normal"><sp/><sp/><sp/><sp/></highlight><highlight class="keywordtype">void</highlight><highlight class="normal"><sp/><ref refid="structIRockyGeometryScalarsModel_1aa7148cfa90081ff19a8fda5e7e1cb379" kindref="member">set_dimension</ref>(</highlight><highlight class="keywordtype">int</highlight><highlight class="normal"><sp/>scalar_index,<sp/></highlight><highlight class="keywordtype">double</highlight><highlight class="normal"><sp/>dimension_factor);</highlight></codeline>
<codeline lineno="68"><highlight class="normal"></highlight></codeline>
<codeline lineno="69"><highlight class="normal"></highlight><highlight class="preprocessor">#endif<sp/><sp/></highlight><highlight class="normal"></highlight></codeline>
<codeline lineno="70"><highlight class="normal">};</highlight></codeline>
<codeline lineno="71"><highlight class="normal"></highlight></codeline>
<codeline lineno="72" refid="structIRockyGeometryScalarsModel_1a1cc2456dbf51f7f97c9cfd4c08fd890b" refkind="member"><highlight class="normal"></highlight><highlight class="keyword">inline</highlight><highlight class="normal"><sp/><ref refid="structIRockyStatisticsAdder" kindref="compound">IRockyStatisticsAdder</ref>*<sp/><ref refid="structIRockyGeometryScalarsModel_1a1cc2456dbf51f7f97c9cfd4c08fd890b" kindref="member">IRockyGeometryScalarsModel::get_statistics_adder_array</ref>(</highlight><highlight class="keywordtype">int</highlight><highlight class="normal"><sp/>scalar_index)</highlight></codeline>
<codeline lineno="73"><highlight class="normal">{</highlight></codeline>
<codeline lineno="74"><highlight class="normal"><sp/><sp/><sp/><sp/></highlight><highlight class="keywordflow">return</highlight><highlight class="normal"><sp/>this-&gt;_impl.template<sp/>get_scalars&lt;IRockyStatisticsAdder&gt;(scalar_index);</highlight></codeline>
<codeline lineno="75"><highlight class="normal">}</highlight></codeline>
<codeline lineno="76"><highlight class="normal"></highlight></codeline>
<codeline lineno="77"><highlight class="normal"></highlight><highlight class="keyword">inline</highlight><highlight class="normal"><sp/>IRockyStatisticsCounter*<sp/>IRockyGeometryScalarsModel::get_statistics_counter_array(</highlight><highlight class="keywordtype">int</highlight><highlight class="normal"><sp/>scalar_index)</highlight></codeline>
<codeline lineno="78"><highlight class="normal">{</highlight></codeline>
<codeline lineno="79"><highlight class="normal"><sp/><sp/><sp/><sp/></highlight><highlight class="keywordflow">return</highlight><highlight class="normal"><sp/>this-&gt;_impl.template<sp/>get_scalars&lt;IRockyStatisticsCounter&gt;(scalar_index);</highlight></codeline>
<codeline lineno="80"><highlight class="normal">}</highlight></codeline>
<codeline lineno="81"><highlight class="normal"></highlight></codeline>
<codeline lineno="82" refid="structIRockyGeometryScalarsModel_1af5e62356931688660f277719ca88ff2c" refkind="member"><highlight class="normal"></highlight><highlight class="keyword">inline</highlight><highlight class="normal"><sp/><ref refid="structIRockyStatisticsAccumulator" kindref="compound">IRockyStatisticsAccumulator</ref>*<sp/><ref refid="structIRockyGeometryScalarsModel_1af5e62356931688660f277719ca88ff2c" kindref="member">IRockyGeometryScalarsModel::get_statistics_accumulator_array</ref>(</highlight><highlight class="keywordtype">int</highlight><highlight class="normal"><sp/>scalar_index)</highlight></codeline>
<codeline lineno="83"><highlight class="normal">{</highlight></codeline>
<codeline lineno="84"><highlight class="normal"><sp/><sp/><sp/><sp/></highlight><highlight class="keywordflow">return</highlight><highlight class="normal"><sp/>this-&gt;_impl.template<sp/>get_scalars&lt;IRockyStatisticsAccumulator&gt;(scalar_index);</highlight></codeline>
<codeline lineno="85"><highlight class="normal">}</highlight></codeline>
<codeline lineno="86"><highlight class="normal"></highlight></codeline>
<codeline lineno="87"><highlight class="normal"></highlight><highlight class="comment">//<sp/>=================================================================================================</highlight><highlight class="normal"></highlight></codeline>
<codeline lineno="88"><highlight class="normal"></highlight><highlight class="comment">//<sp/>IRockyGeometryScalars</highlight><highlight class="normal"></highlight></codeline>
<codeline lineno="89"><highlight class="normal"></highlight><highlight class="comment">//<sp/>=================================================================================================</highlight><highlight class="normal"></highlight></codeline>
<codeline lineno="90"><highlight class="normal"></highlight></codeline>
<codeline lineno="96" refid="structIRockyGeometryScalars" refkind="compound"><highlight class="normal"></highlight><highlight class="keyword">struct<sp/></highlight><highlight class="normal"><ref refid="structIRockyGeometryScalars" kindref="compound">IRockyGeometryScalars</ref><sp/>:<sp/>EntityScalars&lt;rocky20::BoundaryScalars&gt;</highlight></codeline>
<codeline lineno="97"><highlight class="normal">{</highlight></codeline>
<codeline lineno="100"><highlight class="normal"><sp/><sp/><sp/><sp/>__host__<sp/>__device__</highlight></codeline>
<codeline lineno="101"><highlight class="normal"><sp/><sp/><sp/><sp/><ref refid="structIRockyGeometryScalars" kindref="compound">IRockyGeometryScalars</ref>(rocky20::BoundaryScalars<sp/>&amp;_scalars,<sp/></highlight><highlight class="keywordtype">int</highlight><highlight class="normal"><sp/>_element_index)<sp/>:</highlight></codeline>
<codeline lineno="102"><highlight class="normal"><sp/><sp/><sp/><sp/><sp/><sp/><sp/><sp/>EntityScalars&lt;<sp/>rocky20::BoundaryScalars&gt;(_scalars,<sp/>_element_index)</highlight></codeline>
<codeline lineno="103"><highlight class="normal"><sp/><sp/><sp/><sp/>{}</highlight></codeline>
<codeline lineno="104"><highlight class="normal"></highlight></codeline>
<codeline lineno="107"><highlight class="normal"></highlight><highlight class="preprocessor">#ifdef<sp/>ONLY_FOR_DOXYGEN</highlight><highlight class="normal"></highlight></codeline>
<codeline lineno="108"><highlight class="normal"></highlight></codeline>
<codeline lineno="110" refid="structIRockyGeometryScalars_1aa943cd14cadc5673b99e273f135e82e1" refkind="member"><highlight class="normal"><sp/><sp/><sp/><sp/>ROCKY_FUNCTIONS<sp/><sp/></highlight><highlight class="keywordtype">double</highlight><highlight class="normal"><sp/><ref refid="structIRockyGeometryScalars_1aa943cd14cadc5673b99e273f135e82e1" kindref="member">get_scalar</ref>(</highlight><highlight class="keywordtype">int</highlight><highlight class="normal"><sp/>scalar_index)<sp/></highlight><highlight class="keyword">const</highlight><highlight class="normal">;</highlight></codeline>
<codeline lineno="111"><highlight class="normal"></highlight></codeline>
<codeline lineno="113" refid="structIRockyGeometryScalars_1a566039747df70cbffa7bba5225906a5e" refkind="member"><highlight class="normal"><sp/><sp/><sp/><sp/>ROCKY_FUNCTIONS<sp/><sp/></highlight><highlight class="keywordtype">void</highlight><highlight class="normal"><sp/><ref refid="structIRockyGeometryScalars_1a566039747df70cbffa7bba5225906a5e" kindref="member">set_scalar</ref>(</highlight><highlight class="keywordtype">int</highlight><highlight class="normal"><sp/>scalar_index,<sp/></highlight><highlight class="keywordtype">double</highlight><highlight class="normal"><sp/>value)<sp/></highlight><highlight class="keyword">const</highlight><highlight class="normal">;</highlight></codeline>
<codeline lineno="114"><highlight class="normal"></highlight></codeline>
<codeline lineno="116" refid="structIRockyGeometryScalars_1a870beada21c47f75239b2f523e1dfca1" refkind="member"><highlight class="normal"><sp/><sp/><sp/><sp/>ROCKY_FUNCTIONS<sp/></highlight><highlight class="keywordtype">void</highlight><highlight class="normal"><sp/><ref refid="structIRockyGeometryScalars_1a870beada21c47f75239b2f523e1dfca1" kindref="member">add_scalar</ref>(</highlight><highlight class="keywordtype">int</highlight><highlight class="normal"><sp/>scalar_index,<sp/></highlight><highlight class="keywordtype">double</highlight><highlight class="normal"><sp/>value)<sp/></highlight><highlight class="keyword">const</highlight><highlight class="normal">;</highlight></codeline>
<codeline lineno="117"><highlight class="normal"></highlight></codeline>
<codeline lineno="119" refid="structIRockyGeometryScalars_1aa5bd66e1850855de607d9499a7dfc0b4" refkind="member"><highlight class="normal"><sp/><sp/><sp/><sp/>ROCKY_FUNCTIONS<sp/></highlight><highlight class="keywordtype">void</highlight><highlight class="normal"><sp/><ref refid="structIRockyGeometryScalars_1aa5bd66e1850855de607d9499a7dfc0b4" kindref="member">max_scalar</ref>(</highlight><highlight class="keywordtype">int</highlight><highlight class="normal"><sp/>scalar_index,<sp/></highlight><highlight class="keywordtype">double</highlight><highlight class="normal"><sp/>value)<sp/></highlight><highlight class="keyword">const</highlight><highlight class="normal">;</highlight></codeline>
<codeline lineno="120"><highlight class="normal"></highlight></codeline>
<codeline lineno="121"><highlight class="normal"></highlight><highlight class="preprocessor">#endif</highlight><highlight class="normal"></highlight></codeline>
<codeline lineno="122"><highlight class="normal">};</highlight></codeline>
<codeline lineno="123"><highlight class="normal"></highlight></codeline>
    </programlisting>
    <location file="source/c++/rocky20/api/rocky_boundary_scalars.hpp"/>
  </compounddef>
</doxygen>
