<?xml version='1.0' encoding='UTF-8' standalone='no'?>
<doxygen xmlns:xsi="http://www.w3.org/2001/XMLSchema-instance" xsi:noNamespaceSchemaLocation="compound.xsd" version="1.10.0" xml:lang="en-US">
  <compounddef id="rocky__point__cloud__api_8hpp" kind="file" language="C++">
    <compoundname>rocky_point_cloud_api.hpp</compoundname>
    <includes refid="rocky__point__cloud_8h" local="yes">rocky_point_cloud.h</includes>
    <includedby refid="rocky__model_8hpp" local="no">source/c++/rocky20/api/rocky_model.hpp</includedby>
    <includedby refid="rocky__sph__model__api_8hpp" local="yes">source/c++/rocky20/api/sph/rocky_sph_model_api.hpp</includedby>
    <incdepgraph>
      <node id="2">
        <label>rocky_point_cloud.h</label>
        <link refid="rocky__point__cloud_8h_source"/>
        <childnode refid="3" relation="include">
        </childnode>
      </node>
      <node id="1">
        <label>source/c++/rocky20/api/rocky_point_cloud_api.hpp</label>
        <link refid="rocky__point__cloud__api_8hpp"/>
        <childnode refid="2" relation="include">
        </childnode>
      </node>
      <node id="3">
        <label>rocky20/model/point_cloud.h</label>
      </node>
    </incdepgraph>
    <invincdepgraph>
      <node id="8">
        <label>source/c++/rocky20/api/device/api_cuda.hpp</label>
        <link refid="api__cuda_8hpp_source"/>
        <childnode refid="9" relation="include">
        </childnode>
        <childnode refid="5" relation="include">
        </childnode>
        <childnode refid="10" relation="include">
        </childnode>
        <childnode refid="11" relation="include">
        </childnode>
        <childnode refid="12" relation="include">
        </childnode>
        <childnode refid="13" relation="include">
        </childnode>
      </node>
      <node id="9">
        <label>source/c++/rocky20/api/device/api_cuda_cfd_coupling.hpp</label>
        <link refid="api__cuda__cfd__coupling_8hpp_source"/>
      </node>
      <node id="5">
        <label>source/c++/rocky20/api/device/api_cuda_contacts.hpp</label>
        <link refid="api__cuda__contacts_8hpp_source"/>
      </node>
      <node id="10">
        <label>source/c++/rocky20/api/device/api_cuda_joints.hpp</label>
        <link refid="api__cuda__joints_8hpp_source"/>
      </node>
      <node id="11">
        <label>source/c++/rocky20/api/device/api_cuda_particles.hpp</label>
        <link refid="api__cuda__particles_8hpp_source"/>
      </node>
      <node id="12">
        <label>source/c++/rocky20/api/device/api_cuda_triangles.hpp</label>
        <link refid="api__cuda__triangles_8hpp_source"/>
      </node>
      <node id="4">
        <label>source/c++/rocky20/api/device/api_device_contacts.hpp</label>
        <link refid="api__device__contacts_8hpp_source"/>
        <childnode refid="5" relation="include">
        </childnode>
        <childnode refid="6" relation="include">
        </childnode>
        <childnode refid="7" relation="include">
        </childnode>
      </node>
      <node id="17">
        <label>source/c++/rocky20/api/device/api_device_particles.hpp</label>
        <link refid="api__device__particles_8hpp_source"/>
        <childnode refid="11" relation="include">
        </childnode>
        <childnode refid="18" relation="include">
        </childnode>
      </node>
      <node id="19">
        <label>source/c++/rocky20/api/device/api_device_triangles.hpp</label>
        <link refid="api__device__triangles_8hpp_source"/>
        <childnode refid="12" relation="include">
        </childnode>
        <childnode refid="20" relation="include">
        </childnode>
      </node>
      <node id="21">
        <label>source/c++/rocky20/api/device/api_device_vicinity.hpp</label>
        <link refid="api__device__vicinity_8hpp_source"/>
        <childnode refid="22" relation="include">
        </childnode>
      </node>
      <node id="6">
        <label>source/c++/rocky20/api/device/api_omp_contacts.hpp</label>
        <link refid="api__omp__contacts_8hpp_source"/>
        <childnode refid="7" relation="include">
        </childnode>
      </node>
      <node id="18">
        <label>source/c++/rocky20/api/device/api_omp_particles.hpp</label>
        <link refid="api__omp__particles_8hpp_source"/>
      </node>
      <node id="20">
        <label>source/c++/rocky20/api/device/api_omp_triangles.hpp</label>
        <link refid="api__omp__triangles_8hpp_source"/>
      </node>
      <node id="7">
        <label>source/c++/rocky20/api/rocky_api.h</label>
        <link refid="rocky__api_8h_source"/>
        <childnode refid="8" relation="include">
        </childnode>
        <childnode refid="5" relation="include">
        </childnode>
        <childnode refid="6" relation="include">
        </childnode>
        <childnode refid="14" relation="include">
        </childnode>
        <childnode refid="15" relation="include">
        </childnode>
        <childnode refid="16" relation="include">
        </childnode>
      </node>
      <node id="14">
        <label>source/c++/rocky20/api/rocky_api_cfd.h</label>
        <link refid="rocky__api__cfd_8h_source"/>
      </node>
      <node id="15">
        <label>source/c++/rocky20/api/rocky_api_sph.h</label>
        <link refid="rocky__api__sph_8h_source"/>
      </node>
      <node id="22">
        <label>source/c++/rocky20/api/rocky_api_vicinity.h</label>
        <link refid="rocky__api__vicinity_8h_source"/>
      </node>
      <node id="2">
        <label>source/c++/rocky20/api/rocky_model.hpp</label>
        <link refid="rocky__model_8hpp_source"/>
        <childnode refid="3" relation="include">
        </childnode>
      </node>
      <node id="3">
        <label>source/c++/rocky20/api/rocky_model_api.hpp</label>
        <link refid="rocky__model__api_8hpp_source"/>
        <childnode refid="4" relation="include">
        </childnode>
        <childnode refid="17" relation="include">
        </childnode>
        <childnode refid="19" relation="include">
        </childnode>
        <childnode refid="21" relation="include">
        </childnode>
        <childnode refid="7" relation="include">
        </childnode>
        <childnode refid="23" relation="include">
        </childnode>
      </node>
      <node id="1">
        <label>source/c++/rocky20/api/rocky_point_cloud_api.hpp</label>
        <link refid="rocky__point__cloud__api_8hpp"/>
        <childnode refid="2" relation="include">
        </childnode>
        <childnode refid="24" relation="include">
        </childnode>
      </node>
      <node id="13">
        <label>source/c++/rocky20/api/sph/api_cuda_sph.hpp</label>
        <link refid="api__cuda__sph_8hpp_source"/>
      </node>
      <node id="23">
        <label>source/c++/rocky20/api/sph/api_device_sph.hpp</label>
        <link refid="api__device__sph_8hpp_source"/>
        <childnode refid="13" relation="include">
        </childnode>
        <childnode refid="16" relation="include">
        </childnode>
      </node>
      <node id="16">
        <label>source/c++/rocky20/api/sph/api_omp_sph.hpp</label>
        <link refid="api__omp__sph_8hpp_source"/>
        <childnode refid="15" relation="include">
        </childnode>
      </node>
      <node id="24">
        <label>source/c++/rocky20/api/sph/rocky_sph_model_api.hpp</label>
        <link refid="rocky__sph__model__api_8hpp_source"/>
        <childnode refid="23" relation="include">
        </childnode>
      </node>
    </invincdepgraph>
    <innerclass refid="structIRockyCloudPoint" prot="public">IRockyCloudPoint</innerclass>
    <briefdescription>
    </briefdescription>
    <detaileddescription>
    </detaileddescription>
    <programlisting>
<codeline lineno="1"><highlight class="comment">//<sp/>(C)<sp/>2024<sp/>ANSYS,<sp/>Inc.<sp/>Unauthorized<sp/>use,<sp/>distribution,<sp/>or<sp/>duplication<sp/>is<sp/>prohibited.</highlight><highlight class="normal"></highlight></codeline>
<codeline lineno="2"><highlight class="normal"></highlight><highlight class="preprocessor">#pragma<sp/>once</highlight><highlight class="normal"></highlight></codeline>
<codeline lineno="3"><highlight class="normal"></highlight></codeline>
<codeline lineno="4"><highlight class="normal"></highlight><highlight class="comment">//<sp/>Includes<sp/>=======================================================================================</highlight><highlight class="normal"></highlight></codeline>
<codeline lineno="5"><highlight class="normal"></highlight><highlight class="preprocessor">#include<sp/>&quot;rocky_point_cloud.h&quot;</highlight><highlight class="normal"></highlight></codeline>
<codeline lineno="6"><highlight class="normal"></highlight></codeline>
<codeline lineno="7"><highlight class="normal"></highlight><highlight class="comment">//<sp/>================================================================================================</highlight><highlight class="normal"></highlight></codeline>
<codeline lineno="8"><highlight class="normal"></highlight><highlight class="comment">//<sp/>IRockyCloudPoint</highlight><highlight class="normal"></highlight></codeline>
<codeline lineno="9"><highlight class="normal"></highlight><highlight class="comment">//<sp/>================================================================================================</highlight><highlight class="normal"></highlight></codeline>
<codeline lineno="10"><highlight class="normal"></highlight></codeline>
<codeline lineno="15" refid="structIRockyCloudPoint" refkind="compound"><highlight class="normal"></highlight><highlight class="keyword">struct<sp/></highlight><highlight class="normal"><ref refid="structIRockyCloudPoint" kindref="compound">IRockyCloudPoint</ref></highlight></codeline>
<codeline lineno="16"><highlight class="normal">{</highlight></codeline>
<codeline lineno="20"><highlight class="normal"><sp/><sp/><sp/><sp/></highlight><highlight class="keyword">inline</highlight><highlight class="normal"><sp/>ROCKY_FUNCTIONS<sp/>double3<sp/><ref refid="structIRockyCloudPoint_1a1d06a1eb80ad0811ab2794f2a494fe17" kindref="member">get_position</ref>()<sp/></highlight><highlight class="keyword">const</highlight><highlight class="normal">;</highlight></codeline>
<codeline lineno="21"><highlight class="normal"></highlight></codeline>
<codeline lineno="26"><highlight class="normal"><sp/><sp/><sp/><sp/></highlight><highlight class="keyword">template</highlight><highlight class="normal"><sp/>&lt;</highlight><highlight class="keyword">class</highlight><highlight class="normal"><sp/>_data_type<sp/>=<sp/></highlight><highlight class="keywordtype">double</highlight><highlight class="normal">&gt;</highlight></codeline>
<codeline lineno="27"><highlight class="normal"><sp/><sp/><sp/><sp/></highlight><highlight class="keyword">inline</highlight><highlight class="normal"><sp/>ROCKY_FUNCTIONS<sp/>_data_type<sp/><ref refid="structIRockyCloudPoint_1a51d29e82619836ed172e8f3135bf0f51" kindref="member">get_property</ref>(</highlight><highlight class="keywordtype">int</highlight><highlight class="normal"><sp/>property_index)<sp/></highlight><highlight class="keyword">const</highlight><highlight class="normal">;</highlight></codeline>
<codeline lineno="28"><highlight class="normal"></highlight></codeline>
<codeline lineno="32"><highlight class="normal"><sp/><sp/><sp/><sp/></highlight><highlight class="keyword">inline</highlight><highlight class="normal"><sp/>ROCKY_FUNCTIONS<sp/></highlight><highlight class="keywordtype">bool</highlight><highlight class="normal"><sp/><ref refid="structIRockyCloudPoint_1ae9e37938664d6977e49593d1ec8f3dbd" kindref="member">is_enabled</ref>()<sp/></highlight><highlight class="keyword">const</highlight><highlight class="normal">;</highlight></codeline>
<codeline lineno="33"><highlight class="normal"></highlight></codeline>
<codeline lineno="39"><highlight class="normal"><sp/><sp/><sp/><sp/></highlight><highlight class="keyword">inline</highlight><highlight class="normal"><sp/>ROCKY_FUNCTIONS<sp/></highlight><highlight class="keywordtype">bool</highlight><highlight class="normal"><sp/><ref refid="structIRockyCloudPoint_1a79dfeecd7f7360ed1e25135ed54ed312" kindref="member">is_valid</ref>()<sp/></highlight><highlight class="keyword">const</highlight><highlight class="normal">;</highlight></codeline>
<codeline lineno="40"><highlight class="normal"></highlight></codeline>
<codeline lineno="43"><highlight class="normal"><sp/><sp/><sp/><sp/>ROCKY_FUNCTIONS<sp/><ref refid="structIRockyCloudPoint" kindref="compound">IRockyCloudPoint</ref>(device::PointCloud*<sp/>_point_cloud,<sp/></highlight><highlight class="keywordtype">int</highlight><highlight class="normal"><sp/>_point_index)</highlight></codeline>
<codeline lineno="44"><highlight class="normal"><sp/><sp/><sp/><sp/>{</highlight></codeline>
<codeline lineno="45"><highlight class="normal"><sp/><sp/><sp/><sp/><sp/><sp/><sp/><sp/>this-&gt;_impl.point_cloud<sp/>=<sp/>_point_cloud;</highlight></codeline>
<codeline lineno="46"><highlight class="normal"><sp/><sp/><sp/><sp/><sp/><sp/><sp/><sp/>this-&gt;point_index<sp/>=<sp/>_point_index;</highlight></codeline>
<codeline lineno="47"><highlight class="normal"><sp/><sp/><sp/><sp/>}</highlight></codeline>
<codeline lineno="48"><highlight class="normal"></highlight></codeline>
<codeline lineno="49"><highlight class="normal"><sp/><sp/><sp/><sp/>RockyPointCloud<sp/>_impl;</highlight></codeline>
<codeline lineno="50"><highlight class="normal"><sp/><sp/><sp/><sp/></highlight><highlight class="keywordtype">int</highlight><highlight class="normal"><sp/>point_index;</highlight></codeline>
<codeline lineno="51"><highlight class="normal"></highlight></codeline>
<codeline lineno="53"><highlight class="normal">};</highlight></codeline>
<codeline lineno="54"><highlight class="normal"></highlight></codeline>
<codeline lineno="55" refid="structIRockyCloudPoint_1a1d06a1eb80ad0811ab2794f2a494fe17" refkind="member"><highlight class="normal"></highlight><highlight class="keyword">inline</highlight><highlight class="normal"><sp/>ROCKY_FUNCTIONS<sp/>double3<sp/><ref refid="structIRockyCloudPoint_1a1d06a1eb80ad0811ab2794f2a494fe17" kindref="member">IRockyCloudPoint::get_position</ref>()</highlight><highlight class="keyword"><sp/>const</highlight></codeline>
<codeline lineno="56"><highlight class="keyword"></highlight><highlight class="normal">{</highlight></codeline>
<codeline lineno="57"><highlight class="normal"><sp/><sp/><sp/><sp/></highlight><highlight class="keywordflow">return</highlight><highlight class="normal"><sp/>this-&gt;_impl.get_point_position(this-&gt;point_index);</highlight></codeline>
<codeline lineno="58"><highlight class="normal">}</highlight></codeline>
<codeline lineno="59"><highlight class="normal"></highlight></codeline>
<codeline lineno="60"><highlight class="normal"></highlight><highlight class="keyword">template</highlight><highlight class="normal"><sp/>&lt;</highlight><highlight class="keyword">class</highlight><highlight class="normal"><sp/>_data_type&gt;</highlight></codeline>
<codeline lineno="61" refid="structIRockyCloudPoint_1a51d29e82619836ed172e8f3135bf0f51" refkind="member"><highlight class="normal"></highlight><highlight class="keyword">inline</highlight><highlight class="normal"><sp/>ROCKY_FUNCTIONS<sp/>_data_type<sp/><ref refid="structIRockyCloudPoint_1a51d29e82619836ed172e8f3135bf0f51" kindref="member">IRockyCloudPoint::get_property</ref>(</highlight><highlight class="keywordtype">int</highlight><highlight class="normal"><sp/>property_index)</highlight><highlight class="keyword"><sp/>const</highlight></codeline>
<codeline lineno="62"><highlight class="keyword"></highlight><highlight class="normal">{</highlight></codeline>
<codeline lineno="63"><highlight class="normal"><sp/><sp/><sp/><sp/></highlight><highlight class="keywordflow">return</highlight><highlight class="normal"><sp/>this-&gt;_impl.get_point_property&lt;_data_type&gt;(this-&gt;point_index,<sp/>property_index);</highlight></codeline>
<codeline lineno="64"><highlight class="normal">}</highlight></codeline>
<codeline lineno="65"><highlight class="normal"></highlight></codeline>
<codeline lineno="66" refid="structIRockyCloudPoint_1ae9e37938664d6977e49593d1ec8f3dbd" refkind="member"><highlight class="normal"></highlight><highlight class="keyword">inline</highlight><highlight class="normal"><sp/>ROCKY_FUNCTIONS<sp/></highlight><highlight class="keywordtype">bool</highlight><highlight class="normal"><sp/><ref refid="structIRockyCloudPoint_1ae9e37938664d6977e49593d1ec8f3dbd" kindref="member">IRockyCloudPoint::is_enabled</ref>()</highlight><highlight class="keyword"><sp/>const</highlight></codeline>
<codeline lineno="67"><highlight class="keyword"></highlight><highlight class="normal">{</highlight></codeline>
<codeline lineno="68"><highlight class="normal"><sp/><sp/><sp/><sp/></highlight><highlight class="keywordflow">return</highlight><highlight class="normal"><sp/>this-&gt;_impl.point_cloud-&gt;<ref refid="structIRockyCloudPoint_1ae9e37938664d6977e49593d1ec8f3dbd" kindref="member">is_enabled</ref>();</highlight></codeline>
<codeline lineno="69"><highlight class="normal">}</highlight></codeline>
<codeline lineno="70"><highlight class="normal"></highlight></codeline>
<codeline lineno="71" refid="structIRockyCloudPoint_1a79dfeecd7f7360ed1e25135ed54ed312" refkind="member"><highlight class="normal"></highlight><highlight class="keyword">inline</highlight><highlight class="normal"><sp/></highlight><highlight class="keywordtype">bool</highlight><highlight class="normal"><sp/><ref refid="structIRockyCloudPoint_1a79dfeecd7f7360ed1e25135ed54ed312" kindref="member">IRockyCloudPoint::is_valid</ref>()</highlight><highlight class="keyword"><sp/>const</highlight></codeline>
<codeline lineno="72"><highlight class="keyword"></highlight><highlight class="normal">{</highlight></codeline>
<codeline lineno="73"><highlight class="normal"><sp/><sp/><sp/><sp/></highlight><highlight class="keywordflow">return</highlight><highlight class="normal"><sp/>this-&gt;point_index<sp/>!=<sp/>INVALID_POINT_CLOUD_POINT;</highlight></codeline>
<codeline lineno="74"><highlight class="normal">}</highlight></codeline>
    </programlisting>
    <location file="source/c++/rocky20/api/rocky_point_cloud_api.hpp"/>
  </compounddef>
</doxygen>
