<?xml version='1.0' encoding='UTF-8' standalone='no'?>
<doxygen xmlns:xsi="http://www.w3.org/2001/XMLSchema-instance" xsi:noNamespaceSchemaLocation="compound.xsd" version="1.10.0" xml:lang="en-US">
  <compounddef id="rocky__scalars_8h" kind="file" language="C++">
    <compoundname>rocky_scalars.h</compoundname>
    <includes local="no">rocky20/model/rocky_model.h</includes>
    <includes refid="api__backend_8hpp" local="no">rocky20/api/device/api_backend.hpp</includes>
    <includes refid="rocky__statistics__data_8hpp" local="no">rocky20/api/rocky_statistics_data.hpp</includes>
    <includedby refid="rocky__boundary__scalars_8hpp" local="yes">source/c++/rocky20/api/rocky_boundary_scalars.hpp</includedby>
    <includedby refid="rocky__contact__scalars_8hpp" local="yes">source/c++/rocky20/api/rocky_contact_scalars.hpp</includedby>
    <includedby refid="rocky__fluid__scalars_8hpp" local="yes">source/c++/rocky20/api/rocky_fluid_scalars.hpp</includedby>
    <includedby refid="rocky__joint__scalars_8hpp" local="yes">source/c++/rocky20/api/rocky_joint_scalars.hpp</includedby>
    <includedby refid="rocky__pair__scalars_8hpp" local="yes">source/c++/rocky20/api/rocky_pair_scalars.hpp</includedby>
    <includedby refid="rocky__particle__scalars_8hpp" local="yes">source/c++/rocky20/api/rocky_particle_scalars.hpp</includedby>
    <includedby refid="rocky__scalars_8cpp" local="yes">source/c++/rocky20/api/rocky_scalars.cpp</includedby>
    <includedby refid="rocky__triangle__scalars_8hpp" local="yes">source/c++/rocky20/api/rocky_triangle_scalars.hpp</includedby>
    <includedby refid="rocky__sph__element__scalars_8hpp" local="yes">source/c++/rocky20/api/sph/rocky_sph_element_scalars.hpp</includedby>
    <incdepgraph>
      <node id="3">
        <label>rocky20/api/device/api_backend.hpp</label>
        <link refid="api__backend_8hpp_source"/>
        <childnode refid="4" relation="include">
        </childnode>
        <childnode refid="5" relation="include">
        </childnode>
      </node>
      <node id="1">
        <label>source/c++/rocky20/api/rocky_scalars.h</label>
        <link refid="rocky__scalars_8h"/>
        <childnode refid="2" relation="include">
        </childnode>
        <childnode refid="3" relation="include">
        </childnode>
        <childnode refid="6" relation="include">
        </childnode>
      </node>
      <node id="6">
        <label>rocky20/api/rocky_statistics_data.hpp</label>
        <link refid="rocky__statistics__data_8hpp_source"/>
        <childnode refid="7" relation="include">
        </childnode>
        <childnode refid="3" relation="include">
        </childnode>
      </node>
      <node id="4">
        <label>rocky20/cuda/cuda_basics.hpp</label>
      </node>
      <node id="5">
        <label>rocky20/device/omp_backend.hpp</label>
      </node>
      <node id="2">
        <label>rocky20/model/rocky_model.h</label>
      </node>
      <node id="7">
        <label>rocky20/model/statistics_data.hpp</label>
      </node>
    </incdepgraph>
    <invincdepgraph>
      <node id="4">
        <label>source/c++/rocky20/api/device/api_cuda.hpp</label>
        <link refid="api__cuda_8hpp_source"/>
        <childnode refid="5" relation="include">
        </childnode>
        <childnode refid="6" relation="include">
        </childnode>
        <childnode refid="7" relation="include">
        </childnode>
        <childnode refid="8" relation="include">
        </childnode>
        <childnode refid="9" relation="include">
        </childnode>
        <childnode refid="10" relation="include">
        </childnode>
      </node>
      <node id="5">
        <label>source/c++/rocky20/api/device/api_cuda_cfd_coupling.hpp</label>
        <link refid="api__cuda__cfd__coupling_8hpp_source"/>
      </node>
      <node id="6">
        <label>source/c++/rocky20/api/device/api_cuda_contacts.hpp</label>
        <link refid="api__cuda__contacts_8hpp_source"/>
      </node>
      <node id="7">
        <label>source/c++/rocky20/api/device/api_cuda_joints.hpp</label>
        <link refid="api__cuda__joints_8hpp_source"/>
      </node>
      <node id="8">
        <label>source/c++/rocky20/api/device/api_cuda_particles.hpp</label>
        <link refid="api__cuda__particles_8hpp_source"/>
      </node>
      <node id="9">
        <label>source/c++/rocky20/api/device/api_cuda_triangles.hpp</label>
        <link refid="api__cuda__triangles_8hpp_source"/>
      </node>
      <node id="17">
        <label>source/c++/rocky20/api/device/api_device_contacts.hpp</label>
        <link refid="api__device__contacts_8hpp_source"/>
        <childnode refid="6" relation="include">
        </childnode>
        <childnode refid="11" relation="include">
        </childnode>
        <childnode refid="3" relation="include">
        </childnode>
      </node>
      <node id="18">
        <label>source/c++/rocky20/api/device/api_device_particles.hpp</label>
        <link refid="api__device__particles_8hpp_source"/>
        <childnode refid="8" relation="include">
        </childnode>
        <childnode refid="19" relation="include">
        </childnode>
      </node>
      <node id="20">
        <label>source/c++/rocky20/api/device/api_device_triangles.hpp</label>
        <link refid="api__device__triangles_8hpp_source"/>
        <childnode refid="9" relation="include">
        </childnode>
        <childnode refid="21" relation="include">
        </childnode>
      </node>
      <node id="22">
        <label>source/c++/rocky20/api/device/api_device_vicinity.hpp</label>
        <link refid="api__device__vicinity_8hpp_source"/>
        <childnode refid="23" relation="include">
        </childnode>
      </node>
      <node id="11">
        <label>source/c++/rocky20/api/device/api_omp_contacts.hpp</label>
        <link refid="api__omp__contacts_8hpp_source"/>
        <childnode refid="3" relation="include">
        </childnode>
      </node>
      <node id="19">
        <label>source/c++/rocky20/api/device/api_omp_particles.hpp</label>
        <link refid="api__omp__particles_8hpp_source"/>
      </node>
      <node id="21">
        <label>source/c++/rocky20/api/device/api_omp_triangles.hpp</label>
        <link refid="api__omp__triangles_8hpp_source"/>
      </node>
      <node id="3">
        <label>source/c++/rocky20/api/rocky_api.h</label>
        <link refid="rocky__api_8h_source"/>
        <childnode refid="4" relation="include">
        </childnode>
        <childnode refid="6" relation="include">
        </childnode>
        <childnode refid="11" relation="include">
        </childnode>
        <childnode refid="12" relation="include">
        </childnode>
        <childnode refid="13" relation="include">
        </childnode>
        <childnode refid="14" relation="include">
        </childnode>
      </node>
      <node id="12">
        <label>source/c++/rocky20/api/rocky_api_cfd.h</label>
        <link refid="rocky__api__cfd_8h_source"/>
      </node>
      <node id="46">
        <label>source/c++/rocky20/api/rocky_api_functions.h</label>
        <link refid="rocky__api__functions_8h_source"/>
        <childnode refid="6" relation="include">
        </childnode>
        <childnode refid="11" relation="include">
        </childnode>
        <childnode refid="3" relation="include">
        </childnode>
      </node>
      <node id="13">
        <label>source/c++/rocky20/api/rocky_api_sph.h</label>
        <link refid="rocky__api__sph_8h_source"/>
      </node>
      <node id="23">
        <label>source/c++/rocky20/api/rocky_api_vicinity.h</label>
        <link refid="rocky__api__vicinity_8h_source"/>
      </node>
      <node id="44">
        <label>source/c++/rocky20/api/rocky_boundary.hpp</label>
        <link refid="rocky__boundary_8hpp_source"/>
        <childnode refid="45" relation="include">
        </childnode>
        <childnode refid="26" relation="include">
        </childnode>
      </node>
      <node id="45">
        <label>source/c++/rocky20/api/rocky_boundary_api.hpp</label>
        <link refid="rocky__boundary__api_8hpp_source"/>
        <childnode refid="46" relation="include">
        </childnode>
        <childnode refid="26" relation="include">
        </childnode>
        <childnode refid="36" relation="include">
        </childnode>
        <childnode refid="38" relation="include">
        </childnode>
      </node>
      <node id="2">
        <label>source/c++/rocky20/api/rocky_boundary_scalars.hpp</label>
        <link refid="rocky__boundary__scalars_8hpp_source"/>
        <childnode refid="3" relation="include">
        </childnode>
        <childnode refid="15" relation="include">
        </childnode>
      </node>
      <node id="29">
        <label>source/c++/rocky20/api/rocky_cfd.hpp</label>
        <link refid="rocky__cfd_8hpp_source"/>
        <childnode refid="12" relation="include">
        </childnode>
      </node>
      <node id="26">
        <label>source/c++/rocky20/api/rocky_contact.hpp</label>
        <link refid="rocky__contact_8hpp_source"/>
        <childnode refid="27" relation="include">
        </childnode>
      </node>
      <node id="27">
        <label>source/c++/rocky20/api/rocky_contact_api.hpp</label>
        <link refid="rocky__contact__api_8hpp_source"/>
        <childnode refid="3" relation="include">
        </childnode>
      </node>
      <node id="25">
        <label>source/c++/rocky20/api/rocky_contact_scalars.hpp</label>
        <link refid="rocky__contact__scalars_8hpp_source"/>
        <childnode refid="3" relation="include">
        </childnode>
        <childnode refid="26" relation="include">
        </childnode>
      </node>
      <node id="28">
        <label>source/c++/rocky20/api/rocky_fluid_scalars.hpp</label>
        <link refid="rocky__fluid__scalars_8hpp_source"/>
        <childnode refid="3" relation="include">
        </childnode>
        <childnode refid="29" relation="include">
        </childnode>
      </node>
      <node id="31">
        <label>source/c++/rocky20/api/rocky_joint_api.hpp</label>
        <link refid="rocky__joint__api_8hpp_source"/>
        <childnode refid="3" relation="include">
        </childnode>
      </node>
      <node id="30">
        <label>source/c++/rocky20/api/rocky_joint_scalars.hpp</label>
        <link refid="rocky__joint__scalars_8hpp_source"/>
        <childnode refid="3" relation="include">
        </childnode>
        <childnode refid="31" relation="include">
        </childnode>
      </node>
      <node id="15">
        <label>source/c++/rocky20/api/rocky_model.hpp</label>
        <link refid="rocky__model_8hpp_source"/>
        <childnode refid="16" relation="include">
        </childnode>
      </node>
      <node id="16">
        <label>source/c++/rocky20/api/rocky_model_api.hpp</label>
        <link refid="rocky__model__api_8hpp_source"/>
        <childnode refid="17" relation="include">
        </childnode>
        <childnode refid="18" relation="include">
        </childnode>
        <childnode refid="20" relation="include">
        </childnode>
        <childnode refid="22" relation="include">
        </childnode>
        <childnode refid="3" relation="include">
        </childnode>
        <childnode refid="24" relation="include">
        </childnode>
      </node>
      <node id="32">
        <label>source/c++/rocky20/api/rocky_pair_scalars.hpp</label>
        <link refid="rocky__pair__scalars_8hpp_source"/>
        <childnode refid="3" relation="include">
        </childnode>
        <childnode refid="15" relation="include">
        </childnode>
      </node>
      <node id="34">
        <label>source/c++/rocky20/api/rocky_particle.hpp</label>
        <link refid="rocky__particle_8hpp_source"/>
        <childnode refid="29" relation="include">
        </childnode>
        <childnode refid="35" relation="include">
        </childnode>
        <childnode refid="40" relation="include">
        </childnode>
      </node>
      <node id="35">
        <label>source/c++/rocky20/api/rocky_particle_api.hpp</label>
        <link refid="rocky__particle__api_8hpp_source"/>
        <childnode refid="3" relation="include">
        </childnode>
        <childnode refid="26" relation="include">
        </childnode>
        <childnode refid="31" relation="include">
        </childnode>
        <childnode refid="16" relation="include">
        </childnode>
        <childnode refid="36" relation="include">
        </childnode>
        <childnode refid="37" relation="include">
        </childnode>
        <childnode refid="39" relation="include">
        </childnode>
      </node>
      <node id="33">
        <label>source/c++/rocky20/api/rocky_particle_scalars.hpp</label>
        <link refid="rocky__particle__scalars_8hpp_source"/>
        <childnode refid="3" relation="include">
        </childnode>
        <childnode refid="29" relation="include">
        </childnode>
        <childnode refid="34" relation="include">
        </childnode>
        <childnode refid="35" relation="include">
        </childnode>
      </node>
      <node id="1">
        <label>source/c++/rocky20/api/rocky_scalars.h</label>
        <link refid="rocky__scalars_8h"/>
        <childnode refid="2" relation="include">
        </childnode>
        <childnode refid="25" relation="include">
        </childnode>
        <childnode refid="28" relation="include">
        </childnode>
        <childnode refid="30" relation="include">
        </childnode>
        <childnode refid="32" relation="include">
        </childnode>
        <childnode refid="33" relation="include">
        </childnode>
        <childnode refid="43" relation="include">
        </childnode>
        <childnode refid="47" relation="include">
        </childnode>
      </node>
      <node id="43">
        <label>source/c++/rocky20/api/rocky_triangle_scalars.hpp</label>
        <link refid="rocky__triangle__scalars_8hpp_source"/>
        <childnode refid="3" relation="include">
        </childnode>
        <childnode refid="44" relation="include">
        </childnode>
      </node>
      <node id="36">
        <label>source/c++/rocky20/api/rocky_vicinity_pair_api.hpp</label>
        <link refid="rocky__vicinity__pair__api_8hpp_source"/>
        <childnode refid="22" relation="include">
        </childnode>
      </node>
      <node id="10">
        <label>source/c++/rocky20/api/sph/api_cuda_sph.hpp</label>
        <link refid="api__cuda__sph_8hpp_source"/>
      </node>
      <node id="24">
        <label>source/c++/rocky20/api/sph/api_device_sph.hpp</label>
        <link refid="api__device__sph_8hpp_source"/>
        <childnode refid="10" relation="include">
        </childnode>
        <childnode refid="14" relation="include">
        </childnode>
      </node>
      <node id="14">
        <label>source/c++/rocky20/api/sph/api_omp_sph.hpp</label>
        <link refid="api__omp__sph_8hpp_source"/>
        <childnode refid="13" relation="include">
        </childnode>
      </node>
      <node id="41">
        <label>source/c++/rocky20/api/sph/rocky_sph.hpp</label>
        <link refid="rocky__sph_8hpp_source"/>
        <childnode refid="13" relation="include">
        </childnode>
      </node>
      <node id="40">
        <label>source/c++/rocky20/api/sph/rocky_sph_element.hpp</label>
        <link refid="rocky__sph__element_8hpp_source"/>
        <childnode refid="41" relation="include">
        </childnode>
        <childnode refid="37" relation="include">
        </childnode>
        <childnode refid="42" relation="include">
        </childnode>
      </node>
      <node id="37">
        <label>source/c++/rocky20/api/sph/rocky_sph_element_api.hpp</label>
        <link refid="rocky__sph__element__api_8hpp_source"/>
        <childnode refid="24" relation="include">
        </childnode>
        <childnode refid="38" relation="include">
        </childnode>
        <childnode refid="39" relation="include">
        </childnode>
      </node>
      <node id="47">
        <label>source/c++/rocky20/api/sph/rocky_sph_element_scalars.hpp</label>
        <link refid="rocky__sph__element__scalars_8hpp_source"/>
        <childnode refid="37" relation="include">
        </childnode>
        <childnode refid="39" relation="include">
        </childnode>
      </node>
      <node id="42">
        <label>source/c++/rocky20/api/sph/rocky_sph_interaction.hpp</label>
        <link refid="rocky__sph__interaction_8hpp_source"/>
        <childnode refid="41" relation="include">
        </childnode>
        <childnode refid="38" relation="include">
        </childnode>
      </node>
      <node id="38">
        <label>source/c++/rocky20/api/sph/rocky_sph_interaction_api.hpp</label>
        <link refid="rocky__sph__interaction__api_8hpp_source"/>
        <childnode refid="24" relation="include">
        </childnode>
      </node>
      <node id="39">
        <label>source/c++/rocky20/api/sph/rocky_sph_model_api.hpp</label>
        <link refid="rocky__sph__model__api_8hpp_source"/>
        <childnode refid="24" relation="include">
        </childnode>
      </node>
    </invincdepgraph>
    <briefdescription>
    </briefdescription>
    <detaileddescription>
    </detaileddescription>
    <programlisting>
<codeline lineno="1"><highlight class="comment">//<sp/>(C)<sp/>2024<sp/>ANSYS,<sp/>Inc.<sp/>Unauthorized<sp/>use,<sp/>distribution,<sp/>or<sp/>duplication<sp/>is<sp/>prohibited.</highlight><highlight class="normal"></highlight></codeline>
<codeline lineno="2"><highlight class="normal"></highlight><highlight class="preprocessor">#pragma<sp/>once</highlight><highlight class="normal"></highlight></codeline>
<codeline lineno="3"><highlight class="normal"></highlight></codeline>
<codeline lineno="4"><highlight class="normal"></highlight><highlight class="comment">//<sp/>Includes<sp/>========================================================================================</highlight><highlight class="normal"></highlight></codeline>
<codeline lineno="5"><highlight class="normal"></highlight><highlight class="preprocessor">#include<sp/>&lt;rocky20/model/rocky_model.h&gt;</highlight><highlight class="normal"></highlight></codeline>
<codeline lineno="6"><highlight class="normal"></highlight><highlight class="preprocessor">#include<sp/>&lt;rocky20/api/device/api_backend.hpp&gt;</highlight><highlight class="normal"></highlight></codeline>
<codeline lineno="7"><highlight class="normal"></highlight><highlight class="preprocessor">#include<sp/>&lt;rocky20/api/rocky_statistics_data.hpp&gt;</highlight><highlight class="normal"></highlight></codeline>
<codeline lineno="8"><highlight class="normal"></highlight></codeline>
<codeline lineno="16"><highlight class="normal"></highlight><highlight class="keyword">template</highlight><highlight class="normal"><sp/>&lt;</highlight><highlight class="keyword">class</highlight><highlight class="normal"><sp/>_scalars&gt;</highlight></codeline>
<codeline lineno="17"><highlight class="normal"></highlight><highlight class="keyword">struct<sp/></highlight><highlight class="normal">ScalarsModel</highlight></codeline>
<codeline lineno="18"><highlight class="normal">{</highlight></codeline>
<codeline lineno="29"><highlight class="normal"><sp/><sp/><sp/><sp/></highlight><highlight class="keywordtype">int</highlight><highlight class="normal"><sp/>find(</highlight><highlight class="keyword">const</highlight><highlight class="normal"><sp/></highlight><highlight class="keywordtype">char</highlight><highlight class="normal">*<sp/>name);</highlight></codeline>
<codeline lineno="30"><highlight class="normal"></highlight></codeline>
<codeline lineno="50"><highlight class="normal"><sp/><sp/><sp/><sp/></highlight><highlight class="keywordtype">int</highlight><highlight class="normal"><sp/>add(</highlight><highlight class="keyword">const</highlight><highlight class="normal"><sp/></highlight><highlight class="keywordtype">char</highlight><highlight class="normal">*<sp/>_name,<sp/></highlight><highlight class="keyword">const</highlight><highlight class="normal"><sp/></highlight><highlight class="keywordtype">char</highlight><highlight class="normal">*<sp/>_unit,<sp/></highlight><highlight class="keywordtype">bool</highlight><highlight class="normal"><sp/>output<sp/>=<sp/></highlight><highlight class="keyword">true</highlight><highlight class="normal">);</highlight></codeline>
<codeline lineno="51"><highlight class="normal"></highlight></codeline>
<codeline lineno="52"><highlight class="normal"><sp/><sp/><sp/><sp/></highlight><highlight class="keyword">template</highlight><highlight class="normal">&lt;</highlight><highlight class="keyword">class</highlight><highlight class="normal"><sp/>_data_type&gt;</highlight></codeline>
<codeline lineno="53"><highlight class="normal"><sp/><sp/><sp/><sp/></highlight><highlight class="keywordtype">int</highlight><highlight class="normal"><sp/>add(</highlight><highlight class="keyword">const</highlight><highlight class="normal"><sp/></highlight><highlight class="keywordtype">char</highlight><highlight class="normal">*<sp/>_name,<sp/></highlight><highlight class="keyword">const</highlight><highlight class="normal"><sp/></highlight><highlight class="keywordtype">char</highlight><highlight class="normal">*<sp/>_unit,<sp/></highlight><highlight class="keywordtype">bool</highlight><highlight class="normal"><sp/>output)</highlight></codeline>
<codeline lineno="54"><highlight class="normal"><sp/><sp/><sp/><sp/>{</highlight></codeline>
<codeline lineno="55"><highlight class="normal"><sp/><sp/><sp/><sp/><sp/><sp/><sp/><sp/></highlight><highlight class="keywordflow">return</highlight><highlight class="normal"><sp/>this-&gt;_impl.template<sp/>add_scalars&lt;_data_type&gt;(</highlight></codeline>
<codeline lineno="56"><highlight class="normal"><sp/><sp/><sp/><sp/><sp/><sp/><sp/><sp/><sp/><sp/><sp/><sp/>_name,<sp/>_unit,<sp/>rocky20::ScalarsInfo::cotNone,<sp/>output);</highlight></codeline>
<codeline lineno="57"><highlight class="normal"><sp/><sp/><sp/><sp/>}</highlight></codeline>
<codeline lineno="71"><highlight class="normal"><sp/><sp/><sp/><sp/></highlight><highlight class="keywordtype">int</highlight><highlight class="normal"><sp/>add_statistics_adder(</highlight><highlight class="keyword">const</highlight><highlight class="normal"><sp/></highlight><highlight class="keywordtype">char</highlight><highlight class="normal">*<sp/>_name,<sp/></highlight><highlight class="keyword">const</highlight><highlight class="normal"><sp/></highlight><highlight class="keywordtype">char</highlight><highlight class="normal">*<sp/>_unit);</highlight></codeline>
<codeline lineno="72"><highlight class="normal"></highlight></codeline>
<codeline lineno="83"><highlight class="normal"><sp/><sp/><sp/><sp/>[[deprecated(</highlight><highlight class="stringliteral">&quot;IRockyStatisticsCounter<sp/>is<sp/>no<sp/>longer<sp/>needed<sp/>for<sp/>statistics&quot;</highlight><highlight class="normal">)]]</highlight></codeline>
<codeline lineno="84"><highlight class="normal"><sp/><sp/><sp/><sp/></highlight><highlight class="keywordtype">int</highlight><highlight class="normal"><sp/>add_statistics_counter(</highlight><highlight class="keyword">const</highlight><highlight class="normal"><sp/></highlight><highlight class="keywordtype">char</highlight><highlight class="normal">*<sp/>_name);</highlight></codeline>
<codeline lineno="85"><highlight class="normal"></highlight></codeline>
<codeline lineno="99"><highlight class="normal"><sp/><sp/><sp/><sp/></highlight><highlight class="keywordtype">int</highlight><highlight class="normal"><sp/>add_statistics_accumulator(</highlight><highlight class="keyword">const</highlight><highlight class="normal"><sp/></highlight><highlight class="keywordtype">char</highlight><highlight class="normal">*<sp/>_name,<sp/></highlight><highlight class="keyword">const</highlight><highlight class="normal"><sp/></highlight><highlight class="keywordtype">char</highlight><highlight class="normal">*<sp/>_unit);</highlight></codeline>
<codeline lineno="100"><highlight class="normal"></highlight></codeline>
<codeline lineno="107"><highlight class="normal"><sp/><sp/><sp/><sp/></highlight><highlight class="keywordtype">void</highlight><highlight class="normal"><sp/>reset(</highlight><highlight class="keywordtype">int</highlight><highlight class="normal"><sp/>scalar_index);</highlight></codeline>
<codeline lineno="108"><highlight class="normal"></highlight></codeline>
<codeline lineno="123"><highlight class="normal"><sp/><sp/><sp/><sp/></highlight><highlight class="keywordtype">void</highlight><highlight class="normal"><sp/>set_dimension(</highlight><highlight class="keywordtype">int</highlight><highlight class="normal"><sp/>scalar_index,<sp/></highlight><highlight class="keywordtype">double</highlight><highlight class="normal"><sp/>dimension_factor);</highlight></codeline>
<codeline lineno="124"><highlight class="normal"></highlight></codeline>
<codeline lineno="134"><highlight class="normal"><sp/><sp/><sp/><sp/></highlight><highlight class="keyword">template</highlight><highlight class="normal">&lt;</highlight><highlight class="keyword">class</highlight><highlight class="normal"><sp/>_data_type<sp/>=<sp/></highlight><highlight class="keywordtype">double</highlight><highlight class="normal">&gt;</highlight></codeline>
<codeline lineno="135"><highlight class="normal"><sp/><sp/><sp/><sp/>_data_type*<sp/>get_scalars_array(</highlight><highlight class="keywordtype">int</highlight><highlight class="normal"><sp/>scalar_index)</highlight></codeline>
<codeline lineno="136"><highlight class="normal"><sp/><sp/><sp/><sp/>{</highlight></codeline>
<codeline lineno="137"><highlight class="normal"><sp/><sp/><sp/><sp/><sp/><sp/><sp/><sp/></highlight><highlight class="keywordflow">return</highlight><highlight class="normal"><sp/>this-&gt;_impl.template<sp/>get_scalars&lt;_data_type&gt;(scalar_index);</highlight></codeline>
<codeline lineno="138"><highlight class="normal"><sp/><sp/><sp/><sp/>}</highlight></codeline>
<codeline lineno="139"><highlight class="normal"></highlight></codeline>
<codeline lineno="140"><highlight class="normal"><sp/><sp/><sp/><sp/>ScalarsModel(_scalars&amp;<sp/>scalars,<sp/></highlight><highlight class="keyword">const</highlight><highlight class="normal"><sp/>std::vector&lt;<sp/>int<sp/>&gt;&amp;<sp/>device_ids);</highlight></codeline>
<codeline lineno="141"><highlight class="normal"></highlight></codeline>
<codeline lineno="142"><highlight class="normal"><sp/><sp/><sp/><sp/>_scalars&amp;<sp/>_impl;</highlight></codeline>
<codeline lineno="143"><highlight class="normal"><sp/><sp/><sp/><sp/></highlight><highlight class="keyword">const</highlight><highlight class="normal"><sp/>std::vector&lt;<sp/>int<sp/>&gt;&amp;<sp/>device_ids;</highlight></codeline>
<codeline lineno="144"><highlight class="normal"></highlight></codeline>
<codeline lineno="145"><highlight class="normal">};</highlight></codeline>
<codeline lineno="146"><highlight class="normal"></highlight></codeline>
<codeline lineno="157"><highlight class="normal"></highlight><highlight class="keyword">template</highlight><highlight class="normal"><sp/>&lt;</highlight><highlight class="keyword">class</highlight><highlight class="normal"><sp/>_scalars&gt;</highlight></codeline>
<codeline lineno="158"><highlight class="normal"></highlight><highlight class="keyword">struct<sp/></highlight><highlight class="normal">EntityScalars</highlight></codeline>
<codeline lineno="159"><highlight class="normal">{</highlight></codeline>
<codeline lineno="160"><highlight class="normal"></highlight></codeline>
<codeline lineno="161"><highlight class="normal"><sp/><sp/><sp/><sp/></highlight><highlight class="keyword">typedef</highlight><highlight class="normal"><sp/></highlight><highlight class="keyword">typename</highlight><highlight class="normal"><sp/>_scalars::KnownTypes<sp/>KnownTypes;</highlight></codeline>
<codeline lineno="162"><highlight class="normal"></highlight></codeline>
<codeline lineno="163"><highlight class="normal"><sp/><sp/><sp/><sp/>_scalars&amp;<sp/>_impl;</highlight></codeline>
<codeline lineno="164"><highlight class="normal"><sp/><sp/><sp/><sp/></highlight><highlight class="keywordtype">int</highlight><highlight class="normal"><sp/>element_index;</highlight></codeline>
<codeline lineno="165"><highlight class="normal"></highlight></codeline>
<codeline lineno="166"><highlight class="normal"><sp/><sp/><sp/><sp/>ROCKY_FUNCTIONS</highlight></codeline>
<codeline lineno="167"><highlight class="normal"><sp/><sp/><sp/><sp/>EntityScalars(_scalars&amp;<sp/>scalars,<sp/></highlight><highlight class="keywordtype">int</highlight><highlight class="normal"><sp/>_element_index)<sp/>:<sp/>_impl(scalars),<sp/>element_index(_element_index)</highlight></codeline>
<codeline lineno="168"><highlight class="normal"><sp/><sp/><sp/><sp/>{</highlight></codeline>
<codeline lineno="169"><highlight class="normal"><sp/><sp/><sp/><sp/>}</highlight></codeline>
<codeline lineno="170"><highlight class="normal"></highlight></codeline>
<codeline lineno="171"><highlight class="normal"><sp/><sp/><sp/><sp/></highlight><highlight class="keyword">template</highlight><highlight class="normal"><sp/>&lt;</highlight><highlight class="keyword">class</highlight><highlight class="normal"><sp/>_data_type<sp/>=<sp/></highlight><highlight class="keywordtype">double</highlight><highlight class="normal">&gt;</highlight></codeline>
<codeline lineno="172"><highlight class="normal"><sp/><sp/><sp/><sp/>ROCKY_FUNCTIONS</highlight></codeline>
<codeline lineno="173"><highlight class="normal"><sp/><sp/><sp/><sp/>_data_type&amp;<sp/>get_known_scalar(KnownTypes<sp/>scalars_type)</highlight></codeline>
<codeline lineno="174"><highlight class="normal"><sp/><sp/><sp/><sp/>{</highlight></codeline>
<codeline lineno="175"><highlight class="normal"><sp/><sp/><sp/><sp/><sp/><sp/><sp/><sp/></highlight><highlight class="keywordflow">return</highlight><highlight class="normal"><sp/>this-&gt;_impl._scalars::template<sp/>get_known_scalar&lt;_data_type&gt;(</highlight></codeline>
<codeline lineno="176"><highlight class="normal"><sp/><sp/><sp/><sp/><sp/><sp/><sp/><sp/><sp/><sp/><sp/><sp/>scalars_type,<sp/>this-&gt;element_index);</highlight></codeline>
<codeline lineno="177"><highlight class="normal"><sp/><sp/><sp/><sp/>}</highlight></codeline>
<codeline lineno="178"><highlight class="normal"></highlight></codeline>
<codeline lineno="179"><highlight class="normal"><sp/><sp/><sp/><sp/></highlight><highlight class="keyword">template</highlight><highlight class="normal"><sp/>&lt;</highlight><highlight class="keyword">class</highlight><highlight class="normal"><sp/>_data_type<sp/>=<sp/></highlight><highlight class="keywordtype">double</highlight><highlight class="normal">&gt;</highlight></codeline>
<codeline lineno="180"><highlight class="normal"><sp/><sp/><sp/><sp/>ROCKY_FUNCTIONS</highlight></codeline>
<codeline lineno="181"><highlight class="normal"><sp/><sp/><sp/><sp/><sp/><sp/><sp/><sp/>_data_type<sp/>get_known_scalar(KnownTypes<sp/>scalars_type)</highlight><highlight class="keyword"><sp/>const</highlight></codeline>
<codeline lineno="182"><highlight class="keyword"><sp/><sp/><sp/><sp/></highlight><highlight class="normal">{</highlight></codeline>
<codeline lineno="183"><highlight class="normal"><sp/><sp/><sp/><sp/><sp/><sp/><sp/><sp/></highlight><highlight class="keywordflow">return</highlight><highlight class="normal"><sp/>this-&gt;_impl._scalars::template<sp/>get_known_scalar&lt;_data_type&gt;(</highlight></codeline>
<codeline lineno="184"><highlight class="normal"><sp/><sp/><sp/><sp/><sp/><sp/><sp/><sp/><sp/><sp/><sp/><sp/>scalars_type,<sp/>this-&gt;element_index);</highlight></codeline>
<codeline lineno="185"><highlight class="normal"><sp/><sp/><sp/><sp/>}</highlight></codeline>
<codeline lineno="186"><highlight class="normal"></highlight></codeline>
<codeline lineno="187"><highlight class="normal"><sp/><sp/><sp/><sp/></highlight><highlight class="keyword">template</highlight><highlight class="normal"><sp/>&lt;</highlight><highlight class="keyword">class</highlight><highlight class="normal"><sp/>_data_type<sp/>=<sp/></highlight><highlight class="keywordtype">double</highlight><highlight class="normal">&gt;</highlight></codeline>
<codeline lineno="188"><highlight class="normal"><sp/><sp/><sp/><sp/>ROCKY_FUNCTIONS</highlight></codeline>
<codeline lineno="189"><highlight class="normal"><sp/><sp/><sp/><sp/><sp/><sp/><sp/><sp/></highlight><highlight class="keywordtype">void</highlight><highlight class="normal"><sp/>add_known_scalar(KnownTypes<sp/>scalars_type,<sp/>_data_type<sp/>value)</highlight></codeline>
<codeline lineno="190"><highlight class="normal"><sp/><sp/><sp/><sp/>{</highlight></codeline>
<codeline lineno="191"><highlight class="normal"><sp/><sp/><sp/><sp/><sp/><sp/><sp/><sp/>backend::atomic_add(</highlight></codeline>
<codeline lineno="192"><highlight class="normal"><sp/><sp/><sp/><sp/><sp/><sp/><sp/><sp/><sp/><sp/><sp/><sp/>&amp;this-&gt;_impl._scalars::template<sp/>get_known_scalar&lt;_data_type&gt;(</highlight></codeline>
<codeline lineno="193"><highlight class="normal"><sp/><sp/><sp/><sp/><sp/><sp/><sp/><sp/><sp/><sp/><sp/><sp/><sp/><sp/><sp/><sp/>scalars_type,<sp/>this-&gt;element_index),</highlight></codeline>
<codeline lineno="194"><highlight class="normal"><sp/><sp/><sp/><sp/><sp/><sp/><sp/><sp/><sp/><sp/><sp/><sp/>value);</highlight></codeline>
<codeline lineno="195"><highlight class="normal"><sp/><sp/><sp/><sp/>}</highlight></codeline>
<codeline lineno="196"><highlight class="normal"></highlight></codeline>
<codeline lineno="206"><highlight class="normal"><sp/><sp/><sp/><sp/></highlight><highlight class="keyword">template</highlight><highlight class="normal"><sp/>&lt;</highlight><highlight class="keyword">class</highlight><highlight class="normal"><sp/>_data_type<sp/>=<sp/></highlight><highlight class="keywordtype">double</highlight><highlight class="normal">&gt;</highlight></codeline>
<codeline lineno="207"><highlight class="normal"><sp/><sp/><sp/><sp/>ROCKY_FUNCTIONS</highlight></codeline>
<codeline lineno="208"><highlight class="normal"><sp/><sp/><sp/><sp/><sp/><sp/><sp/><sp/>_data_type<sp/>get_scalar(</highlight><highlight class="keywordtype">int</highlight><highlight class="normal"><sp/>scalar_index)</highlight><highlight class="keyword"><sp/>const</highlight></codeline>
<codeline lineno="209"><highlight class="keyword"><sp/><sp/><sp/><sp/></highlight><highlight class="normal">{</highlight></codeline>
<codeline lineno="210"><highlight class="normal"><sp/><sp/><sp/><sp/><sp/><sp/><sp/><sp/></highlight><highlight class="keywordflow">return</highlight><highlight class="normal"><sp/>this-&gt;_impl._scalars::template<sp/>get_scalar&lt;_data_type&gt;(scalar_index,<sp/>this-&gt;element_index);</highlight></codeline>
<codeline lineno="211"><highlight class="normal"><sp/><sp/><sp/><sp/>}</highlight></codeline>
<codeline lineno="212"><highlight class="normal"></highlight></codeline>
<codeline lineno="213"><highlight class="normal"><sp/><sp/><sp/><sp/>ROCKY_FUNCTIONS</highlight></codeline>
<codeline lineno="214"><highlight class="normal"><sp/><sp/><sp/><sp/><sp/><sp/><sp/><sp/><ref refid="structIRockyStatisticsAdder" kindref="compound">IRockyStatisticsAdder</ref><sp/>get_statistics_adder(</highlight><highlight class="keywordtype">int</highlight><highlight class="normal"><sp/>scalar_index)</highlight><highlight class="keyword"><sp/>const</highlight></codeline>
<codeline lineno="215"><highlight class="keyword"><sp/><sp/><sp/><sp/></highlight><highlight class="normal">{</highlight></codeline>
<codeline lineno="216"><highlight class="normal"><sp/><sp/><sp/><sp/><sp/><sp/><sp/><sp/></highlight><highlight class="keywordflow">return</highlight><highlight class="normal"><sp/>this-&gt;_impl._scalars::template<sp/>get_scalar&lt;IRockyStatisticsAdder&gt;(scalar_index,<sp/>this-&gt;element_index);</highlight></codeline>
<codeline lineno="217"><highlight class="normal"><sp/><sp/><sp/><sp/>}</highlight></codeline>
<codeline lineno="218"><highlight class="normal"></highlight></codeline>
<codeline lineno="219"><highlight class="normal"><sp/><sp/><sp/><sp/>ROCKY_FUNCTIONS</highlight></codeline>
<codeline lineno="220"><highlight class="normal"><sp/><sp/><sp/><sp/><sp/><sp/><sp/><sp/><ref refid="structIRockyStatisticsAccumulator" kindref="compound">IRockyStatisticsAccumulator</ref><sp/>get_statistics_accumulator(</highlight><highlight class="keywordtype">int</highlight><highlight class="normal"><sp/>scalar_index)</highlight><highlight class="keyword"><sp/>const</highlight></codeline>
<codeline lineno="221"><highlight class="keyword"><sp/><sp/><sp/><sp/></highlight><highlight class="normal">{</highlight></codeline>
<codeline lineno="222"><highlight class="normal"><sp/><sp/><sp/><sp/><sp/><sp/><sp/><sp/></highlight><highlight class="keywordflow">return</highlight><highlight class="normal"><sp/>this-&gt;_impl._scalars::template<sp/>get_scalar&lt;IRockyStatisticsAccumulator&gt;(scalar_index,<sp/>this-&gt;element_index);</highlight></codeline>
<codeline lineno="223"><highlight class="normal"><sp/><sp/><sp/><sp/>}</highlight></codeline>
<codeline lineno="224"><highlight class="normal"></highlight></codeline>
<codeline lineno="225"><highlight class="normal"><sp/><sp/><sp/><sp/>[[deprecated(</highlight><highlight class="stringliteral">&quot;IRockyStatisticsCounter<sp/>is<sp/>no<sp/>longer<sp/>needed<sp/>for<sp/>statistics&quot;</highlight><highlight class="normal">)]]</highlight></codeline>
<codeline lineno="226"><highlight class="normal"><sp/><sp/><sp/><sp/>ROCKY_FUNCTIONS</highlight></codeline>
<codeline lineno="227"><highlight class="normal"><sp/><sp/><sp/><sp/><sp/><sp/><sp/><sp/>IRockyStatisticsCounter<sp/>get_statistics_counter(</highlight><highlight class="keywordtype">int</highlight><highlight class="normal"><sp/>scalar_index)</highlight><highlight class="keyword"><sp/>const</highlight></codeline>
<codeline lineno="228"><highlight class="keyword"><sp/><sp/><sp/><sp/></highlight><highlight class="normal">{</highlight></codeline>
<codeline lineno="229"><highlight class="normal"><sp/><sp/><sp/><sp/><sp/><sp/><sp/><sp/></highlight><highlight class="keywordflow">return</highlight><highlight class="normal"><sp/>this-&gt;_impl._scalars::template<sp/>get_scalar&lt;IRockyStatisticsCounter&gt;(scalar_index,<sp/>this-&gt;element_index);</highlight></codeline>
<codeline lineno="230"><highlight class="normal"><sp/><sp/><sp/><sp/>}</highlight></codeline>
<codeline lineno="231"><highlight class="normal"></highlight></codeline>
<codeline lineno="241"><highlight class="normal"><sp/><sp/><sp/><sp/></highlight><highlight class="keyword">template</highlight><highlight class="normal"><sp/>&lt;</highlight><highlight class="keyword">class</highlight><highlight class="normal"><sp/>_data_type<sp/>=<sp/></highlight><highlight class="keywordtype">double</highlight><highlight class="normal">&gt;</highlight></codeline>
<codeline lineno="242"><highlight class="normal"><sp/><sp/><sp/><sp/>ROCKY_FUNCTIONS</highlight></codeline>
<codeline lineno="243"><highlight class="normal"><sp/><sp/><sp/><sp/><sp/><sp/><sp/><sp/></highlight><highlight class="keywordtype">void</highlight><highlight class="normal"><sp/>set_scalar(</highlight><highlight class="keywordtype">int</highlight><highlight class="normal"><sp/>scalars_index,<sp/>_data_type<sp/>value)</highlight><highlight class="keyword"><sp/>const</highlight></codeline>
<codeline lineno="244"><highlight class="keyword"><sp/><sp/><sp/><sp/></highlight><highlight class="normal">{</highlight></codeline>
<codeline lineno="245"><highlight class="normal"><sp/><sp/><sp/><sp/><sp/><sp/><sp/><sp/>this-&gt;_impl._scalars::template<sp/>get_scalar&lt;_data_type&gt;(</highlight></codeline>
<codeline lineno="246"><highlight class="normal"><sp/><sp/><sp/><sp/><sp/><sp/><sp/><sp/><sp/><sp/><sp/><sp/>scalars_index,<sp/>this-&gt;element_index)<sp/>=<sp/>value;</highlight></codeline>
<codeline lineno="247"><highlight class="normal"><sp/><sp/><sp/><sp/>}</highlight></codeline>
<codeline lineno="248"><highlight class="normal"></highlight></codeline>
<codeline lineno="258"><highlight class="normal"><sp/><sp/><sp/><sp/></highlight><highlight class="keyword">template</highlight><highlight class="normal"><sp/>&lt;</highlight><highlight class="keyword">class</highlight><highlight class="normal"><sp/>_data_type<sp/>=<sp/></highlight><highlight class="keywordtype">double</highlight><highlight class="normal">&gt;</highlight></codeline>
<codeline lineno="259"><highlight class="normal"><sp/><sp/><sp/><sp/>ROCKY_FUNCTIONS</highlight></codeline>
<codeline lineno="260"><highlight class="normal"><sp/><sp/><sp/><sp/><sp/><sp/><sp/><sp/></highlight><highlight class="keywordtype">void</highlight><highlight class="normal"><sp/>add_scalar(</highlight><highlight class="keywordtype">int</highlight><highlight class="normal"><sp/>scalar_index,<sp/>_data_type<sp/>value)</highlight><highlight class="keyword"><sp/>const</highlight></codeline>
<codeline lineno="261"><highlight class="keyword"><sp/><sp/><sp/><sp/></highlight><highlight class="normal">{</highlight></codeline>
<codeline lineno="262"><highlight class="normal"><sp/><sp/><sp/><sp/><sp/><sp/><sp/><sp/>backend::atomic_add(</highlight></codeline>
<codeline lineno="263"><highlight class="normal"><sp/><sp/><sp/><sp/><sp/><sp/><sp/><sp/><sp/><sp/><sp/><sp/>&amp;this-&gt;_impl._scalars::template<sp/>get_scalar&lt;_data_type&gt;(scalar_index,<sp/>this-&gt;element_index),</highlight></codeline>
<codeline lineno="264"><highlight class="normal"><sp/><sp/><sp/><sp/><sp/><sp/><sp/><sp/><sp/><sp/><sp/><sp/>value</highlight></codeline>
<codeline lineno="265"><highlight class="normal"><sp/><sp/><sp/><sp/><sp/><sp/><sp/><sp/>);</highlight></codeline>
<codeline lineno="266"><highlight class="normal"><sp/><sp/><sp/><sp/>}</highlight></codeline>
<codeline lineno="267"><highlight class="normal"></highlight></codeline>
<codeline lineno="279"><highlight class="normal"><sp/><sp/><sp/><sp/></highlight><highlight class="keyword">template</highlight><highlight class="normal"><sp/>&lt;</highlight><highlight class="keyword">class</highlight><highlight class="normal"><sp/>_data_type<sp/>=<sp/></highlight><highlight class="keywordtype">double</highlight><highlight class="normal">&gt;</highlight></codeline>
<codeline lineno="280"><highlight class="normal"><sp/><sp/><sp/><sp/>ROCKY_FUNCTIONS</highlight></codeline>
<codeline lineno="281"><highlight class="normal"><sp/><sp/><sp/><sp/><sp/><sp/><sp/><sp/></highlight><highlight class="keywordtype">void</highlight><highlight class="normal"><sp/>max_scalar(</highlight><highlight class="keywordtype">int</highlight><highlight class="normal"><sp/>scalar_index,<sp/>_data_type<sp/>value)</highlight><highlight class="keyword"><sp/>const</highlight></codeline>
<codeline lineno="282"><highlight class="keyword"><sp/><sp/><sp/><sp/></highlight><highlight class="normal">{</highlight></codeline>
<codeline lineno="283"><highlight class="normal"><sp/><sp/><sp/><sp/><sp/><sp/><sp/><sp/>backend::atomic_max(</highlight></codeline>
<codeline lineno="284"><highlight class="normal"><sp/><sp/><sp/><sp/><sp/><sp/><sp/><sp/><sp/><sp/><sp/><sp/>&amp;this-&gt;_impl._scalars::template<sp/>get_scalar&lt;_data_type&gt;(scalar_index,<sp/>this-&gt;element_index),</highlight></codeline>
<codeline lineno="285"><highlight class="normal"><sp/><sp/><sp/><sp/><sp/><sp/><sp/><sp/><sp/><sp/><sp/><sp/>value</highlight></codeline>
<codeline lineno="286"><highlight class="normal"><sp/><sp/><sp/><sp/><sp/><sp/><sp/><sp/>);</highlight></codeline>
<codeline lineno="287"><highlight class="normal"><sp/><sp/><sp/><sp/>}</highlight></codeline>
<codeline lineno="288"><highlight class="normal"></highlight></codeline>
<codeline lineno="289"><highlight class="normal"><sp/><sp/><sp/><sp/>[[deprecated(</highlight><highlight class="stringliteral">&quot;IRockyStatisticsCounter<sp/>is<sp/>no<sp/>longer<sp/>needed<sp/>for<sp/>statistics&quot;</highlight><highlight class="normal">)]]</highlight></codeline>
<codeline lineno="290"><highlight class="normal"><sp/><sp/><sp/><sp/>ROCKY_FUNCTIONS</highlight></codeline>
<codeline lineno="291"><highlight class="normal"><sp/><sp/><sp/><sp/></highlight><highlight class="keywordtype">void</highlight><highlight class="normal"><sp/>add_value_to_statistics_adder(</highlight><highlight class="keywordtype">int</highlight><highlight class="normal"><sp/>scalar_index,<sp/></highlight><highlight class="keywordtype">double</highlight><highlight class="normal"><sp/>value,<sp/></highlight><highlight class="keywordtype">double</highlight><highlight class="normal"><sp/>count)</highlight></codeline>
<codeline lineno="292"><highlight class="normal"><sp/><sp/><sp/><sp/>{</highlight></codeline>
<codeline lineno="293"><highlight class="normal"><sp/><sp/><sp/><sp/><sp/><sp/><sp/><sp/>rocky20::AAdder&amp;<sp/>adder<sp/>=<sp/>this-&gt;_impl._scalars::template</highlight></codeline>
<codeline lineno="294"><highlight class="normal"><sp/><sp/><sp/><sp/><sp/><sp/><sp/><sp/><sp/><sp/><sp/><sp/>get_scalar&lt;rocky20::AAdder&gt;(scalar_index,<sp/>this-&gt;element_index);</highlight></codeline>
<codeline lineno="295"><highlight class="normal"></highlight><highlight class="preprocessor">#ifdef<sp/>GPU_KERNEL_COMPILING_STAGE</highlight><highlight class="normal"></highlight></codeline>
<codeline lineno="296"><highlight class="normal"><sp/><sp/><sp/><sp/><sp/><sp/><sp/><sp/>adder.add_value&lt;CudaBackend&gt;(value);</highlight></codeline>
<codeline lineno="297"><highlight class="normal"></highlight><highlight class="preprocessor">#else</highlight><highlight class="normal"></highlight></codeline>
<codeline lineno="298"><highlight class="normal"><sp/><sp/><sp/><sp/><sp/><sp/><sp/><sp/>adder.add_value&lt;OMPBackend&gt;(value);</highlight></codeline>
<codeline lineno="299"><highlight class="normal"></highlight><highlight class="preprocessor">#endif</highlight><highlight class="normal"></highlight></codeline>
<codeline lineno="300"><highlight class="normal"><sp/><sp/><sp/><sp/>}</highlight></codeline>
<codeline lineno="301"><highlight class="normal"></highlight></codeline>
<codeline lineno="302"><highlight class="normal"><sp/><sp/><sp/><sp/>ROCKY_FUNCTIONS</highlight></codeline>
<codeline lineno="303"><highlight class="normal"><sp/><sp/><sp/><sp/></highlight><highlight class="keywordtype">void</highlight><highlight class="normal"><sp/>add_value_to_statistics_adder(</highlight><highlight class="keywordtype">int</highlight><highlight class="normal"><sp/>scalar_index,<sp/></highlight><highlight class="keywordtype">double</highlight><highlight class="normal"><sp/>value)</highlight></codeline>
<codeline lineno="304"><highlight class="normal"><sp/><sp/><sp/><sp/>{</highlight></codeline>
<codeline lineno="305"><highlight class="normal"><sp/><sp/><sp/><sp/><sp/><sp/><sp/><sp/>rocky20::AAdder&amp;<sp/>adder<sp/>=<sp/>this-&gt;_impl._scalars::template</highlight></codeline>
<codeline lineno="306"><highlight class="normal"><sp/><sp/><sp/><sp/><sp/><sp/><sp/><sp/><sp/><sp/><sp/><sp/>get_scalar&lt;rocky20::AAdder&gt;(scalar_index,<sp/>this-&gt;element_index);</highlight></codeline>
<codeline lineno="307"><highlight class="normal"></highlight><highlight class="preprocessor">#ifdef<sp/>GPU_KERNEL_COMPILING_STAGE</highlight><highlight class="normal"></highlight></codeline>
<codeline lineno="308"><highlight class="normal"><sp/><sp/><sp/><sp/><sp/><sp/><sp/><sp/>adder.add_value&lt;CudaBackend&gt;(value);</highlight></codeline>
<codeline lineno="309"><highlight class="normal"></highlight><highlight class="preprocessor">#else</highlight><highlight class="normal"></highlight></codeline>
<codeline lineno="310"><highlight class="normal"><sp/><sp/><sp/><sp/><sp/><sp/><sp/><sp/>adder.add_value&lt;OMPBackend&gt;(value);</highlight></codeline>
<codeline lineno="311"><highlight class="normal"></highlight><highlight class="preprocessor">#endif</highlight><highlight class="normal"></highlight></codeline>
<codeline lineno="312"><highlight class="normal"><sp/><sp/><sp/><sp/>}</highlight></codeline>
<codeline lineno="313"><highlight class="normal"></highlight></codeline>
<codeline lineno="317"><highlight class="normal"><sp/><sp/><sp/><sp/>ROCKY_FUNCTIONS</highlight></codeline>
<codeline lineno="318"><highlight class="normal"><sp/><sp/><sp/><sp/></highlight><highlight class="keywordtype">void</highlight><highlight class="normal"><sp/>add_value_to_statistics_accumulator(</highlight><highlight class="keywordtype">int</highlight><highlight class="normal"><sp/>scalar_index,<sp/></highlight><highlight class="keywordtype">double</highlight><highlight class="normal"><sp/>value)</highlight></codeline>
<codeline lineno="319"><highlight class="normal"><sp/><sp/><sp/><sp/>{</highlight></codeline>
<codeline lineno="320"><highlight class="normal"><sp/><sp/><sp/><sp/><sp/><sp/><sp/><sp/>rocky20::AAccumulator&amp;<sp/>accumulator<sp/>=<sp/>this-&gt;_impl._scalars::template</highlight></codeline>
<codeline lineno="321"><highlight class="normal"><sp/><sp/><sp/><sp/><sp/><sp/><sp/><sp/><sp/><sp/><sp/><sp/>get_scalar&lt;rocky20::AAccumulator&gt;(scalar_index,<sp/>this-&gt;element_index);</highlight></codeline>
<codeline lineno="322"><highlight class="normal"></highlight><highlight class="preprocessor">#ifdef<sp/>GPU_KERNEL_COMPILING_STAGE</highlight><highlight class="normal"></highlight></codeline>
<codeline lineno="323"><highlight class="normal"><sp/><sp/><sp/><sp/><sp/><sp/><sp/><sp/>accumulator.add_value&lt;CudaBackend&gt;(value);</highlight></codeline>
<codeline lineno="324"><highlight class="normal"></highlight><highlight class="preprocessor">#else</highlight><highlight class="normal"></highlight></codeline>
<codeline lineno="325"><highlight class="normal"><sp/><sp/><sp/><sp/><sp/><sp/><sp/><sp/>accumulator.add_value&lt;OMPBackend&gt;(value);</highlight></codeline>
<codeline lineno="326"><highlight class="normal"></highlight><highlight class="preprocessor">#endif</highlight><highlight class="normal"></highlight></codeline>
<codeline lineno="327"><highlight class="normal"><sp/><sp/><sp/><sp/>}</highlight></codeline>
<codeline lineno="328"><highlight class="normal"></highlight></codeline>
<codeline lineno="329"><highlight class="normal"><sp/><sp/><sp/><sp/>[[deprecated(</highlight><highlight class="stringliteral">&quot;IRockyStatisticsCounter<sp/>is<sp/>no<sp/>longer<sp/>needed<sp/>for<sp/>statistics&quot;</highlight><highlight class="normal">)]]</highlight></codeline>
<codeline lineno="330"><highlight class="normal"><sp/><sp/><sp/><sp/>ROCKY_FUNCTIONS</highlight></codeline>
<codeline lineno="331"><highlight class="normal"><sp/><sp/><sp/><sp/></highlight><highlight class="keywordtype">void</highlight><highlight class="normal"><sp/>increment_statistics_counter(</highlight><highlight class="keywordtype">int</highlight><highlight class="normal"><sp/>scalar_index)</highlight></codeline>
<codeline lineno="332"><highlight class="normal"><sp/><sp/><sp/><sp/>{</highlight></codeline>
<codeline lineno="333"><highlight class="normal"><sp/><sp/><sp/><sp/><sp/><sp/><sp/><sp/></highlight><highlight class="keywordtype">int</highlight><highlight class="normal">&amp;<sp/>counter<sp/>=</highlight></codeline>
<codeline lineno="334"><highlight class="normal"><sp/><sp/><sp/><sp/><sp/><sp/><sp/><sp/><sp/><sp/><sp/><sp/>this-&gt;_impl._scalars::template<sp/>get_scalar&lt;int&gt;(scalar_index,<sp/>this-&gt;element_index);</highlight></codeline>
<codeline lineno="335"><highlight class="normal"><sp/><sp/><sp/><sp/><sp/><sp/><sp/><sp/>backend::atomic_add(&amp;counter,<sp/>1);</highlight></codeline>
<codeline lineno="336"><highlight class="normal"><sp/><sp/><sp/><sp/>}</highlight></codeline>
<codeline lineno="337"><highlight class="normal"></highlight></codeline>
<codeline lineno="338"><highlight class="normal"><sp/><sp/><sp/><sp/>[[deprecated(</highlight><highlight class="stringliteral">&quot;IRockyStatisticsCounter<sp/>is<sp/>no<sp/>longer<sp/>needed<sp/>for<sp/>statistics&quot;</highlight><highlight class="normal">)]]</highlight></codeline>
<codeline lineno="339"><highlight class="normal"><sp/><sp/><sp/><sp/>ROCKY_FUNCTIONS</highlight></codeline>
<codeline lineno="340"><highlight class="normal"><sp/><sp/><sp/><sp/></highlight><highlight class="keywordtype">double</highlight><highlight class="normal"><sp/>get_statistics_count(</highlight><highlight class="keywordtype">int</highlight><highlight class="normal"><sp/>scalar_index)</highlight><highlight class="keyword"><sp/>const</highlight></codeline>
<codeline lineno="341"><highlight class="keyword"><sp/><sp/><sp/><sp/></highlight><highlight class="normal">{</highlight></codeline>
<codeline lineno="342"><highlight class="normal"><sp/><sp/><sp/><sp/><sp/><sp/><sp/><sp/></highlight><highlight class="keywordflow">return</highlight><highlight class="normal"><sp/>this-&gt;_impl._scalars::template<sp/>get_scalar&lt;int&gt;(scalar_index,<sp/>this-&gt;element_index);</highlight></codeline>
<codeline lineno="343"><highlight class="normal"><sp/><sp/><sp/><sp/>}</highlight></codeline>
<codeline lineno="344"><highlight class="normal">};</highlight></codeline>
<codeline lineno="345"><highlight class="normal"></highlight></codeline>
    </programlisting>
    <location file="source/c++/rocky20/api/rocky_scalars.h"/>
  </compounddef>
</doxygen>
