<?xml version='1.0' encoding='UTF-8' standalone='no'?>
<doxygen xmlns:xsi="http://www.w3.org/2001/XMLSchema-instance" xsi:noNamespaceSchemaLocation="compound.xsd" version="1.10.0" xml:lang="en-US">
  <compounddef id="rocky__cfd_8hpp" kind="file" language="C++">
    <compoundname>rocky_cfd.hpp</compoundname>
    <includes refid="rocky__particle__scalars_8hpp" local="yes">rocky_particle_scalars.hpp</includes>
    <includes refid="rocky__fluid__scalars_8hpp" local="yes">rocky_fluid_scalars.hpp</includes>
    <includes refid="rocky__particle_8hpp" local="no">rocky20/api/rocky_particle.hpp</includes>
    <includes refid="api__backend_8hpp" local="no">rocky20/api/device/api_backend.hpp</includes>
    <includes local="no">rocky20/device/device_model.hpp</includes>
    <includes local="no">rocky20/cuda/interaction_forces.hpp</includes>
    <includedby refid="rocky__api__cfd_8h" local="yes">source/c++/rocky20/api/rocky_api_cfd.h</includedby>
    <incdepgraph>
      <node id="5">
        <label>rocky20/api/device/api_backend.hpp</label>
        <link refid="api__backend_8hpp_source"/>
        <childnode refid="6" relation="include">
        </childnode>
        <childnode refid="7" relation="include">
        </childnode>
      </node>
      <node id="1">
        <label>source/c++/rocky20/api/rocky_cfd.hpp</label>
        <link refid="rocky__cfd_8hpp"/>
        <childnode refid="2" relation="include">
        </childnode>
        <childnode refid="10" relation="include">
        </childnode>
        <childnode refid="11" relation="include">
        </childnode>
        <childnode refid="5" relation="include">
        </childnode>
        <childnode refid="12" relation="include">
        </childnode>
        <childnode refid="14" relation="include">
        </childnode>
      </node>
      <node id="10">
        <label>rocky_fluid_scalars.hpp</label>
        <link refid="rocky__fluid__scalars_8hpp_source"/>
        <childnode refid="3" relation="include">
        </childnode>
      </node>
      <node id="11">
        <label>rocky20/api/rocky_particle.hpp</label>
        <link refid="rocky__particle_8hpp_source"/>
        <childnode refid="5" relation="include">
        </childnode>
        <childnode refid="2" relation="include">
        </childnode>
        <childnode refid="12" relation="include">
        </childnode>
        <childnode refid="13" relation="include">
        </childnode>
      </node>
      <node id="2">
        <label>rocky_particle_scalars.hpp</label>
        <link refid="rocky__particle__scalars_8hpp_source"/>
        <childnode refid="3" relation="include">
        </childnode>
      </node>
      <node id="3">
        <label>rocky_scalars.h</label>
        <link refid="rocky__scalars_8h_source"/>
        <childnode refid="4" relation="include">
        </childnode>
        <childnode refid="5" relation="include">
        </childnode>
        <childnode refid="8" relation="include">
        </childnode>
      </node>
      <node id="8">
        <label>rocky20/api/rocky_statistics_data.hpp</label>
        <link refid="rocky__statistics__data_8hpp_source"/>
        <childnode refid="9" relation="include">
        </childnode>
        <childnode refid="5" relation="include">
        </childnode>
      </node>
      <node id="6">
        <label>rocky20/cuda/cuda_basics.hpp</label>
      </node>
      <node id="14">
        <label>rocky20/cuda/interaction_forces.hpp</label>
      </node>
      <node id="12">
        <label>rocky20/device/device_model.hpp</label>
      </node>
      <node id="13">
        <label>rocky20/device/element_properties.hpp</label>
      </node>
      <node id="7">
        <label>rocky20/device/omp_backend.hpp</label>
      </node>
      <node id="4">
        <label>rocky20/model/rocky_model.h</label>
      </node>
      <node id="9">
        <label>rocky20/model/statistics_data.hpp</label>
      </node>
    </incdepgraph>
    <invincdepgraph>
      <node id="2">
        <label>source/c++/rocky20/api/rocky_api_cfd.h</label>
        <link refid="rocky__api__cfd_8h_source"/>
      </node>
      <node id="1">
        <label>source/c++/rocky20/api/rocky_cfd.hpp</label>
        <link refid="rocky__cfd_8hpp"/>
        <childnode refid="2" relation="include">
        </childnode>
      </node>
    </invincdepgraph>
    <innerclass refid="structIRockyCFDProperties" prot="public">IRockyCFDProperties</innerclass>
    <briefdescription>
    </briefdescription>
    <detaileddescription>
    </detaileddescription>
    <programlisting>
<codeline lineno="1"><highlight class="comment">//<sp/>(C)<sp/>2024<sp/>ANSYS,<sp/>Inc.<sp/>Unauthorized<sp/>use,<sp/>distribution,<sp/>or<sp/>duplication<sp/>is<sp/>prohibited.</highlight><highlight class="normal"></highlight></codeline>
<codeline lineno="2"><highlight class="normal"></highlight><highlight class="preprocessor">#pragma<sp/>once</highlight><highlight class="normal"></highlight></codeline>
<codeline lineno="3"><highlight class="normal"></highlight></codeline>
<codeline lineno="4"><highlight class="normal"></highlight><highlight class="comment">//<sp/>Includes<sp/>=======================================================================================</highlight><highlight class="normal"></highlight></codeline>
<codeline lineno="5"><highlight class="normal"></highlight><highlight class="preprocessor">#include<sp/>&quot;rocky_particle_scalars.hpp&quot;</highlight><highlight class="normal"></highlight></codeline>
<codeline lineno="6"><highlight class="normal"></highlight><highlight class="preprocessor">#include<sp/>&quot;rocky_fluid_scalars.hpp&quot;</highlight><highlight class="normal"></highlight></codeline>
<codeline lineno="7"><highlight class="normal"></highlight></codeline>
<codeline lineno="8"><highlight class="normal"></highlight><highlight class="preprocessor">#include<sp/>&lt;rocky20/api/rocky_particle.hpp&gt;</highlight><highlight class="normal"></highlight></codeline>
<codeline lineno="9"><highlight class="normal"></highlight><highlight class="preprocessor">#include<sp/>&lt;rocky20/api/device/api_backend.hpp&gt;</highlight><highlight class="normal"></highlight></codeline>
<codeline lineno="10"><highlight class="normal"></highlight><highlight class="preprocessor">#include<sp/>&lt;rocky20/device/device_model.hpp&gt;</highlight><highlight class="normal"></highlight></codeline>
<codeline lineno="11"><highlight class="normal"></highlight><highlight class="preprocessor">#include<sp/>&lt;rocky20/cuda/interaction_forces.hpp&gt;</highlight><highlight class="normal"></highlight></codeline>
<codeline lineno="12"><highlight class="normal"></highlight></codeline>
<codeline lineno="13"><highlight class="normal"></highlight><highlight class="comment">//<sp/>================================================================================================</highlight><highlight class="normal"></highlight></codeline>
<codeline lineno="14"><highlight class="normal"></highlight><highlight class="comment">//<sp/>IRockyCFDProperties</highlight><highlight class="normal"></highlight></codeline>
<codeline lineno="15"><highlight class="normal"></highlight><highlight class="comment">//<sp/>================================================================================================</highlight><highlight class="normal"></highlight></codeline>
<codeline lineno="16"><highlight class="normal"></highlight></codeline>
<codeline lineno="26" refid="structIRockyCFDProperties" refkind="compound"><highlight class="normal"></highlight><highlight class="keyword">struct<sp/></highlight><highlight class="normal"><ref refid="structIRockyCFDProperties" kindref="compound">IRockyCFDProperties</ref></highlight></codeline>
<codeline lineno="27"><highlight class="normal">{<sp/><sp/><sp/><sp/><sp/><sp/><sp/></highlight></codeline>
<codeline lineno="33" refid="structIRockyCFDProperties_1ad1b8eb5a0bb1345469d62bcd8429daf8" refkind="member"><highlight class="normal"><sp/><sp/><sp/><sp/></highlight><highlight class="keyword">inline</highlight><highlight class="normal"><sp/>ROCKY_FUNCTIONS<sp/></highlight><highlight class="keywordtype">double</highlight><highlight class="normal"><sp/><ref refid="structIRockyCFDProperties_1ad1b8eb5a0bb1345469d62bcd8429daf8" kindref="member">get_fluid_density</ref>()</highlight><highlight class="keyword"><sp/>const</highlight></codeline>
<codeline lineno="34"><highlight class="keyword"><sp/><sp/><sp/><sp/></highlight><highlight class="normal">{</highlight></codeline>
<codeline lineno="35"><highlight class="normal"><sp/><sp/><sp/><sp/><sp/><sp/><sp/><sp/></highlight><highlight class="keywordflow">return</highlight><highlight class="normal"><sp/>this-&gt;model-&gt;fluid_scalars-&gt;get_density(this-&gt;cfd_index);</highlight></codeline>
<codeline lineno="36"><highlight class="normal"><sp/><sp/><sp/><sp/>}</highlight></codeline>
<codeline lineno="37"><highlight class="normal"></highlight></codeline>
<codeline lineno="38"><highlight class="normal"></highlight></codeline>
<codeline lineno="44" refid="structIRockyCFDProperties_1ace8fe3ed8b6755c7594c337ded2fbe58" refkind="member"><highlight class="normal"><sp/><sp/><sp/><sp/></highlight><highlight class="keyword">inline</highlight><highlight class="normal"><sp/>ROCKY_FUNCTIONS<sp/></highlight><highlight class="keywordtype">double</highlight><highlight class="normal"><sp/><ref refid="structIRockyCFDProperties_1ace8fe3ed8b6755c7594c337ded2fbe58" kindref="member">get_fluid_viscosity</ref>()</highlight><highlight class="keyword"><sp/>const</highlight></codeline>
<codeline lineno="45"><highlight class="keyword"><sp/><sp/><sp/><sp/></highlight><highlight class="normal">{</highlight></codeline>
<codeline lineno="46"><highlight class="normal"><sp/><sp/><sp/><sp/><sp/><sp/><sp/><sp/></highlight><highlight class="keywordflow">return</highlight><highlight class="normal"><sp/>this-&gt;model-&gt;fluid_scalars-&gt;get_viscosity(this-&gt;cfd_index);</highlight></codeline>
<codeline lineno="47"><highlight class="normal"><sp/><sp/><sp/><sp/>}</highlight></codeline>
<codeline lineno="48"><highlight class="normal"></highlight></codeline>
<codeline lineno="49"><highlight class="normal"></highlight></codeline>
<codeline lineno="55" refid="structIRockyCFDProperties_1a9efc8d5c0074cae18fcbcada620ae162" refkind="member"><highlight class="normal"><sp/><sp/><sp/><sp/></highlight><highlight class="keyword">inline</highlight><highlight class="normal"><sp/>ROCKY_FUNCTIONS<sp/></highlight><highlight class="keywordtype">double</highlight><highlight class="normal"><sp/><ref refid="structIRockyCFDProperties_1a9efc8d5c0074cae18fcbcada620ae162" kindref="member">get_fluid_temperature</ref>()</highlight><highlight class="keyword"><sp/>const</highlight></codeline>
<codeline lineno="56"><highlight class="keyword"><sp/><sp/><sp/><sp/></highlight><highlight class="normal">{</highlight></codeline>
<codeline lineno="57"><highlight class="normal"><sp/><sp/><sp/><sp/><sp/><sp/><sp/><sp/></highlight><highlight class="keywordflow">return</highlight><highlight class="normal"><sp/>this-&gt;model-&gt;fluid_scalars-&gt;get_temperature(this-&gt;cfd_index);</highlight></codeline>
<codeline lineno="58"><highlight class="normal"><sp/><sp/><sp/><sp/>}</highlight></codeline>
<codeline lineno="59"><highlight class="normal"></highlight></codeline>
<codeline lineno="60"><highlight class="normal"></highlight></codeline>
<codeline lineno="65" refid="structIRockyCFDProperties_1a6f7d6f28278bd653921f6dd19b8972f1" refkind="member"><highlight class="normal"><sp/><sp/><sp/><sp/></highlight><highlight class="keyword">inline</highlight><highlight class="normal"><sp/>ROCKY_FUNCTIONS<sp/></highlight><highlight class="keywordtype">double</highlight><highlight class="normal"><sp/><ref refid="structIRockyCFDProperties_1a6f7d6f28278bd653921f6dd19b8972f1" kindref="member">get_fluid_specific_heat</ref>()</highlight><highlight class="keyword"><sp/>const</highlight></codeline>
<codeline lineno="66"><highlight class="keyword"><sp/><sp/><sp/><sp/></highlight><highlight class="normal">{</highlight></codeline>
<codeline lineno="67"><highlight class="normal"><sp/><sp/><sp/><sp/><sp/><sp/><sp/><sp/></highlight><highlight class="keywordflow">return</highlight><highlight class="normal"><sp/>this-&gt;model-&gt;fluid_scalars-&gt;get_specific_heat(this-&gt;cfd_index);</highlight></codeline>
<codeline lineno="68"><highlight class="normal"><sp/><sp/><sp/><sp/>}</highlight></codeline>
<codeline lineno="69"><highlight class="normal"></highlight></codeline>
<codeline lineno="70"><highlight class="normal"></highlight></codeline>
<codeline lineno="75" refid="structIRockyCFDProperties_1a2bc489cf137e3010d27ee7165d62f8ef" refkind="member"><highlight class="normal"><sp/><sp/><sp/><sp/></highlight><highlight class="keyword">inline</highlight><highlight class="normal"><sp/>ROCKY_FUNCTIONS<sp/></highlight><highlight class="keywordtype">double</highlight><highlight class="normal"><sp/><ref refid="structIRockyCFDProperties_1a2bc489cf137e3010d27ee7165d62f8ef" kindref="member">get_fluid_thermal_conductivity</ref>()</highlight><highlight class="keyword"><sp/>const</highlight></codeline>
<codeline lineno="76"><highlight class="keyword"><sp/><sp/><sp/><sp/></highlight><highlight class="normal">{</highlight></codeline>
<codeline lineno="77"><highlight class="normal"><sp/><sp/><sp/><sp/><sp/><sp/><sp/><sp/></highlight><highlight class="keywordflow">return</highlight><highlight class="normal"><sp/>this-&gt;model-&gt;fluid_scalars-&gt;get_thermal_conductivity(this-&gt;cfd_index);</highlight></codeline>
<codeline lineno="78"><highlight class="normal"><sp/><sp/><sp/><sp/>}</highlight></codeline>
<codeline lineno="79"><highlight class="normal"></highlight></codeline>
<codeline lineno="80"><highlight class="normal"></highlight></codeline>
<codeline lineno="86" refid="structIRockyCFDProperties_1a50a9b64cedef031bdf38377de0d0665a" refkind="member"><highlight class="normal"><sp/><sp/><sp/><sp/></highlight><highlight class="keyword">inline</highlight><highlight class="normal"><sp/>ROCKY_FUNCTIONS<sp/>double3<sp/><ref refid="structIRockyCFDProperties_1a50a9b64cedef031bdf38377de0d0665a" kindref="member">get_fluid_pressure_gradient</ref>()</highlight><highlight class="keyword"><sp/>const</highlight></codeline>
<codeline lineno="87"><highlight class="keyword"><sp/><sp/><sp/><sp/></highlight><highlight class="normal">{</highlight></codeline>
<codeline lineno="88"><highlight class="normal"><sp/><sp/><sp/><sp/><sp/><sp/><sp/><sp/></highlight><highlight class="keywordflow">return</highlight><highlight class="normal"><sp/>this-&gt;model-&gt;fluid_scalars-&gt;get_pressure_gradient(this-&gt;cfd_index);</highlight></codeline>
<codeline lineno="89"><highlight class="normal"><sp/><sp/><sp/><sp/>}</highlight></codeline>
<codeline lineno="90"><highlight class="normal"></highlight></codeline>
<codeline lineno="91"><highlight class="normal"></highlight></codeline>
<codeline lineno="98" refid="structIRockyCFDProperties_1a9070705d5011bf627a5ca1e083b28bb7" refkind="member"><highlight class="normal"><sp/><sp/><sp/><sp/></highlight><highlight class="keyword">inline</highlight><highlight class="normal"><sp/>ROCKY_FUNCTIONS<sp/>double3<sp/><ref refid="structIRockyCFDProperties_1a9070705d5011bf627a5ca1e083b28bb7" kindref="member">compute_fluid_vorticity</ref>()</highlight><highlight class="keyword"><sp/>const</highlight></codeline>
<codeline lineno="99"><highlight class="keyword"><sp/><sp/><sp/><sp/></highlight><highlight class="normal">{</highlight></codeline>
<codeline lineno="100"><highlight class="normal"><sp/><sp/><sp/><sp/><sp/><sp/><sp/><sp/></highlight><highlight class="keyword">const</highlight><highlight class="normal"><sp/>cu_real3<sp/>grad_u<sp/>=<sp/>this-&gt;model-&gt;fluid_scalars-&gt;get_velocity_u_gradient(this-&gt;cfd_index);</highlight></codeline>
<codeline lineno="101"><highlight class="normal"><sp/><sp/><sp/><sp/><sp/><sp/><sp/><sp/></highlight><highlight class="keyword">const</highlight><highlight class="normal"><sp/>cu_real3<sp/>grad_v<sp/>=<sp/>this-&gt;model-&gt;fluid_scalars-&gt;get_velocity_v_gradient(this-&gt;cfd_index);</highlight></codeline>
<codeline lineno="102"><highlight class="normal"><sp/><sp/><sp/><sp/><sp/><sp/><sp/><sp/></highlight><highlight class="keyword">const</highlight><highlight class="normal"><sp/>cu_real3<sp/>grad_w<sp/>=<sp/>this-&gt;model-&gt;fluid_scalars-&gt;get_velocity_w_gradient(this-&gt;cfd_index);</highlight></codeline>
<codeline lineno="103"><highlight class="normal"><sp/><sp/><sp/><sp/><sp/><sp/><sp/><sp/></highlight><highlight class="keywordflow">return</highlight><highlight class="normal"><sp/>double3{<sp/>grad_w.y<sp/>-<sp/>grad_v.z,<sp/>grad_u.z<sp/>-<sp/>grad_w.x,<sp/>grad_v.x<sp/>-<sp/>grad_u.y<sp/>};</highlight></codeline>
<codeline lineno="104"><highlight class="normal"><sp/><sp/><sp/><sp/>}</highlight></codeline>
<codeline lineno="105"><highlight class="normal"></highlight></codeline>
<codeline lineno="106"><highlight class="normal"></highlight></codeline>
<codeline lineno="113" refid="structIRockyCFDProperties_1a891e79c0311177f586f49ead9b9a182f" refkind="member"><highlight class="normal"><sp/><sp/><sp/><sp/></highlight><highlight class="keyword">inline</highlight><highlight class="normal"><sp/>ROCKY_FUNCTIONS<sp/>double3<sp/><ref refid="structIRockyCFDProperties_1a891e79c0311177f586f49ead9b9a182f" kindref="member">get_relative_velocity</ref>()</highlight><highlight class="keyword"><sp/>const</highlight></codeline>
<codeline lineno="114"><highlight class="keyword"><sp/><sp/><sp/><sp/></highlight><highlight class="normal">{</highlight></codeline>
<codeline lineno="115"><highlight class="normal"><sp/><sp/><sp/><sp/><sp/><sp/><sp/><sp/></highlight><highlight class="keywordflow">return</highlight><highlight class="normal"><sp/>this-&gt;props.relative_velocity;</highlight></codeline>
<codeline lineno="116"><highlight class="normal"><sp/><sp/><sp/><sp/>}</highlight></codeline>
<codeline lineno="117"><highlight class="normal"></highlight></codeline>
<codeline lineno="118"><highlight class="normal"></highlight></codeline>
<codeline lineno="126" refid="structIRockyCFDProperties_1a56a3b748ff0a15c3b4870b5fd240bd53" refkind="member"><highlight class="normal"><sp/><sp/><sp/><sp/></highlight><highlight class="keyword">inline</highlight><highlight class="normal"><sp/>ROCKY_FUNCTIONS<sp/></highlight><highlight class="keywordtype">double</highlight><highlight class="normal"><sp/><ref refid="structIRockyCFDProperties_1a56a3b748ff0a15c3b4870b5fd240bd53" kindref="member">get_reynolds_number</ref>()</highlight><highlight class="keyword"><sp/>const</highlight></codeline>
<codeline lineno="127"><highlight class="keyword"><sp/><sp/><sp/><sp/></highlight><highlight class="normal">{</highlight></codeline>
<codeline lineno="128"><highlight class="normal"><sp/><sp/><sp/><sp/><sp/><sp/><sp/><sp/></highlight><highlight class="keywordflow">return</highlight><highlight class="normal"><sp/>Reynolds(</highlight></codeline>
<codeline lineno="129"><highlight class="normal"><sp/><sp/><sp/><sp/><sp/><sp/><sp/><sp/><sp/><sp/><sp/><sp/>props.relative_velocity_norm,</highlight></codeline>
<codeline lineno="130"><highlight class="normal"><sp/><sp/><sp/><sp/><sp/><sp/><sp/><sp/><sp/><sp/><sp/><sp/>this-&gt;get_fluid_density(),<sp/>props.diameter,</highlight></codeline>
<codeline lineno="131"><highlight class="normal"><sp/><sp/><sp/><sp/><sp/><sp/><sp/><sp/><sp/><sp/><sp/><sp/>this-&gt;get_fluid_viscosity()<sp/>*<sp/>props.cgm_factor</highlight></codeline>
<codeline lineno="132"><highlight class="normal"><sp/><sp/><sp/><sp/><sp/><sp/><sp/><sp/>)<sp/>+<sp/>DBL_EPSILON;</highlight></codeline>
<codeline lineno="133"><highlight class="normal"><sp/><sp/><sp/><sp/>}</highlight></codeline>
<codeline lineno="134"><highlight class="normal"></highlight></codeline>
<codeline lineno="135"><highlight class="normal"></highlight></codeline>
<codeline lineno="143" refid="structIRockyCFDProperties_1a6fd3d1388c1b57c53e0d6a0966ecbd0b" refkind="member"><highlight class="normal"><sp/><sp/><sp/><sp/></highlight><highlight class="keyword">inline</highlight><highlight class="normal"><sp/>ROCKY_FUNCTIONS<sp/></highlight><highlight class="keywordtype">double</highlight><highlight class="normal"><sp/><ref refid="structIRockyCFDProperties_1a6fd3d1388c1b57c53e0d6a0966ecbd0b" kindref="member">compute_vorticity_reynolds_number</ref>()</highlight><highlight class="keyword"><sp/>const</highlight></codeline>
<codeline lineno="144"><highlight class="keyword"><sp/><sp/><sp/><sp/></highlight><highlight class="normal">{</highlight></codeline>
<codeline lineno="145"><highlight class="normal"><sp/><sp/><sp/><sp/><sp/><sp/><sp/><sp/></highlight><highlight class="keywordtype">double</highlight><highlight class="normal"><sp/>omega_f<sp/>=<sp/>rocky::vector::get_norm(this-&gt;<ref refid="structIRockyCFDProperties_1a9070705d5011bf627a5ca1e083b28bb7" kindref="member">compute_fluid_vorticity</ref>());</highlight></codeline>
<codeline lineno="146"><highlight class="normal"><sp/><sp/><sp/><sp/><sp/><sp/><sp/><sp/></highlight><highlight class="keywordflow">return</highlight><highlight class="normal"><sp/>Reynolds_omega(omega_f,<sp/>this-&gt;<ref refid="structIRockyCFDProperties_1ad1b8eb5a0bb1345469d62bcd8429daf8" kindref="member">get_fluid_density</ref>(),<sp/>this-&gt;props.diameter,</highlight></codeline>
<codeline lineno="147"><highlight class="normal"><sp/><sp/><sp/><sp/><sp/><sp/><sp/><sp/><sp/><sp/><sp/><sp/>this-&gt;get_fluid_viscosity()<sp/>*<sp/>props.cgm_factor)<sp/>+<sp/>DBL_EPSILON;</highlight></codeline>
<codeline lineno="148"><highlight class="normal"><sp/><sp/><sp/><sp/>}</highlight></codeline>
<codeline lineno="149"><highlight class="normal"></highlight></codeline>
<codeline lineno="150"><highlight class="normal"></highlight></codeline>
<codeline lineno="158" refid="structIRockyCFDProperties_1adc32c375f6f3d377b21cd019c336e8c5" refkind="member"><highlight class="normal"><sp/><sp/><sp/><sp/></highlight><highlight class="keyword">inline</highlight><highlight class="normal"><sp/>ROCKY_FUNCTIONS<sp/></highlight><highlight class="keywordtype">double</highlight><highlight class="normal"><sp/><ref refid="structIRockyCFDProperties_1adc32c375f6f3d377b21cd019c336e8c5" kindref="member">compute_relative_angular_reynolds_number</ref>(</highlight></codeline>
<codeline lineno="159"><highlight class="normal"><sp/><sp/><sp/><sp/><sp/><sp/><sp/><sp/></highlight><highlight class="keyword">const</highlight><highlight class="normal"><sp/>double3&amp;<sp/>particle_angular_velocity)</highlight><highlight class="keyword"><sp/>const</highlight></codeline>
<codeline lineno="160"><highlight class="keyword"><sp/><sp/><sp/><sp/></highlight><highlight class="normal">{</highlight></codeline>
<codeline lineno="161"><highlight class="normal"><sp/><sp/><sp/><sp/><sp/><sp/><sp/><sp/></highlight><highlight class="keywordtype">double</highlight><highlight class="normal"><sp/>omega_r<sp/>=<sp/>rocky::vector::get_norm(0.5<sp/>*<sp/>this-&gt;<ref refid="structIRockyCFDProperties_1a9070705d5011bf627a5ca1e083b28bb7" kindref="member">compute_fluid_vorticity</ref>()<sp/>-<sp/>particle_angular_velocity);</highlight></codeline>
<codeline lineno="162"><highlight class="normal"><sp/><sp/><sp/><sp/><sp/><sp/><sp/><sp/></highlight><highlight class="keywordflow">return</highlight><highlight class="normal"><sp/>Reynolds_omega(omega_r,<sp/>this-&gt;<ref refid="structIRockyCFDProperties_1ad1b8eb5a0bb1345469d62bcd8429daf8" kindref="member">get_fluid_density</ref>(),<sp/>this-&gt;props.diameter,</highlight></codeline>
<codeline lineno="163"><highlight class="normal"><sp/><sp/><sp/><sp/><sp/><sp/><sp/><sp/><sp/><sp/><sp/><sp/>this-&gt;get_fluid_viscosity()<sp/>*<sp/>props.cgm_factor)<sp/>+<sp/>DBL_EPSILON;</highlight></codeline>
<codeline lineno="164"><highlight class="normal"><sp/><sp/><sp/><sp/>}</highlight></codeline>
<codeline lineno="165"><highlight class="normal"></highlight></codeline>
<codeline lineno="166"><highlight class="normal"></highlight></codeline>
<codeline lineno="173" refid="structIRockyCFDProperties_1a345be7a5c45f89f292fb864311c36ad6" refkind="member"><highlight class="normal"><sp/><sp/><sp/><sp/></highlight><highlight class="keyword">inline</highlight><highlight class="normal"><sp/>ROCKY_FUNCTIONS<sp/></highlight><highlight class="keywordtype">double</highlight><highlight class="normal"><sp/><ref refid="structIRockyCFDProperties_1a345be7a5c45f89f292fb864311c36ad6" kindref="member">get_prandtl_number</ref>()</highlight><highlight class="keyword"><sp/>const</highlight></codeline>
<codeline lineno="174"><highlight class="keyword"><sp/><sp/><sp/><sp/></highlight><highlight class="normal">{</highlight></codeline>
<codeline lineno="175"><highlight class="normal"><sp/><sp/><sp/><sp/><sp/><sp/><sp/><sp/></highlight><highlight class="keywordflow">if</highlight><highlight class="normal"><sp/>(this-&gt;<ref refid="structIRockyCFDProperties_1a2bc489cf137e3010d27ee7165d62f8ef" kindref="member">get_fluid_thermal_conductivity</ref>()<sp/>&gt;<sp/>SMALL_VALUE)</highlight></codeline>
<codeline lineno="176"><highlight class="normal"><sp/><sp/><sp/><sp/><sp/><sp/><sp/><sp/>{</highlight></codeline>
<codeline lineno="177"><highlight class="normal"><sp/><sp/><sp/><sp/><sp/><sp/><sp/><sp/><sp/><sp/><sp/><sp/></highlight><highlight class="keywordflow">return</highlight><highlight class="normal"><sp/>this-&gt;<ref refid="structIRockyCFDProperties_1a6f7d6f28278bd653921f6dd19b8972f1" kindref="member">get_fluid_specific_heat</ref>()<sp/>*<sp/>this-&gt;<ref refid="structIRockyCFDProperties_1ace8fe3ed8b6755c7594c337ded2fbe58" kindref="member">get_fluid_viscosity</ref>()<sp/></highlight></codeline>
<codeline lineno="178"><highlight class="normal"><sp/><sp/><sp/><sp/><sp/><sp/><sp/><sp/><sp/><sp/><sp/><sp/><sp/><sp/><sp/><sp/>/<sp/>this-&gt;<ref refid="structIRockyCFDProperties_1a2bc489cf137e3010d27ee7165d62f8ef" kindref="member">get_fluid_thermal_conductivity</ref>();</highlight></codeline>
<codeline lineno="179"><highlight class="normal"><sp/><sp/><sp/><sp/><sp/><sp/><sp/><sp/>}</highlight></codeline>
<codeline lineno="180"><highlight class="normal"><sp/><sp/><sp/><sp/><sp/><sp/><sp/><sp/></highlight><highlight class="keywordflow">else</highlight><highlight class="normal"></highlight></codeline>
<codeline lineno="181"><highlight class="normal"><sp/><sp/><sp/><sp/><sp/><sp/><sp/><sp/>{</highlight></codeline>
<codeline lineno="182"><highlight class="normal"><sp/><sp/><sp/><sp/><sp/><sp/><sp/><sp/><sp/><sp/><sp/><sp/></highlight><highlight class="keywordflow">return</highlight><highlight class="normal"><sp/>DBL_MAX;</highlight></codeline>
<codeline lineno="183"><highlight class="normal"><sp/><sp/><sp/><sp/><sp/><sp/><sp/><sp/>}</highlight></codeline>
<codeline lineno="184"><highlight class="normal"><sp/><sp/><sp/><sp/>}</highlight></codeline>
<codeline lineno="185"><highlight class="normal"></highlight></codeline>
<codeline lineno="186"><highlight class="normal"></highlight></codeline>
<codeline lineno="195" refid="structIRockyCFDProperties_1af868d4c581ae2e98db27b2785523b688" refkind="member"><highlight class="normal"><sp/><sp/><sp/><sp/></highlight><highlight class="keyword">inline</highlight><highlight class="normal"><sp/>ROCKY_FUNCTIONS<sp/></highlight><highlight class="keywordtype">double</highlight><highlight class="normal"><sp/><ref refid="structIRockyCFDProperties_1af868d4c581ae2e98db27b2785523b688" kindref="member">get_solid_fraction</ref>()</highlight><highlight class="keyword"><sp/>const</highlight></codeline>
<codeline lineno="196"><highlight class="keyword"><sp/><sp/><sp/><sp/></highlight><highlight class="normal">{</highlight></codeline>
<codeline lineno="197"><highlight class="normal"><sp/><sp/><sp/><sp/><sp/><sp/><sp/><sp/></highlight><highlight class="keywordflow">return</highlight><highlight class="normal"><sp/>this-&gt;model-&gt;fluid_scalars-&gt;get_solid_volume_fraction(this-&gt;cfd_index);</highlight></codeline>
<codeline lineno="198"><highlight class="normal"><sp/><sp/><sp/><sp/>}</highlight></codeline>
<codeline lineno="199"><highlight class="normal"></highlight></codeline>
<codeline lineno="205" refid="structIRockyCFDProperties_1a07a10f12cf5cb16540107a1272e3cea9" refkind="member"><highlight class="normal"><sp/><sp/><sp/><sp/></highlight><highlight class="keyword">inline</highlight><highlight class="normal"><sp/>ROCKY_FUNCTIONS<sp/></highlight><highlight class="keywordtype">double</highlight><highlight class="normal"><sp/><ref refid="structIRockyCFDProperties_1a07a10f12cf5cb16540107a1272e3cea9" kindref="member">get_cell_volume</ref>()</highlight><highlight class="keyword"><sp/>const</highlight></codeline>
<codeline lineno="206"><highlight class="keyword"><sp/><sp/><sp/><sp/></highlight><highlight class="normal">{</highlight></codeline>
<codeline lineno="207"><highlight class="normal"><sp/><sp/><sp/><sp/><sp/><sp/><sp/><sp/></highlight><highlight class="keywordflow">return</highlight><highlight class="normal"><sp/>this-&gt;model-&gt;fluid_scalars-&gt;get_cell_volume(this-&gt;cfd_index);</highlight></codeline>
<codeline lineno="208"><highlight class="normal"><sp/><sp/><sp/><sp/>}</highlight></codeline>
<codeline lineno="209"><highlight class="normal"></highlight></codeline>
<codeline lineno="215" refid="structIRockyCFDProperties_1a995c4c9158aff6f72e0b1fdfe39dac9f" refkind="member"><highlight class="normal"><sp/><sp/><sp/><sp/></highlight><highlight class="keyword">inline</highlight><highlight class="normal"><sp/>ROCKY_FUNCTIONS<sp/><ref refid="structIRockyFluidScalars" kindref="compound">IRockyFluidScalars</ref><sp/><ref refid="structIRockyCFDProperties_1a995c4c9158aff6f72e0b1fdfe39dac9f" kindref="member">get_scalars</ref>()</highlight><highlight class="keyword"><sp/>const</highlight></codeline>
<codeline lineno="216"><highlight class="keyword"><sp/><sp/><sp/><sp/></highlight><highlight class="normal">{</highlight></codeline>
<codeline lineno="217"><highlight class="normal"><sp/><sp/><sp/><sp/><sp/><sp/><sp/><sp/></highlight><highlight class="keywordflow">return</highlight><highlight class="normal"><sp/><ref refid="structIRockyFluidScalars" kindref="compound">IRockyFluidScalars</ref>(*this-&gt;model-&gt;fluid_scalars,<sp/>this-&gt;cfd_index);</highlight></codeline>
<codeline lineno="218"><highlight class="normal"><sp/><sp/><sp/><sp/>}</highlight></codeline>
<codeline lineno="219"><highlight class="normal"></highlight></codeline>
<codeline lineno="223" refid="structIRockyCFDProperties_1a39fb9991d8c793491701fa07c269de2e" refkind="member"><highlight class="normal"><sp/><sp/><sp/><sp/></highlight><highlight class="keyword">inline</highlight><highlight class="normal"><sp/>ROCKY_FUNCTIONS<sp/></highlight><highlight class="keywordtype">double</highlight><highlight class="normal"><sp/><ref refid="structIRockyCFDProperties_1a39fb9991d8c793491701fa07c269de2e" kindref="member">get_cfd_time_step</ref>()</highlight><highlight class="keyword"><sp/>const</highlight></codeline>
<codeline lineno="224"><highlight class="keyword"><sp/><sp/><sp/><sp/></highlight><highlight class="normal">{</highlight></codeline>
<codeline lineno="225"><highlight class="normal"><sp/><sp/><sp/><sp/><sp/><sp/><sp/><sp/></highlight><highlight class="keywordflow">return</highlight><highlight class="normal"><sp/>this-&gt;model-&gt;gen_cfd-&gt;dt_target_f;</highlight></codeline>
<codeline lineno="226"><highlight class="normal"><sp/><sp/><sp/><sp/>}</highlight></codeline>
<codeline lineno="227"><highlight class="normal"></highlight></codeline>
<codeline lineno="228"><highlight class="normal"></highlight></codeline>
<codeline lineno="231"><highlight class="normal"><sp/><sp/><sp/><sp/></highlight><highlight class="keyword">inline</highlight><highlight class="normal"><sp/>ROCKY_FUNCTIONS<sp/></highlight><highlight class="keywordtype">double</highlight><highlight class="normal"><sp/>get_particle_equivalent_diameter()</highlight><highlight class="keyword"><sp/>const</highlight></codeline>
<codeline lineno="232"><highlight class="keyword"><sp/><sp/><sp/><sp/></highlight><highlight class="normal">{</highlight></codeline>
<codeline lineno="233"><highlight class="normal"><sp/><sp/><sp/><sp/><sp/><sp/><sp/><sp/></highlight><highlight class="keywordflow">return</highlight><highlight class="normal"><sp/>this-&gt;props.diameter;</highlight></codeline>
<codeline lineno="234"><highlight class="normal"><sp/><sp/><sp/><sp/>}</highlight></codeline>
<codeline lineno="235"><highlight class="normal"></highlight></codeline>
<codeline lineno="236"><highlight class="normal"><sp/><sp/><sp/><sp/></highlight><highlight class="keyword">inline</highlight><highlight class="normal"><sp/>ROCKY_FUNCTIONS<sp/></highlight><highlight class="keywordtype">double</highlight><highlight class="normal"><sp/>get_particle_volume()</highlight><highlight class="keyword"><sp/>const</highlight></codeline>
<codeline lineno="237"><highlight class="keyword"><sp/><sp/><sp/><sp/></highlight><highlight class="normal">{</highlight></codeline>
<codeline lineno="238"><highlight class="normal"><sp/><sp/><sp/><sp/><sp/><sp/><sp/><sp/></highlight><highlight class="keywordflow">return</highlight><highlight class="normal"><sp/>M_PI<sp/>/<sp/>6.0<sp/>*<sp/>this-&gt;props.diameter<sp/>*<sp/>this-&gt;props.diameter<sp/>*<sp/>this-&gt;props.diameter;</highlight></codeline>
<codeline lineno="239"><highlight class="normal"><sp/><sp/><sp/><sp/>}</highlight></codeline>
<codeline lineno="240"><highlight class="normal"></highlight></codeline>
<codeline lineno="241"><highlight class="normal"><sp/><sp/><sp/><sp/></highlight><highlight class="keyword">inline</highlight><highlight class="normal"><sp/>ROCKY_FUNCTIONS<sp/></highlight><highlight class="keywordtype">double</highlight><highlight class="normal"><sp/>get_particle_solid_volume(</highlight><highlight class="keyword">const</highlight><highlight class="normal"><sp/></highlight><highlight class="keywordtype">double</highlight><highlight class="normal"><sp/>porosity_fraction)</highlight><highlight class="keyword"><sp/>const</highlight></codeline>
<codeline lineno="242"><highlight class="keyword"><sp/><sp/><sp/><sp/></highlight><highlight class="normal">{</highlight></codeline>
<codeline lineno="243"><highlight class="normal"><sp/><sp/><sp/><sp/><sp/><sp/><sp/><sp/></highlight><highlight class="keywordflow">return</highlight><highlight class="normal"><sp/>this-&gt;get_particle_volume()<sp/>*<sp/>(1.0<sp/>-<sp/>porosity_fraction);</highlight></codeline>
<codeline lineno="244"><highlight class="normal"><sp/><sp/><sp/><sp/>}</highlight></codeline>
<codeline lineno="245"><highlight class="normal"></highlight></codeline>
<codeline lineno="246"><highlight class="normal"><sp/><sp/><sp/><sp/></highlight><highlight class="keyword">inline</highlight><highlight class="normal"><sp/>ROCKY_FUNCTIONS<sp/></highlight><highlight class="keywordtype">double</highlight><highlight class="normal"><sp/>get_particle_equivalent_cross_area()</highlight><highlight class="keyword"><sp/>const</highlight></codeline>
<codeline lineno="247"><highlight class="keyword"><sp/><sp/><sp/><sp/></highlight><highlight class="normal">{</highlight></codeline>
<codeline lineno="248"><highlight class="normal"><sp/><sp/><sp/><sp/><sp/><sp/><sp/><sp/></highlight><highlight class="keywordflow">return</highlight><highlight class="normal"><sp/>0.25<sp/>*<sp/>M_PI<sp/>*<sp/>this-&gt;props.diameter<sp/>*<sp/>this-&gt;props.diameter;</highlight></codeline>
<codeline lineno="249"><highlight class="normal"><sp/><sp/><sp/><sp/>}</highlight></codeline>
<codeline lineno="250"><highlight class="normal"></highlight></codeline>
<codeline lineno="251"><highlight class="normal"><sp/><sp/><sp/><sp/></highlight><highlight class="comment">//<sp/>Equivalent<sp/>to<sp/>RockyParticle::get_sphericity<sp/>but<sp/>faster,<sp/>as<sp/>the<sp/>equivalent<sp/>diameter<sp/>is<sp/>already</highlight><highlight class="normal"></highlight></codeline>
<codeline lineno="252"><highlight class="normal"><sp/><sp/><sp/><sp/></highlight><highlight class="comment">//<sp/>computed<sp/>(which<sp/>requires<sp/>a<sp/>cubic<sp/>root)</highlight><highlight class="normal"></highlight></codeline>
<codeline lineno="253"><highlight class="normal"><sp/><sp/><sp/><sp/></highlight><highlight class="keyword">inline</highlight><highlight class="normal"><sp/>ROCKY_FUNCTIONS<sp/></highlight><highlight class="keywordtype">double</highlight><highlight class="normal"><sp/>compute_particle_sphericity(</highlight><highlight class="keyword">const</highlight><highlight class="normal"><sp/>RockyParticle&amp;<sp/>particle)</highlight><highlight class="keyword"><sp/>const</highlight></codeline>
<codeline lineno="254"><highlight class="keyword"><sp/><sp/><sp/><sp/></highlight><highlight class="normal">{</highlight></codeline>
<codeline lineno="255"><highlight class="normal"><sp/><sp/><sp/><sp/><sp/><sp/><sp/><sp/></highlight><highlight class="keywordflow">return</highlight><highlight class="normal"><sp/>(particle.get_group().tpe<sp/>==<sp/>ptSpherical)</highlight></codeline>
<codeline lineno="256"><highlight class="normal"><sp/><sp/><sp/><sp/><sp/><sp/><sp/><sp/><sp/><sp/><sp/><sp/>?<sp/>1.0</highlight></codeline>
<codeline lineno="257"><highlight class="normal"><sp/><sp/><sp/><sp/><sp/><sp/><sp/><sp/><sp/><sp/><sp/><sp/>:<sp/>(M_PI<sp/>*<sp/>this-&gt;props.diameter<sp/>*<sp/>this-&gt;props.diameter)<sp/>/<sp/>particle.get_area();</highlight></codeline>
<codeline lineno="258"><highlight class="normal"><sp/><sp/><sp/><sp/>}</highlight></codeline>
<codeline lineno="259"><highlight class="normal"></highlight></codeline>
<codeline lineno="260"><highlight class="normal"><sp/><sp/><sp/><sp/></highlight><highlight class="keyword">inline</highlight><highlight class="normal"><sp/>ROCKY_FUNCTIONS<sp/></highlight><highlight class="keywordtype">double</highlight><highlight class="normal"><sp/>get_relative_velocity_norm()</highlight><highlight class="keyword"><sp/>const</highlight></codeline>
<codeline lineno="261"><highlight class="keyword"><sp/><sp/><sp/><sp/></highlight><highlight class="normal">{</highlight></codeline>
<codeline lineno="262"><highlight class="normal"><sp/><sp/><sp/><sp/><sp/><sp/><sp/><sp/></highlight><highlight class="keywordflow">return</highlight><highlight class="normal"><sp/>this-&gt;props.relative_velocity_norm;</highlight></codeline>
<codeline lineno="263"><highlight class="normal"><sp/><sp/><sp/><sp/>}</highlight></codeline>
<codeline lineno="264"><highlight class="normal"></highlight></codeline>
<codeline lineno="268"><highlight class="normal"><sp/><sp/><sp/><sp/></highlight><highlight class="keyword">inline</highlight><highlight class="normal"><sp/>ROCKY_FUNCTIONS<sp/></highlight><highlight class="keywordtype">double</highlight><highlight class="normal"><sp/>get_operational_pressure()</highlight><highlight class="keyword"><sp/>const</highlight></codeline>
<codeline lineno="269"><highlight class="keyword"><sp/><sp/><sp/><sp/></highlight><highlight class="normal">{</highlight></codeline>
<codeline lineno="270"><highlight class="normal"><sp/><sp/><sp/><sp/><sp/><sp/><sp/><sp/></highlight><highlight class="keywordflow">return</highlight><highlight class="normal"><sp/>this-&gt;model-&gt;gen_cfd-&gt;operational_pressure;</highlight></codeline>
<codeline lineno="271"><highlight class="normal"><sp/><sp/><sp/><sp/>}</highlight></codeline>
<codeline lineno="272"><highlight class="normal"></highlight></codeline>
<codeline lineno="276"><highlight class="normal"><sp/><sp/><sp/><sp/></highlight><highlight class="keyword">inline</highlight><highlight class="normal"><sp/>ROCKY_FUNCTIONS<sp/></highlight><highlight class="keywordtype">double</highlight><highlight class="normal"><sp/>get_reference_density()</highlight><highlight class="keyword"><sp/>const</highlight></codeline>
<codeline lineno="277"><highlight class="keyword"><sp/><sp/><sp/><sp/></highlight><highlight class="normal">{</highlight></codeline>
<codeline lineno="278"><highlight class="normal"><sp/><sp/><sp/><sp/><sp/><sp/><sp/><sp/></highlight><highlight class="keywordflow">return</highlight><highlight class="normal"><sp/>this-&gt;model-&gt;gen_cfd-&gt;relative_density;</highlight></codeline>
<codeline lineno="279"><highlight class="normal"><sp/><sp/><sp/><sp/>}</highlight></codeline>
<codeline lineno="280"><highlight class="normal"></highlight></codeline>
<codeline lineno="281"><highlight class="normal"><sp/><sp/><sp/><sp/>SDeviceModel*<sp/>model;</highlight></codeline>
<codeline lineno="282"><highlight class="normal"><sp/><sp/><sp/><sp/>CFDParticleProperties<sp/>props;</highlight></codeline>
<codeline lineno="283"><highlight class="normal"><sp/><sp/><sp/><sp/></highlight><highlight class="keywordtype">int</highlight><highlight class="normal"><sp/>cfd_index;</highlight></codeline>
<codeline lineno="284"><highlight class="normal"><sp/><sp/><sp/><sp/></highlight><highlight class="keyword">const</highlight><highlight class="normal"><sp/>CFDParticleGroup*<sp/>cfd_particle_group;</highlight></codeline>
<codeline lineno="285"><highlight class="normal"></highlight></codeline>
<codeline lineno="286"><highlight class="normal"><sp/><sp/><sp/><sp/></highlight><highlight class="keyword">inline</highlight><highlight class="normal"><sp/>ROCKY_FUNCTIONS<sp/></highlight><highlight class="keywordtype">void</highlight><highlight class="normal"><sp/>reset(</highlight><highlight class="keywordtype">int</highlight><highlight class="normal"><sp/>particle_index,<sp/></highlight><highlight class="keywordtype">int</highlight><highlight class="normal"><sp/>cfd_index)</highlight></codeline>
<codeline lineno="287"><highlight class="normal"><sp/><sp/><sp/><sp/>{</highlight></codeline>
<codeline lineno="288"><highlight class="normal"><sp/><sp/><sp/><sp/><sp/><sp/><sp/><sp/>this-&gt;cfd_index<sp/>=<sp/>cfd_index;</highlight></codeline>
<codeline lineno="289"><highlight class="normal"><sp/><sp/><sp/><sp/><sp/><sp/><sp/><sp/>this-&gt;update_properties(particle_index);</highlight></codeline>
<codeline lineno="290"><highlight class="normal"><sp/><sp/><sp/><sp/>}</highlight></codeline>
<codeline lineno="291"><highlight class="normal"></highlight></codeline>
<codeline lineno="292"><highlight class="normal"><sp/><sp/><sp/><sp/></highlight><highlight class="keyword">inline</highlight><highlight class="normal"><sp/>ROCKY_FUNCTIONS<sp/></highlight><highlight class="keywordtype">void</highlight><highlight class="normal"><sp/>update_properties(</highlight><highlight class="keywordtype">int</highlight><highlight class="normal"><sp/>particle_index)</highlight></codeline>
<codeline lineno="293"><highlight class="normal"><sp/><sp/><sp/><sp/>{</highlight></codeline>
<codeline lineno="294"><highlight class="normal"><sp/><sp/><sp/><sp/><sp/><sp/><sp/><sp/></highlight><highlight class="keyword">const</highlight><highlight class="normal"><sp/>RockyParticle<sp/>particle(this-&gt;model,<sp/>particle_index);</highlight></codeline>
<codeline lineno="295"><highlight class="normal"></highlight></codeline>
<codeline lineno="296"><highlight class="normal"><sp/><sp/><sp/><sp/><sp/><sp/><sp/><sp/>this-&gt;cfd_particle_group<sp/>=</highlight></codeline>
<codeline lineno="297"><highlight class="normal"><sp/><sp/><sp/><sp/><sp/><sp/><sp/><sp/><sp/><sp/><sp/><sp/>&amp;this-&gt;model-&gt;cfd_particle_groups[particle.get_particle_group_index()];</highlight></codeline>
<codeline lineno="298"><highlight class="normal"></highlight></codeline>
<codeline lineno="299"><highlight class="normal"><sp/><sp/><sp/><sp/><sp/><sp/><sp/><sp/>props.diameter<sp/>=<sp/>particle.get_equivalent_diameter();</highlight></codeline>
<codeline lineno="300"><highlight class="normal"><sp/><sp/><sp/><sp/><sp/><sp/><sp/><sp/>props.density<sp/>=<sp/>particle.get_mass()<sp/>/<sp/>particle.get_solid_volume();</highlight></codeline>
<codeline lineno="301"><highlight class="normal"><sp/><sp/><sp/><sp/><sp/><sp/><sp/><sp/>props.cgm_factor<sp/>=<sp/>particle.get_cgm_scale_factor();</highlight></codeline>
<codeline lineno="302"><highlight class="normal"></highlight></codeline>
<codeline lineno="303"><highlight class="normal"><sp/><sp/><sp/><sp/><sp/><sp/><sp/><sp/></highlight><highlight class="keyword">const</highlight><highlight class="normal"><sp/>double3<sp/>particle_velocity<sp/>=<sp/>particle.get_translational_velocity();</highlight></codeline>
<codeline lineno="304"><highlight class="normal"><sp/><sp/><sp/><sp/><sp/><sp/><sp/><sp/></highlight><highlight class="keyword">const</highlight><highlight class="normal"><sp/>double3<sp/>fluid_velocity<sp/>=<sp/>this-&gt;model-&gt;fluid_scalars-&gt;get_velocity(this-&gt;cfd_index);</highlight></codeline>
<codeline lineno="305"><highlight class="normal"></highlight></codeline>
<codeline lineno="306"><highlight class="normal"><sp/><sp/><sp/><sp/><sp/><sp/><sp/><sp/></highlight><highlight class="comment">/*<sp/>converting<sp/>particle_velocity<sp/>according<sp/>to<sp/>Fluent&apos;s<sp/>porous<sp/>particle_velocity<sp/>formulation*/</highlight><highlight class="normal"></highlight></codeline>
<codeline lineno="307"><highlight class="normal"><sp/><sp/><sp/><sp/><sp/><sp/><sp/><sp/></highlight><highlight class="keywordflow">if</highlight><highlight class="normal"><sp/>(this-&gt;model-&gt;gen_cfd-&gt;superficial_velocity_formulation)</highlight></codeline>
<codeline lineno="308"><highlight class="normal"><sp/><sp/><sp/><sp/><sp/><sp/><sp/><sp/>{</highlight></codeline>
<codeline lineno="309"><highlight class="normal"><sp/><sp/><sp/><sp/><sp/><sp/><sp/><sp/><sp/><sp/><sp/><sp/></highlight><highlight class="keywordtype">double</highlight><highlight class="normal"><sp/>porosity<sp/>=<sp/>1.0<sp/>-<sp/>this-&gt;model-&gt;fluid_scalars-&gt;get_solid_volume_fraction(this-&gt;cfd_index);</highlight></codeline>
<codeline lineno="310"><highlight class="normal"><sp/><sp/><sp/><sp/><sp/><sp/><sp/><sp/><sp/><sp/><sp/></highlight></codeline>
<codeline lineno="311"><highlight class="normal"><sp/><sp/><sp/><sp/><sp/><sp/><sp/><sp/><sp/><sp/><sp/><sp/></highlight><highlight class="keyword">auto</highlight><highlight class="normal"><sp/>true_velocity<sp/>=<sp/>[porosity]<sp/>(</highlight><highlight class="keywordtype">double</highlight><highlight class="normal"><sp/>superficial_velocity,<sp/></highlight><highlight class="keywordtype">double</highlight><highlight class="normal"><sp/>particle_vel)<sp/></highlight></codeline>
<codeline lineno="312"><highlight class="normal"><sp/><sp/><sp/><sp/><sp/><sp/><sp/><sp/><sp/><sp/><sp/><sp/>{</highlight></codeline>
<codeline lineno="313"><highlight class="normal"><sp/><sp/><sp/><sp/><sp/><sp/><sp/><sp/><sp/><sp/><sp/><sp/><sp/><sp/><sp/><sp/></highlight><highlight class="keywordtype">double</highlight><highlight class="normal"><sp/>direction;</highlight></codeline>
<codeline lineno="314"><highlight class="normal"><sp/><sp/><sp/><sp/><sp/><sp/><sp/><sp/><sp/><sp/><sp/><sp/><sp/><sp/><sp/><sp/>direction<sp/>=<sp/>superficial_velocity<sp/>&gt;=<sp/>0.0<sp/>?<sp/>1.0<sp/>:<sp/>-1.0;</highlight></codeline>
<codeline lineno="315"><highlight class="normal"><sp/><sp/><sp/><sp/><sp/><sp/><sp/><sp/><sp/><sp/><sp/><sp/><sp/><sp/><sp/><sp/><sp/><sp/><sp/><sp/></highlight></codeline>
<codeline lineno="316"><highlight class="normal"><sp/><sp/><sp/><sp/><sp/><sp/><sp/><sp/><sp/><sp/><sp/><sp/><sp/><sp/><sp/><sp/></highlight><highlight class="keywordtype">double</highlight><highlight class="normal"><sp/>velocity<sp/>=<sp/><sp/>superficial_velocity<sp/>+<sp/>(1.0/porosity<sp/>-<sp/>1.0)*(superficial_velocity<sp/>-<sp/>particle_vel);</highlight></codeline>
<codeline lineno="317"><highlight class="normal"><sp/><sp/><sp/><sp/><sp/><sp/><sp/><sp/><sp/><sp/><sp/><sp/><sp/><sp/><sp/><sp/>velocity<sp/>=<sp/>max(abs(velocity),<sp/>abs(superficial_velocity));</highlight></codeline>
<codeline lineno="318"><highlight class="normal"><sp/><sp/><sp/><sp/><sp/><sp/><sp/><sp/><sp/><sp/><sp/><sp/><sp/><sp/><sp/><sp/></highlight><highlight class="comment">/*<sp/>where<sp/>superficial_velocity/porosity<sp/>is<sp/>the<sp/>physical<sp/>particle_velocity<sp/>*/</highlight><highlight class="normal"></highlight></codeline>
<codeline lineno="319"><highlight class="normal"><sp/><sp/><sp/><sp/><sp/><sp/><sp/><sp/><sp/><sp/><sp/><sp/><sp/><sp/><sp/><sp/></highlight><highlight class="keywordflow">return</highlight><highlight class="normal"><sp/>min(velocity,<sp/>abs(superficial_velocity/porosity))*direction;</highlight></codeline>
<codeline lineno="320"><highlight class="normal"><sp/><sp/><sp/><sp/><sp/><sp/><sp/><sp/><sp/><sp/><sp/><sp/>};</highlight></codeline>
<codeline lineno="321"><highlight class="normal"></highlight></codeline>
<codeline lineno="322"><highlight class="normal"><sp/><sp/><sp/><sp/><sp/><sp/><sp/><sp/><sp/><sp/><sp/><sp/>props.relative_velocity<sp/>=<sp/>{</highlight></codeline>
<codeline lineno="323"><highlight class="normal"><sp/><sp/><sp/><sp/><sp/><sp/><sp/><sp/><sp/><sp/><sp/><sp/><sp/><sp/><sp/><sp/>true_velocity(fluid_velocity.x,<sp/>particle_velocity.x)<sp/>-<sp/>particle_velocity.x,</highlight></codeline>
<codeline lineno="324"><highlight class="normal"><sp/><sp/><sp/><sp/><sp/><sp/><sp/><sp/><sp/><sp/><sp/><sp/><sp/><sp/><sp/><sp/>true_velocity(fluid_velocity.y,<sp/>particle_velocity.y)<sp/>-<sp/>particle_velocity.y,</highlight></codeline>
<codeline lineno="325"><highlight class="normal"><sp/><sp/><sp/><sp/><sp/><sp/><sp/><sp/><sp/><sp/><sp/><sp/><sp/><sp/><sp/><sp/>true_velocity(fluid_velocity.z,<sp/>particle_velocity.z)<sp/>-<sp/>particle_velocity.z,</highlight></codeline>
<codeline lineno="326"><highlight class="normal"><sp/><sp/><sp/><sp/><sp/><sp/><sp/><sp/><sp/><sp/><sp/><sp/>};</highlight></codeline>
<codeline lineno="327"><highlight class="normal"><sp/><sp/><sp/><sp/><sp/><sp/><sp/><sp/>}</highlight></codeline>
<codeline lineno="328"><highlight class="normal"><sp/><sp/><sp/><sp/><sp/><sp/><sp/><sp/></highlight><highlight class="keywordflow">else</highlight><highlight class="normal"></highlight></codeline>
<codeline lineno="329"><highlight class="normal"><sp/><sp/><sp/><sp/><sp/><sp/><sp/><sp/>{</highlight></codeline>
<codeline lineno="330"><highlight class="normal"><sp/><sp/><sp/><sp/><sp/><sp/><sp/><sp/><sp/><sp/><sp/><sp/>props.relative_velocity<sp/>=<sp/>fluid_velocity<sp/>-<sp/>particle_velocity;</highlight></codeline>
<codeline lineno="331"><highlight class="normal"><sp/><sp/><sp/><sp/><sp/><sp/><sp/><sp/>}</highlight></codeline>
<codeline lineno="332"><highlight class="normal"></highlight></codeline>
<codeline lineno="333"><highlight class="normal"><sp/><sp/><sp/><sp/><sp/><sp/><sp/><sp/></highlight><highlight class="keywordflow">if</highlight><highlight class="normal"><sp/>(this-&gt;model-&gt;gen_cfd-&gt;use_turbulent_dispersion)</highlight></codeline>
<codeline lineno="334"><highlight class="normal"><sp/><sp/><sp/><sp/><sp/><sp/><sp/><sp/>{</highlight></codeline>
<codeline lineno="335"><highlight class="normal"><sp/><sp/><sp/><sp/><sp/><sp/><sp/><sp/><sp/><sp/><sp/><sp/>props.relative_velocity<sp/>+=<sp/>this-&gt;model-&gt;particle_scalars-&gt;get_turbulence_velocity(particle_index);</highlight></codeline>
<codeline lineno="336"><highlight class="normal"><sp/><sp/><sp/><sp/><sp/><sp/><sp/><sp/>}</highlight></codeline>
<codeline lineno="337"><highlight class="normal"></highlight></codeline>
<codeline lineno="338"><highlight class="normal"><sp/><sp/><sp/><sp/><sp/><sp/><sp/><sp/>props.relative_velocity_norm<sp/>=<sp/>rocky::vector::get_norm(props.relative_velocity);</highlight></codeline>
<codeline lineno="339"><highlight class="normal"><sp/><sp/><sp/><sp/>}</highlight></codeline>
<codeline lineno="340"><highlight class="normal"></highlight></codeline>
<codeline lineno="342"><highlight class="normal">};</highlight></codeline>
<codeline lineno="343"><highlight class="normal"></highlight></codeline>
    </programlisting>
    <location file="source/c++/rocky20/api/rocky_cfd.hpp"/>
  </compounddef>
</doxygen>
