<?xml version='1.0' encoding='UTF-8' standalone='no'?>
<doxygen xmlns:xsi="http://www.w3.org/2001/XMLSchema-instance" xsi:noNamespaceSchemaLocation="compound.xsd" version="1.10.0" xml:lang="en-US">
  <compounddef id="rocky__joint__scalars_8hpp" kind="file" language="C++">
    <compoundname>rocky_joint_scalars.hpp</compoundname>
    <includes refid="rocky__scalars_8h" local="yes">rocky_scalars.h</includes>
    <includedby refid="rocky__api_8h" local="yes">source/c++/rocky20/api/rocky_api.h</includedby>
    <includedby refid="rocky__joint__api_8hpp" local="yes">source/c++/rocky20/api/rocky_joint_api.hpp</includedby>
    <includedby refid="rocky__joint__scalars_8cpp" local="yes">source/c++/rocky20/api/rocky_joint_scalars.cpp</includedby>
    <incdepgraph>
      <node id="4">
        <label>rocky20/api/device/api_backend.hpp</label>
        <link refid="api__backend_8hpp_source"/>
        <childnode refid="5" relation="include">
        </childnode>
        <childnode refid="6" relation="include">
        </childnode>
      </node>
      <node id="1">
        <label>source/c++/rocky20/api/rocky_joint_scalars.hpp</label>
        <link refid="rocky__joint__scalars_8hpp"/>
        <childnode refid="2" relation="include">
        </childnode>
      </node>
      <node id="2">
        <label>rocky_scalars.h</label>
        <link refid="rocky__scalars_8h_source"/>
        <childnode refid="3" relation="include">
        </childnode>
        <childnode refid="4" relation="include">
        </childnode>
        <childnode refid="7" relation="include">
        </childnode>
      </node>
      <node id="7">
        <label>rocky20/api/rocky_statistics_data.hpp</label>
        <link refid="rocky__statistics__data_8hpp_source"/>
        <childnode refid="8" relation="include">
        </childnode>
        <childnode refid="4" relation="include">
        </childnode>
      </node>
      <node id="5">
        <label>rocky20/cuda/cuda_basics.hpp</label>
      </node>
      <node id="6">
        <label>rocky20/device/omp_backend.hpp</label>
      </node>
      <node id="3">
        <label>rocky20/model/rocky_model.h</label>
      </node>
      <node id="8">
        <label>rocky20/model/statistics_data.hpp</label>
      </node>
    </incdepgraph>
    <invincdepgraph>
      <node id="3">
        <label>source/c++/rocky20/api/device/api_cuda.hpp</label>
        <link refid="api__cuda_8hpp_source"/>
        <childnode refid="4" relation="include">
        </childnode>
        <childnode refid="5" relation="include">
        </childnode>
        <childnode refid="6" relation="include">
        </childnode>
        <childnode refid="7" relation="include">
        </childnode>
        <childnode refid="8" relation="include">
        </childnode>
        <childnode refid="9" relation="include">
        </childnode>
      </node>
      <node id="4">
        <label>source/c++/rocky20/api/device/api_cuda_cfd_coupling.hpp</label>
        <link refid="api__cuda__cfd__coupling_8hpp_source"/>
      </node>
      <node id="5">
        <label>source/c++/rocky20/api/device/api_cuda_contacts.hpp</label>
        <link refid="api__cuda__contacts_8hpp_source"/>
      </node>
      <node id="6">
        <label>source/c++/rocky20/api/device/api_cuda_joints.hpp</label>
        <link refid="api__cuda__joints_8hpp_source"/>
      </node>
      <node id="7">
        <label>source/c++/rocky20/api/device/api_cuda_particles.hpp</label>
        <link refid="api__cuda__particles_8hpp_source"/>
      </node>
      <node id="8">
        <label>source/c++/rocky20/api/device/api_cuda_triangles.hpp</label>
        <link refid="api__cuda__triangles_8hpp_source"/>
      </node>
      <node id="10">
        <label>source/c++/rocky20/api/device/api_omp_contacts.hpp</label>
        <link refid="api__omp__contacts_8hpp_source"/>
        <childnode refid="2" relation="include">
        </childnode>
      </node>
      <node id="2">
        <label>source/c++/rocky20/api/rocky_api.h</label>
        <link refid="rocky__api_8h_source"/>
        <childnode refid="3" relation="include">
        </childnode>
        <childnode refid="5" relation="include">
        </childnode>
        <childnode refid="10" relation="include">
        </childnode>
        <childnode refid="11" relation="include">
        </childnode>
        <childnode refid="12" relation="include">
        </childnode>
        <childnode refid="13" relation="include">
        </childnode>
      </node>
      <node id="11">
        <label>source/c++/rocky20/api/rocky_api_cfd.h</label>
        <link refid="rocky__api__cfd_8h_source"/>
      </node>
      <node id="12">
        <label>source/c++/rocky20/api/rocky_api_sph.h</label>
        <link refid="rocky__api__sph_8h_source"/>
      </node>
      <node id="14">
        <label>source/c++/rocky20/api/rocky_joint_api.hpp</label>
        <link refid="rocky__joint__api_8hpp_source"/>
        <childnode refid="2" relation="include">
        </childnode>
      </node>
      <node id="1">
        <label>source/c++/rocky20/api/rocky_joint_scalars.hpp</label>
        <link refid="rocky__joint__scalars_8hpp"/>
        <childnode refid="2" relation="include">
        </childnode>
        <childnode refid="14" relation="include">
        </childnode>
      </node>
      <node id="9">
        <label>source/c++/rocky20/api/sph/api_cuda_sph.hpp</label>
        <link refid="api__cuda__sph_8hpp_source"/>
      </node>
      <node id="13">
        <label>source/c++/rocky20/api/sph/api_omp_sph.hpp</label>
        <link refid="api__omp__sph_8hpp_source"/>
        <childnode refid="12" relation="include">
        </childnode>
      </node>
    </invincdepgraph>
    <innerclass refid="structIRockyJointScalarsModel" prot="public">IRockyJointScalarsModel</innerclass>
    <innerclass refid="structIRockyJointScalars" prot="public">IRockyJointScalars</innerclass>
    <briefdescription>
    </briefdescription>
    <detaileddescription>
    </detaileddescription>
    <programlisting>
<codeline lineno="1"><highlight class="comment">//<sp/>(C)<sp/>2024<sp/>ANSYS,<sp/>Inc.<sp/>Unauthorized<sp/>use,<sp/>distribution,<sp/>or<sp/>duplication<sp/>is<sp/>prohibited.</highlight><highlight class="normal"></highlight></codeline>
<codeline lineno="2"><highlight class="normal"></highlight><highlight class="preprocessor">#pragma<sp/>once</highlight><highlight class="normal"></highlight></codeline>
<codeline lineno="3"><highlight class="normal"></highlight></codeline>
<codeline lineno="4"><highlight class="normal"></highlight><highlight class="comment">//<sp/>Includes<sp/>========================================================================================</highlight><highlight class="normal"></highlight></codeline>
<codeline lineno="5"><highlight class="normal"></highlight><highlight class="preprocessor">#include<sp/>&quot;rocky_scalars.h&quot;</highlight><highlight class="normal"></highlight></codeline>
<codeline lineno="6"><highlight class="normal"></highlight></codeline>
<codeline lineno="7"><highlight class="normal"></highlight></codeline>
<codeline lineno="8"><highlight class="normal"></highlight><highlight class="comment">//<sp/>=================================================================================================</highlight><highlight class="normal"></highlight></codeline>
<codeline lineno="9"><highlight class="normal"></highlight><highlight class="comment">//<sp/>IRockyJointScalarsModel</highlight><highlight class="normal"></highlight></codeline>
<codeline lineno="10"><highlight class="normal"></highlight><highlight class="comment">//<sp/>=================================================================================================</highlight><highlight class="normal"></highlight></codeline>
<codeline lineno="11"><highlight class="normal"></highlight></codeline>
<codeline lineno="19" refid="structIRockyJointScalarsModel" refkind="compound"><highlight class="normal"></highlight><highlight class="keyword">struct<sp/></highlight><highlight class="normal"><ref refid="structIRockyJointScalarsModel" kindref="compound">IRockyJointScalarsModel</ref><sp/>:<sp/>ScalarsModel&lt;rocky20::JointScalarsController&gt;</highlight></codeline>
<codeline lineno="20"><highlight class="normal">{</highlight></codeline>
<codeline lineno="23"><highlight class="normal"><sp/><sp/><sp/><sp/><ref refid="structIRockyJointScalarsModel" kindref="compound">IRockyJointScalarsModel</ref>(RockyModel*<sp/>solver_model);</highlight></codeline>
<codeline lineno="24"><highlight class="normal"></highlight></codeline>
<codeline lineno="27"><highlight class="normal"></highlight><highlight class="preprocessor">#ifdef<sp/>ONLY_FOR_DOXYGEN</highlight><highlight class="normal"></highlight></codeline>
<codeline lineno="28"><highlight class="normal"></highlight></codeline>
<codeline lineno="30" refid="structIRockyJointScalarsModel_1ac684ddb11f55d3edbbb5606ea6ea633a" refkind="member"><highlight class="normal"><sp/><sp/><sp/><sp/></highlight><highlight class="keywordtype">int</highlight><highlight class="normal"><sp/><ref refid="structIRockyJointScalarsModel_1ac684ddb11f55d3edbbb5606ea6ea633a" kindref="member">find</ref>(</highlight><highlight class="keyword">const</highlight><highlight class="normal"><sp/></highlight><highlight class="keywordtype">char</highlight><highlight class="normal">*<sp/>name);</highlight></codeline>
<codeline lineno="31"><highlight class="normal"></highlight></codeline>
<codeline lineno="33" refid="structIRockyJointScalarsModel_1a31fa0b2b6d8243aa4bc8513edf3c6b0c" refkind="member"><highlight class="normal"><sp/><sp/><sp/><sp/></highlight><highlight class="keywordtype">int</highlight><highlight class="normal"><sp/><ref refid="structIRockyJointScalarsModel_1a31fa0b2b6d8243aa4bc8513edf3c6b0c" kindref="member">add</ref>(</highlight><highlight class="keyword">const</highlight><highlight class="normal"><sp/></highlight><highlight class="keywordtype">char</highlight><highlight class="normal">*<sp/>name,<sp/></highlight><highlight class="keyword">const</highlight><highlight class="normal"><sp/></highlight><highlight class="keywordtype">char</highlight><highlight class="normal">*<sp/>unit,<sp/></highlight><highlight class="keywordtype">bool</highlight><highlight class="normal"><sp/>output<sp/>=<sp/></highlight><highlight class="keyword">true</highlight><highlight class="normal">);</highlight></codeline>
<codeline lineno="34"><highlight class="normal"></highlight></codeline>
<codeline lineno="36" refid="structIRockyJointScalarsModel_1ad8c7b148adb48869b7d0d7b4ccea6280" refkind="member"><highlight class="normal"><sp/><sp/><sp/><sp/></highlight><highlight class="keywordtype">void</highlight><highlight class="normal"><sp/><ref refid="structIRockyJointScalarsModel_1ad8c7b148adb48869b7d0d7b4ccea6280" kindref="member">reset</ref>(</highlight><highlight class="keywordtype">int</highlight><highlight class="normal"><sp/>scalar_index);</highlight></codeline>
<codeline lineno="37"><highlight class="normal"></highlight></codeline>
<codeline lineno="39" refid="structIRockyJointScalarsModel_1af5bcf3383dfd931122762e839dd0750b" refkind="member"><highlight class="normal"><sp/><sp/><sp/><sp/></highlight><highlight class="keywordtype">void</highlight><highlight class="normal"><sp/><ref refid="structIRockyJointScalarsModel_1af5bcf3383dfd931122762e839dd0750b" kindref="member">set_dimension</ref>(</highlight><highlight class="keywordtype">int</highlight><highlight class="normal"><sp/>scalar_index,<sp/></highlight><highlight class="keywordtype">double</highlight><highlight class="normal"><sp/>dimension_factor);</highlight></codeline>
<codeline lineno="40"><highlight class="normal"></highlight></codeline>
<codeline lineno="41"><highlight class="normal"></highlight><highlight class="preprocessor">#endif<sp/><sp/></highlight><highlight class="normal"></highlight></codeline>
<codeline lineno="42"><highlight class="normal">};</highlight></codeline>
<codeline lineno="43"><highlight class="normal"></highlight></codeline>
<codeline lineno="44"><highlight class="normal"></highlight><highlight class="comment">//<sp/>=================================================================================================</highlight><highlight class="normal"></highlight></codeline>
<codeline lineno="45"><highlight class="normal"></highlight><highlight class="comment">//<sp/>IRockyJointScalars</highlight><highlight class="normal"></highlight></codeline>
<codeline lineno="46"><highlight class="normal"></highlight><highlight class="comment">//<sp/>=================================================================================================</highlight><highlight class="normal"></highlight></codeline>
<codeline lineno="47"><highlight class="normal"></highlight></codeline>
<codeline lineno="53" refid="structIRockyJointScalars" refkind="compound"><highlight class="normal"></highlight><highlight class="keyword">struct<sp/></highlight><highlight class="normal"><ref refid="structIRockyJointScalars" kindref="compound">IRockyJointScalars</ref><sp/>:<sp/>EntityScalars&lt;rocky20::JointScalars&gt;</highlight></codeline>
<codeline lineno="54"><highlight class="normal">{</highlight></codeline>
<codeline lineno="57"><highlight class="normal"><sp/><sp/><sp/><sp/>__host__<sp/>__device__</highlight></codeline>
<codeline lineno="58"><highlight class="normal"><sp/><sp/><sp/><sp/><ref refid="structIRockyJointScalars" kindref="compound">IRockyJointScalars</ref>(rocky20::JointScalars<sp/>&amp;_scalars,<sp/></highlight><highlight class="keywordtype">int</highlight><highlight class="normal"><sp/>_element_index)<sp/>:</highlight></codeline>
<codeline lineno="59"><highlight class="normal"><sp/><sp/><sp/><sp/><sp/><sp/><sp/><sp/>EntityScalars&lt;<sp/>rocky20::JointScalars&gt;(_scalars,<sp/>_element_index)</highlight></codeline>
<codeline lineno="60"><highlight class="normal"><sp/><sp/><sp/><sp/>{}</highlight></codeline>
<codeline lineno="61"><highlight class="normal"></highlight></codeline>
<codeline lineno="64"><highlight class="normal"></highlight><highlight class="preprocessor">#ifdef<sp/>ONLY_FOR_DOXYGEN</highlight><highlight class="normal"></highlight></codeline>
<codeline lineno="65"><highlight class="normal"></highlight></codeline>
<codeline lineno="67" refid="structIRockyJointScalars_1a99bd176be9958223d6dc2a9e62f7ec30" refkind="member"><highlight class="normal"><sp/><sp/><sp/><sp/>ROCKY_FUNCTIONS<sp/><sp/></highlight><highlight class="keywordtype">double</highlight><highlight class="normal"><sp/><ref refid="structIRockyJointScalars_1a99bd176be9958223d6dc2a9e62f7ec30" kindref="member">get_scalar</ref>(</highlight><highlight class="keywordtype">int</highlight><highlight class="normal"><sp/>scalar_index)<sp/></highlight><highlight class="keyword">const</highlight><highlight class="normal">;</highlight></codeline>
<codeline lineno="68"><highlight class="normal"></highlight></codeline>
<codeline lineno="70" refid="structIRockyJointScalars_1a41d7ac3675a9d3ee3e79cd79c9de1f26" refkind="member"><highlight class="normal"><sp/><sp/><sp/><sp/>ROCKY_FUNCTIONS<sp/><sp/></highlight><highlight class="keywordtype">void</highlight><highlight class="normal"><sp/><ref refid="structIRockyJointScalars_1a41d7ac3675a9d3ee3e79cd79c9de1f26" kindref="member">set_scalar</ref>(</highlight><highlight class="keywordtype">int</highlight><highlight class="normal"><sp/>scalar_index,<sp/></highlight><highlight class="keywordtype">double</highlight><highlight class="normal"><sp/>value)<sp/></highlight><highlight class="keyword">const</highlight><highlight class="normal">;</highlight></codeline>
<codeline lineno="71"><highlight class="normal"></highlight></codeline>
<codeline lineno="73" refid="structIRockyJointScalars_1abc05fdd6e7595ea79f4fa0aeafd93552" refkind="member"><highlight class="normal"><sp/><sp/><sp/><sp/>ROCKY_FUNCTIONS<sp/></highlight><highlight class="keywordtype">void</highlight><highlight class="normal"><sp/><ref refid="structIRockyJointScalars_1abc05fdd6e7595ea79f4fa0aeafd93552" kindref="member">add_scalar</ref>(</highlight><highlight class="keywordtype">int</highlight><highlight class="normal"><sp/>scalar_index,<sp/></highlight><highlight class="keywordtype">double</highlight><highlight class="normal"><sp/>value)<sp/></highlight><highlight class="keyword">const</highlight><highlight class="normal">;</highlight></codeline>
<codeline lineno="74"><highlight class="normal"></highlight></codeline>
<codeline lineno="76" refid="structIRockyJointScalars_1a5e95059b8068dc460f40119e2a58d32f" refkind="member"><highlight class="normal"><sp/><sp/><sp/><sp/>ROCKY_FUNCTIONS<sp/></highlight><highlight class="keywordtype">void</highlight><highlight class="normal"><sp/><ref refid="structIRockyJointScalars_1a5e95059b8068dc460f40119e2a58d32f" kindref="member">max_scalar</ref>(</highlight><highlight class="keywordtype">int</highlight><highlight class="normal"><sp/>scalar_index,<sp/></highlight><highlight class="keywordtype">double</highlight><highlight class="normal"><sp/>value)<sp/></highlight><highlight class="keyword">const</highlight><highlight class="normal">;</highlight></codeline>
<codeline lineno="77"><highlight class="normal"></highlight></codeline>
<codeline lineno="78"><highlight class="normal"></highlight><highlight class="preprocessor">#endif</highlight><highlight class="normal"></highlight></codeline>
<codeline lineno="79"><highlight class="normal">};</highlight></codeline>
    </programlisting>
    <location file="source/c++/rocky20/api/rocky_joint_scalars.hpp"/>
  </compounddef>
</doxygen>
