<?xml version='1.0' encoding='UTF-8' standalone='no'?>
<doxygen xmlns:xsi="http://www.w3.org/2001/XMLSchema-instance" xsi:noNamespaceSchemaLocation="compound.xsd" version="1.10.0" xml:lang="en-US">
  <compounddef id="rocky__sph__element__scalars_8hpp" kind="file" language="C++">
    <compoundname>rocky_sph_element_scalars.hpp</compoundname>
    <includes refid="rocky__scalars_8h" local="yes">../rocky_scalars.h</includes>
    <includes local="no">rocky20/sph/sph_particle_scalars.h</includes>
    <includedby refid="rocky__sph__element__api_8hpp" local="yes">source/c++/rocky20/api/sph/rocky_sph_element_api.hpp</includedby>
    <includedby refid="rocky__sph__element__scalars_8cpp" local="yes">source/c++/rocky20/api/sph/rocky_sph_element_scalars.cpp</includedby>
    <includedby refid="rocky__sph__model__api_8hpp" local="yes">source/c++/rocky20/api/sph/rocky_sph_model_api.hpp</includedby>
    <incdepgraph>
      <node id="4">
        <label>rocky20/api/device/api_backend.hpp</label>
        <link refid="api__backend_8hpp_source"/>
        <childnode refid="5" relation="include">
        </childnode>
        <childnode refid="6" relation="include">
        </childnode>
      </node>
      <node id="2">
        <label>../rocky_scalars.h</label>
        <link refid="rocky__scalars_8h_source"/>
        <childnode refid="3" relation="include">
        </childnode>
        <childnode refid="4" relation="include">
        </childnode>
        <childnode refid="7" relation="include">
        </childnode>
      </node>
      <node id="7">
        <label>rocky20/api/rocky_statistics_data.hpp</label>
        <link refid="rocky__statistics__data_8hpp_source"/>
        <childnode refid="8" relation="include">
        </childnode>
        <childnode refid="4" relation="include">
        </childnode>
      </node>
      <node id="1">
        <label>source/c++/rocky20/api/sph/rocky_sph_element_scalars.hpp</label>
        <link refid="rocky__sph__element__scalars_8hpp"/>
        <childnode refid="2" relation="include">
        </childnode>
        <childnode refid="9" relation="include">
        </childnode>
      </node>
      <node id="5">
        <label>rocky20/cuda/cuda_basics.hpp</label>
      </node>
      <node id="6">
        <label>rocky20/device/omp_backend.hpp</label>
      </node>
      <node id="3">
        <label>rocky20/model/rocky_model.h</label>
      </node>
      <node id="8">
        <label>rocky20/model/statistics_data.hpp</label>
      </node>
      <node id="9">
        <label>rocky20/sph/sph_particle_scalars.h</label>
      </node>
    </incdepgraph>
    <invincdepgraph>
      <node id="6">
        <label>source/c++/rocky20/api/rocky_api_sph.h</label>
        <link refid="rocky__api__sph_8h_source"/>
      </node>
      <node id="4">
        <label>source/c++/rocky20/api/sph/api_cuda_sph.hpp</label>
        <link refid="api__cuda__sph_8hpp_source"/>
      </node>
      <node id="3">
        <label>source/c++/rocky20/api/sph/api_device_sph.hpp</label>
        <link refid="api__device__sph_8hpp_source"/>
        <childnode refid="4" relation="include">
        </childnode>
        <childnode refid="5" relation="include">
        </childnode>
      </node>
      <node id="5">
        <label>source/c++/rocky20/api/sph/api_omp_sph.hpp</label>
        <link refid="api__omp__sph_8hpp_source"/>
        <childnode refid="6" relation="include">
        </childnode>
      </node>
      <node id="2">
        <label>source/c++/rocky20/api/sph/rocky_sph_element_api.hpp</label>
        <link refid="rocky__sph__element__api_8hpp_source"/>
        <childnode refid="3" relation="include">
        </childnode>
        <childnode refid="7" relation="include">
        </childnode>
        <childnode refid="8" relation="include">
        </childnode>
      </node>
      <node id="1">
        <label>source/c++/rocky20/api/sph/rocky_sph_element_scalars.hpp</label>
        <link refid="rocky__sph__element__scalars_8hpp"/>
        <childnode refid="2" relation="include">
        </childnode>
        <childnode refid="8" relation="include">
        </childnode>
      </node>
      <node id="7">
        <label>source/c++/rocky20/api/sph/rocky_sph_interaction_api.hpp</label>
        <link refid="rocky__sph__interaction__api_8hpp_source"/>
        <childnode refid="3" relation="include">
        </childnode>
      </node>
      <node id="8">
        <label>source/c++/rocky20/api/sph/rocky_sph_model_api.hpp</label>
        <link refid="rocky__sph__model__api_8hpp_source"/>
        <childnode refid="3" relation="include">
        </childnode>
      </node>
    </invincdepgraph>
    <innerclass refid="structIRockySPHElementScalarsModel" prot="public">IRockySPHElementScalarsModel</innerclass>
    <innerclass refid="structIRockySPHElementScalars" prot="public">IRockySPHElementScalars</innerclass>
    <sectiondef kind="enum">
      <memberdef kind="enum" id="rocky__sph__element__scalars_8hpp_1acfa4762ed7e6ca0d6ecd87aced7adba3" prot="public" static="no" strong="no">
        <type></type>
        <name>ESPHOperationType</name>
        <enumvalue id="rocky__sph__element__scalars_8hpp_1acfa4762ed7e6ca0d6ecd87aced7adba3ae74e907037dd2949f68701aaae2c3b06" prot="public">
          <name>sphotReset</name>
          <briefdescription>
          </briefdescription>
          <detaileddescription>
          </detaileddescription>
        </enumvalue>
        <enumvalue id="rocky__sph__element__scalars_8hpp_1acfa4762ed7e6ca0d6ecd87aced7adba3acace08401c4b7c2bb80e0923df13c59e" prot="public">
          <name>sphotSum</name>
          <briefdescription>
          </briefdescription>
          <detaileddescription>
          </detaileddescription>
        </enumvalue>
        <enumvalue id="rocky__sph__element__scalars_8hpp_1acfa4762ed7e6ca0d6ecd87aced7adba3a803e668465eb4c2806c89a62d72e767d" prot="public">
          <name>sphotUpdate</name>
          <briefdescription>
          </briefdescription>
          <detaileddescription>
          </detaileddescription>
        </enumvalue>
        <briefdescription>
        </briefdescription>
        <detaileddescription>
        </detaileddescription>
        <inbodydescription>
        </inbodydescription>
        <location file="source/c++/rocky20/api/sph/rocky_sph_element_scalars.hpp" line="15" column="1" bodyfile="source/c++/rocky20/api/sph/rocky_sph_element_scalars.hpp" bodystart="16" bodyend="20"/>
      </memberdef>
    </sectiondef>
    <briefdescription>
    </briefdescription>
    <detaileddescription>
    </detaileddescription>
    <programlisting>
<codeline lineno="1"><highlight class="comment">//<sp/>(C)<sp/>2024<sp/>ANSYS,<sp/>Inc.<sp/>Unauthorized<sp/>use,<sp/>distribution,<sp/>or<sp/>duplication<sp/>is<sp/>prohibited.</highlight><highlight class="normal"></highlight></codeline>
<codeline lineno="2"><highlight class="normal"></highlight><highlight class="preprocessor">#pragma<sp/>once</highlight><highlight class="normal"></highlight></codeline>
<codeline lineno="3"><highlight class="normal"></highlight></codeline>
<codeline lineno="4"><highlight class="normal"></highlight><highlight class="comment">//<sp/>Includes<sp/>=======================================================================================</highlight><highlight class="normal"></highlight></codeline>
<codeline lineno="5"><highlight class="normal"></highlight><highlight class="preprocessor">#include<sp/>&quot;../rocky_scalars.h&quot;</highlight><highlight class="normal"></highlight></codeline>
<codeline lineno="6"><highlight class="normal"></highlight><highlight class="preprocessor">#include<sp/>&lt;rocky20/sph/sph_particle_scalars.h&gt;</highlight><highlight class="normal"></highlight></codeline>
<codeline lineno="7"><highlight class="normal"></highlight></codeline>
<codeline lineno="8"><highlight class="normal"></highlight><highlight class="keyword">using<sp/></highlight><highlight class="normal">rocky20::KnownSPHParticleScalars;</highlight></codeline>
<codeline lineno="9"><highlight class="normal"></highlight></codeline>
<codeline lineno="10"><highlight class="normal"></highlight><highlight class="comment">//<sp/>Forward<sp/>declarations<sp/>===========================================================================</highlight><highlight class="normal"></highlight></codeline>
<codeline lineno="11"><highlight class="normal"></highlight><highlight class="keyword">class<sp/></highlight><highlight class="normal">cuda_host;</highlight></codeline>
<codeline lineno="12"><highlight class="normal"></highlight><highlight class="keyword">struct<sp/></highlight><highlight class="normal">SPHDeviceModel;</highlight></codeline>
<codeline lineno="13"><highlight class="normal"></highlight><highlight class="keyword">typedef</highlight><highlight class="normal"><sp/>cuda_host<sp/>RockyModel;</highlight></codeline>
<codeline lineno="14"><highlight class="normal"></highlight></codeline>
<codeline lineno="15"><highlight class="normal"></highlight><highlight class="keyword">enum</highlight><highlight class="normal"><sp/>ESPHOperationType</highlight></codeline>
<codeline lineno="16"><highlight class="normal">{</highlight></codeline>
<codeline lineno="17"><highlight class="normal"><sp/><sp/><sp/><sp/>sphotReset,</highlight></codeline>
<codeline lineno="18"><highlight class="normal"><sp/><sp/><sp/><sp/>sphotSum,</highlight></codeline>
<codeline lineno="19"><highlight class="normal"><sp/><sp/><sp/><sp/>sphotUpdate</highlight></codeline>
<codeline lineno="20"><highlight class="normal">};</highlight></codeline>
<codeline lineno="21"><highlight class="normal"></highlight></codeline>
<codeline lineno="29" refid="structIRockySPHElementScalarsModel" refkind="compound"><highlight class="normal"></highlight><highlight class="keyword">struct<sp/></highlight><highlight class="normal"><ref refid="structIRockySPHElementScalarsModel" kindref="compound">IRockySPHElementScalarsModel</ref><sp/>:<sp/>ScalarsModel&lt;rocky20::SPHParticleScalarsController&gt;</highlight></codeline>
<codeline lineno="30"><highlight class="normal">{</highlight></codeline>
<codeline lineno="31"><highlight class="normal"><sp/><sp/><sp/><sp/></highlight><highlight class="comment">//<sp/>Scalars<sp/>Operations<sp/>------------------------------------------------------------------------</highlight><highlight class="normal"></highlight></codeline>
<codeline lineno="32"><highlight class="normal"></highlight></codeline>
<codeline lineno="82"><highlight class="normal"><sp/><sp/><sp/><sp/></highlight><highlight class="keywordtype">void</highlight><highlight class="normal"><sp/><ref refid="structIRockySPHElementScalarsModel_1a16f0c80fcfcc46485a0cdb5523eba2bf" kindref="member">set_operation</ref>(</highlight><highlight class="keywordtype">int</highlight><highlight class="normal"><sp/>scalar_index,<sp/>ESPHOperationType<sp/>operation,<sp/>ESPHOperationPlace<sp/>place);</highlight></codeline>
<codeline lineno="83"><highlight class="normal"></highlight></codeline>
<codeline lineno="88"><highlight class="normal"><sp/><sp/><sp/><sp/></highlight><highlight class="keywordtype">void</highlight><highlight class="normal"><sp/><ref refid="structIRockySPHElementScalarsModel_1ac46511b18b436d5cec83047f8e1e331f" kindref="member">enable_velocity_gradient</ref>()<sp/></highlight><highlight class="keyword">const</highlight><highlight class="normal">;</highlight></codeline>
<codeline lineno="89"><highlight class="normal"></highlight></codeline>
<codeline lineno="96"><highlight class="normal"><sp/><sp/><sp/><sp/></highlight><highlight class="keywordtype">void</highlight><highlight class="normal"><sp/><ref refid="structIRockySPHElementScalarsModel_1a3fbb7ee252cf15717b7fbe4dfb148fa2" kindref="member">enable_variable_molecular_viscosity</ref>()<sp/></highlight><highlight class="keyword">const</highlight><highlight class="normal">;</highlight></codeline>
<codeline lineno="97"><highlight class="normal"></highlight></codeline>
<codeline lineno="98"><highlight class="normal"></highlight><highlight class="preprocessor">#ifdef<sp/>ONLY_FOR_DOXYGEN</highlight><highlight class="normal"></highlight></codeline>
<codeline lineno="99"><highlight class="normal"></highlight></codeline>
<codeline lineno="101" refid="structIRockySPHElementScalarsModel_1a08368398c992a677000337a1c6b87836" refkind="member"><highlight class="normal"><sp/><sp/><sp/><sp/></highlight><highlight class="keywordtype">int</highlight><highlight class="normal"><sp/><ref refid="structIRockySPHElementScalarsModel_1a08368398c992a677000337a1c6b87836" kindref="member">find</ref>(</highlight><highlight class="keyword">const</highlight><highlight class="normal"><sp/></highlight><highlight class="keywordtype">char</highlight><highlight class="normal">*<sp/>name);</highlight></codeline>
<codeline lineno="102"><highlight class="normal"></highlight></codeline>
<codeline lineno="104" refid="structIRockySPHElementScalarsModel_1a9ee97eb19ead27e53c0e240f871d09b5" refkind="member"><highlight class="normal"><sp/><sp/><sp/><sp/></highlight><highlight class="keywordtype">void</highlight><highlight class="normal"><sp/><ref refid="structIRockySPHElementScalarsModel_1a9ee97eb19ead27e53c0e240f871d09b5" kindref="member">reset</ref>(</highlight><highlight class="keywordtype">int</highlight><highlight class="normal"><sp/>scalar_index);</highlight></codeline>
<codeline lineno="105"><highlight class="normal"></highlight></codeline>
<codeline lineno="107" refid="structIRockySPHElementScalarsModel_1a0dd4ff3f064eea4b4d112155d20aadf1" refkind="member"><highlight class="normal"><sp/><sp/><sp/><sp/></highlight><highlight class="keywordtype">void</highlight><highlight class="normal"><sp/><ref refid="structIRockySPHElementScalarsModel_1a0dd4ff3f064eea4b4d112155d20aadf1" kindref="member">set_dimension</ref>(</highlight><highlight class="keywordtype">int</highlight><highlight class="normal"><sp/>scalar_index,<sp/></highlight><highlight class="keywordtype">double</highlight><highlight class="normal"><sp/>dimension_factor);</highlight></codeline>
<codeline lineno="108"><highlight class="normal"></highlight></codeline>
<codeline lineno="109"><highlight class="normal"></highlight><highlight class="preprocessor">#endif</highlight><highlight class="normal"></highlight></codeline>
<codeline lineno="110"><highlight class="normal"></highlight></codeline>
<codeline lineno="112"><highlight class="normal"><sp/><sp/><sp/><sp/></highlight><highlight class="keyword">template</highlight><highlight class="normal"><sp/>&lt;</highlight><highlight class="keyword">class</highlight><highlight class="normal"><sp/>_data_type<sp/>=<sp/></highlight><highlight class="keywordtype">float</highlight><highlight class="normal">&gt;</highlight></codeline>
<codeline lineno="113" refid="structIRockySPHElementScalarsModel_1ab522d175868cf8f58efc33f6df21eb07" refkind="member"><highlight class="normal"><sp/><sp/><sp/><sp/></highlight><highlight class="keywordtype">int</highlight><highlight class="normal"><sp/><ref refid="structIRockySPHElementScalarsModel_1ab522d175868cf8f58efc33f6df21eb07" kindref="member">add</ref>(</highlight><highlight class="keyword">const</highlight><highlight class="normal"><sp/></highlight><highlight class="keywordtype">char</highlight><highlight class="normal">*<sp/>name,<sp/></highlight><highlight class="keyword">const</highlight><highlight class="normal"><sp/></highlight><highlight class="keywordtype">char</highlight><highlight class="normal">*<sp/>unit,<sp/></highlight><highlight class="keywordtype">bool</highlight><highlight class="normal"><sp/>output<sp/>=<sp/></highlight><highlight class="keyword">true</highlight><highlight class="normal">)</highlight></codeline>
<codeline lineno="114"><highlight class="normal"><sp/><sp/><sp/><sp/>{</highlight></codeline>
<codeline lineno="115"><highlight class="normal"><sp/><sp/><sp/><sp/><sp/><sp/><sp/><sp/></highlight><highlight class="comment">//<sp/>By<sp/>definition,<sp/>SPH<sp/>Scalars<sp/>are<sp/>default-typed<sp/>accumulation<sp/>for<sp/>mGPU<sp/>combine<sp/>operations.</highlight><highlight class="normal"></highlight></codeline>
<codeline lineno="116"><highlight class="normal"><sp/><sp/><sp/><sp/><sp/><sp/><sp/><sp/></highlight><highlight class="comment">//<sp/>Although,<sp/>this<sp/>is<sp/>a<sp/>convention<sp/>that<sp/>must<sp/>be<sp/>enforced<sp/>by<sp/>a<sp/>set_operation<sp/>call<sp/>indicating</highlight><highlight class="normal"></highlight></codeline>
<codeline lineno="117"><highlight class="normal"><sp/><sp/><sp/><sp/><sp/><sp/><sp/><sp/></highlight><highlight class="comment">//<sp/>where<sp/>the<sp/>accumulation/sum<sp/>must<sp/>occur.</highlight><highlight class="normal"></highlight></codeline>
<codeline lineno="118"><highlight class="normal"><sp/><sp/><sp/><sp/><sp/><sp/><sp/><sp/></highlight><highlight class="keywordflow">return</highlight><highlight class="normal"><sp/>this-&gt;_impl.template<sp/>add_scalars&lt;_data_type&gt;(</highlight></codeline>
<codeline lineno="119"><highlight class="normal"><sp/><sp/><sp/><sp/><sp/><sp/><sp/><sp/><sp/><sp/><sp/><sp/>name,<sp/>unit,<sp/>rocky20::ScalarsInfo::cotAccumulateOnDemand,<sp/>output);</highlight></codeline>
<codeline lineno="120"><highlight class="normal"><sp/><sp/><sp/><sp/>}</highlight></codeline>
<codeline lineno="121"><highlight class="normal"></highlight></codeline>
<codeline lineno="124"><highlight class="normal"><sp/><sp/><sp/><sp/><ref refid="structIRockySPHElementScalarsModel" kindref="compound">IRockySPHElementScalarsModel</ref>(SPHModel*<sp/>sph_model,<sp/></highlight><highlight class="keyword">const</highlight><highlight class="normal"><sp/>std::vector&lt;int&gt;&amp;<sp/>device_ids);</highlight></codeline>
<codeline lineno="125"><highlight class="normal"></highlight></codeline>
<codeline lineno="127"><highlight class="normal">};</highlight></codeline>
<codeline lineno="128"><highlight class="normal"></highlight></codeline>
<codeline lineno="135" refid="structIRockySPHElementScalars" refkind="compound"><highlight class="normal"></highlight><highlight class="keyword">struct<sp/></highlight><highlight class="normal"><ref refid="structIRockySPHElementScalars" kindref="compound">IRockySPHElementScalars</ref><sp/>:<sp/>EntityScalars&lt;rocky20::SPHParticleScalars&gt;</highlight></codeline>
<codeline lineno="136"><highlight class="normal">{</highlight></codeline>
<codeline lineno="138"><highlight class="normal"><sp/><sp/><sp/><sp/></highlight><highlight class="keyword">using<sp/></highlight><highlight class="normal">base_type<sp/>=<sp/>EntityScalars&lt;rocky20::SPHParticleScalars&gt;;</highlight></codeline>
<codeline lineno="141"><highlight class="normal"><sp/><sp/><sp/><sp/></highlight><highlight class="comment">//<sp/>get<sp/>----------------------------------------------------------------------------------------</highlight><highlight class="normal"></highlight></codeline>
<codeline lineno="142"><highlight class="normal"></highlight></codeline>
<codeline lineno="144"><highlight class="normal"><sp/><sp/><sp/><sp/></highlight><highlight class="keyword">template</highlight><highlight class="normal"><sp/>&lt;</highlight><highlight class="keyword">class</highlight><highlight class="normal"><sp/>_data_type<sp/>=<sp/></highlight><highlight class="keywordtype">float</highlight><highlight class="normal">&gt;</highlight></codeline>
<codeline lineno="145" refid="structIRockySPHElementScalars_1acf45b1ddd0d68df837ec264d2758693f" refkind="member"><highlight class="normal"><sp/><sp/><sp/><sp/>ROCKY_FUNCTIONS<sp/>_data_type<sp/><ref refid="structIRockySPHElementScalars_1acf45b1ddd0d68df837ec264d2758693f" kindref="member">get_scalar</ref>(</highlight><highlight class="keywordtype">int</highlight><highlight class="normal"><sp/>scalar_index)</highlight><highlight class="keyword"><sp/>const</highlight></codeline>
<codeline lineno="146"><highlight class="keyword"><sp/><sp/><sp/><sp/></highlight><highlight class="normal">{</highlight></codeline>
<codeline lineno="147"><highlight class="normal"><sp/><sp/><sp/><sp/><sp/><sp/><sp/><sp/></highlight><highlight class="keywordflow">return</highlight><highlight class="normal"><sp/>base_type::get_scalar&lt;_data_type&gt;(scalar_index);</highlight></codeline>
<codeline lineno="148"><highlight class="normal"><sp/><sp/><sp/><sp/>}</highlight></codeline>
<codeline lineno="149"><highlight class="normal"></highlight></codeline>
<codeline lineno="155" refid="structIRockySPHElementScalars_1af70cf6bb3041f4c5e9a8c336ea47b201" refkind="member"><highlight class="normal"><sp/><sp/><sp/><sp/>ROCKY_FUNCTIONS<sp/></highlight><highlight class="keyword">inline</highlight><highlight class="normal"><sp/></highlight><highlight class="keywordtype">float</highlight><highlight class="normal"><sp/><ref refid="structIRockySPHElementScalars_1af70cf6bb3041f4c5e9a8c336ea47b201" kindref="member">get_turbulent_viscosity</ref>()</highlight><highlight class="keyword"><sp/>const</highlight></codeline>
<codeline lineno="156"><highlight class="keyword"><sp/><sp/><sp/><sp/></highlight><highlight class="normal">{</highlight></codeline>
<codeline lineno="157"><highlight class="normal"><sp/><sp/><sp/><sp/><sp/><sp/><sp/><sp/></highlight><highlight class="keywordflow">return</highlight><highlight class="normal"><sp/>this-&gt;get_known_scalar&lt;float&gt;(KnownSPHParticleScalars::TurbulentViscosity);</highlight></codeline>
<codeline lineno="158"><highlight class="normal"><sp/><sp/><sp/><sp/>}</highlight></codeline>
<codeline lineno="159"><highlight class="normal"></highlight></codeline>
<codeline lineno="165" refid="structIRockySPHElementScalars_1aa7d031c763a7c8c643ec7a86c07ae6d3" refkind="member"><highlight class="normal"><sp/><sp/><sp/><sp/>ROCKY_FUNCTIONS<sp/></highlight><highlight class="keyword">inline</highlight><highlight class="normal"><sp/></highlight><highlight class="keywordtype">float</highlight><highlight class="normal"><sp/><ref refid="structIRockySPHElementScalars_1aa7d031c763a7c8c643ec7a86c07ae6d3" kindref="member">get_temperature</ref>()</highlight><highlight class="keyword"><sp/>const</highlight></codeline>
<codeline lineno="166"><highlight class="keyword"><sp/><sp/><sp/><sp/></highlight><highlight class="normal">{</highlight></codeline>
<codeline lineno="167"><highlight class="normal"><sp/><sp/><sp/><sp/><sp/><sp/><sp/><sp/></highlight><highlight class="keywordflow">return</highlight><highlight class="normal"><sp/>this-&gt;get_known_scalar&lt;float&gt;(KnownSPHParticleScalars::Temperature);</highlight></codeline>
<codeline lineno="168"><highlight class="normal"><sp/><sp/><sp/><sp/>}</highlight></codeline>
<codeline lineno="169"><highlight class="normal"></highlight></codeline>
<codeline lineno="175" refid="structIRockySPHElementScalars_1a8a1580996da5f171f535de7e7487fe01" refkind="member"><highlight class="normal"><sp/><sp/><sp/><sp/>ROCKY_FUNCTIONS<sp/></highlight><highlight class="keyword">inline</highlight><highlight class="normal"><sp/></highlight><highlight class="keywordtype">float</highlight><highlight class="normal"><sp/><ref refid="structIRockySPHElementScalars_1a8a1580996da5f171f535de7e7487fe01" kindref="member">get_heat_transfer</ref>()</highlight><highlight class="keyword"><sp/>const</highlight></codeline>
<codeline lineno="176"><highlight class="keyword"><sp/><sp/><sp/><sp/></highlight><highlight class="normal">{</highlight></codeline>
<codeline lineno="177"><highlight class="normal"><sp/><sp/><sp/><sp/><sp/><sp/><sp/><sp/></highlight><highlight class="keywordflow">return</highlight><highlight class="normal"><sp/>this-&gt;get_known_scalar&lt;float&gt;(KnownSPHParticleScalars::HeatTransferRate);</highlight></codeline>
<codeline lineno="178"><highlight class="normal"><sp/><sp/><sp/><sp/>}</highlight></codeline>
<codeline lineno="179"><highlight class="normal"></highlight></codeline>
<codeline lineno="186" refid="structIRockySPHElementScalars_1a21d991fe945a35f8c7a1f4dffd7c5fe4" refkind="member"><highlight class="normal"><sp/><sp/><sp/><sp/>ROCKY_FUNCTIONS<sp/></highlight><highlight class="keyword">inline</highlight><highlight class="normal"><sp/>float3<sp/><ref refid="structIRockySPHElementScalars_1a21d991fe945a35f8c7a1f4dffd7c5fe4" kindref="member">get_velocity_gradient_x</ref>()</highlight><highlight class="keyword"><sp/>const</highlight></codeline>
<codeline lineno="187"><highlight class="keyword"><sp/><sp/><sp/><sp/></highlight><highlight class="normal">{</highlight></codeline>
<codeline lineno="188"><highlight class="normal"><sp/><sp/><sp/><sp/><sp/><sp/><sp/><sp/></highlight><highlight class="keywordflow">return</highlight><highlight class="normal"><sp/>this-&gt;get_known_scalar&lt;float3&gt;(KnownSPHParticleScalars::GradientVelocityX);</highlight></codeline>
<codeline lineno="189"><highlight class="normal"><sp/><sp/><sp/><sp/>}</highlight></codeline>
<codeline lineno="190"><highlight class="normal"></highlight></codeline>
<codeline lineno="197" refid="structIRockySPHElementScalars_1a0b6e39222f53c9977ed3cdcf74cb4a9f" refkind="member"><highlight class="normal"><sp/><sp/><sp/><sp/>ROCKY_FUNCTIONS<sp/></highlight><highlight class="keyword">inline</highlight><highlight class="normal"><sp/>float3<sp/><ref refid="structIRockySPHElementScalars_1a0b6e39222f53c9977ed3cdcf74cb4a9f" kindref="member">get_velocity_gradient_y</ref>()</highlight><highlight class="keyword"><sp/>const</highlight></codeline>
<codeline lineno="198"><highlight class="keyword"><sp/><sp/><sp/><sp/></highlight><highlight class="normal">{</highlight></codeline>
<codeline lineno="199"><highlight class="normal"><sp/><sp/><sp/><sp/><sp/><sp/><sp/><sp/></highlight><highlight class="keywordflow">return</highlight><highlight class="normal"><sp/>this-&gt;get_known_scalar&lt;float3&gt;(KnownSPHParticleScalars::GradientVelocityY);</highlight></codeline>
<codeline lineno="200"><highlight class="normal"><sp/><sp/><sp/><sp/>}</highlight></codeline>
<codeline lineno="201"><highlight class="normal"></highlight></codeline>
<codeline lineno="208" refid="structIRockySPHElementScalars_1ace9533abcbc59ad7581a97d988d4c880" refkind="member"><highlight class="normal"><sp/><sp/><sp/><sp/>ROCKY_FUNCTIONS<sp/></highlight><highlight class="keyword">inline</highlight><highlight class="normal"><sp/>float3<sp/><ref refid="structIRockySPHElementScalars_1ace9533abcbc59ad7581a97d988d4c880" kindref="member">get_velocity_gradient_z</ref>()</highlight><highlight class="keyword"><sp/>const</highlight></codeline>
<codeline lineno="209"><highlight class="keyword"><sp/><sp/><sp/><sp/></highlight><highlight class="normal">{</highlight></codeline>
<codeline lineno="210"><highlight class="normal"><sp/><sp/><sp/><sp/><sp/><sp/><sp/><sp/></highlight><highlight class="keywordflow">return</highlight><highlight class="normal"><sp/>this-&gt;get_known_scalar&lt;float3&gt;(KnownSPHParticleScalars::GradientVelocityZ);</highlight></codeline>
<codeline lineno="211"><highlight class="normal"><sp/><sp/><sp/><sp/>}</highlight></codeline>
<codeline lineno="212"><highlight class="normal"></highlight></codeline>
<codeline lineno="213"><highlight class="normal"><sp/><sp/><sp/><sp/></highlight><highlight class="comment">//<sp/>set<sp/>----------------------------------------------------------------------------------------</highlight><highlight class="normal"></highlight></codeline>
<codeline lineno="214"><highlight class="normal"></highlight></codeline>
<codeline lineno="216"><highlight class="normal"><sp/><sp/><sp/><sp/></highlight><highlight class="keyword">template</highlight><highlight class="normal"><sp/>&lt;</highlight><highlight class="keyword">class</highlight><highlight class="normal"><sp/>_data_type<sp/>=<sp/></highlight><highlight class="keywordtype">float</highlight><highlight class="normal">&gt;</highlight></codeline>
<codeline lineno="217" refid="structIRockySPHElementScalars_1a5dae91ede893e406367059aae00764d5" refkind="member"><highlight class="normal"><sp/><sp/><sp/><sp/>ROCKY_FUNCTIONS<sp/></highlight><highlight class="keywordtype">void</highlight><highlight class="normal"><sp/><ref refid="structIRockySPHElementScalars_1a5dae91ede893e406367059aae00764d5" kindref="member">set_scalar</ref>(</highlight><highlight class="keywordtype">int</highlight><highlight class="normal"><sp/>scalar_index,<sp/>_data_type<sp/>value)</highlight><highlight class="keyword"><sp/>const</highlight></codeline>
<codeline lineno="218"><highlight class="keyword"><sp/><sp/><sp/><sp/></highlight><highlight class="normal">{</highlight></codeline>
<codeline lineno="219"><highlight class="normal"><sp/><sp/><sp/><sp/><sp/><sp/><sp/><sp/>base_type::set_scalar&lt;_data_type&gt;(scalar_index,<sp/>value);</highlight></codeline>
<codeline lineno="220"><highlight class="normal"><sp/><sp/><sp/><sp/>}</highlight></codeline>
<codeline lineno="221"><highlight class="normal"></highlight></codeline>
<codeline lineno="228" refid="structIRockySPHElementScalars_1aebb2bc65cb47b22517249ce65c8728a8" refkind="member"><highlight class="normal"><sp/><sp/><sp/><sp/>ROCKY_FUNCTIONS<sp/></highlight><highlight class="keyword">inline</highlight><highlight class="normal"><sp/></highlight><highlight class="keywordtype">void</highlight><highlight class="normal"><sp/><ref refid="structIRockySPHElementScalars_1aebb2bc65cb47b22517249ce65c8728a8" kindref="member">set_turbulent_viscosity</ref>(</highlight><highlight class="keyword">const</highlight><highlight class="normal"><sp/></highlight><highlight class="keywordtype">float</highlight><highlight class="normal"><sp/>value)</highlight></codeline>
<codeline lineno="229"><highlight class="normal"><sp/><sp/><sp/><sp/>{</highlight></codeline>
<codeline lineno="230"><highlight class="normal"><sp/><sp/><sp/><sp/><sp/><sp/><sp/><sp/>this-&gt;get_known_scalar&lt;float&gt;(KnownSPHParticleScalars::TurbulentViscosity)<sp/>=<sp/>value;</highlight></codeline>
<codeline lineno="231"><highlight class="normal"><sp/><sp/><sp/><sp/>}</highlight></codeline>
<codeline lineno="232"><highlight class="normal"></highlight></codeline>
<codeline lineno="239" refid="structIRockySPHElementScalars_1aa04f956ddd857b6b6fd7e2a6fe44a494" refkind="member"><highlight class="normal"><sp/><sp/><sp/><sp/>ROCKY_FUNCTIONS<sp/></highlight><highlight class="keyword">inline</highlight><highlight class="normal"><sp/></highlight><highlight class="keywordtype">void</highlight><highlight class="normal"><sp/><ref refid="structIRockySPHElementScalars_1aa04f956ddd857b6b6fd7e2a6fe44a494" kindref="member">set_temperature</ref>(</highlight><highlight class="keyword">const</highlight><highlight class="normal"><sp/></highlight><highlight class="keywordtype">float</highlight><highlight class="normal"><sp/>value)</highlight></codeline>
<codeline lineno="240"><highlight class="normal"><sp/><sp/><sp/><sp/>{</highlight></codeline>
<codeline lineno="241"><highlight class="normal"><sp/><sp/><sp/><sp/><sp/><sp/><sp/><sp/>this-&gt;get_known_scalar&lt;float&gt;(KnownSPHParticleScalars::Temperature)<sp/>=<sp/>value;</highlight></codeline>
<codeline lineno="242"><highlight class="normal"><sp/><sp/><sp/><sp/>}</highlight></codeline>
<codeline lineno="243"><highlight class="normal"></highlight></codeline>
<codeline lineno="250" refid="structIRockySPHElementScalars_1af40e66b6c4bbea654f110c9d42b3a72f" refkind="member"><highlight class="normal"><sp/><sp/><sp/><sp/>ROCKY_FUNCTIONS<sp/></highlight><highlight class="keyword">inline</highlight><highlight class="normal"><sp/></highlight><highlight class="keywordtype">void</highlight><highlight class="normal"><sp/><ref refid="structIRockySPHElementScalars_1af40e66b6c4bbea654f110c9d42b3a72f" kindref="member">set_heat_transfer</ref>(</highlight><highlight class="keyword">const</highlight><highlight class="normal"><sp/></highlight><highlight class="keywordtype">float</highlight><highlight class="normal"><sp/>value)</highlight></codeline>
<codeline lineno="251"><highlight class="normal"><sp/><sp/><sp/><sp/>{</highlight></codeline>
<codeline lineno="252"><highlight class="normal"><sp/><sp/><sp/><sp/><sp/><sp/><sp/><sp/>this-&gt;get_known_scalar&lt;float&gt;(KnownSPHParticleScalars::HeatTransferRate)<sp/>=<sp/>value;</highlight></codeline>
<codeline lineno="253"><highlight class="normal"><sp/><sp/><sp/><sp/>}</highlight></codeline>
<codeline lineno="254"><highlight class="normal"></highlight></codeline>
<codeline lineno="255"><highlight class="normal"><sp/><sp/><sp/><sp/></highlight><highlight class="comment">//<sp/>add<sp/>----------------------------------------------------------------------------------------</highlight><highlight class="normal"></highlight></codeline>
<codeline lineno="256"><highlight class="normal"></highlight></codeline>
<codeline lineno="258"><highlight class="normal"><sp/><sp/><sp/><sp/></highlight><highlight class="keyword">template</highlight><highlight class="normal"><sp/>&lt;</highlight><highlight class="keyword">class</highlight><highlight class="normal"><sp/>_data_type<sp/>=<sp/></highlight><highlight class="keywordtype">float</highlight><highlight class="normal">&gt;</highlight></codeline>
<codeline lineno="259" refid="structIRockySPHElementScalars_1a72d99d6c1f69b32a5e9e77325974b1f1" refkind="member"><highlight class="normal"><sp/><sp/><sp/><sp/>ROCKY_FUNCTIONS<sp/></highlight><highlight class="keywordtype">void</highlight><highlight class="normal"><sp/><ref refid="structIRockySPHElementScalars_1a72d99d6c1f69b32a5e9e77325974b1f1" kindref="member">add_scalar</ref>(</highlight><highlight class="keywordtype">int</highlight><highlight class="normal"><sp/>scalar_index,<sp/>_data_type<sp/>value)</highlight><highlight class="keyword"><sp/>const</highlight></codeline>
<codeline lineno="260"><highlight class="keyword"><sp/><sp/><sp/><sp/></highlight><highlight class="normal">{</highlight></codeline>
<codeline lineno="261"><highlight class="normal"><sp/><sp/><sp/><sp/><sp/><sp/><sp/><sp/>base_type::add_scalar&lt;_data_type&gt;(scalar_index,<sp/>value);</highlight></codeline>
<codeline lineno="262"><highlight class="normal"><sp/><sp/><sp/><sp/>}</highlight></codeline>
<codeline lineno="263"><highlight class="normal"></highlight></codeline>
<codeline lineno="269" refid="structIRockySPHElementScalars_1a22c42af1b9c839d1693a42ac889a09df" refkind="member"><highlight class="normal"><sp/><sp/><sp/><sp/>ROCKY_FUNCTIONS<sp/></highlight><highlight class="keyword">inline</highlight><highlight class="normal"><sp/></highlight><highlight class="keywordtype">void</highlight><highlight class="normal"><sp/><ref refid="structIRockySPHElementScalars_1a22c42af1b9c839d1693a42ac889a09df" kindref="member">add_turbulent_viscosity</ref>(</highlight><highlight class="keyword">const</highlight><highlight class="normal"><sp/></highlight><highlight class="keywordtype">float</highlight><highlight class="normal"><sp/>value)</highlight></codeline>
<codeline lineno="270"><highlight class="normal"><sp/><sp/><sp/><sp/>{</highlight></codeline>
<codeline lineno="271"><highlight class="normal"><sp/><sp/><sp/><sp/><sp/><sp/><sp/><sp/>this-&gt;add_known_scalar(KnownSPHParticleScalars::TurbulentViscosity,<sp/>value);</highlight></codeline>
<codeline lineno="272"><highlight class="normal"><sp/><sp/><sp/><sp/>}</highlight></codeline>
<codeline lineno="273"><highlight class="normal"></highlight></codeline>
<codeline lineno="279" refid="structIRockySPHElementScalars_1ae6f55ad8e1a6915cccbade3f199315a4" refkind="member"><highlight class="normal"><sp/><sp/><sp/><sp/>ROCKY_FUNCTIONS<sp/></highlight><highlight class="keyword">inline</highlight><highlight class="normal"><sp/></highlight><highlight class="keywordtype">void</highlight><highlight class="normal"><sp/><ref refid="structIRockySPHElementScalars_1ae6f55ad8e1a6915cccbade3f199315a4" kindref="member">add_temperature</ref>(</highlight><highlight class="keyword">const</highlight><highlight class="normal"><sp/></highlight><highlight class="keywordtype">float</highlight><highlight class="normal"><sp/>value)</highlight></codeline>
<codeline lineno="280"><highlight class="normal"><sp/><sp/><sp/><sp/>{</highlight></codeline>
<codeline lineno="281"><highlight class="normal"><sp/><sp/><sp/><sp/><sp/><sp/><sp/><sp/>this-&gt;add_known_scalar(KnownSPHParticleScalars::Temperature,<sp/>value);</highlight></codeline>
<codeline lineno="282"><highlight class="normal"><sp/><sp/><sp/><sp/>}</highlight></codeline>
<codeline lineno="283"><highlight class="normal"></highlight></codeline>
<codeline lineno="291" refid="structIRockySPHElementScalars_1ace6ee0291cca05f39eb04ba4c760afe0" refkind="member"><highlight class="normal"><sp/><sp/><sp/><sp/>ROCKY_FUNCTIONS<sp/></highlight><highlight class="keyword">inline</highlight><highlight class="normal"><sp/></highlight><highlight class="keywordtype">void</highlight><highlight class="normal"><sp/><ref refid="structIRockySPHElementScalars_1ace6ee0291cca05f39eb04ba4c760afe0" kindref="member">add_heat_transfer</ref>(</highlight><highlight class="keyword">const</highlight><highlight class="normal"><sp/></highlight><highlight class="keywordtype">float</highlight><highlight class="normal"><sp/>value)</highlight></codeline>
<codeline lineno="292"><highlight class="normal"><sp/><sp/><sp/><sp/>{</highlight></codeline>
<codeline lineno="293"><highlight class="normal"><sp/><sp/><sp/><sp/><sp/><sp/><sp/><sp/>this-&gt;add_known_scalar(KnownSPHParticleScalars::HeatTransferRate,<sp/>value);</highlight></codeline>
<codeline lineno="294"><highlight class="normal"><sp/><sp/><sp/><sp/>}</highlight></codeline>
<codeline lineno="295"><highlight class="normal"></highlight></codeline>
<codeline lineno="296"><highlight class="normal"><sp/><sp/><sp/><sp/></highlight><highlight class="comment">//<sp/>max<sp/>----------------------------------------------------------------------------------------</highlight><highlight class="normal"></highlight></codeline>
<codeline lineno="297"><highlight class="normal"></highlight></codeline>
<codeline lineno="299"><highlight class="normal"><sp/><sp/><sp/><sp/></highlight><highlight class="keyword">template</highlight><highlight class="normal"><sp/>&lt;</highlight><highlight class="keyword">class</highlight><highlight class="normal"><sp/>_data_type<sp/>=<sp/></highlight><highlight class="keywordtype">float</highlight><highlight class="normal">&gt;</highlight></codeline>
<codeline lineno="300" refid="structIRockySPHElementScalars_1af020615c90124b8fe6d7168e964515b6" refkind="member"><highlight class="normal"><sp/><sp/><sp/><sp/>ROCKY_FUNCTIONS<sp/></highlight><highlight class="keywordtype">void</highlight><highlight class="normal"><sp/><ref refid="structIRockySPHElementScalars_1af020615c90124b8fe6d7168e964515b6" kindref="member">max_scalar</ref>(</highlight><highlight class="keywordtype">int</highlight><highlight class="normal"><sp/>scalar_index,<sp/>_data_type<sp/>value)</highlight><highlight class="keyword"><sp/>const</highlight></codeline>
<codeline lineno="301"><highlight class="keyword"><sp/><sp/><sp/><sp/></highlight><highlight class="normal">{</highlight></codeline>
<codeline lineno="302"><highlight class="normal"><sp/><sp/><sp/><sp/><sp/><sp/><sp/><sp/>base_type::max_scalar&lt;_data_type&gt;(scalar_index,<sp/>value);</highlight></codeline>
<codeline lineno="303"><highlight class="normal"><sp/><sp/><sp/><sp/>}</highlight></codeline>
<codeline lineno="304"><highlight class="normal"></highlight></codeline>
<codeline lineno="307"><highlight class="normal"><sp/><sp/><sp/><sp/>ROCKY_FUNCTIONS<sp/><ref refid="structIRockySPHElementScalars" kindref="compound">IRockySPHElementScalars</ref>(</highlight></codeline>
<codeline lineno="308"><highlight class="normal"><sp/><sp/><sp/><sp/><sp/><sp/><sp/><sp/>rocky20::SPHParticleScalars&amp;<sp/>_scalars,<sp/></highlight><highlight class="keywordtype">int</highlight><highlight class="normal"><sp/>_element_index)</highlight></codeline>
<codeline lineno="309"><highlight class="normal"><sp/><sp/><sp/><sp/><sp/><sp/><sp/><sp/>:<sp/>EntityScalars&lt;rocky20::SPHParticleScalars&gt;(_scalars,<sp/>_element_index)</highlight></codeline>
<codeline lineno="310"><highlight class="normal"><sp/><sp/><sp/><sp/>{</highlight></codeline>
<codeline lineno="311"><highlight class="normal"><sp/><sp/><sp/><sp/>}</highlight></codeline>
<codeline lineno="312"><highlight class="normal"></highlight></codeline>
<codeline lineno="314"><highlight class="normal">};</highlight></codeline>
    </programlisting>
    <location file="source/c++/rocky20/api/sph/rocky_sph_element_scalars.hpp"/>
  </compounddef>
</doxygen>
