<?xml version='1.0' encoding='UTF-8' standalone='no'?>
<doxygen xmlns:xsi="http://www.w3.org/2001/XMLSchema-instance" xsi:noNamespaceSchemaLocation="compound.xsd" version="1.10.0" xml:lang="en-US">
  <compounddef id="structdevice_1_1ForceElementInteractionOperator" kind="struct" language="C++" prot="public">
    <compoundname>device::ForceElementInteractionOperator</compoundname>
    <templateparamlist>
      <param>
        <type>class Backend</type>
      </param>
    </templateparamlist>
    <sectiondef kind="public-func">
      <memberdef kind="function" id="structdevice_1_1ForceElementInteractionOperator_1a14c7bb1ee3b5ae8435c71afea29b7962" prot="public" static="no" const="no" explicit="no" inline="yes" virt="non-virtual">
        <templateparamlist>
          <param>
            <type>typename Callable</type>
          </param>
        </templateparamlist>
        <type>__host__ __device__ void</type>
        <definition>__host__ __device__ void device::ForceElementInteractionOperator&lt; Backend &gt;::operator()</definition>
        <argsstring>(Callable function_ptr, IRockyDeviceModel &amp;device_model_api, IRockySPHDeviceModel &amp;sph_model, IRockySPHElementInteraction &amp;sph_interaction_api, void *udf_data)</argsstring>
        <name>operator()</name>
        <qualifiedname>device::ForceElementInteractionOperator::operator()</qualifiedname>
        <param>
          <type>Callable</type>
          <declname>function_ptr</declname>
        </param>
        <param>
          <type><ref refid="structIRockyDeviceModel" kindref="compound">IRockyDeviceModel</ref> &amp;</type>
          <declname>device_model_api</declname>
        </param>
        <param>
          <type><ref refid="structIRockySPHDeviceModel" kindref="compound">IRockySPHDeviceModel</ref> &amp;</type>
          <declname>sph_model</declname>
        </param>
        <param>
          <type><ref refid="structIRockySPHElementInteraction" kindref="compound">IRockySPHElementInteraction</ref> &amp;</type>
          <declname>sph_interaction_api</declname>
        </param>
        <param>
          <type>void *</type>
          <declname>udf_data</declname>
        </param>
        <briefdescription>
        </briefdescription>
        <detaileddescription>
        </detaileddescription>
        <inbodydescription>
        </inbodydescription>
        <location file="source/c++/rocky20/api/sph/api_device_sph.hpp" line="140" column="30" bodyfile="source/c++/rocky20/api/sph/api_device_sph.hpp" bodystart="140" bodyend="152"/>
      </memberdef>
    </sectiondef>
    <briefdescription>
    </briefdescription>
    <detaileddescription>
    </detaileddescription>
    <location file="source/c++/rocky20/api/sph/api_device_sph.hpp" line="137" column="1" bodyfile="source/c++/rocky20/api/sph/api_device_sph.hpp" bodystart="138" bodyend="153"/>
    <listofallmembers>
      <member refid="structdevice_1_1ForceElementInteractionOperator_1a14c7bb1ee3b5ae8435c71afea29b7962" prot="public" virt="non-virtual"><scope>device::ForceElementInteractionOperator</scope><name>operator()</name></member>
    </listofallmembers>
  </compounddef>
</doxygen>
