<?xml version='1.0' encoding='UTF-8' standalone='no'?>
<doxygen xmlns:xsi="http://www.w3.org/2001/XMLSchema-instance" xsi:noNamespaceSchemaLocation="compound.xsd" version="1.10.0" xml:lang="en-US">
  <compounddef id="structdevice_1_1VirtualMassParametricOperator" kind="struct" language="C++" prot="public">
    <compoundname>device::VirtualMassParametricOperator</compoundname>
    <templateparamlist>
      <param>
        <type>typename _Coeff</type>
      </param>
    </templateparamlist>
    <sectiondef kind="public-attrib">
      <memberdef kind="variable" id="structdevice_1_1VirtualMassParametricOperator_1af5f56599149b18523afb183bb78ace34" prot="public" static="no" mutable="no">
        <type>SDeviceModel *</type>
        <definition>SDeviceModel* device::VirtualMassParametricOperator&lt; _Coeff &gt;::device_data</definition>
        <argsstring></argsstring>
        <name>device_data</name>
        <qualifiedname>device::VirtualMassParametricOperator::device_data</qualifiedname>
        <briefdescription>
        </briefdescription>
        <detaileddescription>
        </detaileddescription>
        <inbodydescription>
        </inbodydescription>
        <location file="source/c++/rocky20/api/device/api_device_cfd_coupling.hpp" line="295" column="18" bodyfile="source/c++/rocky20/api/device/api_device_cfd_coupling.hpp" bodystart="295" bodyend="-1"/>
      </memberdef>
    </sectiondef>
    <sectiondef kind="public-func">
      <memberdef kind="function" id="structdevice_1_1VirtualMassParametricOperator_1af5e988f8aa91885db1ebaa6e3b5eb891" prot="public" static="no" const="no" explicit="no" inline="yes" virt="non-virtual">
        <type>__host__ __device__ void</type>
        <definition>__host__ __device__ void device::VirtualMassParametricOperator&lt; _Coeff &gt;::operator()</definition>
        <argsstring>(const IRockyParticle &amp;particle, const IRockyCFDProperties &amp;cfd, CFDCouplingOutput &amp;output, void *data)</argsstring>
        <name>operator()</name>
        <qualifiedname>device::VirtualMassParametricOperator::operator()</qualifiedname>
        <param>
          <type>const <ref refid="structIRockyParticle" kindref="compound">IRockyParticle</ref> &amp;</type>
          <declname>particle</declname>
        </param>
        <param>
          <type>const <ref refid="structIRockyCFDProperties" kindref="compound">IRockyCFDProperties</ref> &amp;</type>
          <declname>cfd</declname>
        </param>
        <param>
          <type>CFDCouplingOutput &amp;</type>
          <declname>output</declname>
        </param>
        <param>
          <type>void *</type>
          <declname>data</declname>
        </param>
        <briefdescription>
        </briefdescription>
        <detaileddescription>
        </detaileddescription>
        <inbodydescription>
        </inbodydescription>
        <location file="source/c++/rocky20/api/device/api_device_cfd_coupling.hpp" line="298" column="14" bodyfile="source/c++/rocky20/api/device/api_device_cfd_coupling.hpp" bodystart="298" bodyend="302"/>
      </memberdef>
    </sectiondef>
    <briefdescription>
    </briefdescription>
    <detaileddescription>
    </detaileddescription>
    <location file="source/c++/rocky20/api/device/api_device_cfd_coupling.hpp" line="293" column="1" bodyfile="source/c++/rocky20/api/device/api_device_cfd_coupling.hpp" bodystart="294" bodyend="303"/>
    <listofallmembers>
      <member refid="structdevice_1_1VirtualMassParametricOperator_1af5f56599149b18523afb183bb78ace34" prot="public" virt="non-virtual"><scope>device::VirtualMassParametricOperator</scope><name>device_data</name></member>
      <member refid="structdevice_1_1VirtualMassParametricOperator_1af5e988f8aa91885db1ebaa6e3b5eb891" prot="public" virt="non-virtual"><scope>device::VirtualMassParametricOperator</scope><name>operator()</name></member>
    </listofallmembers>
  </compounddef>
</doxygen>
