<?xml version='1.0' encoding='UTF-8' standalone='no'?>
<doxygen xmlns:xsi="http://www.w3.org/2001/XMLSchema-instance" xsi:noNamespaceSchemaLocation="compound.xsd" version="1.10.0" xml:lang="en-US">
  <compounddef id="structParticlesNeighborhoodOperator" kind="struct" language="C++" prot="public">
    <compoundname>ParticlesNeighborhoodOperator</compoundname>
    <basecompoundref prot="public" virt="non-virtual">BaseNeighborhoodOperator</basecompoundref>
    <templateparamlist>
      <param>
        <type>typename Callable</type>
      </param>
    </templateparamlist>
    <sectiondef kind="public-attrib">
      <memberdef kind="variable" id="structParticlesNeighborhoodOperator_1ae5ae4269ccd2b355dd905a501aa18981" prot="public" static="no" mutable="no">
        <type>Callable &amp;</type>
        <definition>Callable&amp; ParticlesNeighborhoodOperator&lt; Callable &gt;::kernel</definition>
        <argsstring></argsstring>
        <name>kernel</name>
        <qualifiedname>ParticlesNeighborhoodOperator::kernel</qualifiedname>
        <briefdescription>
        </briefdescription>
        <detaileddescription>
        </detaileddescription>
        <inbodydescription>
        </inbodydescription>
        <location file="source/c++/rocky20/api/device/api_device_vicinity.hpp" line="29" column="14" bodyfile="source/c++/rocky20/api/device/api_device_vicinity.hpp" bodystart="29" bodyend="-1"/>
      </memberdef>
    </sectiondef>
    <sectiondef kind="public-func">
      <memberdef kind="function" id="structParticlesNeighborhoodOperator_1acd2608dbd2452ec85fbdf04e3b75f394" prot="public" static="no" const="yes" explicit="no" inline="yes" virt="non-virtual">
        <type>ROCKY_FUNCTIONS size_t</type>
        <definition>ROCKY_FUNCTIONS size_t ParticlesNeighborhoodOperator&lt; Callable &gt;::get_home_count</definition>
        <argsstring>() const</argsstring>
        <name>get_home_count</name>
        <qualifiedname>ParticlesNeighborhoodOperator::get_home_count</qualifiedname>
        <briefdescription>
        </briefdescription>
        <detaileddescription>
        </detaileddescription>
        <inbodydescription>
        </inbodydescription>
        <location file="source/c++/rocky20/api/device/api_device_vicinity.hpp" line="31" column="35" bodyfile="source/c++/rocky20/api/device/api_device_vicinity.hpp" bodystart="31" bodyend="34"/>
      </memberdef>
      <memberdef kind="function" id="structParticlesNeighborhoodOperator_1a47c42562a099c900642fe44e105b6b56" prot="public" static="no" const="yes" explicit="no" inline="yes" virt="non-virtual">
        <type>ROCKY_FUNCTIONS double3</type>
        <definition>ROCKY_FUNCTIONS double3 ParticlesNeighborhoodOperator&lt; Callable &gt;::get_home_centroid</definition>
        <argsstring>(size_t id) const</argsstring>
        <name>get_home_centroid</name>
        <qualifiedname>ParticlesNeighborhoodOperator::get_home_centroid</qualifiedname>
        <param>
          <type>size_t</type>
          <declname>id</declname>
        </param>
        <briefdescription>
        </briefdescription>
        <detaileddescription>
        </detaileddescription>
        <inbodydescription>
        </inbodydescription>
        <location file="source/c++/rocky20/api/device/api_device_vicinity.hpp" line="35" column="36" bodyfile="source/c++/rocky20/api/device/api_device_vicinity.hpp" bodystart="35" bodyend="38"/>
      </memberdef>
      <memberdef kind="function" id="structParticlesNeighborhoodOperator_1afd75b32da44e6329bd980cd2e3f545f1" prot="public" static="no" const="no" explicit="no" inline="yes" virt="non-virtual">
        <type>ROCKY_FUNCTIONS bool</type>
        <definition>ROCKY_FUNCTIONS bool ParticlesNeighborhoodOperator&lt; Callable &gt;::is_valid</definition>
        <argsstring>(size_t home_id, size_t near_id, bool different_cells)</argsstring>
        <name>is_valid</name>
        <qualifiedname>ParticlesNeighborhoodOperator::is_valid</qualifiedname>
        <param>
          <type>size_t</type>
          <declname>home_id</declname>
        </param>
        <param>
          <type>size_t</type>
          <declname>near_id</declname>
        </param>
        <param>
          <type>bool</type>
          <declname>different_cells</declname>
        </param>
        <briefdescription>
        </briefdescription>
        <detaileddescription>
        </detaileddescription>
        <inbodydescription>
        </inbodydescription>
        <location file="source/c++/rocky20/api/device/api_device_vicinity.hpp" line="39" column="33" bodyfile="source/c++/rocky20/api/device/api_device_vicinity.hpp" bodystart="39" bodyend="46"/>
      </memberdef>
      <memberdef kind="function" id="structParticlesNeighborhoodOperator_1aa3b721a5a5c8fd7e8df9ab1f98200ca9" prot="public" static="no" const="no" explicit="no" inline="yes" virt="non-virtual">
        <type>ROCKY_FUNCTIONS void</type>
        <definition>ROCKY_FUNCTIONS void ParticlesNeighborhoodOperator&lt; Callable &gt;::operate</definition>
        <argsstring>(size_t home_id, size_t near_id)</argsstring>
        <name>operate</name>
        <qualifiedname>ParticlesNeighborhoodOperator::operate</qualifiedname>
        <param>
          <type>size_t</type>
          <declname>home_id</declname>
        </param>
        <param>
          <type>size_t</type>
          <declname>near_id</declname>
        </param>
        <briefdescription>
        </briefdescription>
        <detaileddescription>
        </detaileddescription>
        <inbodydescription>
        </inbodydescription>
        <location file="source/c++/rocky20/api/device/api_device_vicinity.hpp" line="47" column="33" bodyfile="source/c++/rocky20/api/device/api_device_vicinity.hpp" bodystart="47" bodyend="52"/>
      </memberdef>
    </sectiondef>
    <briefdescription>
    </briefdescription>
    <detaileddescription>
    </detaileddescription>
    <location file="source/c++/rocky20/api/device/api_device_vicinity.hpp" line="27" column="1" bodyfile="source/c++/rocky20/api/device/api_device_vicinity.hpp" bodystart="28" bodyend="53"/>
    <listofallmembers>
      <member refid="structBaseNeighborhoodOperator_1a9ffcc7773dd34e11297e87b27c6ec558" prot="public" virt="non-virtual"><scope>ParticlesNeighborhoodOperator</scope><name>current_time</name></member>
      <member refid="structBaseNeighborhoodOperator_1a5cb40322d36423e2beb60e0a69914e0e" prot="public" virt="non-virtual"><scope>ParticlesNeighborhoodOperator</scope><name>device_id</name></member>
      <member refid="structBaseNeighborhoodOperator_1a3d956e1177ccdaebf755c2863e806768" prot="public" virt="non-virtual"><scope>ParticlesNeighborhoodOperator</scope><name>device_model</name></member>
      <member refid="structParticlesNeighborhoodOperator_1a47c42562a099c900642fe44e105b6b56" prot="public" virt="non-virtual"><scope>ParticlesNeighborhoodOperator</scope><name>get_home_centroid</name></member>
      <member refid="structParticlesNeighborhoodOperator_1acd2608dbd2452ec85fbdf04e3b75f394" prot="public" virt="non-virtual"><scope>ParticlesNeighborhoodOperator</scope><name>get_home_count</name></member>
      <member refid="structBaseNeighborhoodOperator_1aafe0d7609dc541ed59ad3df4b79413a5" prot="public" virt="non-virtual"><scope>ParticlesNeighborhoodOperator</scope><name>get_near_centroid</name></member>
      <member refid="structBaseNeighborhoodOperator_1a60c9d08a39cecf9a037c835caa872a49" prot="public" virt="non-virtual"><scope>ParticlesNeighborhoodOperator</scope><name>get_near_count</name></member>
      <member refid="structParticlesNeighborhoodOperator_1afd75b32da44e6329bd980cd2e3f545f1" prot="public" virt="non-virtual"><scope>ParticlesNeighborhoodOperator</scope><name>is_valid</name></member>
      <member refid="structParticlesNeighborhoodOperator_1ae5ae4269ccd2b355dd905a501aa18981" prot="public" virt="non-virtual"><scope>ParticlesNeighborhoodOperator</scope><name>kernel</name></member>
      <member refid="structBaseNeighborhoodOperator_1a06967583fa987fb3f70d4f4f8001b65f" prot="public" virt="non-virtual"><scope>ParticlesNeighborhoodOperator</scope><name>n_total_particles</name></member>
      <member refid="structParticlesNeighborhoodOperator_1aa3b721a5a5c8fd7e8df9ab1f98200ca9" prot="public" virt="non-virtual"><scope>ParticlesNeighborhoodOperator</scope><name>operate</name></member>
      <member refid="structBaseNeighborhoodOperator_1a21fa4a66d457168206bbb70a0ab67828" prot="public" virt="non-virtual"><scope>ParticlesNeighborhoodOperator</scope><name>user_data</name></member>
    </listofallmembers>
  </compounddef>
</doxygen>
