<?xml version='1.0' encoding='UTF-8' standalone='no'?>
<doxygen xmlns:xsi="http://www.w3.org/2001/XMLSchema-instance" xsi:noNamespaceSchemaLocation="compound.xsd" version="1.10.0" xml:lang="en-US">
  <compounddef id="structdevice_1_1CFDDataRecorderOperator" kind="struct" language="C++" prot="public">
    <compoundname>device::CFDDataRecorderOperator</compoundname>
    <sectiondef kind="public-attrib">
      <memberdef kind="variable" id="structdevice_1_1CFDDataRecorderOperator_1a1c929f1c4888d5adb5dc20fac77d25f7" prot="public" static="no" mutable="no">
        <type>SDeviceModel *</type>
        <definition>SDeviceModel* device::CFDDataRecorderOperator::device_data</definition>
        <argsstring></argsstring>
        <name>device_data</name>
        <qualifiedname>device::CFDDataRecorderOperator::device_data</qualifiedname>
        <briefdescription>
        </briefdescription>
        <detaileddescription>
        </detaileddescription>
        <inbodydescription>
        </inbodydescription>
        <location file="source/c++/rocky20/api/device/api_device_cfd_coupling.hpp" line="351" column="18" bodyfile="source/c++/rocky20/api/device/api_device_cfd_coupling.hpp" bodystart="351" bodyend="-1"/>
      </memberdef>
    </sectiondef>
    <sectiondef kind="public-func">
      <memberdef kind="function" id="structdevice_1_1CFDDataRecorderOperator_1a9dcd9900e5086406ed9bfe5d48a9ae3c" prot="public" static="no" const="no" explicit="no" inline="yes" virt="non-virtual">
        <type>__host__ __device__ void</type>
        <definition>__host__ __device__ void device::CFDDataRecorderOperator::operator()</definition>
        <argsstring>(const IRockyParticle &amp;particle, const IRockyCFDProperties &amp;cfd, CFDCouplingOutput &amp;output, void *data)</argsstring>
        <name>operator()</name>
        <qualifiedname>device::CFDDataRecorderOperator::operator()</qualifiedname>
        <param>
          <type>const <ref refid="structIRockyParticle" kindref="compound">IRockyParticle</ref> &amp;</type>
          <declname>particle</declname>
        </param>
        <param>
          <type>const <ref refid="structIRockyCFDProperties" kindref="compound">IRockyCFDProperties</ref> &amp;</type>
          <declname>cfd</declname>
        </param>
        <param>
          <type>CFDCouplingOutput &amp;</type>
          <declname>output</declname>
        </param>
        <param>
          <type>void *</type>
          <declname>data</declname>
        </param>
        <briefdescription>
        </briefdescription>
        <detaileddescription>
        </detaileddescription>
        <inbodydescription>
        </inbodydescription>
        <location file="source/c++/rocky20/api/device/api_device_cfd_coupling.hpp" line="354" column="10" bodyfile="source/c++/rocky20/api/device/api_device_cfd_coupling.hpp" bodystart="354" bodyend="362"/>
      </memberdef>
    </sectiondef>
    <briefdescription>
    </briefdescription>
    <detaileddescription>
    </detaileddescription>
    <location file="source/c++/rocky20/api/device/api_device_cfd_coupling.hpp" line="349" column="1" bodyfile="source/c++/rocky20/api/device/api_device_cfd_coupling.hpp" bodystart="350" bodyend="363"/>
    <listofallmembers>
      <member refid="structdevice_1_1CFDDataRecorderOperator_1a1c929f1c4888d5adb5dc20fac77d25f7" prot="public" virt="non-virtual"><scope>device::CFDDataRecorderOperator</scope><name>device_data</name></member>
      <member refid="structdevice_1_1CFDDataRecorderOperator_1a9dcd9900e5086406ed9bfe5d48a9ae3c" prot="public" virt="non-virtual"><scope>device::CFDDataRecorderOperator</scope><name>operator()</name></member>
    </listofallmembers>
  </compounddef>
</doxygen>
