<?xml version='1.0' encoding='UTF-8' standalone='no'?>
<doxygen xmlns:xsi="http://www.w3.org/2001/XMLSchema-instance" xsi:noNamespaceSchemaLocation="compound.xsd" version="1.10.0" xml:lang="en-US">
  <compounddef id="structIRockyJointScalars" kind="struct" language="C++" prot="public">
    <compoundname>IRockyJointScalars</compoundname>
    <basecompoundref prot="public" virt="non-virtual">EntityScalars&lt; rocky20::JointScalars &gt;</basecompoundref>
    <includes refid="rocky__joint__scalars_8hpp" local="no">rocky_joint_scalars.hpp</includes>
    <sectiondef kind="public-func">
      <memberdef kind="function" id="structIRockyJointScalars_1a99bd176be9958223d6dc2a9e62f7ec30" prot="public" static="no" const="yes" explicit="no" inline="no" virt="non-virtual">
        <type>ROCKY_FUNCTIONS double</type>
        <definition>ROCKY_FUNCTIONS double IRockyJointScalars::get_scalar</definition>
        <argsstring>(int scalar_index) const</argsstring>
        <name>get_scalar</name>
        <qualifiedname>IRockyJointScalars::get_scalar</qualifiedname>
        <param>
          <type>int</type>
          <declname>scalar_index</declname>
        </param>
        <briefdescription>
        </briefdescription>
        <detaileddescription>
<para><simplesect kind="par"><title>If a custom scalar variable was defined during the setup of the module,</title><para>the value currently stored can be accessed with this method.</para>
</simplesect>
<parameterlist kind="param"><parameteritem>
<parameternamelist>
<parametername>scalar_index</parametername>
</parameternamelist>
<parameterdescription>
<para>The integer index that was associated to the scalar variable during the setup of the module.</para>
</parameterdescription>
</parameteritem>
</parameterlist>
<simplesect kind="return"><para>The value currently stored in the scalar variable.   </para>
</simplesect>
</para>
        </detaileddescription>
        <inbodydescription>
        </inbodydescription>
        <location file="source/c++/rocky20/api/rocky_joint_scalars.hpp" line="67" column="29"/>
      </memberdef>
      <memberdef kind="function" id="structIRockyJointScalars_1a41d7ac3675a9d3ee3e79cd79c9de1f26" prot="public" static="no" const="yes" explicit="no" inline="no" virt="non-virtual">
        <type>ROCKY_FUNCTIONS void</type>
        <definition>ROCKY_FUNCTIONS void IRockyJointScalars::set_scalar</definition>
        <argsstring>(int scalar_index, double value) const</argsstring>
        <name>set_scalar</name>
        <qualifiedname>IRockyJointScalars::set_scalar</qualifiedname>
        <param>
          <type>int</type>
          <declname>scalar_index</declname>
        </param>
        <param>
          <type>double</type>
          <declname>value</declname>
        </param>
        <briefdescription>
        </briefdescription>
        <detaileddescription>
<para><simplesect kind="par"><title>If a custom scalar variable was defined during the setup of the module,</title><para>this method can be used to store a value on it.</para>
</simplesect>
<parameterlist kind="param"><parameteritem>
<parameternamelist>
<parametername>scalar_index</parametername>
</parameternamelist>
<parameterdescription>
<para>The integer index that was associated to the scalar variable during the setup of the module.</para>
</parameterdescription>
</parameteritem>
<parameteritem>
<parameternamelist>
<parametername>value</parametername>
</parameternamelist>
<parameterdescription>
<para>The value that must be stored.   </para>
</parameterdescription>
</parameteritem>
</parameterlist>
</para>
        </detaileddescription>
        <inbodydescription>
        </inbodydescription>
        <location file="source/c++/rocky20/api/rocky_joint_scalars.hpp" line="70" column="27"/>
      </memberdef>
      <memberdef kind="function" id="structIRockyJointScalars_1abc05fdd6e7595ea79f4fa0aeafd93552" prot="public" static="no" const="yes" explicit="no" inline="no" virt="non-virtual">
        <type>ROCKY_FUNCTIONS void</type>
        <definition>ROCKY_FUNCTIONS void IRockyJointScalars::add_scalar</definition>
        <argsstring>(int scalar_index, double value) const</argsstring>
        <name>add_scalar</name>
        <qualifiedname>IRockyJointScalars::add_scalar</qualifiedname>
        <param>
          <type>int</type>
          <declname>scalar_index</declname>
        </param>
        <param>
          <type>double</type>
          <declname>value</declname>
        </param>
        <briefdescription>
        </briefdescription>
        <detaileddescription>
<para><simplesect kind="par"><title>If a custom scalar variable was defined during the setup of the module,</title><para>this method can be used to sum a value to the current one stored in it.</para>
</simplesect>
<parameterlist kind="param"><parameteritem>
<parameternamelist>
<parametername>scalar_index</parametername>
</parameternamelist>
<parameterdescription>
<para>The integer index that was associated to the scalar variable during the setup of the module.</para>
</parameterdescription>
</parameteritem>
<parameteritem>
<parameternamelist>
<parametername>value</parametername>
</parameternamelist>
<parameterdescription>
<para>The value that must be summed to the current stored value.<linebreak/>
   </para>
</parameterdescription>
</parameteritem>
</parameterlist>
</para>
        </detaileddescription>
        <inbodydescription>
        </inbodydescription>
        <location file="source/c++/rocky20/api/rocky_joint_scalars.hpp" line="73" column="26"/>
      </memberdef>
      <memberdef kind="function" id="structIRockyJointScalars_1a5e95059b8068dc460f40119e2a58d32f" prot="public" static="no" const="yes" explicit="no" inline="no" virt="non-virtual">
        <type>ROCKY_FUNCTIONS void</type>
        <definition>ROCKY_FUNCTIONS void IRockyJointScalars::max_scalar</definition>
        <argsstring>(int scalar_index, double value) const</argsstring>
        <name>max_scalar</name>
        <qualifiedname>IRockyJointScalars::max_scalar</qualifiedname>
        <param>
          <type>int</type>
          <declname>scalar_index</declname>
        </param>
        <param>
          <type>double</type>
          <declname>value</declname>
        </param>
        <briefdescription>
        </briefdescription>
        <detaileddescription>
<para><simplesect kind="par"><title>If a custom scalar variable was defined during the setup of the module,</title><para>this method can be used to make the scalar store the maximum of a set of values. A common use of this method is, for instance, to find the maximum among a set of values associated to the contacts of a particle.</para>
</simplesect>
<parameterlist kind="param"><parameteritem>
<parameternamelist>
<parametername>scalar_index</parametername>
</parameternamelist>
<parameterdescription>
<para>The integer index that was associated to the scalar variable during the setup of the module.</para>
</parameterdescription>
</parameteritem>
<parameteritem>
<parameternamelist>
<parametername>value</parametername>
</parameternamelist>
<parameterdescription>
<para>A value that must be checked if it is greater than the current stored value.   </para>
</parameterdescription>
</parameteritem>
</parameterlist>
</para>
        </detaileddescription>
        <inbodydescription>
        </inbodydescription>
        <location file="source/c++/rocky20/api/rocky_joint_scalars.hpp" line="76" column="26"/>
      </memberdef>
    </sectiondef>
    <briefdescription>
    </briefdescription>
    <detaileddescription>
<para>When running a simulation an <computeroutput><ref refid="structIRockyJointScalars" kindref="compound">IRockyJointScalars</ref></computeroutput> object gives access to all joint scalars defined in the project. These joint scalars can be built-in scalars defined in the solver, or custom joint scalars defined by the current module or other active modules. </para>
    </detaileddescription>
    <location file="source/c++/rocky20/api/rocky_joint_scalars.hpp" line="53" column="1" bodyfile="source/c++/rocky20/api/rocky_joint_scalars.hpp" bodystart="54" bodyend="79"/>
    <listofallmembers>
      <member refid="structIRockyJointScalars_1abc05fdd6e7595ea79f4fa0aeafd93552" prot="public" virt="non-virtual"><scope>IRockyJointScalars</scope><name>add_scalar</name></member>
      <member refid="structIRockyJointScalars_1a99bd176be9958223d6dc2a9e62f7ec30" prot="public" virt="non-virtual"><scope>IRockyJointScalars</scope><name>get_scalar</name></member>
      <member refid="structIRockyJointScalars_1a5e95059b8068dc460f40119e2a58d32f" prot="public" virt="non-virtual"><scope>IRockyJointScalars</scope><name>max_scalar</name></member>
      <member refid="structIRockyJointScalars_1a41d7ac3675a9d3ee3e79cd79c9de1f26" prot="public" virt="non-virtual"><scope>IRockyJointScalars</scope><name>set_scalar</name></member>
    </listofallmembers>
  </compounddef>
</doxygen>
