<?xml version='1.0' encoding='UTF-8' standalone='no'?>
<doxygen xmlns:xsi="http://www.w3.org/2001/XMLSchema-instance" xsi:noNamespaceSchemaLocation="compound.xsd" version="1.10.0" xml:lang="en-US">
  <compounddef id="structIRockyContactIntermediateData" kind="struct" language="C++" prot="public">
    <compoundname>IRockyContactIntermediateData</compoundname>
    <includes refid="rocky__contact__intermediate__data__api_8hpp" local="no">rocky_contact_intermediate_data_api.hpp</includes>
    <sectiondef kind="public-func">
      <memberdef kind="function" id="structIRockyContactIntermediateData_1ae7271a8689305777b1f39beb47898553" prot="public" static="no" const="yes" explicit="no" inline="yes" virt="non-virtual">
        <type>ROCKY_FUNCTIONS double3</type>
        <definition>ROCKY_FUNCTIONS double3 IRockyContactIntermediateData::get_home_centroid_to_contact_point_vector</definition>
        <argsstring>() const</argsstring>
        <name>get_home_centroid_to_contact_point_vector</name>
        <qualifiedname>IRockyContactIntermediateData::get_home_centroid_to_contact_point_vector</qualifiedname>
        <briefdescription>
        </briefdescription>
        <detaileddescription>
<para><simplesect kind="return"><para>Cartesian coordinates of the vector that joins the home particle centroid to the contact point. </para>
</simplesect>
</para>
        </detaileddescription>
        <inbodydescription>
        </inbodydescription>
        <location file="source/c++/rocky20/api/rocky_contact_intermediate_data_api.hpp" line="23" column="29" bodyfile="source/c++/rocky20/api/rocky_contact_intermediate_data_api.hpp" bodystart="49" bodyend="52"/>
      </memberdef>
      <memberdef kind="function" id="structIRockyContactIntermediateData_1a00c355cde831bad36cd029544a7bbb16" prot="public" static="no" const="yes" explicit="no" inline="yes" virt="non-virtual">
        <type>ROCKY_FUNCTIONS double3</type>
        <definition>ROCKY_FUNCTIONS double3 IRockyContactIntermediateData::get_near_centroid_to_contact_point_vector</definition>
        <argsstring>() const</argsstring>
        <name>get_near_centroid_to_contact_point_vector</name>
        <qualifiedname>IRockyContactIntermediateData::get_near_centroid_to_contact_point_vector</qualifiedname>
        <briefdescription>
        </briefdescription>
        <detaileddescription>
<para><simplesect kind="return"><para>Cartesian coordinates of the vector that joins the near particle centroid to the contact point. If the near entity is a triangle instead of a particle, a zero vector will be returned. </para>
</simplesect>
</para>
        </detaileddescription>
        <inbodydescription>
        </inbodydescription>
        <location file="source/c++/rocky20/api/rocky_contact_intermediate_data_api.hpp" line="29" column="29" bodyfile="source/c++/rocky20/api/rocky_contact_intermediate_data_api.hpp" bodystart="54" bodyend="57"/>
      </memberdef>
      <memberdef kind="function" id="structIRockyContactIntermediateData_1a3efba296a1d32e115acbb7071cdbf775" prot="public" static="no" const="yes" explicit="no" inline="yes" virt="non-virtual">
        <type>ROCKY_FUNCTIONS double</type>
        <definition>ROCKY_FUNCTIONS double IRockyContactIntermediateData::get_friction_coefficient</definition>
        <argsstring>() const</argsstring>
        <name>get_friction_coefficient</name>
        <qualifiedname>IRockyContactIntermediateData::get_friction_coefficient</qualifiedname>
        <briefdescription>
        </briefdescription>
        <detaileddescription>
<para><simplesect kind="return"><para>The coefficient of friction, which is the ratio of the frictional force resisting the motion of the two surfaces in contact to the normal force pressing the two surfaces together. The coefficient of friction is equal to the dynamic or static friction coefficient defined for the corresponding material interaction, depending on the existence or not of sliding at the contact. Since the sliding condition must be specified by a module in <computeroutput>ROCKY_PLUGIN_TANGENTIAL_FORCE_ON_CONTACTS</computeroutput>, this method must be called after that hook. If called before that point, the returned value is undetermined. </para>
</simplesect>
</para>
        </detaileddescription>
        <inbodydescription>
        </inbodydescription>
        <location file="source/c++/rocky20/api/rocky_contact_intermediate_data_api.hpp" line="40" column="28" bodyfile="source/c++/rocky20/api/rocky_contact_intermediate_data_api.hpp" bodystart="59" bodyend="62"/>
      </memberdef>
    </sectiondef>
    <briefdescription>
    </briefdescription>
    <detaileddescription>
<para><computeroutput><ref refid="structIRockyContactIntermediateData" kindref="compound">IRockyContactIntermediateData</ref></computeroutput> is an interface to access some useful property values related to the contact that can be needed during the calculation steps of a custom contact model, i.e. calculation of the normal and tangential forces, and calculation of the impact energy. </para>
    </detaileddescription>
    <location file="source/c++/rocky20/api/rocky_contact_intermediate_data_api.hpp" line="17" column="1" bodyfile="source/c++/rocky20/api/rocky_contact_intermediate_data_api.hpp" bodystart="18" bodyend="47"/>
    <listofallmembers>
      <member refid="structIRockyContactIntermediateData_1a3efba296a1d32e115acbb7071cdbf775" prot="public" virt="non-virtual"><scope>IRockyContactIntermediateData</scope><name>get_friction_coefficient</name></member>
      <member refid="structIRockyContactIntermediateData_1ae7271a8689305777b1f39beb47898553" prot="public" virt="non-virtual"><scope>IRockyContactIntermediateData</scope><name>get_home_centroid_to_contact_point_vector</name></member>
      <member refid="structIRockyContactIntermediateData_1a00c355cde831bad36cd029544a7bbb16" prot="public" virt="non-virtual"><scope>IRockyContactIntermediateData</scope><name>get_near_centroid_to_contact_point_vector</name></member>
    </listofallmembers>
  </compounddef>
</doxygen>
