<?xml version='1.0' encoding='UTF-8' standalone='no'?>
<doxygen xmlns:xsi="http://www.w3.org/2001/XMLSchema-instance" xsi:noNamespaceSchemaLocation="compound.xsd" version="1.10.0" xml:lang="en-US">
  <compounddef id="structdevice_1_1LiftParametricOperator" kind="struct" language="C++" prot="public">
    <compoundname>device::LiftParametricOperator</compoundname>
    <templateparamlist>
      <param>
        <type>typename _LiftCoeff</type>
      </param>
    </templateparamlist>
    <sectiondef kind="public-func">
      <memberdef kind="function" id="structdevice_1_1LiftParametricOperator_1a211a2ecb55fccddb3d7c03ef106b7c59" prot="public" static="no" const="no" explicit="no" inline="yes" virt="non-virtual">
        <type>__host__ __device__ void</type>
        <definition>__host__ __device__ void device::LiftParametricOperator&lt; _LiftCoeff &gt;::operator()</definition>
        <argsstring>(const IRockyParticle &amp;particle, const IRockyCFDProperties &amp;cfd, CFDCouplingOutput &amp;output, void *data)</argsstring>
        <name>operator()</name>
        <qualifiedname>device::LiftParametricOperator::operator()</qualifiedname>
        <param>
          <type>const <ref refid="structIRockyParticle" kindref="compound">IRockyParticle</ref> &amp;</type>
          <declname>particle</declname>
        </param>
        <param>
          <type>const <ref refid="structIRockyCFDProperties" kindref="compound">IRockyCFDProperties</ref> &amp;</type>
          <declname>cfd</declname>
        </param>
        <param>
          <type>CFDCouplingOutput &amp;</type>
          <declname>output</declname>
        </param>
        <param>
          <type>void *</type>
          <declname>data</declname>
        </param>
        <briefdescription>
        </briefdescription>
        <detaileddescription>
        </detaileddescription>
        <inbodydescription>
        </inbodydescription>
        <location file="source/c++/rocky20/api/device/api_device_cfd_coupling.hpp" line="274" column="14" bodyfile="source/c++/rocky20/api/device/api_device_cfd_coupling.hpp" bodystart="274" bodyend="277"/>
      </memberdef>
    </sectiondef>
    <briefdescription>
    </briefdescription>
    <detaileddescription>
    </detaileddescription>
    <location file="source/c++/rocky20/api/device/api_device_cfd_coupling.hpp" line="271" column="1" bodyfile="source/c++/rocky20/api/device/api_device_cfd_coupling.hpp" bodystart="272" bodyend="278"/>
    <listofallmembers>
      <member refid="structdevice_1_1LiftParametricOperator_1a211a2ecb55fccddb3d7c03ef106b7c59" prot="public" virt="non-virtual"><scope>device::LiftParametricOperator</scope><name>operator()</name></member>
    </listofallmembers>
  </compounddef>
</doxygen>
