<?xml version='1.0' encoding='UTF-8' standalone='no'?>
<doxygen xmlns:xsi="http://www.w3.org/2001/XMLSchema-instance" xsi:noNamespaceSchemaLocation="compound.xsd" version="1.10.0" xml:lang="en-US">
  <compounddef id="structdevice_1_1TorqueParametricOperator" kind="struct" language="C++" prot="public">
    <compoundname>device::TorqueParametricOperator</compoundname>
    <templateparamlist>
      <param>
        <type>typename _Coeff</type>
      </param>
    </templateparamlist>
    <sectiondef kind="public-func">
      <memberdef kind="function" id="structdevice_1_1TorqueParametricOperator_1a6b85ed155301abb62d2603b7679e245a" prot="public" static="no" const="no" explicit="no" inline="yes" virt="non-virtual">
        <type>__host__ __device__ void</type>
        <definition>__host__ __device__ void device::TorqueParametricOperator&lt; _Coeff &gt;::operator()</definition>
        <argsstring>(const IRockyParticle &amp;particle, const IRockyCFDProperties &amp;cfd, CFDCouplingOutput &amp;output, void *data)</argsstring>
        <name>operator()</name>
        <qualifiedname>device::TorqueParametricOperator::operator()</qualifiedname>
        <param>
          <type>const <ref refid="structIRockyParticle" kindref="compound">IRockyParticle</ref> &amp;</type>
          <declname>particle</declname>
        </param>
        <param>
          <type>const <ref refid="structIRockyCFDProperties" kindref="compound">IRockyCFDProperties</ref> &amp;</type>
          <declname>cfd</declname>
        </param>
        <param>
          <type>CFDCouplingOutput &amp;</type>
          <declname>output</declname>
        </param>
        <param>
          <type>void *</type>
          <declname>data</declname>
        </param>
        <briefdescription>
        </briefdescription>
        <detaileddescription>
        </detaileddescription>
        <inbodydescription>
        </inbodydescription>
        <location file="source/c++/rocky20/api/device/api_device_cfd_coupling.hpp" line="318" column="14" bodyfile="source/c++/rocky20/api/device/api_device_cfd_coupling.hpp" bodystart="318" bodyend="321"/>
      </memberdef>
    </sectiondef>
    <briefdescription>
    </briefdescription>
    <detaileddescription>
    </detaileddescription>
    <location file="source/c++/rocky20/api/device/api_device_cfd_coupling.hpp" line="315" column="1" bodyfile="source/c++/rocky20/api/device/api_device_cfd_coupling.hpp" bodystart="316" bodyend="322"/>
    <listofallmembers>
      <member refid="structdevice_1_1TorqueParametricOperator_1a6b85ed155301abb62d2603b7679e245a" prot="public" virt="non-virtual"><scope>device::TorqueParametricOperator</scope><name>operator()</name></member>
    </listofallmembers>
  </compounddef>
</doxygen>
