<?xml version='1.0' encoding='UTF-8' standalone='no'?>
<doxygen xmlns:xsi="http://www.w3.org/2001/XMLSchema-instance" xsi:noNamespaceSchemaLocation="compound.xsd" version="1.10.0" xml:lang="en-US">
  <compounddef id="structdevice_1_1TwoWayCouplingOperator" kind="struct" language="C++" prot="public">
    <compoundname>device::TwoWayCouplingOperator</compoundname>
    <sectiondef kind="public-attrib">
      <memberdef kind="variable" id="structdevice_1_1TwoWayCouplingOperator_1a2b4813cd3b8241708344c0f3e871d6c0" prot="public" static="no" mutable="no">
        <type>SDeviceModel *</type>
        <definition>SDeviceModel* device::TwoWayCouplingOperator::device_data</definition>
        <argsstring></argsstring>
        <name>device_data</name>
        <qualifiedname>device::TwoWayCouplingOperator::device_data</qualifiedname>
        <briefdescription>
        </briefdescription>
        <detaileddescription>
        </detaileddescription>
        <inbodydescription>
        </inbodydescription>
        <location file="source/c++/rocky20/api/device/api_device_cfd_coupling.hpp" line="367" column="18" bodyfile="source/c++/rocky20/api/device/api_device_cfd_coupling.hpp" bodystart="367" bodyend="-1"/>
      </memberdef>
    </sectiondef>
    <sectiondef kind="public-func">
      <memberdef kind="function" id="structdevice_1_1TwoWayCouplingOperator_1afc012c30b7ab6e3c20903f15fca5705b" prot="public" static="no" const="no" explicit="no" inline="yes" virt="non-virtual">
        <type>__host__ __device__ void</type>
        <definition>__host__ __device__ void device::TwoWayCouplingOperator::operator()</definition>
        <argsstring>(const IRockyParticle &amp;particle, const IRockyCFDProperties &amp;cfd, CFDCouplingOutput &amp;output, void *data)</argsstring>
        <name>operator()</name>
        <qualifiedname>device::TwoWayCouplingOperator::operator()</qualifiedname>
        <param>
          <type>const <ref refid="structIRockyParticle" kindref="compound">IRockyParticle</ref> &amp;</type>
          <declname>particle</declname>
        </param>
        <param>
          <type>const <ref refid="structIRockyCFDProperties" kindref="compound">IRockyCFDProperties</ref> &amp;</type>
          <declname>cfd</declname>
        </param>
        <param>
          <type>CFDCouplingOutput &amp;</type>
          <declname>output</declname>
        </param>
        <param>
          <type>void *</type>
          <declname>data</declname>
        </param>
        <briefdescription>
        </briefdescription>
        <detaileddescription>
        </detaileddescription>
        <inbodydescription>
        </inbodydescription>
        <location file="source/c++/rocky20/api/device/api_device_cfd_coupling.hpp" line="369" column="37" bodyfile="source/c++/rocky20/api/device/api_device_cfd_coupling.hpp" bodystart="369" bodyend="418"/>
      </memberdef>
    </sectiondef>
    <briefdescription>
    </briefdescription>
    <detaileddescription>
    </detaileddescription>
    <location file="source/c++/rocky20/api/device/api_device_cfd_coupling.hpp" line="365" column="1" bodyfile="source/c++/rocky20/api/device/api_device_cfd_coupling.hpp" bodystart="366" bodyend="419"/>
    <listofallmembers>
      <member refid="structdevice_1_1TwoWayCouplingOperator_1a2b4813cd3b8241708344c0f3e871d6c0" prot="public" virt="non-virtual"><scope>device::TwoWayCouplingOperator</scope><name>device_data</name></member>
      <member refid="structdevice_1_1TwoWayCouplingOperator_1afc012c30b7ab6e3c20903f15fca5705b" prot="public" virt="non-virtual"><scope>device::TwoWayCouplingOperator</scope><name>operator()</name></member>
    </listofallmembers>
  </compounddef>
</doxygen>
