<?xml version='1.0' encoding='UTF-8' standalone='no'?>
<doxygen xmlns:xsi="http://www.w3.org/2001/XMLSchema-instance" xsi:noNamespaceSchemaLocation="compound.xsd" version="1.10.0" xml:lang="en-US">
  <compounddef id="structGridSearchParameters" kind="struct" language="C++" prot="public">
    <compoundname>GridSearchParameters</compoundname>
    <sectiondef kind="public-attrib">
      <memberdef kind="variable" id="structGridSearchParameters_1a964d9f3e9e005b25ed11e5ba8e64fc7b" prot="public" static="no" mutable="no">
        <type>SDeviceModel *</type>
        <definition>SDeviceModel* GridSearchParameters::device_model</definition>
        <argsstring></argsstring>
        <name>device_model</name>
        <qualifiedname>GridSearchParameters::device_model</qualifiedname>
        <briefdescription>
        </briefdescription>
        <detaileddescription>
        </detaileddescription>
        <inbodydescription>
        </inbodydescription>
        <location file="source/c++/rocky20/api/rocky_api_vicinity_functions.h" line="14" column="18" bodyfile="source/c++/rocky20/api/rocky_api_vicinity_functions.h" bodystart="14" bodyend="-1"/>
      </memberdef>
      <memberdef kind="variable" id="structGridSearchParameters_1ae5b49b9b4b856b676d0d2b4afba7d526" prot="public" static="no" mutable="no">
        <type>const size_t</type>
        <definition>const size_t GridSearchParameters::n_total_particles</definition>
        <argsstring></argsstring>
        <name>n_total_particles</name>
        <qualifiedname>GridSearchParameters::n_total_particles</qualifiedname>
        <briefdescription>
        </briefdescription>
        <detaileddescription>
        </detaileddescription>
        <inbodydescription>
        </inbodydescription>
        <location file="source/c++/rocky20/api/rocky_api_vicinity_functions.h" line="15" column="18" bodyfile="source/c++/rocky20/api/rocky_api_vicinity_functions.h" bodystart="15" bodyend="-1"/>
      </memberdef>
      <memberdef kind="variable" id="structGridSearchParameters_1a0e9be46aa74a2f3d6a8a49bf42747cdb" prot="public" static="no" mutable="no">
        <type>const size_t *</type>
        <definition>const size_t* GridSearchParameters::grid_starting_index</definition>
        <argsstring></argsstring>
        <name>grid_starting_index</name>
        <qualifiedname>GridSearchParameters::grid_starting_index</qualifiedname>
        <briefdescription>
        </briefdescription>
        <detaileddescription>
        </detaileddescription>
        <inbodydescription>
        </inbodydescription>
        <location file="source/c++/rocky20/api/rocky_api_vicinity_functions.h" line="16" column="18" bodyfile="source/c++/rocky20/api/rocky_api_vicinity_functions.h" bodystart="16" bodyend="-1"/>
      </memberdef>
      <memberdef kind="variable" id="structGridSearchParameters_1a91d137f6aaf0b60c482247d6ec3ee3f9" prot="public" static="no" mutable="no">
        <type>const size_t *</type>
        <definition>const size_t* GridSearchParameters::grid_to_morton</definition>
        <argsstring></argsstring>
        <name>grid_to_morton</name>
        <qualifiedname>GridSearchParameters::grid_to_morton</qualifiedname>
        <briefdescription>
        </briefdescription>
        <detaileddescription>
        </detaileddescription>
        <inbodydescription>
        </inbodydescription>
        <location file="source/c++/rocky20/api/rocky_api_vicinity_functions.h" line="17" column="18" bodyfile="source/c++/rocky20/api/rocky_api_vicinity_functions.h" bodystart="17" bodyend="-1"/>
      </memberdef>
      <memberdef kind="variable" id="structGridSearchParameters_1a3938320885dd917605588df7f4259e0d" prot="public" static="no" mutable="no">
        <type>const double</type>
        <definition>const double GridSearchParameters::cell_size</definition>
        <argsstring></argsstring>
        <name>cell_size</name>
        <qualifiedname>GridSearchParameters::cell_size</qualifiedname>
        <briefdescription>
        </briefdescription>
        <detaileddescription>
        </detaileddescription>
        <inbodydescription>
        </inbodydescription>
        <location file="source/c++/rocky20/api/rocky_api_vicinity_functions.h" line="18" column="18" bodyfile="source/c++/rocky20/api/rocky_api_vicinity_functions.h" bodystart="18" bodyend="-1"/>
      </memberdef>
      <memberdef kind="variable" id="structGridSearchParameters_1a932a8d20f686c9528d2d4dd1495350b2" prot="public" static="no" mutable="no">
        <type>const double</type>
        <definition>const double GridSearchParameters::max_search_radius</definition>
        <argsstring></argsstring>
        <name>max_search_radius</name>
        <qualifiedname>GridSearchParameters::max_search_radius</qualifiedname>
        <briefdescription>
        </briefdescription>
        <detaileddescription>
        </detaileddescription>
        <inbodydescription>
        </inbodydescription>
        <location file="source/c++/rocky20/api/rocky_api_vicinity_functions.h" line="19" column="18" bodyfile="source/c++/rocky20/api/rocky_api_vicinity_functions.h" bodystart="19" bodyend="-1"/>
      </memberdef>
      <memberdef kind="variable" id="structGridSearchParameters_1a42b157c35517d448a50252fbe405b897" prot="public" static="no" mutable="no">
        <type>const longlong3</type>
        <definition>const longlong3 GridSearchParameters::grid_size</definition>
        <argsstring></argsstring>
        <name>grid_size</name>
        <qualifiedname>GridSearchParameters::grid_size</qualifiedname>
        <briefdescription>
        </briefdescription>
        <detaileddescription>
        </detaileddescription>
        <inbodydescription>
        </inbodydescription>
        <location file="source/c++/rocky20/api/rocky_api_vicinity_functions.h" line="20" column="21" bodyfile="source/c++/rocky20/api/rocky_api_vicinity_functions.h" bodystart="20" bodyend="-1"/>
      </memberdef>
      <memberdef kind="variable" id="structGridSearchParameters_1a710a1238c208aef96431eed19b2c8c2c" prot="public" static="no" mutable="no">
        <type>const double3</type>
        <definition>const double3 GridSearchParameters::grid_start</definition>
        <argsstring></argsstring>
        <name>grid_start</name>
        <qualifiedname>GridSearchParameters::grid_start</qualifiedname>
        <briefdescription>
        </briefdescription>
        <detaileddescription>
        </detaileddescription>
        <inbodydescription>
        </inbodydescription>
        <location file="source/c++/rocky20/api/rocky_api_vicinity_functions.h" line="21" column="19" bodyfile="source/c++/rocky20/api/rocky_api_vicinity_functions.h" bodystart="21" bodyend="-1"/>
      </memberdef>
      <memberdef kind="variable" id="structGridSearchParameters_1a8adef698915475f6bd5af66573a7a49b" prot="public" static="no" mutable="no">
        <type>const int</type>
        <definition>const int GridSearchParameters::device_id</definition>
        <argsstring></argsstring>
        <name>device_id</name>
        <qualifiedname>GridSearchParameters::device_id</qualifiedname>
        <briefdescription>
        </briefdescription>
        <detaileddescription>
        </detaileddescription>
        <inbodydescription>
        </inbodydescription>
        <location file="source/c++/rocky20/api/rocky_api_vicinity_functions.h" line="22" column="15" bodyfile="source/c++/rocky20/api/rocky_api_vicinity_functions.h" bodystart="22" bodyend="-1"/>
      </memberdef>
      <memberdef kind="variable" id="structGridSearchParameters_1adbd802dfc91bf518e970437ab44178ca" prot="public" static="no" mutable="no">
        <type>size_t *</type>
        <definition>size_t* GridSearchParameters::n_vicinities</definition>
        <argsstring></argsstring>
        <name>n_vicinities</name>
        <qualifiedname>GridSearchParameters::n_vicinities</qualifiedname>
        <briefdescription>
        </briefdescription>
        <detaileddescription>
        </detaileddescription>
        <inbodydescription>
        </inbodydescription>
        <location file="source/c++/rocky20/api/rocky_api_vicinity_functions.h" line="23" column="12" bodyfile="source/c++/rocky20/api/rocky_api_vicinity_functions.h" bodystart="23" bodyend="-1"/>
      </memberdef>
    </sectiondef>
    <briefdescription>
    </briefdescription>
    <detaileddescription>
    </detaileddescription>
    <location file="source/c++/rocky20/api/rocky_api_vicinity_functions.h" line="12" column="1" bodyfile="source/c++/rocky20/api/rocky_api_vicinity_functions.h" bodystart="13" bodyend="24"/>
    <listofallmembers>
      <member refid="structGridSearchParameters_1a3938320885dd917605588df7f4259e0d" prot="public" virt="non-virtual"><scope>GridSearchParameters</scope><name>cell_size</name></member>
      <member refid="structGridSearchParameters_1a8adef698915475f6bd5af66573a7a49b" prot="public" virt="non-virtual"><scope>GridSearchParameters</scope><name>device_id</name></member>
      <member refid="structGridSearchParameters_1a964d9f3e9e005b25ed11e5ba8e64fc7b" prot="public" virt="non-virtual"><scope>GridSearchParameters</scope><name>device_model</name></member>
      <member refid="structGridSearchParameters_1a42b157c35517d448a50252fbe405b897" prot="public" virt="non-virtual"><scope>GridSearchParameters</scope><name>grid_size</name></member>
      <member refid="structGridSearchParameters_1a710a1238c208aef96431eed19b2c8c2c" prot="public" virt="non-virtual"><scope>GridSearchParameters</scope><name>grid_start</name></member>
      <member refid="structGridSearchParameters_1a0e9be46aa74a2f3d6a8a49bf42747cdb" prot="public" virt="non-virtual"><scope>GridSearchParameters</scope><name>grid_starting_index</name></member>
      <member refid="structGridSearchParameters_1a91d137f6aaf0b60c482247d6ec3ee3f9" prot="public" virt="non-virtual"><scope>GridSearchParameters</scope><name>grid_to_morton</name></member>
      <member refid="structGridSearchParameters_1a932a8d20f686c9528d2d4dd1495350b2" prot="public" virt="non-virtual"><scope>GridSearchParameters</scope><name>max_search_radius</name></member>
      <member refid="structGridSearchParameters_1ae5b49b9b4b856b676d0d2b4afba7d526" prot="public" virt="non-virtual"><scope>GridSearchParameters</scope><name>n_total_particles</name></member>
      <member refid="structGridSearchParameters_1adbd802dfc91bf518e970437ab44178ca" prot="public" virt="non-virtual"><scope>GridSearchParameters</scope><name>n_vicinities</name></member>
    </listofallmembers>
  </compounddef>
</doxygen>
