<?xml version='1.0' encoding='UTF-8' standalone='no'?>
<doxygen xmlns:xsi="http://www.w3.org/2001/XMLSchema-instance" xsi:noNamespaceSchemaLocation="compound.xsd" version="1.10.0" xml:lang="en-US">
  <compounddef id="structIRockyOutputPropertyCollection" kind="struct" language="C++" prot="public">
    <compoundname>IRockyOutputPropertyCollection</compoundname>
    <includes refid="rocky__output__collections__api_8hpp" local="no">rocky_output_collections_api.hpp</includes>
    <sectiondef kind="public-func">
      <memberdef kind="function" id="structIRockyOutputPropertyCollection_1a562a3ad7f55e9b3f2ea033b3678d04cb" prot="public" static="no" const="no" explicit="no" inline="yes" virt="non-virtual">
        <type>int</type>
        <definition>int IRockyOutputPropertyCollection::create_particles_instantaneous_property</definition>
        <argsstring>(const std::string &amp;name, const std::string &amp;unit, double dimension=1.0)</argsstring>
        <name>create_particles_instantaneous_property</name>
        <qualifiedname>IRockyOutputPropertyCollection::create_particles_instantaneous_property</qualifiedname>
        <param>
          <type>const std::string &amp;</type>
          <declname>name</declname>
        </param>
        <param>
          <type>const std::string &amp;</type>
          <declname>unit</declname>
        </param>
        <param>
          <type>double</type>
          <declname>dimension</declname>
          <defval>1.0</defval>
        </param>
        <briefdescription>
        </briefdescription>
        <detaileddescription>
<para><simplesect kind="par"><title>This method registers a new instantaneous particle property. An instantaneous particle property</title><para>consists of a value per particle, which is generated only at output times.</para>
</simplesect>
<parameterlist kind="param"><parameteritem>
<parameternamelist>
<parametername>name</parametername>
</parameternamelist>
<parameterdescription>
<para>A string that identifies the property. </para>
</parameterdescription>
</parameteritem>
<parameteritem>
<parameternamelist>
<parametername>unit</parametername>
</parameternamelist>
<parameterdescription>
<para>A string representing the unit associated to the property. </para>
</parameterdescription>
</parameteritem>
<parameteritem>
<parameternamelist>
<parametername>dimension</parametername>
</parameternamelist>
<parameterdescription>
<para>A dimensional factor used to nondimensionalize the values of the property. </para>
</parameterdescription>
</parameteritem>
</parameterlist>
</para>
        </detaileddescription>
        <inbodydescription>
        </inbodydescription>
        <location file="source/c++/rocky20/api/rocky_output_collections_api.hpp" line="720" column="9" bodyfile="source/c++/rocky20/api/rocky_output_collections_api.hpp" bodystart="787" bodyend="791"/>
      </memberdef>
      <memberdef kind="function" id="structIRockyOutputPropertyCollection_1a12a985fe7f1a21e14166190fae435063" prot="public" static="no" const="no" explicit="no" inline="yes" virt="non-virtual">
        <type>int</type>
        <definition>int IRockyOutputPropertyCollection::create_particles_statistical_property</definition>
        <argsstring>(const std::string &amp;name, const std::string &amp;unit, double dimension=1.0)</argsstring>
        <name>create_particles_statistical_property</name>
        <qualifiedname>IRockyOutputPropertyCollection::create_particles_statistical_property</qualifiedname>
        <param>
          <type>const std::string &amp;</type>
          <declname>name</declname>
        </param>
        <param>
          <type>const std::string &amp;</type>
          <declname>unit</declname>
        </param>
        <param>
          <type>double</type>
          <declname>dimension</declname>
          <defval>1.0</defval>
        </param>
        <briefdescription>
        </briefdescription>
        <detaileddescription>
<para><simplesect kind="par"><title>This method registers a new statistical particle property. A statistical particle property</title><para>consists of a value per particle, which is obtained by processing a sequence of particle-related values recorded during an interval between two consecutive output times.</para>
</simplesect>
<parameterlist kind="param"><parameteritem>
<parameternamelist>
<parametername>name</parametername>
</parameternamelist>
<parameterdescription>
<para>A string that identifies the property. </para>
</parameterdescription>
</parameteritem>
<parameteritem>
<parameternamelist>
<parametername>unit</parametername>
</parameternamelist>
<parameterdescription>
<para>A string representing the unit associated to the property. </para>
</parameterdescription>
</parameteritem>
<parameteritem>
<parameternamelist>
<parametername>dimension</parametername>
</parameternamelist>
<parameterdescription>
<para>A dimensional factor used to nondimensionalize the values of the property. </para>
</parameterdescription>
</parameteritem>
</parameterlist>
</para>
        </detaileddescription>
        <inbodydescription>
        </inbodydescription>
        <location file="source/c++/rocky20/api/rocky_output_collections_api.hpp" line="731" column="9" bodyfile="source/c++/rocky20/api/rocky_output_collections_api.hpp" bodystart="793" bodyend="797"/>
      </memberdef>
      <memberdef kind="function" id="structIRockyOutputPropertyCollection_1a5d45d1e096da70b7d8cb225fa5f53239" prot="public" static="no" const="no" explicit="no" inline="yes" virt="non-virtual">
        <type>int</type>
        <definition>int IRockyOutputPropertyCollection::create_triangles_instantaneous_property</definition>
        <argsstring>(const std::string &amp;name, const std::string &amp;unit, double dimension=1.0)</argsstring>
        <name>create_triangles_instantaneous_property</name>
        <qualifiedname>IRockyOutputPropertyCollection::create_triangles_instantaneous_property</qualifiedname>
        <param>
          <type>const std::string &amp;</type>
          <declname>name</declname>
        </param>
        <param>
          <type>const std::string &amp;</type>
          <declname>unit</declname>
        </param>
        <param>
          <type>double</type>
          <declname>dimension</declname>
          <defval>1.0</defval>
        </param>
        <briefdescription>
        </briefdescription>
        <detaileddescription>
<para><simplesect kind="par"><title>This method registers a new instantaneous triangle property. An instantaneous triangle property</title><para>consists of a value per geometry triangle, which is generated only at output times.</para>
</simplesect>
<parameterlist kind="param"><parameteritem>
<parameternamelist>
<parametername>name</parametername>
</parameternamelist>
<parameterdescription>
<para>A string that identifies the property. </para>
</parameterdescription>
</parameteritem>
<parameteritem>
<parameternamelist>
<parametername>unit</parametername>
</parameternamelist>
<parameterdescription>
<para>A string representing the unit associated to the property. </para>
</parameterdescription>
</parameteritem>
<parameteritem>
<parameternamelist>
<parametername>dimension</parametername>
</parameternamelist>
<parameterdescription>
<para>A dimensional factor used to nondimensionalize the values of the property. </para>
</parameterdescription>
</parameteritem>
</parameterlist>
</para>
        </detaileddescription>
        <inbodydescription>
        </inbodydescription>
        <location file="source/c++/rocky20/api/rocky_output_collections_api.hpp" line="741" column="9" bodyfile="source/c++/rocky20/api/rocky_output_collections_api.hpp" bodystart="799" bodyend="803"/>
      </memberdef>
      <memberdef kind="function" id="structIRockyOutputPropertyCollection_1a8df0ae8b8289603cb4ca3a79a6a410e2" prot="public" static="no" const="no" explicit="no" inline="yes" virt="non-virtual">
        <type>int</type>
        <definition>int IRockyOutputPropertyCollection::create_triangles_statistical_property</definition>
        <argsstring>(const std::string &amp;name, const std::string &amp;unit, double dimension=1.0)</argsstring>
        <name>create_triangles_statistical_property</name>
        <qualifiedname>IRockyOutputPropertyCollection::create_triangles_statistical_property</qualifiedname>
        <param>
          <type>const std::string &amp;</type>
          <declname>name</declname>
        </param>
        <param>
          <type>const std::string &amp;</type>
          <declname>unit</declname>
        </param>
        <param>
          <type>double</type>
          <declname>dimension</declname>
          <defval>1.0</defval>
        </param>
        <briefdescription>
        </briefdescription>
        <detaileddescription>
<para><simplesect kind="par"><title>This method registers a new statistical triangle property. A statistical triangle property</title><para>consists of a value per geometry triangle, which is obtained by processing a sequence of triangle-related values recorded during an interval between two consecutive output times.</para>
</simplesect>
<parameterlist kind="param"><parameteritem>
<parameternamelist>
<parametername>name</parametername>
</parameternamelist>
<parameterdescription>
<para>A string that identifies the property. </para>
</parameterdescription>
</parameteritem>
<parameteritem>
<parameternamelist>
<parametername>unit</parametername>
</parameternamelist>
<parameterdescription>
<para>A string representing the unit associated to the property. </para>
</parameterdescription>
</parameteritem>
<parameteritem>
<parameternamelist>
<parametername>dimension</parametername>
</parameternamelist>
<parameterdescription>
<para>A dimensional factor used to nondimensionalize the values of the property. </para>
</parameterdescription>
</parameteritem>
</parameterlist>
</para>
        </detaileddescription>
        <inbodydescription>
        </inbodydescription>
        <location file="source/c++/rocky20/api/rocky_output_collections_api.hpp" line="752" column="9" bodyfile="source/c++/rocky20/api/rocky_output_collections_api.hpp" bodystart="805" bodyend="809"/>
      </memberdef>
      <memberdef kind="function" id="structIRockyOutputPropertyCollection_1adb9ddaf60d9dd7f8a2f1f373ff96a686" prot="public" static="no" const="no" explicit="no" inline="yes" virt="non-virtual">
        <type>int</type>
        <definition>int IRockyOutputPropertyCollection::create_vertex_triangles_instantaneous_property</definition>
        <argsstring>(const std::string &amp;name, const std::string &amp;unit, double dimension=1.0)</argsstring>
        <name>create_vertex_triangles_instantaneous_property</name>
        <qualifiedname>IRockyOutputPropertyCollection::create_vertex_triangles_instantaneous_property</qualifiedname>
        <param>
          <type>const std::string &amp;</type>
          <declname>name</declname>
        </param>
        <param>
          <type>const std::string &amp;</type>
          <declname>unit</declname>
        </param>
        <param>
          <type>double</type>
          <declname>dimension</declname>
          <defval>1.0</defval>
        </param>
        <briefdescription>
        </briefdescription>
        <detaileddescription>
<para><simplesect kind="par"><title>This method registers a new instantaneous vertex-triangle property. An instantaneous vertex triangle property</title><para>consists of a value per vertex of a geometry, which is generated only at output times.</para>
</simplesect>
<parameterlist kind="param"><parameteritem>
<parameternamelist>
<parametername>name</parametername>
</parameternamelist>
<parameterdescription>
<para>A string that identifies the property. </para>
</parameterdescription>
</parameteritem>
<parameteritem>
<parameternamelist>
<parametername>unit</parametername>
</parameternamelist>
<parameterdescription>
<para>A string representing the unit associated to the property. </para>
</parameterdescription>
</parameteritem>
<parameteritem>
<parameternamelist>
<parametername>dimension</parametername>
</parameternamelist>
<parameterdescription>
<para>A dimensional factor used to nondimensionalize the values of the property. </para>
</parameterdescription>
</parameteritem>
</parameterlist>
</para>
        </detaileddescription>
        <inbodydescription>
        </inbodydescription>
        <location file="source/c++/rocky20/api/rocky_output_collections_api.hpp" line="762" column="9" bodyfile="source/c++/rocky20/api/rocky_output_collections_api.hpp" bodystart="811" bodyend="815"/>
      </memberdef>
      <memberdef kind="function" id="structIRockyOutputPropertyCollection_1acd8689ea4a1e86fc064b6e4e6a813a2c" prot="public" static="no" const="no" explicit="no" inline="yes" virt="non-virtual">
        <type>int</type>
        <definition>int IRockyOutputPropertyCollection::create_vertex_triangles_statistical_property</definition>
        <argsstring>(const std::string &amp;name, const std::string &amp;unit, double dimension=1.0)</argsstring>
        <name>create_vertex_triangles_statistical_property</name>
        <qualifiedname>IRockyOutputPropertyCollection::create_vertex_triangles_statistical_property</qualifiedname>
        <param>
          <type>const std::string &amp;</type>
          <declname>name</declname>
        </param>
        <param>
          <type>const std::string &amp;</type>
          <declname>unit</declname>
        </param>
        <param>
          <type>double</type>
          <declname>dimension</declname>
          <defval>1.0</defval>
        </param>
        <briefdescription>
        </briefdescription>
        <detaileddescription>
<para><simplesect kind="par"><title>This method registers a new statistical vertex-triangle property. A statistical vertex-triangle property</title><para>consists of a value per vertex of a geometry, which is obtained by processing a sequence of vertex-related values recorded during anS interval between two consecutive output times.</para>
</simplesect>
<parameterlist kind="param"><parameteritem>
<parameternamelist>
<parametername>name</parametername>
</parameternamelist>
<parameterdescription>
<para>A string that identifies the property. </para>
</parameterdescription>
</parameteritem>
<parameteritem>
<parameternamelist>
<parametername>unit</parametername>
</parameternamelist>
<parameterdescription>
<para>A string representing the unit associated to the property. </para>
</parameterdescription>
</parameteritem>
<parameteritem>
<parameternamelist>
<parametername>dimension</parametername>
</parameternamelist>
<parameterdescription>
<para>A dimensional factor used to nondimensionalize the values of the property. </para>
</parameterdescription>
</parameteritem>
</parameterlist>
</para>
        </detaileddescription>
        <inbodydescription>
        </inbodydescription>
        <location file="source/c++/rocky20/api/rocky_output_collections_api.hpp" line="773" column="9" bodyfile="source/c++/rocky20/api/rocky_output_collections_api.hpp" bodystart="817" bodyend="821"/>
      </memberdef>
    </sectiondef>
    <briefdescription>
    </briefdescription>
    <detaileddescription>
<para><computeroutput><ref refid="structIRockyOutputPropertyCollection" kindref="compound">IRockyOutputPropertyCollection</ref></computeroutput> is an auxiliary struct intended for setting up custom particle and boundary properties generated by custom modules. Those properties will be displayed in the Rocky UI along with the built-in output properties generated by Rocky itself. </para>
    </detaileddescription>
    <location file="source/c++/rocky20/api/rocky_output_collections_api.hpp" line="710" column="1" bodyfile="source/c++/rocky20/api/rocky_output_collections_api.hpp" bodystart="711" bodyend="780"/>
    <listofallmembers>
      <member refid="structIRockyOutputPropertyCollection_1a562a3ad7f55e9b3f2ea033b3678d04cb" prot="public" virt="non-virtual"><scope>IRockyOutputPropertyCollection</scope><name>create_particles_instantaneous_property</name></member>
      <member refid="structIRockyOutputPropertyCollection_1a12a985fe7f1a21e14166190fae435063" prot="public" virt="non-virtual"><scope>IRockyOutputPropertyCollection</scope><name>create_particles_statistical_property</name></member>
      <member refid="structIRockyOutputPropertyCollection_1a5d45d1e096da70b7d8cb225fa5f53239" prot="public" virt="non-virtual"><scope>IRockyOutputPropertyCollection</scope><name>create_triangles_instantaneous_property</name></member>
      <member refid="structIRockyOutputPropertyCollection_1a8df0ae8b8289603cb4ca3a79a6a410e2" prot="public" virt="non-virtual"><scope>IRockyOutputPropertyCollection</scope><name>create_triangles_statistical_property</name></member>
      <member refid="structIRockyOutputPropertyCollection_1adb9ddaf60d9dd7f8a2f1f373ff96a686" prot="public" virt="non-virtual"><scope>IRockyOutputPropertyCollection</scope><name>create_vertex_triangles_instantaneous_property</name></member>
      <member refid="structIRockyOutputPropertyCollection_1acd8689ea4a1e86fc064b6e4e6a813a2c" prot="public" virt="non-virtual"><scope>IRockyOutputPropertyCollection</scope><name>create_vertex_triangles_statistical_property</name></member>
    </listofallmembers>
  </compounddef>
</doxygen>
