<?xml version='1.0' encoding='UTF-8' standalone='no'?>
<doxygen xmlns:xsi="http://www.w3.org/2001/XMLSchema-instance" xsi:noNamespaceSchemaLocation="compound.xsd" version="1.10.0" xml:lang="en-US">
  <compounddef id="structFunction2Functor" kind="struct" language="C++" prot="public">
    <compoundname>Function2Functor</compoundname>
    <templateparamlist>
      <param>
        <type>typename Function</type>
      </param>
    </templateparamlist>
    <sectiondef kind="public-attrib">
      <memberdef kind="variable" id="structFunction2Functor_1a0b863c868314d0cfe66229f2abc1320a" prot="public" static="no" mutable="no">
        <type>Function</type>
        <definition>Function Function2Functor&lt; Function &gt;::function</definition>
        <argsstring></argsstring>
        <name>function</name>
        <qualifiedname>Function2Functor::function</qualifiedname>
        <briefdescription>
        </briefdescription>
        <detaileddescription>
        </detaileddescription>
        <inbodydescription>
        </inbodydescription>
        <location file="source/c++/rocky20/api/rocky_api_functions.h" line="130" column="14" bodyfile="source/c++/rocky20/api/rocky_api_functions.h" bodystart="130" bodyend="-1"/>
      </memberdef>
    </sectiondef>
    <sectiondef kind="public-func">
      <memberdef kind="function" id="structFunction2Functor_1a7b7ffffd430951f757fed932efc3860f" prot="public" static="no" const="no" explicit="no" inline="yes" virt="non-virtual">
        <templateparamlist>
          <param>
            <type>typename...</type>
            <declname>Args</declname>
            <defname>Args</defname>
          </param>
        </templateparamlist>
        <type>void</type>
        <definition>void Function2Functor&lt; Function &gt;::operator()</definition>
        <argsstring>(Args &amp;... args)</argsstring>
        <name>operator()</name>
        <qualifiedname>Function2Functor::operator()</qualifiedname>
        <param>
          <type>Args &amp;...</type>
          <declname>args</declname>
        </param>
        <briefdescription>
        </briefdescription>
        <detaileddescription>
        </detaileddescription>
        <inbodydescription>
        </inbodydescription>
        <location file="source/c++/rocky20/api/rocky_api_functions.h" line="126" column="10" bodyfile="source/c++/rocky20/api/rocky_api_functions.h" bodystart="126" bodyend="129"/>
      </memberdef>
    </sectiondef>
    <briefdescription>
    </briefdescription>
    <detaileddescription>
    </detaileddescription>
    <location file="source/c++/rocky20/api/rocky_api_functions.h" line="123" column="1" bodyfile="source/c++/rocky20/api/rocky_api_functions.h" bodystart="124" bodyend="131"/>
    <listofallmembers>
      <member refid="structFunction2Functor_1a0b863c868314d0cfe66229f2abc1320a" prot="public" virt="non-virtual"><scope>Function2Functor</scope><name>function</name></member>
      <member refid="structFunction2Functor_1a7b7ffffd430951f757fed932efc3860f" prot="public" virt="non-virtual"><scope>Function2Functor</scope><name>operator()</name></member>
    </listofallmembers>
  </compounddef>
</doxygen>
