<?xml version='1.0' encoding='UTF-8' standalone='no'?>
<doxygen xmlns:xsi="http://www.w3.org/2001/XMLSchema-instance" xsi:noNamespaceSchemaLocation="compound.xsd" version="1.10.0" xml:lang="en-US">
  <compounddef id="structdevice_1_1TurbulenceOperator" kind="struct" language="C++" prot="public">
    <compoundname>device::TurbulenceOperator</compoundname>
    <sectiondef kind="public-attrib">
      <memberdef kind="variable" id="structdevice_1_1TurbulenceOperator_1ab8f2c734b725f5884c262418a4f8b617" prot="public" static="no" mutable="no">
        <type>SDeviceModel *</type>
        <definition>SDeviceModel* device::TurbulenceOperator::device_data</definition>
        <argsstring></argsstring>
        <name>device_data</name>
        <qualifiedname>device::TurbulenceOperator::device_data</qualifiedname>
        <briefdescription>
        </briefdescription>
        <detaileddescription>
        </detaileddescription>
        <inbodydescription>
        </inbodydescription>
        <location file="source/c++/rocky20/api/device/api_device_cfd_coupling.hpp" line="423" column="18" bodyfile="source/c++/rocky20/api/device/api_device_cfd_coupling.hpp" bodystart="423" bodyend="-1"/>
      </memberdef>
    </sectiondef>
    <sectiondef kind="public-func">
      <memberdef kind="function" id="structdevice_1_1TurbulenceOperator_1a3c65dbecf3b0f0ffd7fdb85c01cb14a7" prot="public" static="no" const="no" explicit="no" inline="yes" virt="non-virtual">
        <type>__host__ __device__ void</type>
        <definition>__host__ __device__ void device::TurbulenceOperator::operator()</definition>
        <argsstring>(const IRockyParticle &amp;particle, const IRockyCFDProperties &amp;cfd, CFDCouplingOutput &amp;output, void *data)</argsstring>
        <name>operator()</name>
        <qualifiedname>device::TurbulenceOperator::operator()</qualifiedname>
        <param>
          <type>const <ref refid="structIRockyParticle" kindref="compound">IRockyParticle</ref> &amp;</type>
          <declname>particle</declname>
        </param>
        <param>
          <type>const <ref refid="structIRockyCFDProperties" kindref="compound">IRockyCFDProperties</ref> &amp;</type>
          <declname>cfd</declname>
        </param>
        <param>
          <type>CFDCouplingOutput &amp;</type>
          <declname>output</declname>
        </param>
        <param>
          <type>void *</type>
          <declname>data</declname>
        </param>
        <briefdescription>
        </briefdescription>
        <detaileddescription>
        </detaileddescription>
        <inbodydescription>
        </inbodydescription>
        <location file="source/c++/rocky20/api/device/api_device_cfd_coupling.hpp" line="426" column="10" bodyfile="source/c++/rocky20/api/device/api_device_cfd_coupling.hpp" bodystart="426" bodyend="443"/>
      </memberdef>
    </sectiondef>
    <briefdescription>
    </briefdescription>
    <detaileddescription>
    </detaileddescription>
    <location file="source/c++/rocky20/api/device/api_device_cfd_coupling.hpp" line="421" column="1" bodyfile="source/c++/rocky20/api/device/api_device_cfd_coupling.hpp" bodystart="422" bodyend="444"/>
    <listofallmembers>
      <member refid="structdevice_1_1TurbulenceOperator_1ab8f2c734b725f5884c262418a4f8b617" prot="public" virt="non-virtual"><scope>device::TurbulenceOperator</scope><name>device_data</name></member>
      <member refid="structdevice_1_1TurbulenceOperator_1a3c65dbecf3b0f0ffd7fdb85c01cb14a7" prot="public" virt="non-virtual"><scope>device::TurbulenceOperator</scope><name>operator()</name></member>
    </listofallmembers>
  </compounddef>
</doxygen>
