<?xml version='1.0' encoding='UTF-8' standalone='no'?>
<doxygen xmlns:xsi="http://www.w3.org/2001/XMLSchema-instance" xsi:noNamespaceSchemaLocation="compound.xsd" version="1.10.0" xml:lang="en-US">
  <compounddef id="structdevice_1_1CouplingDispatchData" kind="struct" language="C++" prot="public">
    <compoundname>device::CouplingDispatchData</compoundname>
    <sectiondef kind="public-attrib">
      <memberdef kind="variable" id="structdevice_1_1CouplingDispatchData_1a2593be2c68aacd8a14667a55d077831a" prot="public" static="no" mutable="no">
        <type>bool</type>
        <definition>bool device::CouplingDispatchData::is_cuda</definition>
        <argsstring></argsstring>
        <name>is_cuda</name>
        <qualifiedname>device::CouplingDispatchData::is_cuda</qualifiedname>
        <initializer>{ false }</initializer>
        <briefdescription>
        </briefdescription>
        <detaileddescription>
        </detaileddescription>
        <inbodydescription>
        </inbodydescription>
        <location file="source/c++/rocky20/api/device/api_device_cfd_coupling.hpp" line="27" column="10" bodyfile="source/c++/rocky20/api/device/api_device_cfd_coupling.hpp" bodystart="27" bodyend="27"/>
      </memberdef>
      <memberdef kind="variable" id="structdevice_1_1CouplingDispatchData_1a76d1dac3ae0e9956bb836e8b05ca91c8" prot="public" static="no" mutable="no">
        <type>bool</type>
        <definition>bool device::CouplingDispatchData::collect_cfd_data</definition>
        <argsstring></argsstring>
        <name>collect_cfd_data</name>
        <qualifiedname>device::CouplingDispatchData::collect_cfd_data</qualifiedname>
        <initializer>{ false }</initializer>
        <briefdescription>
        </briefdescription>
        <detaileddescription>
        </detaileddescription>
        <inbodydescription>
        </inbodydescription>
        <location file="source/c++/rocky20/api/device/api_device_cfd_coupling.hpp" line="27" column="18" bodyfile="source/c++/rocky20/api/device/api_device_cfd_coupling.hpp" bodystart="27" bodyend="27"/>
      </memberdef>
      <memberdef kind="variable" id="structdevice_1_1CouplingDispatchData_1a866aac733ecaba0b38c4c9eae1392488" prot="public" static="no" mutable="no">
        <type>SDeviceModel *</type>
        <definition>SDeviceModel* device::CouplingDispatchData::device_data</definition>
        <argsstring></argsstring>
        <name>device_data</name>
        <qualifiedname>device::CouplingDispatchData::device_data</qualifiedname>
        <briefdescription>
        </briefdescription>
        <detaileddescription>
        </detaileddescription>
        <inbodydescription>
        </inbodydescription>
        <location file="source/c++/rocky20/api/device/api_device_cfd_coupling.hpp" line="29" column="18" bodyfile="source/c++/rocky20/api/device/api_device_cfd_coupling.hpp" bodystart="29" bodyend="-1"/>
      </memberdef>
      <memberdef kind="variable" id="structdevice_1_1CouplingDispatchData_1ae9c36493479d9fe2b695ac812b4245ea" prot="public" static="no" mutable="no">
        <type>unsigned int *</type>
        <definition>unsigned int* device::CouplingDispatchData::particle_indexes</definition>
        <argsstring></argsstring>
        <name>particle_indexes</name>
        <qualifiedname>device::CouplingDispatchData::particle_indexes</qualifiedname>
        <briefdescription>
        </briefdescription>
        <detaileddescription>
        </detaileddescription>
        <inbodydescription>
        </inbodydescription>
        <location file="source/c++/rocky20/api/device/api_device_cfd_coupling.hpp" line="30" column="18" bodyfile="source/c++/rocky20/api/device/api_device_cfd_coupling.hpp" bodystart="30" bodyend="-1"/>
      </memberdef>
      <memberdef kind="variable" id="structdevice_1_1CouplingDispatchData_1ad168ed56708cdff236e9734028af4cb0" prot="public" static="no" mutable="no">
        <type>int</type>
        <definition>int device::CouplingDispatchData::n_particles</definition>
        <argsstring></argsstring>
        <name>n_particles</name>
        <qualifiedname>device::CouplingDispatchData::n_particles</qualifiedname>
        <briefdescription>
        </briefdescription>
        <detaileddescription>
        </detaileddescription>
        <inbodydescription>
        </inbodydescription>
        <location file="source/c++/rocky20/api/device/api_device_cfd_coupling.hpp" line="31" column="9" bodyfile="source/c++/rocky20/api/device/api_device_cfd_coupling.hpp" bodystart="31" bodyend="-1"/>
      </memberdef>
      <memberdef kind="variable" id="structdevice_1_1CouplingDispatchData_1a5f0ec71e9154b1f134fe2812d5554929" prot="public" static="no" mutable="no">
        <type>void *</type>
        <definition>void* device::CouplingDispatchData::udf_data</definition>
        <argsstring></argsstring>
        <name>udf_data</name>
        <qualifiedname>device::CouplingDispatchData::udf_data</qualifiedname>
        <briefdescription>
        </briefdescription>
        <detaileddescription>
        </detaileddescription>
        <inbodydescription>
        </inbodydescription>
        <location file="source/c++/rocky20/api/device/api_device_cfd_coupling.hpp" line="32" column="10" bodyfile="source/c++/rocky20/api/device/api_device_cfd_coupling.hpp" bodystart="32" bodyend="-1"/>
      </memberdef>
    </sectiondef>
    <briefdescription>
    </briefdescription>
    <detaileddescription>
    </detaileddescription>
    <location file="source/c++/rocky20/api/device/api_device_cfd_coupling.hpp" line="25" column="1" bodyfile="source/c++/rocky20/api/device/api_device_cfd_coupling.hpp" bodystart="26" bodyend="33"/>
    <listofallmembers>
      <member refid="structdevice_1_1CouplingDispatchData_1a76d1dac3ae0e9956bb836e8b05ca91c8" prot="public" virt="non-virtual"><scope>device::CouplingDispatchData</scope><name>collect_cfd_data</name></member>
      <member refid="structdevice_1_1CouplingDispatchData_1a866aac733ecaba0b38c4c9eae1392488" prot="public" virt="non-virtual"><scope>device::CouplingDispatchData</scope><name>device_data</name></member>
      <member refid="structdevice_1_1CouplingDispatchData_1a2593be2c68aacd8a14667a55d077831a" prot="public" virt="non-virtual"><scope>device::CouplingDispatchData</scope><name>is_cuda</name></member>
      <member refid="structdevice_1_1CouplingDispatchData_1ad168ed56708cdff236e9734028af4cb0" prot="public" virt="non-virtual"><scope>device::CouplingDispatchData</scope><name>n_particles</name></member>
      <member refid="structdevice_1_1CouplingDispatchData_1ae9c36493479d9fe2b695ac812b4245ea" prot="public" virt="non-virtual"><scope>device::CouplingDispatchData</scope><name>particle_indexes</name></member>
      <member refid="structdevice_1_1CouplingDispatchData_1a5f0ec71e9154b1f134fe2812d5554929" prot="public" virt="non-virtual"><scope>device::CouplingDispatchData</scope><name>udf_data</name></member>
    </listofallmembers>
  </compounddef>
</doxygen>
