<?xml version='1.0' encoding='UTF-8' standalone='no'?>
<doxygen xmlns:xsi="http://www.w3.org/2001/XMLSchema-instance" xsi:noNamespaceSchemaLocation="compound.xsd" version="1.10.0" xml:lang="en-US">
  <compounddef id="structIRockyStatisticsAccumulator" kind="struct" language="C++" prot="public">
    <compoundname>IRockyStatisticsAccumulator</compoundname>
    <includes refid="rocky__statistics__data_8hpp" local="no">rocky_statistics_data.hpp</includes>
    <sectiondef kind="public-func">
      <memberdef kind="function" id="structIRockyStatisticsAccumulator_1aa6f9107d44777f2914054a2567018438" prot="public" static="no" const="no" explicit="no" inline="no" virt="non-virtual">
        <type>ROCKY_FUNCTIONS void</type>
        <definition>ROCKY_FUNCTIONS void IRockyStatisticsAccumulator::add_value</definition>
        <argsstring>(double value)</argsstring>
        <name>add_value</name>
        <qualifiedname>IRockyStatisticsAccumulator::add_value</qualifiedname>
        <param>
          <type>double</type>
          <declname>value</declname>
        </param>
        <briefdescription>
        </briefdescription>
        <detaileddescription>
<para><simplesect kind="par"><title>This method adds a new value to the current sum.</title><para></para>
</simplesect>
<parameterlist kind="param"><parameteritem>
<parameternamelist>
<parametername>value</parametername>
</parameternamelist>
<parameterdescription>
<para>The value that must be added. </para>
</parameterdescription>
</parameteritem>
</parameterlist>
</para>
        </detaileddescription>
        <inbodydescription>
        </inbodydescription>
        <location file="source/c++/rocky20/api/rocky_statistics_data.hpp" line="188" column="26"/>
      </memberdef>
      <memberdef kind="function" id="structIRockyStatisticsAccumulator_1a465ef9a481493da8c59e760a3f37e3e6" prot="public" static="no" const="yes" explicit="no" inline="no" virt="non-virtual">
        <type>double</type>
        <definition>double IRockyStatisticsAccumulator::get_sum</definition>
        <argsstring>() const</argsstring>
        <name>get_sum</name>
        <qualifiedname>IRockyStatisticsAccumulator::get_sum</qualifiedname>
        <briefdescription>
        </briefdescription>
        <detaileddescription>
<para><simplesect kind="return"><para>The value of the sum accumulated so far. </para>
</simplesect>
</para>
        </detaileddescription>
        <inbodydescription>
        </inbodydescription>
        <location file="source/c++/rocky20/api/rocky_statistics_data.hpp" line="193" column="12"/>
      </memberdef>
      <memberdef kind="function" id="structIRockyStatisticsAccumulator_1acb15234baa81417b3382410594d7150b" prot="public" static="no" const="no" explicit="no" inline="no" virt="non-virtual">
        <type>void</type>
        <definition>void IRockyStatisticsAccumulator::reset</definition>
        <argsstring>()</argsstring>
        <name>reset</name>
        <qualifiedname>IRockyStatisticsAccumulator::reset</qualifiedname>
        <briefdescription>
        </briefdescription>
        <detaileddescription>
<para><simplesect kind="par"><title>This method resets to zero the sum in order to start a new accumulation round.</title><para></para>
</simplesect>
</para>
        </detaileddescription>
        <inbodydescription>
        </inbodydescription>
        <location file="source/c++/rocky20/api/rocky_statistics_data.hpp" line="198" column="10"/>
      </memberdef>
      <memberdef kind="function" id="structIRockyStatisticsAccumulator_1a6a0a426d29d79255741700958cdc9511" prot="public" static="no" const="no" explicit="no" inline="no" virt="non-virtual">
        <type>void</type>
        <definition>void IRockyStatisticsAccumulator::join</definition>
        <argsstring>(const IRockyStatisticsAccumulator &amp;other)</argsstring>
        <name>join</name>
        <qualifiedname>IRockyStatisticsAccumulator::join</qualifiedname>
        <param>
          <type>const <ref refid="structIRockyStatisticsAccumulator" kindref="compound">IRockyStatisticsAccumulator</ref> &amp;</type>
          <declname>other</declname>
        </param>
        <briefdescription>
        </briefdescription>
        <detaileddescription>
<para><simplesect kind="par"><title>This method sums the values accumulated by two instances of</title><para><computeroutput><ref refid="structIRockyStatisticsAccumulator" kindref="compound">IRockyStatisticsAccumulator</ref></computeroutput> associated to two separate sets of values. After calling this method, the value returned by <computeroutput>get_sum</computeroutput> will be the resulting sum.</para>
</simplesect>
<parameterlist kind="param"><parameteritem>
<parameternamelist>
<parametername>other</parametername>
</parameternamelist>
<parameterdescription>
<para>The instance of <computeroutput><ref refid="structIRockyStatisticsAccumulator" kindref="compound">IRockyStatisticsAccumulator</ref></computeroutput> that accumulated the second set of values. </para>
</parameterdescription>
</parameteritem>
</parameterlist>
</para>
        </detaileddescription>
        <inbodydescription>
        </inbodydescription>
        <location file="source/c++/rocky20/api/rocky_statistics_data.hpp" line="208" column="10"/>
      </memberdef>
    </sectiondef>
    <briefdescription>
    </briefdescription>
    <detaileddescription>
<para><computeroutput><ref refid="structIRockyStatisticsAccumulator" kindref="compound">IRockyStatisticsAccumulator</ref></computeroutput> is an auxiliary struct that can be used to sum a set of values generated during a period of time in a simulation. That sum may be an approximation of the value of an integral, needed for calculating integral-based statistics. Such integral can represent a physical magnitude, for instance, an impulse or a work. Please refer to the DEM Technical Manual for a complete description of integral-based statistics. </para>
    </detaileddescription>
    <location file="source/c++/rocky20/api/rocky_statistics_data.hpp" line="181" column="1" bodyfile="source/c++/rocky20/api/rocky_statistics_data.hpp" bodystart="182" bodyend="209"/>
    <listofallmembers>
      <member refid="structIRockyStatisticsAccumulator_1aa6f9107d44777f2914054a2567018438" prot="public" virt="non-virtual"><scope>IRockyStatisticsAccumulator</scope><name>add_value</name></member>
      <member refid="structIRockyStatisticsAccumulator_1a465ef9a481493da8c59e760a3f37e3e6" prot="public" virt="non-virtual"><scope>IRockyStatisticsAccumulator</scope><name>get_sum</name></member>
      <member refid="structIRockyStatisticsAccumulator_1a6a0a426d29d79255741700958cdc9511" prot="public" virt="non-virtual"><scope>IRockyStatisticsAccumulator</scope><name>join</name></member>
      <member refid="structIRockyStatisticsAccumulator_1acb15234baa81417b3382410594d7150b" prot="public" virt="non-virtual"><scope>IRockyStatisticsAccumulator</scope><name>reset</name></member>
    </listofallmembers>
  </compounddef>
</doxygen>
