<?xml version='1.0' encoding='UTF-8' standalone='no'?>
<doxygen xmlns:xsi="http://www.w3.org/2001/XMLSchema-instance" xsi:noNamespaceSchemaLocation="compound.xsd" version="1.10.0" xml:lang="en-US">
  <compounddef id="structIRockySPHElementInteraction" kind="struct" language="C++" prot="public">
    <compoundname>IRockySPHElementInteraction</compoundname>
    <includes refid="rocky__sph__interaction__api_8hpp" local="no">rocky_sph_interaction_api.hpp</includes>
    <sectiondef kind="public-func">
      <memberdef kind="function" id="structIRockySPHElementInteraction_1a72569f88c7d9a22615a3287ab7df33db" prot="public" static="no" const="yes" explicit="no" inline="yes" virt="non-virtual">
        <type>ROCKY_FUNCTIONS float3</type>
        <definition>ROCKY_FUNCTIONS float3 IRockySPHElementInteraction::calculate_elements_distance</definition>
        <argsstring>() const</argsstring>
        <name>calculate_elements_distance</name>
        <qualifiedname>IRockySPHElementInteraction::calculate_elements_distance</qualifiedname>
        <briefdescription>
        </briefdescription>
        <detaileddescription>
<para><simplesect kind="return"><para>The vector that joins the points at which the two neighbor SPH elements are located. </para>
</simplesect>
</para>
        </detaileddescription>
        <inbodydescription>
        </inbodydescription>
        <location file="source/c++/rocky20/api/sph/rocky_sph_interaction_api.hpp" line="23" column="28" bodyfile="source/c++/rocky20/api/sph/rocky_sph_interaction_api.hpp" bodystart="87" bodyend="90"/>
      </memberdef>
      <memberdef kind="function" id="structIRockySPHElementInteraction_1a14f9867d6104ce395f3a1d48a03fd9c8" prot="public" static="no" const="yes" explicit="no" inline="yes" virt="non-virtual">
        <type>ROCKY_FUNCTIONS float3</type>
        <definition>ROCKY_FUNCTIONS float3 IRockySPHElementInteraction::calculate_elements_relative_velocity</definition>
        <argsstring>() const</argsstring>
        <name>calculate_elements_relative_velocity</name>
        <qualifiedname>IRockySPHElementInteraction::calculate_elements_relative_velocity</qualifiedname>
        <briefdescription>
        </briefdescription>
        <detaileddescription>
<para><simplesect kind="return"><para>The relative velocity vector between the two neighbor SPH elements. </para>
</simplesect>
</para>
        </detaileddescription>
        <inbodydescription>
        </inbodydescription>
        <location file="source/c++/rocky20/api/sph/rocky_sph_interaction_api.hpp" line="28" column="28" bodyfile="source/c++/rocky20/api/sph/rocky_sph_interaction_api.hpp" bodystart="93" bodyend="96"/>
      </memberdef>
      <memberdef kind="function" id="structIRockySPHElementInteraction_1acec345cb590d324b9729b8842b777906" prot="public" static="no" const="yes" explicit="no" inline="yes" virt="non-virtual">
        <type>ROCKY_FUNCTIONS float3</type>
        <definition>ROCKY_FUNCTIONS float3 IRockySPHElementInteraction::get_home_element_velocity</definition>
        <argsstring>() const</argsstring>
        <name>get_home_element_velocity</name>
        <qualifiedname>IRockySPHElementInteraction::get_home_element_velocity</qualifiedname>
        <briefdescription>
        </briefdescription>
        <detaileddescription>
<para><simplesect kind="return"><para>The velocity vector of the SPH element labeled as <emphasis>home</emphasis> in the SPH interaction. </para>
</simplesect>
</para>
        </detaileddescription>
        <inbodydescription>
        </inbodydescription>
        <location file="source/c++/rocky20/api/sph/rocky_sph_interaction_api.hpp" line="33" column="28" bodyfile="source/c++/rocky20/api/sph/rocky_sph_interaction_api.hpp" bodystart="98" bodyend="101"/>
      </memberdef>
      <memberdef kind="function" id="structIRockySPHElementInteraction_1aa71223f8afaf50df1e511041157ba890" prot="public" static="no" const="yes" explicit="no" inline="yes" virt="non-virtual">
        <type>ROCKY_FUNCTIONS float3</type>
        <definition>ROCKY_FUNCTIONS float3 IRockySPHElementInteraction::get_near_element_velocity</definition>
        <argsstring>() const</argsstring>
        <name>get_near_element_velocity</name>
        <qualifiedname>IRockySPHElementInteraction::get_near_element_velocity</qualifiedname>
        <briefdescription>
        </briefdescription>
        <detaileddescription>
<para><simplesect kind="return"><para>The velocity vector of the SPH element labeled as <emphasis>near</emphasis> in the SPH interaction. </para>
</simplesect>
</para>
        </detaileddescription>
        <inbodydescription>
        </inbodydescription>
        <location file="source/c++/rocky20/api/sph/rocky_sph_interaction_api.hpp" line="38" column="28" bodyfile="source/c++/rocky20/api/sph/rocky_sph_interaction_api.hpp" bodystart="103" bodyend="106"/>
      </memberdef>
      <memberdef kind="function" id="structIRockySPHElementInteraction_1a7eb0236ba9b25b58b0ca258b1e79976b" prot="public" static="no" const="yes" explicit="no" inline="yes" virt="non-virtual">
        <type>ROCKY_FUNCTIONS <ref refid="structIRockySPHElement" kindref="compound">IRockySPHElement</ref></type>
        <definition>ROCKY_FUNCTIONS IRockySPHElement IRockySPHElementInteraction::get_home_element</definition>
        <argsstring>() const</argsstring>
        <name>get_home_element</name>
        <qualifiedname>IRockySPHElementInteraction::get_home_element</qualifiedname>
        <briefdescription>
        </briefdescription>
        <detaileddescription>
<para><simplesect kind="return"><para>An <computeroutput><ref refid="structIRockySPHElement" kindref="compound">IRockySPHElement</ref></computeroutput> object representing the SPH element labeled as <emphasis>home</emphasis> in the <emphasis>SPH interaction</emphasis>. </para>
</simplesect>
</para>
        </detaileddescription>
        <inbodydescription>
        </inbodydescription>
        <location file="source/c++/rocky20/api/sph/rocky_sph_interaction_api.hpp" line="44" column="38" bodyfile="source/c++/rocky20/api/sph/rocky_sph_interaction_api.hpp" bodystart="108" bodyend="111"/>
      </memberdef>
      <memberdef kind="function" id="structIRockySPHElementInteraction_1a0e9d2687e1c8a66357730003f850fe26" prot="public" static="no" const="yes" explicit="no" inline="yes" virt="non-virtual">
        <type>ROCKY_FUNCTIONS <ref refid="structIRockySPHElement" kindref="compound">IRockySPHElement</ref></type>
        <definition>ROCKY_FUNCTIONS IRockySPHElement IRockySPHElementInteraction::get_near_element</definition>
        <argsstring>() const</argsstring>
        <name>get_near_element</name>
        <qualifiedname>IRockySPHElementInteraction::get_near_element</qualifiedname>
        <briefdescription>
        </briefdescription>
        <detaileddescription>
<para><simplesect kind="return"><para>An <computeroutput><ref refid="structIRockySPHElement" kindref="compound">IRockySPHElement</ref></computeroutput> object representing the SPH element labeled as <emphasis>near</emphasis> in the <emphasis>SPH element interaction</emphasis>. </para>
</simplesect>
</para>
        </detaileddescription>
        <inbodydescription>
        </inbodydescription>
        <location file="source/c++/rocky20/api/sph/rocky_sph_interaction_api.hpp" line="50" column="38" bodyfile="source/c++/rocky20/api/sph/rocky_sph_interaction_api.hpp" bodystart="113" bodyend="116"/>
      </memberdef>
      <memberdef kind="function" id="structIRockySPHElementInteraction_1a1ee1b8234e2660a09b7b1a7fe3ba0e07" prot="public" static="no" const="no" explicit="no" inline="yes" virt="non-virtual">
        <type>ROCKY_FUNCTIONS void</type>
        <definition>ROCKY_FUNCTIONS void IRockySPHElementInteraction::add_force</definition>
        <argsstring>(float3 force)</argsstring>
        <name>add_force</name>
        <qualifiedname>IRockySPHElementInteraction::add_force</qualifiedname>
        <param>
          <type>float3</type>
          <declname>force</declname>
        </param>
        <briefdescription>
        </briefdescription>
        <detaileddescription>
<para><simplesect kind="par"><title>By using this method, a SPH module can pass custom calculated forces to the Rocky solver,</title><para>so they are applied to the SPH elements associated to the referred <emphasis>SPH element interaction</emphasis>.</para>
</simplesect>
<parameterlist kind="param"><parameteritem>
<parameternamelist>
<parametername>force</parametername>
</parameternamelist>
<parameterdescription>
<para>The force to be applied to the SPH elements, expressed in Cartesian coordinates. </para>
</parameterdescription>
</parameteritem>
</parameterlist>
</para>
        </detaileddescription>
        <inbodydescription>
        </inbodydescription>
        <location file="source/c++/rocky20/api/sph/rocky_sph_interaction_api.hpp" line="59" column="26" bodyfile="source/c++/rocky20/api/sph/rocky_sph_interaction_api.hpp" bodystart="118" bodyend="121"/>
      </memberdef>
      <memberdef kind="function" id="structIRockySPHElementInteraction_1a713381036ee74bb8476435037c14124b" prot="public" static="no" const="no" explicit="no" inline="yes" virt="non-virtual">
        <type>ROCKY_FUNCTIONS void</type>
        <definition>ROCKY_FUNCTIONS void IRockySPHElementInteraction::add_acceleration</definition>
        <argsstring>(float3 acceleration)</argsstring>
        <name>add_acceleration</name>
        <qualifiedname>IRockySPHElementInteraction::add_acceleration</qualifiedname>
        <param>
          <type>float3</type>
          <declname>acceleration</declname>
        </param>
        <briefdescription>
        </briefdescription>
        <detaileddescription>
<para><simplesect kind="par"><title>By using this method, a SPH module can pass custom calculated accelerations to the Rocky</title><para>solver, so they are added to the SPH elements associated in the referred <emphasis>SPH element interaction</emphasis>.</para>
</simplesect>
<parameterlist kind="param"><parameteritem>
<parameternamelist>
<parametername>acceleration</parametername>
</parameternamelist>
<parameterdescription>
<para>The acceleration to be added to the SPH elements, expressed in Cartesian coordinates. </para>
</parameterdescription>
</parameteritem>
</parameterlist>
</para>
        </detaileddescription>
        <inbodydescription>
        </inbodydescription>
        <location file="source/c++/rocky20/api/sph/rocky_sph_interaction_api.hpp" line="69" column="26" bodyfile="source/c++/rocky20/api/sph/rocky_sph_interaction_api.hpp" bodystart="123" bodyend="126"/>
      </memberdef>
    </sectiondef>
    <briefdescription>
    </briefdescription>
    <detaileddescription>
<para><computeroutput><ref refid="structIRockySPHElementInteraction" kindref="compound">IRockySPHElementInteraction</ref></computeroutput> is a code representation of a pair of neighbor SPH elements within the support region of each other, i.e. they have a force interaction between them. Within Rocky, this pair is usually called <emphasis>SPH element interaction</emphasis>. </para>
    </detaileddescription>
    <location file="source/c++/rocky20/api/sph/rocky_sph_interaction_api.hpp" line="18" column="1" bodyfile="source/c++/rocky20/api/sph/rocky_sph_interaction_api.hpp" bodystart="19" bodyend="79"/>
    <listofallmembers>
      <member refid="structIRockySPHElementInteraction_1a713381036ee74bb8476435037c14124b" prot="public" virt="non-virtual"><scope>IRockySPHElementInteraction</scope><name>add_acceleration</name></member>
      <member refid="structIRockySPHElementInteraction_1a1ee1b8234e2660a09b7b1a7fe3ba0e07" prot="public" virt="non-virtual"><scope>IRockySPHElementInteraction</scope><name>add_force</name></member>
      <member refid="structIRockySPHElementInteraction_1a72569f88c7d9a22615a3287ab7df33db" prot="public" virt="non-virtual"><scope>IRockySPHElementInteraction</scope><name>calculate_elements_distance</name></member>
      <member refid="structIRockySPHElementInteraction_1a14f9867d6104ce395f3a1d48a03fd9c8" prot="public" virt="non-virtual"><scope>IRockySPHElementInteraction</scope><name>calculate_elements_relative_velocity</name></member>
      <member refid="structIRockySPHElementInteraction_1a7eb0236ba9b25b58b0ca258b1e79976b" prot="public" virt="non-virtual"><scope>IRockySPHElementInteraction</scope><name>get_home_element</name></member>
      <member refid="structIRockySPHElementInteraction_1acec345cb590d324b9729b8842b777906" prot="public" virt="non-virtual"><scope>IRockySPHElementInteraction</scope><name>get_home_element_velocity</name></member>
      <member refid="structIRockySPHElementInteraction_1a0e9d2687e1c8a66357730003f850fe26" prot="public" virt="non-virtual"><scope>IRockySPHElementInteraction</scope><name>get_near_element</name></member>
      <member refid="structIRockySPHElementInteraction_1aa71223f8afaf50df1e511041157ba890" prot="public" virt="non-virtual"><scope>IRockySPHElementInteraction</scope><name>get_near_element_velocity</name></member>
    </listofallmembers>
  </compounddef>
</doxygen>
