<?xml version='1.0' encoding='UTF-8' standalone='no'?>
<doxygen xmlns:xsi="http://www.w3.org/2001/XMLSchema-instance" xsi:noNamespaceSchemaLocation="compound.xsd" version="1.10.0" xml:lang="en-US">
  <compounddef id="structIRockyMaterialInteraction" kind="struct" language="C++" prot="public">
    <compoundname>IRockyMaterialInteraction</compoundname>
    <includes refid="rocky__material__api_8hpp" local="no">rocky_material_api.hpp</includes>
    <sectiondef kind="public-func">
      <memberdef kind="function" id="structIRockyMaterialInteraction_1a83c3e5bc364c65dfc9ff275e345d369c" prot="public" static="no" const="yes" explicit="no" inline="yes" virt="non-virtual">
        <type>ROCKY_FUNCTIONS double</type>
        <definition>ROCKY_FUNCTIONS double IRockyMaterialInteraction::get_restitution_coefficient</definition>
        <argsstring>() const</argsstring>
        <name>get_restitution_coefficient</name>
        <qualifiedname>IRockyMaterialInteraction::get_restitution_coefficient</qualifiedname>
        <briefdescription>
        </briefdescription>
        <detaileddescription>
<para><simplesect kind="return"><para>The value of the coefficient of restitution, which indirectly specifies the amount of energy dissipation in a normal collision.</para>
</simplesect>
<simplesect kind="attention"><para>The value returned by this function is always the one prescribed through the Rocky UI, therefore, it is not affected by changes introduced by a module implementing a variable restitution coefficient model. </para>
</simplesect>
</para>
        </detaileddescription>
        <inbodydescription>
        </inbodydescription>
        <location file="source/c++/rocky20/api/rocky_material_api.hpp" line="81" column="35" bodyfile="source/c++/rocky20/api/rocky_material_api.hpp" bodystart="160" bodyend="163"/>
      </memberdef>
      <memberdef kind="function" id="structIRockyMaterialInteraction_1a897ea40cf65b252af203bd1e9b9a3855" prot="public" static="no" const="yes" explicit="no" inline="yes" virt="non-virtual">
        <type>ROCKY_FUNCTIONS double</type>
        <definition>ROCKY_FUNCTIONS double IRockyMaterialInteraction::get_minimum_restitution_coefficient</definition>
        <argsstring>() const</argsstring>
        <name>get_minimum_restitution_coefficient</name>
        <qualifiedname>IRockyMaterialInteraction::get_minimum_restitution_coefficient</qualifiedname>
        <briefdescription>
        </briefdescription>
        <detaileddescription>
<para><simplesect kind="return"><para>The value of the minimum restitution coefficient set by a module implementing a variable restitution coefficient model. This value can be used to estimate the stable timestep for a custom contact model. If the given project does not include a module that implements a variable restitution coefficient model, the constant value specified through the Rocky UI will be returned. </para>
</simplesect>
</para>
        </detaileddescription>
        <inbodydescription>
        </inbodydescription>
        <location file="source/c++/rocky20/api/rocky_material_api.hpp" line="90" column="35" bodyfile="source/c++/rocky20/api/rocky_material_api.hpp" bodystart="165" bodyend="168"/>
      </memberdef>
      <memberdef kind="function" id="structIRockyMaterialInteraction_1a4daf7d4586429504ce237697b7a7659f" prot="public" static="no" const="yes" explicit="no" inline="yes" virt="non-virtual">
        <type>ROCKY_FUNCTIONS double</type>
        <definition>ROCKY_FUNCTIONS double IRockyMaterialInteraction::get_static_friction_coefficient</definition>
        <argsstring>() const</argsstring>
        <name>get_static_friction_coefficient</name>
        <qualifiedname>IRockyMaterialInteraction::get_static_friction_coefficient</qualifiedname>
        <briefdescription>
        </briefdescription>
        <detaileddescription>
<para><simplesect kind="return"><para>The value of the static coefficient of friction, which is used in tangential force models when there is no tangential relative motion between two contacting entities. </para>
</simplesect>
</para>
        </detaileddescription>
        <inbodydescription>
        </inbodydescription>
        <location file="source/c++/rocky20/api/rocky_material_api.hpp" line="97" column="35" bodyfile="source/c++/rocky20/api/rocky_material_api.hpp" bodystart="170" bodyend="173"/>
      </memberdef>
      <memberdef kind="function" id="structIRockyMaterialInteraction_1ae9ce701837e46ca374d260c7b828dac7" prot="public" static="no" const="yes" explicit="no" inline="yes" virt="non-virtual">
        <type>ROCKY_FUNCTIONS double</type>
        <definition>ROCKY_FUNCTIONS double IRockyMaterialInteraction::get_dynamic_friction_coefficient</definition>
        <argsstring>() const</argsstring>
        <name>get_dynamic_friction_coefficient</name>
        <qualifiedname>IRockyMaterialInteraction::get_dynamic_friction_coefficient</qualifiedname>
        <briefdescription>
        </briefdescription>
        <detaileddescription>
<para><simplesect kind="return"><para>The value of the dynamic coefficient of friction, which is used in tangential force models when there exists tangential relative motion between two contacting entities. </para>
</simplesect>
</para>
        </detaileddescription>
        <inbodydescription>
        </inbodydescription>
        <location file="source/c++/rocky20/api/rocky_material_api.hpp" line="104" column="35" bodyfile="source/c++/rocky20/api/rocky_material_api.hpp" bodystart="175" bodyend="178"/>
      </memberdef>
      <memberdef kind="function" id="structIRockyMaterialInteraction_1af0f10152e6cba7d896304a45ed822fa8" prot="public" static="no" const="yes" explicit="no" inline="yes" virt="non-virtual">
        <type>ROCKY_FUNCTIONS double</type>
        <definition>ROCKY_FUNCTIONS double IRockyMaterialInteraction::get_stiffness_multiplier</definition>
        <argsstring>() const</argsstring>
        <name>get_stiffness_multiplier</name>
        <qualifiedname>IRockyMaterialInteraction::get_stiffness_multiplier</qualifiedname>
        <briefdescription>
        </briefdescription>
        <detaileddescription>
<para><simplesect kind="return"><para>The value of the stiffness multiplier, which is used to increase the stiffness in collisions in order to prevent large overlap values. </para>
</simplesect>
</para>
        </detaileddescription>
        <inbodydescription>
        </inbodydescription>
        <location file="source/c++/rocky20/api/rocky_material_api.hpp" line="110" column="35" bodyfile="source/c++/rocky20/api/rocky_material_api.hpp" bodystart="180" bodyend="183"/>
      </memberdef>
      <memberdef kind="function" id="structIRockyMaterialInteraction_1a766d1bbd19828566927faadc683b4242" prot="public" static="no" const="yes" explicit="no" inline="yes" virt="non-virtual">
        <type>ROCKY_FUNCTIONS double</type>
        <definition>ROCKY_FUNCTIONS double IRockyMaterialInteraction::get_tangential_stiffness_ratio</definition>
        <argsstring>() const</argsstring>
        <name>get_tangential_stiffness_ratio</name>
        <qualifiedname>IRockyMaterialInteraction::get_tangential_stiffness_ratio</qualifiedname>
        <briefdescription>
        </briefdescription>
        <detaileddescription>
<para><simplesect kind="return"><para>The value of the tangential stiffness ratio, which is used in tangential force models to relate the tangential stiffness to the normal stiffness at a contact between two contacting entities. </para>
</simplesect>
</para>
        </detaileddescription>
        <inbodydescription>
        </inbodydescription>
        <location file="source/c++/rocky20/api/rocky_material_api.hpp" line="117" column="35" bodyfile="source/c++/rocky20/api/rocky_material_api.hpp" bodystart="185" bodyend="188"/>
      </memberdef>
    </sectiondef>
    <briefdescription>
    </briefdescription>
    <detaileddescription>
<para><computeroutput><ref refid="structIRockyMaterialInteraction" kindref="compound">IRockyMaterialInteraction</ref></computeroutput> is an interface for the internal material interaction object, which gives access to values of the physical properties associated to contacts involving combinations of two materials. The values of all those properties are dimensionless values. </para>
    </detaileddescription>
    <location file="source/c++/rocky20/api/rocky_material_api.hpp" line="71" column="1" bodyfile="source/c++/rocky20/api/rocky_material_api.hpp" bodystart="72" bodyend="126"/>
    <listofallmembers>
      <member refid="structIRockyMaterialInteraction_1ae9ce701837e46ca374d260c7b828dac7" prot="public" virt="non-virtual"><scope>IRockyMaterialInteraction</scope><name>get_dynamic_friction_coefficient</name></member>
      <member refid="structIRockyMaterialInteraction_1a897ea40cf65b252af203bd1e9b9a3855" prot="public" virt="non-virtual"><scope>IRockyMaterialInteraction</scope><name>get_minimum_restitution_coefficient</name></member>
      <member refid="structIRockyMaterialInteraction_1a83c3e5bc364c65dfc9ff275e345d369c" prot="public" virt="non-virtual"><scope>IRockyMaterialInteraction</scope><name>get_restitution_coefficient</name></member>
      <member refid="structIRockyMaterialInteraction_1a4daf7d4586429504ce237697b7a7659f" prot="public" virt="non-virtual"><scope>IRockyMaterialInteraction</scope><name>get_static_friction_coefficient</name></member>
      <member refid="structIRockyMaterialInteraction_1af0f10152e6cba7d896304a45ed822fa8" prot="public" virt="non-virtual"><scope>IRockyMaterialInteraction</scope><name>get_stiffness_multiplier</name></member>
      <member refid="structIRockyMaterialInteraction_1a766d1bbd19828566927faadc683b4242" prot="public" virt="non-virtual"><scope>IRockyMaterialInteraction</scope><name>get_tangential_stiffness_ratio</name></member>
    </listofallmembers>
  </compounddef>
</doxygen>
