<?xml version='1.0' encoding='UTF-8' standalone='no'?>
<doxygen xmlns:xsi="http://www.w3.org/2001/XMLSchema-instance" xsi:noNamespaceSchemaLocation="compound.xsd" version="1.10.0" xml:lang="en-US">
  <compounddef id="structIRockyContactScalars" kind="struct" language="C++" prot="public">
    <compoundname>IRockyContactScalars</compoundname>
    <basecompoundref prot="public" virt="non-virtual">EntityScalars&lt; rocky20::ContactScalars &gt;</basecompoundref>
    <includes refid="rocky__contact__scalars_8hpp" local="no">rocky_contact_scalars.hpp</includes>
    <sectiondef kind="public-func">
      <memberdef kind="function" id="structIRockyContactScalars_1ad4f28cca964b58258b7011f0dc59040d" prot="public" static="no" const="yes" explicit="no" inline="no" virt="non-virtual">
        <type>ROCKY_FUNCTIONS double</type>
        <definition>ROCKY_FUNCTIONS double IRockyContactScalars::get_scalar</definition>
        <argsstring>(int scalar_index) const</argsstring>
        <name>get_scalar</name>
        <qualifiedname>IRockyContactScalars::get_scalar</qualifiedname>
        <param>
          <type>int</type>
          <declname>scalar_index</declname>
        </param>
        <briefdescription>
        </briefdescription>
        <detaileddescription>
<para><simplesect kind="par"><title>If a custom scalar variable was defined during the setup of the module,</title><para>the value currently stored can be accessed with this method.</para>
</simplesect>
<parameterlist kind="param"><parameteritem>
<parameternamelist>
<parametername>scalar_index</parametername>
</parameternamelist>
<parameterdescription>
<para>The integer index that was associated to the scalar variable during the setup of the module.</para>
</parameterdescription>
</parameteritem>
</parameterlist>
<simplesect kind="return"><para>The value currently stored in the scalar variable. </para>
</simplesect>
</para>
        </detaileddescription>
        <inbodydescription>
        </inbodydescription>
        <location file="source/c++/rocky20/api/rocky_contact_scalars.hpp" line="299" column="29"/>
      </memberdef>
      <memberdef kind="function" id="structIRockyContactScalars_1abdde96805bdced6ebf4f7c2a1b5d9a70" prot="public" static="no" const="yes" explicit="no" inline="no" virt="non-virtual">
        <type>ROCKY_FUNCTIONS void</type>
        <definition>ROCKY_FUNCTIONS void IRockyContactScalars::set_scalar</definition>
        <argsstring>(int scalar_index, double value) const</argsstring>
        <name>set_scalar</name>
        <qualifiedname>IRockyContactScalars::set_scalar</qualifiedname>
        <param>
          <type>int</type>
          <declname>scalar_index</declname>
        </param>
        <param>
          <type>double</type>
          <declname>value</declname>
        </param>
        <briefdescription>
        </briefdescription>
        <detaileddescription>
<para><simplesect kind="par"><title>If a custom scalar variable was defined during the setup of the module,</title><para>this method can be used to store a value on it.</para>
</simplesect>
<parameterlist kind="param"><parameteritem>
<parameternamelist>
<parametername>scalar_index</parametername>
</parameternamelist>
<parameterdescription>
<para>The integer index that was associated to the scalar variable during the setup of the module.</para>
</parameterdescription>
</parameteritem>
<parameteritem>
<parameternamelist>
<parametername>value</parametername>
</parameternamelist>
<parameterdescription>
<para>The value that must be stored. </para>
</parameterdescription>
</parameteritem>
</parameterlist>
</para>
        </detaileddescription>
        <inbodydescription>
        </inbodydescription>
        <location file="source/c++/rocky20/api/rocky_contact_scalars.hpp" line="311" column="27"/>
      </memberdef>
      <memberdef kind="function" id="structIRockyContactScalars_1a67c155eff0d5724c29859512b0d994de" prot="public" static="no" const="yes" explicit="no" inline="no" virt="non-virtual">
        <type>ROCKY_FUNCTIONS void</type>
        <definition>ROCKY_FUNCTIONS void IRockyContactScalars::add_scalar</definition>
        <argsstring>(int scalar_index, double value) const</argsstring>
        <name>add_scalar</name>
        <qualifiedname>IRockyContactScalars::add_scalar</qualifiedname>
        <param>
          <type>int</type>
          <declname>scalar_index</declname>
        </param>
        <param>
          <type>double</type>
          <declname>value</declname>
        </param>
        <briefdescription>
        </briefdescription>
        <detaileddescription>
<para><simplesect kind="par"><title>If a custom scalar variable was defined during the setup of the module,</title><para>this method can be used to sum a value to the current one stored in it.</para>
</simplesect>
<parameterlist kind="param"><parameteritem>
<parameternamelist>
<parametername>scalar_index</parametername>
</parameternamelist>
<parameterdescription>
<para>The integer index that was associated to the scalar variable during the setup of the module.</para>
</parameterdescription>
</parameteritem>
<parameteritem>
<parameternamelist>
<parametername>value</parametername>
</parameternamelist>
<parameterdescription>
<para>The value that must be summed to the current stored value.<linebreak/>
 </para>
</parameterdescription>
</parameteritem>
</parameterlist>
</para>
        </detaileddescription>
        <inbodydescription>
        </inbodydescription>
        <location file="source/c++/rocky20/api/rocky_contact_scalars.hpp" line="323" column="26"/>
      </memberdef>
      <memberdef kind="function" id="structIRockyContactScalars_1a6413332aeb968cdc28e96a351deb3bcb" prot="public" static="no" const="yes" explicit="no" inline="no" virt="non-virtual">
        <type>ROCKY_FUNCTIONS void</type>
        <definition>ROCKY_FUNCTIONS void IRockyContactScalars::max_scalar</definition>
        <argsstring>(int scalar_index, double value) const</argsstring>
        <name>max_scalar</name>
        <qualifiedname>IRockyContactScalars::max_scalar</qualifiedname>
        <param>
          <type>int</type>
          <declname>scalar_index</declname>
        </param>
        <param>
          <type>double</type>
          <declname>value</declname>
        </param>
        <briefdescription>
        </briefdescription>
        <detaileddescription>
<para><simplesect kind="par"><title>If a custom scalar variable was defined during the setup of the module,</title><para>this method can be used to make the scalar store the maximum of a set of values. A common use of this method is, for instance, to find the maximum among a set of values associated to the contacts of a particle.</para>
</simplesect>
<parameterlist kind="param"><parameteritem>
<parameternamelist>
<parametername>scalar_index</parametername>
</parameternamelist>
<parameterdescription>
<para>The integer index that was associated to the scalar variable during the setup of the module.</para>
</parameterdescription>
</parameteritem>
<parameteritem>
<parameternamelist>
<parametername>value</parametername>
</parameternamelist>
<parameterdescription>
<para>A value that must be checked if it is greater than the current stored value. </para>
</parameterdescription>
</parameteritem>
</parameterlist>
</para>
        </detaileddescription>
        <inbodydescription>
        </inbodydescription>
        <location file="source/c++/rocky20/api/rocky_contact_scalars.hpp" line="337" column="26"/>
      </memberdef>
    </sectiondef>
    <briefdescription>
    </briefdescription>
    <detaileddescription>
<para>During the iterative process of a simulation, <computeroutput><ref refid="structIRockyContactScalars" kindref="compound">IRockyContactScalars</ref></computeroutput> gives access to all contact scalars defined in the project. These contact scalars can be built-in scalars defined in the Rocky solver, as well as custom contact scalars defined by the current module or other active modules. </para>
    </detaileddescription>
    <location file="source/c++/rocky20/api/rocky_contact_scalars.hpp" line="278" column="1" bodyfile="source/c++/rocky20/api/rocky_contact_scalars.hpp" bodystart="279" bodyend="341"/>
    <listofallmembers>
      <member refid="structIRockyContactScalars_1a67c155eff0d5724c29859512b0d994de" prot="public" virt="non-virtual"><scope>IRockyContactScalars</scope><name>add_scalar</name></member>
      <member refid="structIRockyContactScalars_1ad4f28cca964b58258b7011f0dc59040d" prot="public" virt="non-virtual"><scope>IRockyContactScalars</scope><name>get_scalar</name></member>
      <member refid="structIRockyContactScalars_1a6413332aeb968cdc28e96a351deb3bcb" prot="public" virt="non-virtual"><scope>IRockyContactScalars</scope><name>max_scalar</name></member>
      <member refid="structIRockyContactScalars_1abdde96805bdced6ebf4f7c2a1b5d9a70" prot="public" virt="non-virtual"><scope>IRockyContactScalars</scope><name>set_scalar</name></member>
    </listofallmembers>
  </compounddef>
</doxygen>
