<?xml version='1.0' encoding='UTF-8' standalone='no'?>
<doxygen xmlns:xsi="http://www.w3.org/2001/XMLSchema-instance" xsi:noNamespaceSchemaLocation="compound.xsd" version="1.10.0" xml:lang="en-US">
  <compounddef id="structIRockyParticleBreakageScalarsModel" kind="struct" language="C++" prot="public">
    <compoundname>IRockyParticleBreakageScalarsModel</compoundname>
    <basecompoundref prot="public" virt="non-virtual">ScalarsModel&lt; rocky20::ParticleBreakageScalarsController &gt;</basecompoundref>
    <includes refid="rocky__particle__scalars_8hpp" local="no">rocky_particle_scalars.hpp</includes>
    <sectiondef kind="public-func">
      <memberdef kind="function" id="structIRockyParticleBreakageScalarsModel_1a360827c2e0c1a676e3a8c6be6ed26362" prot="public" static="no" const="no" explicit="no" inline="no" virt="non-virtual">
        <type>void</type>
        <definition>void IRockyParticleBreakageScalarsModel::enable_t10</definition>
        <argsstring>()</argsstring>
        <name>enable_t10</name>
        <qualifiedname>IRockyParticleBreakageScalarsModel::enable_t10</qualifiedname>
        <briefdescription>
        </briefdescription>
        <detaileddescription>
<para><simplesect kind="par"><title>Enables a scalar known to Rocky that stores the t10 parameter value. A custom instantaneous</title><para>breakage model that is intended to work along with built-in fragment size distribution models in Rocky must enable and calculate this scalar variable. </para>
</simplesect>
</para>
        </detaileddescription>
        <inbodydescription>
        </inbodydescription>
        <location file="source/c++/rocky20/api/rocky_particle_scalars.hpp" line="505" column="10" bodyfile="source/c++/rocky20/api/rocky_particle_scalars.cpp" bodystart="61" bodyend="64"/>
      </memberdef>
      <memberdef kind="function" id="structIRockyParticleBreakageScalarsModel_1a00666ca9d343b8d3284975687ce4d087" prot="public" static="no" const="no" explicit="no" inline="no" virt="non-virtual">
        <type>int</type>
        <definition>int IRockyParticleBreakageScalarsModel::find</definition>
        <argsstring>(const char *name)</argsstring>
        <name>find</name>
        <qualifiedname>IRockyParticleBreakageScalarsModel::find</qualifiedname>
        <param>
          <type>const char *</type>
          <declname>name</declname>
        </param>
        <briefdescription>
        </briefdescription>
        <detaileddescription>
<para><simplesect kind="par"><title>This method searches for a scalar variable already created by other modules,</title><para>in order to allow access to its values, or store new values on it, during the execution of the simulation.</para>
</simplesect>
<parameterlist kind="param"><parameteritem>
<parameternamelist>
<parametername>name</parametername>
</parameternamelist>
<parameterdescription>
<para>The name given to the scalar at the moment of its creation.</para>
</parameterdescription>
</parameteritem>
</parameterlist>
<simplesect kind="return"><para>The index that uniquely identifies the wanted scalar if it was actually found. It returns -1 otherwise.   </para>
</simplesect>
</para>
        </detaileddescription>
        <inbodydescription>
        </inbodydescription>
        <location file="source/c++/rocky20/api/rocky_particle_scalars.hpp" line="510" column="9"/>
      </memberdef>
      <memberdef kind="function" id="structIRockyParticleBreakageScalarsModel_1a7dbaee843fb6e694d1b9a4940c9eeaa2" prot="public" static="no" const="no" explicit="no" inline="no" virt="non-virtual">
        <type>int</type>
        <definition>int IRockyParticleBreakageScalarsModel::add</definition>
        <argsstring>(const char *name, const char *unit, bool output=true)</argsstring>
        <name>add</name>
        <qualifiedname>IRockyParticleBreakageScalarsModel::add</qualifiedname>
        <param>
          <type>const char *</type>
          <declname>name</declname>
        </param>
        <param>
          <type>const char *</type>
          <declname>unit</declname>
        </param>
        <param>
          <type>bool</type>
          <declname>output</declname>
          <defval>true</defval>
        </param>
        <briefdescription>
        </briefdescription>
        <detaileddescription>
<para><simplesect kind="par"><title>This method creates a new scalar variable of type <computeroutput>double</computeroutput></title><para>for storing custom values during a simulation, preserving them between time iterations.</para>
</simplesect>
<parameterlist kind="param"><parameteritem>
<parameternamelist>
<parametername>name</parametername>
</parameternamelist>
<parameterdescription>
<para>The name given to the scalar variable. The purpose of this name is twofold. First, it enables to find this scalar variable from other module, in order to share their values. Second, if the scalar variable can be displayed in a 3D window as a property, this name will identify it in the Rocky UI.</para>
</parameterdescription>
</parameteritem>
<parameteritem>
<parameternamelist>
<parametername>unit</parametername>
</parameternamelist>
<parameterdescription>
<para>A string specifying the unit in S.I. associated to the scalar variable.</para>
</parameterdescription>
</parameteritem>
<parameteritem>
<parameternamelist>
<parametername>output</parametername>
</parameternamelist>
<parameterdescription>
<para>Enables/disables the storage in disk at output times, for the visualization and post-processing of the scalar values.</para>
</parameterdescription>
</parameteritem>
</parameterlist>
<simplesect kind="return"><para>The index that will uniquely identify the scalar variable during the execution of the simulation.   </para>
</simplesect>
</para>
        </detaileddescription>
        <inbodydescription>
        </inbodydescription>
        <location file="source/c++/rocky20/api/rocky_particle_scalars.hpp" line="513" column="9"/>
      </memberdef>
      <memberdef kind="function" id="structIRockyParticleBreakageScalarsModel_1aed6f4019176f0d14ff941493d3e4dcb0" prot="public" static="no" const="no" explicit="no" inline="no" virt="non-virtual">
        <type>void</type>
        <definition>void IRockyParticleBreakageScalarsModel::reset</definition>
        <argsstring>(int scalar_index)</argsstring>
        <name>reset</name>
        <qualifiedname>IRockyParticleBreakageScalarsModel::reset</qualifiedname>
        <param>
          <type>int</type>
          <declname>scalar_index</declname>
        </param>
        <briefdescription>
        </briefdescription>
        <detaileddescription>
<para><simplesect kind="par"><title>This method resets to zero all values stored in a scalar variable.</title><para></para>
</simplesect>
<parameterlist kind="param"><parameteritem>
<parameternamelist>
<parametername>scalar_index</parametername>
</parameternamelist>
<parameterdescription>
<para>The index attributed to the scalar variable at the moment of its creation.   </para>
</parameterdescription>
</parameteritem>
</parameterlist>
</para>
        </detaileddescription>
        <inbodydescription>
        </inbodydescription>
        <location file="source/c++/rocky20/api/rocky_particle_scalars.hpp" line="516" column="10"/>
      </memberdef>
      <memberdef kind="function" id="structIRockyParticleBreakageScalarsModel_1aa084abe67dcb26bd2e050a39061ce0e0" prot="public" static="no" const="no" explicit="no" inline="no" virt="non-virtual">
        <type>void</type>
        <definition>void IRockyParticleBreakageScalarsModel::set_dimension</definition>
        <argsstring>(int scalar_index, double dimension_factor)</argsstring>
        <name>set_dimension</name>
        <qualifiedname>IRockyParticleBreakageScalarsModel::set_dimension</qualifiedname>
        <param>
          <type>int</type>
          <declname>scalar_index</declname>
        </param>
        <param>
          <type>double</type>
          <declname>dimension_factor</declname>
        </param>
        <briefdescription>
        </briefdescription>
        <detaileddescription>
<para><simplesect kind="par"><title>The purpose of this method is to associate a dimensional factor</title><para>to a scalar variable. This factor will be used to nondimensionalize their values. For instance, if the scalar represents a force, a force dimensional factor must be associated through this method. Dimensional factors for the fundamental magnitudes are provided by functions of a <computeroutput><ref refid="structIRockyModel" kindref="compound">IRockyModel</ref></computeroutput> object.</para>
</simplesect>
<parameterlist kind="param"><parameteritem>
<parameternamelist>
<parametername>scalar_index</parametername>
</parameternamelist>
<parameterdescription>
<para>The index attributed to the scalar variable at the moment of its creation.</para>
</parameterdescription>
</parameteritem>
<parameteritem>
<parameternamelist>
<parametername>dimension_factor</parametername>
</parameternamelist>
<parameterdescription>
<para>The appropriate dimensional factor for the scalar variable.   </para>
</parameterdescription>
</parameteritem>
</parameterlist>
</para>
        </detaileddescription>
        <inbodydescription>
        </inbodydescription>
        <location file="source/c++/rocky20/api/rocky_particle_scalars.hpp" line="519" column="10"/>
      </memberdef>
    </sectiondef>
    <briefdescription>
    </briefdescription>
    <detaileddescription>
<para>An <computeroutput><ref refid="structIRockyParticleBreakageScalarsModel" kindref="compound">IRockyParticleBreakageScalarsModel</ref></computeroutput> allows users to add new particle breakage scalars, find particle breakage scalars created in other modules or activate particle breakage scalars known to Rocky, during the setup stage of a module. Particle breakage scalars are special particle scalars which can be used to transfer data from the point where the instantaneous breakage criterion is evaluated (at the <computeroutput>ROCKY_PLUGIN_COMPUTE_INSTANTANEOUS_BREAKAGE</computeroutput> hook) to the point where the fragment size distribution is calculated (at the <computeroutput>ROCKY_PLUGIN_COMPUTE_FRAGMENTS_SIZE_DISTRIBUTION</computeroutput> hook). A typical use is to store the value of the <formula id="3">$t_{10}$</formula> parameter, which is calculated at the moment a particle breaks and is used for calculating the resulting fragment size distribution. However, users can employ these scalars to store whichever parameter that links the breakage criterion with the fragment size distribution in their models. </para>
    </detaileddescription>
    <location file="source/c++/rocky20/api/rocky_particle_scalars.hpp" line="498" column="1" bodyfile="source/c++/rocky20/api/rocky_particle_scalars.hpp" bodystart="499" bodyend="528"/>
    <listofallmembers>
      <member refid="structIRockyParticleBreakageScalarsModel_1a7dbaee843fb6e694d1b9a4940c9eeaa2" prot="public" virt="non-virtual"><scope>IRockyParticleBreakageScalarsModel</scope><name>add</name></member>
      <member refid="structIRockyParticleBreakageScalarsModel_1a360827c2e0c1a676e3a8c6be6ed26362" prot="public" virt="non-virtual"><scope>IRockyParticleBreakageScalarsModel</scope><name>enable_t10</name></member>
      <member refid="structIRockyParticleBreakageScalarsModel_1a00666ca9d343b8d3284975687ce4d087" prot="public" virt="non-virtual"><scope>IRockyParticleBreakageScalarsModel</scope><name>find</name></member>
      <member refid="structIRockyParticleBreakageScalarsModel_1aed6f4019176f0d14ff941493d3e4dcb0" prot="public" virt="non-virtual"><scope>IRockyParticleBreakageScalarsModel</scope><name>reset</name></member>
      <member refid="structIRockyParticleBreakageScalarsModel_1aa084abe67dcb26bd2e050a39061ce0e0" prot="public" virt="non-virtual"><scope>IRockyParticleBreakageScalarsModel</scope><name>set_dimension</name></member>
    </listofallmembers>
  </compounddef>
</doxygen>
