<?xml version='1.0' encoding='UTF-8' standalone='no'?>
<doxygen xmlns:xsi="http://www.w3.org/2001/XMLSchema-instance" xsi:noNamespaceSchemaLocation="compound.xsd" version="1.10.0" xml:lang="en-US">
  <compounddef id="structdevice_1_1VirtualMassOperator" kind="struct" language="C++" prot="public">
    <compoundname>device::VirtualMassOperator</compoundname>
    <sectiondef kind="public-attrib">
      <memberdef kind="variable" id="structdevice_1_1VirtualMassOperator_1a58bef4cb53309fb9e14cf5375a61aa0e" prot="public" static="no" mutable="no">
        <type>SDeviceModel *</type>
        <definition>SDeviceModel* device::VirtualMassOperator::device_data</definition>
        <argsstring></argsstring>
        <name>device_data</name>
        <qualifiedname>device::VirtualMassOperator::device_data</qualifiedname>
        <briefdescription>
        </briefdescription>
        <detaileddescription>
        </detaileddescription>
        <inbodydescription>
        </inbodydescription>
        <location file="source/c++/rocky20/api/device/api_device_cfd_coupling.hpp" line="282" column="18" bodyfile="source/c++/rocky20/api/device/api_device_cfd_coupling.hpp" bodystart="282" bodyend="-1"/>
      </memberdef>
    </sectiondef>
    <sectiondef kind="public-func">
      <memberdef kind="function" id="structdevice_1_1VirtualMassOperator_1ab2f2d6f9067a66145cfc8db7299e03e3" prot="public" static="no" const="no" explicit="no" inline="yes" virt="non-virtual">
        <type>__host__ __device__ void</type>
        <definition>__host__ __device__ void device::VirtualMassOperator::operator()</definition>
        <argsstring>(const IRockyParticle &amp;particle, const IRockyCFDProperties &amp;cfd, CFDCouplingOutput &amp;output, void *data)</argsstring>
        <name>operator()</name>
        <qualifiedname>device::VirtualMassOperator::operator()</qualifiedname>
        <param>
          <type>const <ref refid="structIRockyParticle" kindref="compound">IRockyParticle</ref> &amp;</type>
          <declname>particle</declname>
        </param>
        <param>
          <type>const <ref refid="structIRockyCFDProperties" kindref="compound">IRockyCFDProperties</ref> &amp;</type>
          <declname>cfd</declname>
        </param>
        <param>
          <type>CFDCouplingOutput &amp;</type>
          <declname>output</declname>
        </param>
        <param>
          <type>void *</type>
          <declname>data</declname>
        </param>
        <briefdescription>
        </briefdescription>
        <detaileddescription>
        </detaileddescription>
        <inbodydescription>
        </inbodydescription>
        <location file="source/c++/rocky20/api/device/api_device_cfd_coupling.hpp" line="285" column="14" bodyfile="source/c++/rocky20/api/device/api_device_cfd_coupling.hpp" bodystart="285" bodyend="289"/>
      </memberdef>
    </sectiondef>
    <briefdescription>
    </briefdescription>
    <detaileddescription>
    </detaileddescription>
    <location file="source/c++/rocky20/api/device/api_device_cfd_coupling.hpp" line="280" column="1" bodyfile="source/c++/rocky20/api/device/api_device_cfd_coupling.hpp" bodystart="281" bodyend="290"/>
    <listofallmembers>
      <member refid="structdevice_1_1VirtualMassOperator_1a58bef4cb53309fb9e14cf5375a61aa0e" prot="public" virt="non-virtual"><scope>device::VirtualMassOperator</scope><name>device_data</name></member>
      <member refid="structdevice_1_1VirtualMassOperator_1ab2f2d6f9067a66145cfc8db7299e03e3" prot="public" virt="non-virtual"><scope>device::VirtualMassOperator</scope><name>operator()</name></member>
    </listofallmembers>
  </compounddef>
</doxygen>
