<?xml version='1.0' encoding='UTF-8' standalone='no'?>
<doxygen xmlns:xsi="http://www.w3.org/2001/XMLSchema-instance" xsi:noNamespaceSchemaLocation="compound.xsd" version="1.10.0" xml:lang="en-US">
  <compounddef id="structIRockyStatisticsAdder" kind="struct" language="C++" prot="public">
    <compoundname>IRockyStatisticsAdder</compoundname>
    <basecompoundref prot="public" virt="non-virtual">rocky20::AAdder</basecompoundref>
    <includes refid="rocky__statistics__data_8hpp" local="no">rocky_statistics_data.hpp</includes>
    <sectiondef kind="public-func">
      <memberdef kind="function" id="structIRockyStatisticsAdder_1a2d87767ca1065f1a48778cf3d1e0f8ce" prot="public" static="no" const="no" explicit="no" inline="yes" virt="non-virtual">
        <type>ROCKY_FUNCTIONS void</type>
        <definition>ROCKY_FUNCTIONS void IRockyStatisticsAdder::add_value</definition>
        <argsstring>(double new_value)</argsstring>
        <name>add_value</name>
        <qualifiedname>IRockyStatisticsAdder::add_value</qualifiedname>
        <param>
          <type>double</type>
          <declname>new_value</declname>
        </param>
        <briefdescription>
        </briefdescription>
        <detaileddescription>
<para><simplesect kind="par"><title>This method must be used to supply each one of the values of the set for</title><para>which <computeroutput><ref refid="structIRockyStatisticsAdder" kindref="compound">IRockyStatisticsAdder</ref></computeroutput> must calculate statistics.</para>
</simplesect>
<parameterlist kind="param"><parameteritem>
<parameternamelist>
<parametername>new_value</parametername>
</parameternamelist>
<parameterdescription>
<para>A new value that belong to the set. </para>
</parameterdescription>
</parameteritem>
<parameteritem>
<parameternamelist>
<parametername>n_values</parametername>
</parameternamelist>
<parameterdescription>
<para>The number of values of the set, including the one added by this method. A companion <computeroutput>IRockyStatisticsCounter</computeroutput> object can be used to keep track of that number. </para>
</parameterdescription>
</parameteritem>
</parameterlist>
</para>
        </detaileddescription>
        <inbodydescription>
        </inbodydescription>
        <location file="source/c++/rocky20/api/rocky_statistics_data.hpp" line="33" column="26" bodyfile="source/c++/rocky20/api/rocky_statistics_data.hpp" bodystart="33" bodyend="40"/>
      </memberdef>
      <memberdef kind="function" id="structIRockyStatisticsAdder_1a57d3816e4f01de3fdd781ef229c9f771" prot="public" static="no" const="yes" explicit="no" inline="yes" virt="non-virtual">
        <type>double</type>
        <definition>double IRockyStatisticsAdder::get_mean</definition>
        <argsstring>() const</argsstring>
        <name>get_mean</name>
        <qualifiedname>IRockyStatisticsAdder::get_mean</qualifiedname>
        <briefdescription>
        </briefdescription>
        <detaileddescription>
<para><simplesect kind="return"><para>The mean value of the set of values successively supplied with the <computeroutput>add_value</computeroutput> method up to the point where this method is called. </para>
</simplesect>
</para>
        </detaileddescription>
        <inbodydescription>
        </inbodydescription>
        <location file="source/c++/rocky20/api/rocky_statistics_data.hpp" line="46" column="12" bodyfile="source/c++/rocky20/api/rocky_statistics_data.hpp" bodystart="46" bodyend="49"/>
      </memberdef>
      <memberdef kind="function" id="structIRockyStatisticsAdder_1ac1c33e3ab2e1afd1590aef6e2c40eb64" prot="public" static="no" const="yes" explicit="no" inline="yes" virt="non-virtual">
        <type>double</type>
        <definition>double IRockyStatisticsAdder::get_std_deviation</definition>
        <argsstring>() const</argsstring>
        <name>get_std_deviation</name>
        <qualifiedname>IRockyStatisticsAdder::get_std_deviation</qualifiedname>
        <briefdescription>
        </briefdescription>
        <detaileddescription>
<para><simplesect kind="return"><para>The standard deviation of the set of values successively supplied with the <computeroutput>add_value</computeroutput> method up to the point where this method is called. </para>
</simplesect>
</para>
        </detaileddescription>
        <inbodydescription>
        </inbodydescription>
        <location file="source/c++/rocky20/api/rocky_statistics_data.hpp" line="55" column="12" bodyfile="source/c++/rocky20/api/rocky_statistics_data.hpp" bodystart="55" bodyend="58"/>
      </memberdef>
      <memberdef kind="function" id="structIRockyStatisticsAdder_1a4968d2f7ab3265b9aefafe064ae16ba0" prot="public" static="no" const="yes" explicit="no" inline="yes" virt="non-virtual">
        <type>double</type>
        <definition>double IRockyStatisticsAdder::get_skewness</definition>
        <argsstring>() const</argsstring>
        <name>get_skewness</name>
        <qualifiedname>IRockyStatisticsAdder::get_skewness</qualifiedname>
        <briefdescription>
        </briefdescription>
        <detaileddescription>
<para><simplesect kind="return"><para>The skewness of the set of values successively supplied with the <computeroutput>add_value</computeroutput> method up to the point where this method is called. The skewness is defined in the DEM Technical Manual. </para>
</simplesect>
</para>
        </detaileddescription>
        <inbodydescription>
        </inbodydescription>
        <location file="source/c++/rocky20/api/rocky_statistics_data.hpp" line="65" column="12" bodyfile="source/c++/rocky20/api/rocky_statistics_data.hpp" bodystart="65" bodyend="68"/>
      </memberdef>
      <memberdef kind="function" id="structIRockyStatisticsAdder_1a6f398ed07d36a7deccea3621e9780109" prot="public" static="no" const="yes" explicit="no" inline="yes" virt="non-virtual">
        <type>double</type>
        <definition>double IRockyStatisticsAdder::get_kurtosis</definition>
        <argsstring>() const</argsstring>
        <name>get_kurtosis</name>
        <qualifiedname>IRockyStatisticsAdder::get_kurtosis</qualifiedname>
        <briefdescription>
        </briefdescription>
        <detaileddescription>
<para><simplesect kind="return"><para>The kurtosis of the set of values successively supplied with the <computeroutput>add_value</computeroutput> method up to the point where this method is called. The kurtosis is defined in the DEM Technical Manual. </para>
</simplesect>
</para>
        </detaileddescription>
        <inbodydescription>
        </inbodydescription>
        <location file="source/c++/rocky20/api/rocky_statistics_data.hpp" line="75" column="12" bodyfile="source/c++/rocky20/api/rocky_statistics_data.hpp" bodystart="75" bodyend="78"/>
      </memberdef>
      <memberdef kind="function" id="structIRockyStatisticsAdder_1ae4b238da655579b44c6293a573cd9449" prot="public" static="no" const="no" explicit="no" inline="yes" virt="non-virtual">
        <type>void</type>
        <definition>void IRockyStatisticsAdder::reset</definition>
        <argsstring>()</argsstring>
        <name>reset</name>
        <qualifiedname>IRockyStatisticsAdder::reset</qualifiedname>
        <briefdescription>
        </briefdescription>
        <detaileddescription>
<para><simplesect kind="par"><title>This method resets all internal variables in order to start the calculation</title><para>of statistics for a new set of values. </para>
</simplesect>
</para>
        </detaileddescription>
        <inbodydescription>
        </inbodydescription>
        <location file="source/c++/rocky20/api/rocky_statistics_data.hpp" line="84" column="10" bodyfile="source/c++/rocky20/api/rocky_statistics_data.hpp" bodystart="84" bodyend="87"/>
      </memberdef>
      <memberdef kind="function" id="structIRockyStatisticsAdder_1a56563b07a2763d52804e5180f3ae0b07" prot="public" static="no" const="no" explicit="no" inline="yes" virt="non-virtual">
        <type>void</type>
        <definition>void IRockyStatisticsAdder::join</definition>
        <argsstring>(const IRockyStatisticsAdder &amp;other)</argsstring>
        <name>join</name>
        <qualifiedname>IRockyStatisticsAdder::join</qualifiedname>
        <param>
          <type>const <ref refid="structIRockyStatisticsAdder" kindref="compound">IRockyStatisticsAdder</ref> &amp;</type>
          <declname>other</declname>
        </param>
        <briefdescription>
        </briefdescription>
        <detaileddescription>
<para><simplesect kind="par"><title>This method calculates the mean and the statistical moments for a set of values</title><para>formed by the union of two sets of values whose statistics were calculated by two separate instances of <computeroutput><ref refid="structIRockyStatisticsAdder" kindref="compound">IRockyStatisticsAdder</ref></computeroutput>. After executing this method, the statistics for the compound set will be available through the methods <computeroutput>get_mean</computeroutput>, <computeroutput>get_std_deviation</computeroutput>, etc.</para>
</simplesect>
<parameterlist kind="param"><parameteritem>
<parameternamelist>
<parametername>other</parametername>
</parameternamelist>
<parameterdescription>
<para>The instance of <computeroutput><ref refid="structIRockyStatisticsAdder" kindref="compound">IRockyStatisticsAdder</ref></computeroutput> that calculated the statistics of the second set of values. </para>
</parameterdescription>
</parameteritem>
</parameterlist>
</para>
        </detaileddescription>
        <inbodydescription>
        </inbodydescription>
        <location file="source/c++/rocky20/api/rocky_statistics_data.hpp" line="99" column="10" bodyfile="source/c++/rocky20/api/rocky_statistics_data.hpp" bodystart="99" bodyend="102"/>
      </memberdef>
    </sectiondef>
    <briefdescription>
    </briefdescription>
    <detaileddescription>
<para><computeroutput><ref refid="structIRockyStatisticsAdder" kindref="compound">IRockyStatisticsAdder</ref></computeroutput> is an auxiliary struct used to calculate the mean, standard deviation, skewness and kurtosis of a set of values. Rocky uses it in the collision statistics modules for calculating statistics of sets of collision values associated to specific entities. However, it could be used to calculate the statistics of any set of values generated during a simulation. The mean and the statistical moments up to fourth order are calculated using a one-pass algorithm, therefore, their values are updated internally every time a new value is added to the set with the <computeroutput>add_value</computeroutput> method.</para>
<para>For the mathematical definitions of the statistics calculated by this struct, please refer to the DEM Technical Manual. </para>
    </detaileddescription>
    <location file="source/c++/rocky20/api/rocky_statistics_data.hpp" line="21" column="1" bodyfile="source/c++/rocky20/api/rocky_statistics_data.hpp" bodystart="22" bodyend="138"/>
    <listofallmembers>
      <member refid="structIRockyStatisticsAdder_1a2d87767ca1065f1a48778cf3d1e0f8ce" prot="public" virt="non-virtual"><scope>IRockyStatisticsAdder</scope><name>add_value</name></member>
      <member refid="structIRockyStatisticsAdder_1a6f398ed07d36a7deccea3621e9780109" prot="public" virt="non-virtual"><scope>IRockyStatisticsAdder</scope><name>get_kurtosis</name></member>
      <member refid="structIRockyStatisticsAdder_1a57d3816e4f01de3fdd781ef229c9f771" prot="public" virt="non-virtual"><scope>IRockyStatisticsAdder</scope><name>get_mean</name></member>
      <member refid="structIRockyStatisticsAdder_1a4968d2f7ab3265b9aefafe064ae16ba0" prot="public" virt="non-virtual"><scope>IRockyStatisticsAdder</scope><name>get_skewness</name></member>
      <member refid="structIRockyStatisticsAdder_1ac1c33e3ab2e1afd1590aef6e2c40eb64" prot="public" virt="non-virtual"><scope>IRockyStatisticsAdder</scope><name>get_std_deviation</name></member>
      <member refid="structIRockyStatisticsAdder_1a56563b07a2763d52804e5180f3ae0b07" prot="public" virt="non-virtual"><scope>IRockyStatisticsAdder</scope><name>join</name></member>
      <member refid="structIRockyStatisticsAdder_1ae4b238da655579b44c6293a573cd9449" prot="public" virt="non-virtual"><scope>IRockyStatisticsAdder</scope><name>reset</name></member>
    </listofallmembers>
  </compounddef>
</doxygen>
