<?xml version='1.0' encoding='UTF-8' standalone='no'?>
<doxygen xmlns:xsi="http://www.w3.org/2001/XMLSchema-instance" xsi:noNamespaceSchemaLocation="compound.xsd" version="1.10.0" xml:lang="en-US">
  <compounddef id="structIRockyMaterial" kind="struct" language="C++" prot="public">
    <compoundname>IRockyMaterial</compoundname>
    <includes refid="rocky__material__api_8hpp" local="no">rocky_material_api.hpp</includes>
    <sectiondef kind="public-func">
      <memberdef kind="function" id="structIRockyMaterial_1ac2296f9b2afe54b6660f584d5d937994" prot="public" static="no" const="yes" explicit="no" inline="yes" virt="non-virtual">
        <type>ROCKY_FUNCTIONS double</type>
        <definition>ROCKY_FUNCTIONS double IRockyMaterial::get_young_modulus</definition>
        <argsstring>() const</argsstring>
        <name>get_young_modulus</name>
        <qualifiedname>IRockyMaterial::get_young_modulus</qualifiedname>
        <briefdescription>
        </briefdescription>
        <detaileddescription>
<para><simplesect kind="return"><para>The value of the Young&apos;s or elastic modulus. This value is the product of the Young&apos;s modulus specified for the material and the numerical softening factor, which is commonly used for reducing the stiffness and, in turn, increasing the simulation timestep. For more details, please refer to the DEM Technical Manual. </para>
</simplesect>
</para>
        </detaileddescription>
        <inbodydescription>
        </inbodydescription>
        <location file="source/c++/rocky20/api/rocky_material_api.hpp" line="29" column="35" bodyfile="source/c++/rocky20/api/rocky_material_api.hpp" bodystart="132" bodyend="135"/>
      </memberdef>
      <memberdef kind="function" id="structIRockyMaterial_1a77ed523db8076cb87c69334481e0ad9b" prot="public" static="no" const="yes" explicit="no" inline="yes" virt="non-virtual">
        <type>ROCKY_FUNCTIONS double</type>
        <definition>ROCKY_FUNCTIONS double IRockyMaterial::get_poisson_ratio</definition>
        <argsstring>() const</argsstring>
        <name>get_poisson_ratio</name>
        <qualifiedname>IRockyMaterial::get_poisson_ratio</qualifiedname>
        <briefdescription>
        </briefdescription>
        <detaileddescription>
<para><simplesect kind="return"><para>The value of the Poisson&apos;s ratio specified for the material. </para>
</simplesect>
</para>
        </detaileddescription>
        <inbodydescription>
        </inbodydescription>
        <location file="source/c++/rocky20/api/rocky_material_api.hpp" line="34" column="35" bodyfile="source/c++/rocky20/api/rocky_material_api.hpp" bodystart="137" bodyend="140"/>
      </memberdef>
      <memberdef kind="function" id="structIRockyMaterial_1ac4a3805a7f95f47fbd93761d1b2013fe" prot="public" static="no" const="yes" explicit="no" inline="yes" virt="non-virtual">
        <type>ROCKY_FUNCTIONS double</type>
        <definition>ROCKY_FUNCTIONS double IRockyMaterial::get_density</definition>
        <argsstring>() const</argsstring>
        <name>get_density</name>
        <qualifiedname>IRockyMaterial::get_density</qualifiedname>
        <briefdescription>
        </briefdescription>
        <detaileddescription>
<para><simplesect kind="return"><para>The value of the density of the material. </para>
</simplesect>
</para>
        </detaileddescription>
        <inbodydescription>
        </inbodydescription>
        <location file="source/c++/rocky20/api/rocky_material_api.hpp" line="39" column="35" bodyfile="source/c++/rocky20/api/rocky_material_api.hpp" bodystart="142" bodyend="145"/>
      </memberdef>
      <memberdef kind="function" id="structIRockyMaterial_1ab0f6b6ddb2c899c76bad757864649a22" prot="public" static="no" const="yes" explicit="no" inline="yes" virt="non-virtual">
        <type>ROCKY_FUNCTIONS double</type>
        <definition>ROCKY_FUNCTIONS double IRockyMaterial::get_specific_heat</definition>
        <argsstring>() const</argsstring>
        <name>get_specific_heat</name>
        <qualifiedname>IRockyMaterial::get_specific_heat</qualifiedname>
        <briefdescription>
        </briefdescription>
        <detaileddescription>
<para><simplesect kind="return"><para>The value of the specific heat of the material. </para>
</simplesect>
</para>
        </detaileddescription>
        <inbodydescription>
        </inbodydescription>
        <location file="source/c++/rocky20/api/rocky_material_api.hpp" line="44" column="35" bodyfile="source/c++/rocky20/api/rocky_material_api.hpp" bodystart="147" bodyend="150"/>
      </memberdef>
      <memberdef kind="function" id="structIRockyMaterial_1a35481246571a954fa8954efc49631ba5" prot="public" static="no" const="yes" explicit="no" inline="yes" virt="non-virtual">
        <type>ROCKY_FUNCTIONS double</type>
        <definition>ROCKY_FUNCTIONS double IRockyMaterial::get_thermal_conductivity</definition>
        <argsstring>() const</argsstring>
        <name>get_thermal_conductivity</name>
        <qualifiedname>IRockyMaterial::get_thermal_conductivity</qualifiedname>
        <briefdescription>
        </briefdescription>
        <detaileddescription>
<para><simplesect kind="return"><para>The value of the thermal conductivity of the material. </para>
</simplesect>
</para>
        </detaileddescription>
        <inbodydescription>
        </inbodydescription>
        <location file="source/c++/rocky20/api/rocky_material_api.hpp" line="49" column="35" bodyfile="source/c++/rocky20/api/rocky_material_api.hpp" bodystart="152" bodyend="155"/>
      </memberdef>
    </sectiondef>
    <briefdescription>
    </briefdescription>
    <detaileddescription>
<para><computeroutput><ref refid="structIRockyMaterial" kindref="compound">IRockyMaterial</ref></computeroutput> is an interface for the internal material object, which gives access to values of the physical properties associated to the material that makes up some entity in Rocky. The values of all those properties are dimensionless values. </para>
    </detaileddescription>
    <location file="source/c++/rocky20/api/rocky_material_api.hpp" line="20" column="1" bodyfile="source/c++/rocky20/api/rocky_material_api.hpp" bodystart="21" bodyend="58"/>
    <listofallmembers>
      <member refid="structIRockyMaterial_1ac4a3805a7f95f47fbd93761d1b2013fe" prot="public" virt="non-virtual"><scope>IRockyMaterial</scope><name>get_density</name></member>
      <member refid="structIRockyMaterial_1a77ed523db8076cb87c69334481e0ad9b" prot="public" virt="non-virtual"><scope>IRockyMaterial</scope><name>get_poisson_ratio</name></member>
      <member refid="structIRockyMaterial_1ab0f6b6ddb2c899c76bad757864649a22" prot="public" virt="non-virtual"><scope>IRockyMaterial</scope><name>get_specific_heat</name></member>
      <member refid="structIRockyMaterial_1a35481246571a954fa8954efc49631ba5" prot="public" virt="non-virtual"><scope>IRockyMaterial</scope><name>get_thermal_conductivity</name></member>
      <member refid="structIRockyMaterial_1ac2296f9b2afe54b6660f584d5d937994" prot="public" virt="non-virtual"><scope>IRockyMaterial</scope><name>get_young_modulus</name></member>
    </listofallmembers>
  </compounddef>
</doxygen>
