<?xml version='1.0' encoding='UTF-8' standalone='no'?>
<doxygen xmlns:xsi="http://www.w3.org/2001/XMLSchema-instance" xsi:noNamespaceSchemaLocation="compound.xsd" version="1.10.0" xml:lang="en-US">
  <compounddef id="structIRockyGeometryTriangle" kind="struct" language="C++" prot="public">
    <compoundname>IRockyGeometryTriangle</compoundname>
    <basecompoundref prot="public" virt="non-virtual">IRockyGeometryTriangleImpl&lt; SDeviceModel &gt;</basecompoundref>
    <includes refid="rocky__boundary__api_8hpp" local="no">rocky_boundary_api.hpp</includes>
    <sectiondef kind="public-func">
      <memberdef kind="function" id="structIRockyGeometryTriangle_1ad93dcca6decba182b3cc02e95bd09c38" prot="public" static="no" const="yes" explicit="no" inline="no" virt="non-virtual">
        <type>ROCKY_FUNCTIONS <ref refid="structIRockyMaterial" kindref="compound">IRockyMaterial</ref></type>
        <definition>ROCKY_FUNCTIONS IRockyMaterial IRockyGeometryTriangle::get_material</definition>
        <argsstring>() const</argsstring>
        <name>get_material</name>
        <qualifiedname>IRockyGeometryTriangle::get_material</qualifiedname>
        <briefdescription>
        </briefdescription>
        <detaileddescription>
<para><simplesect kind="return"><para>An <computeroutput><ref refid="structIRockyMaterial" kindref="compound">IRockyMaterial</ref></computeroutput> object that gives access to the values of physical properties associated to the material from which the geometry triangle is made. </para>
</simplesect>
</para>
        </detaileddescription>
        <inbodydescription>
        </inbodydescription>
        <location file="source/c++/rocky20/api/rocky_boundary_api.hpp" line="162" column="36"/>
      </memberdef>
      <memberdef kind="function" id="structIRockyGeometryTriangle_1a3dffe992b4dc3278be110fd792142b80" prot="public" static="no" const="yes" explicit="no" inline="no" virt="non-virtual">
        <type>ROCKY_FUNCTIONS double3</type>
        <definition>ROCKY_FUNCTIONS double3 IRockyGeometryTriangle::get_normal_unit_vector</definition>
        <argsstring>() const</argsstring>
        <name>get_normal_unit_vector</name>
        <qualifiedname>IRockyGeometryTriangle::get_normal_unit_vector</qualifiedname>
        <briefdescription>
        </briefdescription>
        <detaileddescription>
<para><simplesect kind="return"><para>A unit vector in the normal direction to the geometry triangle, in Cartesian coordinates. The orientation of this vector is arbitrary, since collision with particles can potentially happen on either side of the geometry triangle. </para>
</simplesect>
</para>
        </detaileddescription>
        <inbodydescription>
        </inbodydescription>
        <location file="source/c++/rocky20/api/rocky_boundary_api.hpp" line="170" column="29"/>
      </memberdef>
      <memberdef kind="function" id="structIRockyGeometryTriangle_1a87f5f5f9d279e717777feb3a934bac82" prot="public" static="no" const="yes" explicit="no" inline="no" virt="non-virtual">
        <type>ROCKY_FUNCTIONS double</type>
        <definition>ROCKY_FUNCTIONS double IRockyGeometryTriangle::get_area</definition>
        <argsstring>() const</argsstring>
        <name>get_area</name>
        <qualifiedname>IRockyGeometryTriangle::get_area</qualifiedname>
        <briefdescription>
        </briefdescription>
        <detaileddescription>
<para><simplesect kind="return"><para>The unsigned area of the geometry triangle. </para>
</simplesect>
</para>
        </detaileddescription>
        <inbodydescription>
        </inbodydescription>
        <location file="source/c++/rocky20/api/rocky_boundary_api.hpp" line="175" column="28"/>
      </memberdef>
      <memberdef kind="function" id="structIRockyGeometryTriangle_1a51271bd50959a8f2a353ac6673ee7fd7" prot="public" static="no" const="yes" explicit="no" inline="no" virt="non-virtual">
        <type>ROCKY_FUNCTIONS double3</type>
        <definition>ROCKY_FUNCTIONS double3 IRockyGeometryTriangle::get_centroid</definition>
        <argsstring>() const</argsstring>
        <name>get_centroid</name>
        <qualifiedname>IRockyGeometryTriangle::get_centroid</qualifiedname>
        <briefdescription>
        </briefdescription>
        <detaileddescription>
<para><simplesect kind="return"><para>The centroid point of the geometry triangle in Cartesian coordinates. </para>
</simplesect>
</para>
        </detaileddescription>
        <inbodydescription>
        </inbodydescription>
        <location file="source/c++/rocky20/api/rocky_boundary_api.hpp" line="180" column="29"/>
      </memberdef>
      <memberdef kind="function" id="structIRockyGeometryTriangle_1a8498939de6ea592bbfff2a4ec075f6ee" prot="public" static="no" const="yes" explicit="no" inline="no" virt="non-virtual">
        <type>ROCKY_FUNCTIONS int</type>
        <definition>ROCKY_FUNCTIONS int IRockyGeometryTriangle::get_geometry_index</definition>
        <argsstring>() const</argsstring>
        <name>get_geometry_index</name>
        <qualifiedname>IRockyGeometryTriangle::get_geometry_index</qualifiedname>
        <briefdescription>
        </briefdescription>
        <detaileddescription>
<para><simplesect kind="return"><para>The index that uniquely identifies the geometry to which the geometry triangle belongs. </para>
</simplesect>
</para>
        </detaileddescription>
        <inbodydescription>
        </inbodydescription>
        <location file="source/c++/rocky20/api/rocky_boundary_api.hpp" line="186" column="25"/>
      </memberdef>
      <memberdef kind="function" id="structIRockyGeometryTriangle_1a9bcc3c8846e93fd1e9876ba328e6a09d" prot="public" static="no" const="yes" explicit="no" inline="no" virt="non-virtual">
        <type>ROCKY_FUNCTIONS int</type>
        <definition>ROCKY_FUNCTIONS int IRockyGeometryTriangle::get_material_index</definition>
        <argsstring>() const</argsstring>
        <name>get_material_index</name>
        <qualifiedname>IRockyGeometryTriangle::get_material_index</qualifiedname>
        <briefdescription>
        </briefdescription>
        <detaileddescription>
<para><simplesect kind="return"><para>The material index that uniquely identifies the material associated to the geometry triangle. </para>
</simplesect>
</para>
        </detaileddescription>
        <inbodydescription>
        </inbodydescription>
        <location file="source/c++/rocky20/api/rocky_boundary_api.hpp" line="192" column="25"/>
      </memberdef>
      <memberdef kind="function" id="structIRockyGeometryTriangle_1a704cfc661bc09630a2d7345d7ea53309" prot="public" static="no" const="yes" explicit="no" inline="no" virt="non-virtual">
        <type>ROCKY_FUNCTIONS double3</type>
        <definition>ROCKY_FUNCTIONS double3 IRockyGeometryTriangle::get_translational_velocity</definition>
        <argsstring>(double current_time) const</argsstring>
        <name>get_translational_velocity</name>
        <qualifiedname>IRockyGeometryTriangle::get_translational_velocity</qualifiedname>
        <param>
          <type>double</type>
          <declname>current_time</declname>
        </param>
        <briefdescription>
        </briefdescription>
        <detaileddescription>
<para><simplesect kind="par"><title></title><para></para>
</simplesect>
<parameterlist kind="param"><parameteritem>
<parameternamelist>
<parametername>current_time</parametername>
</parameternamelist>
<parameterdescription>
<para>The current value of the simulation time.</para>
</parameterdescription>
</parameteritem>
</parameterlist>
<simplesect kind="return"><para>The instantaneous triangle&apos;s translational velocity vector, expressed in Cartesian coordinates. </para>
</simplesect>
</para>
        </detaileddescription>
        <inbodydescription>
        </inbodydescription>
        <location file="source/c++/rocky20/api/rocky_boundary_api.hpp" line="201" column="29"/>
      </memberdef>
      <memberdef kind="function" id="structIRockyGeometryTriangle_1a67d418dcadcd12fa9314ec4891bae8e0" prot="public" static="no" const="yes" explicit="no" inline="no" virt="non-virtual">
        <type>ROCKY_FUNCTIONS double3</type>
        <definition>ROCKY_FUNCTIONS double3 IRockyGeometryTriangle::get_geometry_rotational_velocity</definition>
        <argsstring>() const</argsstring>
        <name>get_geometry_rotational_velocity</name>
        <qualifiedname>IRockyGeometryTriangle::get_geometry_rotational_velocity</qualifiedname>
        <briefdescription>
        </briefdescription>
        <detaileddescription>
<para><simplesect kind="return"><para>The rotational velocity vector of the geometry to which the triangle belongs, expressed in Cartesian coordinates. </para>
</simplesect>
</para>
        </detaileddescription>
        <inbodydescription>
        </inbodydescription>
        <location file="source/c++/rocky20/api/rocky_boundary_api.hpp" line="207" column="29"/>
      </memberdef>
      <memberdef kind="function" id="structIRockyGeometryTriangle_1ad41c1ad766c0a34a978c5c59add829e7" prot="public" static="no" const="yes" explicit="no" inline="no" virt="non-virtual">
        <type>ROCKY_FUNCTIONS double3</type>
        <definition>ROCKY_FUNCTIONS double3 IRockyGeometryTriangle::get_geometry_rotation_center</definition>
        <argsstring>() const</argsstring>
        <name>get_geometry_rotation_center</name>
        <qualifiedname>IRockyGeometryTriangle::get_geometry_rotation_center</qualifiedname>
        <briefdescription>
        </briefdescription>
        <detaileddescription>
<para><simplesect kind="return"><para>The Cartesian coordinates of the rotation center of the motion frame attached to the geometry to which the triangle belongs. </para>
</simplesect>
</para>
        </detaileddescription>
        <inbodydescription>
        </inbodydescription>
        <location file="source/c++/rocky20/api/rocky_boundary_api.hpp" line="213" column="29"/>
      </memberdef>
      <memberdef kind="function" id="structIRockyGeometryTriangle_1a4ad4b4c3dbdb033213b9f68d4c497f68" prot="public" static="no" const="yes" explicit="no" inline="no" virt="non-virtual">
        <type>ROCKY_FUNCTIONS double</type>
        <definition>ROCKY_FUNCTIONS double IRockyGeometryTriangle::get_temperature</definition>
        <argsstring>() const</argsstring>
        <name>get_temperature</name>
        <qualifiedname>IRockyGeometryTriangle::get_temperature</qualifiedname>
        <briefdescription>
        </briefdescription>
        <detaileddescription>
<para><simplesect kind="return"><para>The temperature associated to the triangle. If that temperature was defined as a variable property in the module&apos;s specification file, each triangle in a geometry may have a different temperature value, set by a module using the <computeroutput><ref refid="structIRockyGeometryTriangle_1a4286e7ea37b1863c8ea48d2fcd729b9c" kindref="member">IRockyGeometryTriangle::set_temperature</ref></computeroutput> method. Otherwise, this method will return the temperature value specified in the UI for the geometry to which the geometry triangle belongs. </para>
</simplesect>
</para>
        </detaileddescription>
        <inbodydescription>
        </inbodydescription>
        <location file="source/c++/rocky20/api/rocky_boundary_api.hpp" line="223" column="28"/>
      </memberdef>
      <memberdef kind="function" id="structIRockyGeometryTriangle_1a4286e7ea37b1863c8ea48d2fcd729b9c" prot="public" static="no" const="no" explicit="no" inline="no" virt="non-virtual">
        <type>ROCKY_FUNCTIONS void</type>
        <definition>ROCKY_FUNCTIONS void IRockyGeometryTriangle::set_temperature</definition>
        <argsstring>(double value)</argsstring>
        <name>set_temperature</name>
        <qualifiedname>IRockyGeometryTriangle::set_temperature</qualifiedname>
        <param>
          <type>double</type>
          <declname>value</declname>
        </param>
        <briefdescription>
        </briefdescription>
        <detaileddescription>
<para><simplesect kind="par"><title>This method can be used only if the temperature was defined as a variable property</title><para>for geometry triangles in the module&apos;s specification file. A segmentation fault will occur if this method is used otherwise. The temperature value specified with this method will be used by Rocky when solving the thermal balance equations for the particles in contact with the geometry triangle.</para>
</simplesect>
<parameterlist kind="param"><parameteritem>
<parameternamelist>
<parametername>value</parametername>
</parameternamelist>
<parameterdescription>
<para>The temperature value to be assigned to the geometry triangle. </para>
</parameterdescription>
</parameteritem>
</parameterlist>
</para>
        </detaileddescription>
        <inbodydescription>
        </inbodydescription>
        <location file="source/c++/rocky20/api/rocky_boundary_api.hpp" line="234" column="26"/>
      </memberdef>
      <memberdef kind="function" id="structIRockyGeometryTriangle_1acf3dd4c6616b36509791e2896595d16e" prot="public" static="no" const="yes" explicit="no" inline="no" virt="non-virtual">
        <type>ROCKY_FUNCTIONS bool</type>
        <definition>ROCKY_FUNCTIONS bool IRockyGeometryTriangle::is_adiabatic</definition>
        <argsstring>() const</argsstring>
        <name>is_adiabatic</name>
        <qualifiedname>IRockyGeometryTriangle::is_adiabatic</qualifiedname>
        <briefdescription>
        </briefdescription>
        <detaileddescription>
<para><simplesect kind="return"><para>True if the geometry to which the boundary triangle belongs is adiabatic (i.e. it is not enabled to exchange heat with particles). </para>
</simplesect>
</para>
        </detaileddescription>
        <inbodydescription>
        </inbodydescription>
        <location file="source/c++/rocky20/api/rocky_boundary_api.hpp" line="240" column="26"/>
      </memberdef>
      <memberdef kind="function" id="structIRockyGeometryTriangle_1a6288e5b20aa8375b184529d1760d9a93" prot="public" static="no" const="yes" explicit="no" inline="no" virt="non-virtual">
        <type>ROCKY_FUNCTIONS double</type>
        <definition>ROCKY_FUNCTIONS double IRockyGeometryTriangle::get_thermal_conductivity</definition>
        <argsstring>() const</argsstring>
        <name>get_thermal_conductivity</name>
        <qualifiedname>IRockyGeometryTriangle::get_thermal_conductivity</qualifiedname>
        <briefdescription>
        </briefdescription>
        <detaileddescription>
<para><simplesect kind="return"><para>The triangle&apos;s thermal conductivity. If this property was defined as variable for triangles in the module&apos;s specification file, this method will return the value set specifically for the geometry triangle. Otherwise, the returned value will be the one specified for the triangle&apos;s material in the Rocky UI. </para>
</simplesect>
</para>
        </detaileddescription>
        <inbodydescription>
        </inbodydescription>
        <location file="source/c++/rocky20/api/rocky_boundary_api.hpp" line="248" column="28"/>
      </memberdef>
      <memberdef kind="function" id="structIRockyGeometryTriangle_1ab93ed9aba28273a9a329a212457b0158" prot="public" static="no" const="no" explicit="no" inline="no" virt="non-virtual">
        <type>ROCKY_FUNCTIONS void</type>
        <definition>ROCKY_FUNCTIONS void IRockyGeometryTriangle::set_thermal_conductivity</definition>
        <argsstring>(double value)</argsstring>
        <name>set_thermal_conductivity</name>
        <qualifiedname>IRockyGeometryTriangle::set_thermal_conductivity</qualifiedname>
        <param>
          <type>double</type>
          <declname>value</declname>
        </param>
        <briefdescription>
        </briefdescription>
        <detaileddescription>
<para><simplesect kind="par"><title>This method sets the triangle&apos;s thermal conductivity, if this property</title><para>was defined as variable in the module&apos;s specification file. If this method is used otherwise, a segmentation fault will occur.</para>
</simplesect>
<parameterlist kind="param"><parameteritem>
<parameternamelist>
<parametername>value</parametername>
</parameternamelist>
<parameterdescription>
<para>The thermal conductivity to be set. </para>
</parameterdescription>
</parameteritem>
</parameterlist>
</para>
        </detaileddescription>
        <inbodydescription>
        </inbodydescription>
        <location file="source/c++/rocky20/api/rocky_boundary_api.hpp" line="257" column="26"/>
      </memberdef>
      <memberdef kind="function" id="structIRockyGeometryTriangle_1a362d59bc94cc55f1cb37d6fe00764a4b" prot="public" static="no" const="yes" explicit="no" inline="no" virt="non-virtual">
        <type>ROCKY_FUNCTIONS double</type>
        <definition>ROCKY_FUNCTIONS double IRockyGeometryTriangle::get_poisson_ratio</definition>
        <argsstring>() const</argsstring>
        <name>get_poisson_ratio</name>
        <qualifiedname>IRockyGeometryTriangle::get_poisson_ratio</qualifiedname>
        <briefdescription>
        </briefdescription>
        <detaileddescription>
<para><simplesect kind="return"><para>The triangle&apos;s Poisson&apos;s ratio. If this property was defined as variable for triangles in the module&apos;s specification file, this method will return the value set specifically for the geometry triangle. Otherwise, the returned value will be the one specified for the triangle&apos;s material in the Rocky UI. </para>
</simplesect>
</para>
        </detaileddescription>
        <inbodydescription>
        </inbodydescription>
        <location file="source/c++/rocky20/api/rocky_boundary_api.hpp" line="265" column="28"/>
      </memberdef>
      <memberdef kind="function" id="structIRockyGeometryTriangle_1add105a1fd3ed0e38ad85c93d09ee4a27" prot="public" static="no" const="no" explicit="no" inline="no" virt="non-virtual">
        <type>ROCKY_FUNCTIONS void</type>
        <definition>ROCKY_FUNCTIONS void IRockyGeometryTriangle::set_poisson_ratio</definition>
        <argsstring>(double value)</argsstring>
        <name>set_poisson_ratio</name>
        <qualifiedname>IRockyGeometryTriangle::set_poisson_ratio</qualifiedname>
        <param>
          <type>double</type>
          <declname>value</declname>
        </param>
        <briefdescription>
        </briefdescription>
        <detaileddescription>
<para><simplesect kind="par"><title>This method sets the triangle&apos;s Poisson&apos;s ratio, if this property</title><para>was defined as variable in the module&apos;s specification file. If this method is used otherwise, a segmentation fault will occur.</para>
</simplesect>
<parameterlist kind="param"><parameteritem>
<parameternamelist>
<parametername>value</parametername>
</parameternamelist>
<parameterdescription>
<para>The Poisson&apos;s ratio to be set. </para>
</parameterdescription>
</parameteritem>
</parameterlist>
</para>
        </detaileddescription>
        <inbodydescription>
        </inbodydescription>
        <location file="source/c++/rocky20/api/rocky_boundary_api.hpp" line="274" column="26"/>
      </memberdef>
      <memberdef kind="function" id="structIRockyGeometryTriangle_1a525086257224ba19ec3bbfec2522bdba" prot="public" static="no" const="no" explicit="no" inline="no" virt="non-virtual">
        <type>ROCKY_FUNCTIONS <ref refid="structIRockyTriangleScalars" kindref="compound">IRockyTriangleScalars</ref></type>
        <definition>ROCKY_FUNCTIONS IRockyTriangleScalars IRockyGeometryTriangle::get_scalars</definition>
        <argsstring>()</argsstring>
        <name>get_scalars</name>
        <qualifiedname>IRockyGeometryTriangle::get_scalars</qualifiedname>
        <briefdescription>
        </briefdescription>
        <detaileddescription>
<para><simplesect kind="return"><para>A <computeroutput><ref refid="structIRockyTriangleScalars" kindref="compound">IRockyTriangleScalars</ref></computeroutput> object that gives access to all triangle scalars variables defined in the project. </para>
</simplesect>
</para>
        </detaileddescription>
        <inbodydescription>
        </inbodydescription>
        <location file="source/c++/rocky20/api/rocky_boundary_api.hpp" line="280" column="43"/>
      </memberdef>
    </sectiondef>
    <briefdescription>
    </briefdescription>
    <detaileddescription>
<para><computeroutput><ref refid="structIRockyGeometryTriangle" kindref="compound">IRockyGeometryTriangle</ref></computeroutput> is an interface for the internal geometry triangle object in Rocky. A geometry triangle is a code representation of an individual triangle making up a geometry. <computeroutput><ref refid="structIRockyGeometryTriangle" kindref="compound">IRockyGeometryTriangle</ref></computeroutput> is intended for use in all the operations performed during the time iterative process, involving geometry triangles. It has access methods to some geometric properties, as well as <emphasis>triangle scalars</emphasis>, which are special variables that store values per triangle that are preserved between time iterations. Values of <emphasis>triangle scalars</emphasis> can be displayed in a 3D window as any other built-in geometry triangle property in Rocky. All property and variable values made available through <computeroutput><ref refid="structIRockyGeometryTriangle" kindref="compound">IRockyGeometryTriangle</ref></computeroutput> are dimensionless.</para>
<para><simplesect kind="attention"><para><computeroutput><ref refid="structIRockyGeometryTriangle" kindref="compound">IRockyGeometryTriangle</ref></computeroutput> replaces <computeroutput>IRockyBoundaryTriangle</computeroutput> in Rocky v4.5 or newer. </para>
</simplesect>
</para>
    </detaileddescription>
    <location file="source/c++/rocky20/api/rocky_boundary_api.hpp" line="145" column="1" bodyfile="source/c++/rocky20/api/rocky_boundary_api.hpp" bodystart="146" bodyend="284"/>
    <listofallmembers>
      <member refid="structIRockyGeometryTriangle_1a87f5f5f9d279e717777feb3a934bac82" prot="public" virt="non-virtual"><scope>IRockyGeometryTriangle</scope><name>get_area</name></member>
      <member refid="structIRockyGeometryTriangle_1a51271bd50959a8f2a353ac6673ee7fd7" prot="public" virt="non-virtual"><scope>IRockyGeometryTriangle</scope><name>get_centroid</name></member>
      <member refid="structIRockyGeometryTriangle_1a8498939de6ea592bbfff2a4ec075f6ee" prot="public" virt="non-virtual"><scope>IRockyGeometryTriangle</scope><name>get_geometry_index</name></member>
      <member refid="structIRockyGeometryTriangle_1ad41c1ad766c0a34a978c5c59add829e7" prot="public" virt="non-virtual"><scope>IRockyGeometryTriangle</scope><name>get_geometry_rotation_center</name></member>
      <member refid="structIRockyGeometryTriangle_1a67d418dcadcd12fa9314ec4891bae8e0" prot="public" virt="non-virtual"><scope>IRockyGeometryTriangle</scope><name>get_geometry_rotational_velocity</name></member>
      <member refid="structIRockyGeometryTriangle_1ad93dcca6decba182b3cc02e95bd09c38" prot="public" virt="non-virtual"><scope>IRockyGeometryTriangle</scope><name>get_material</name></member>
      <member refid="structIRockyGeometryTriangle_1a9bcc3c8846e93fd1e9876ba328e6a09d" prot="public" virt="non-virtual"><scope>IRockyGeometryTriangle</scope><name>get_material_index</name></member>
      <member refid="structIRockyGeometryTriangle_1a3dffe992b4dc3278be110fd792142b80" prot="public" virt="non-virtual"><scope>IRockyGeometryTriangle</scope><name>get_normal_unit_vector</name></member>
      <member refid="structIRockyGeometryTriangle_1a362d59bc94cc55f1cb37d6fe00764a4b" prot="public" virt="non-virtual"><scope>IRockyGeometryTriangle</scope><name>get_poisson_ratio</name></member>
      <member refid="structIRockyGeometryTriangle_1a525086257224ba19ec3bbfec2522bdba" prot="public" virt="non-virtual"><scope>IRockyGeometryTriangle</scope><name>get_scalars</name></member>
      <member refid="structIRockyGeometryTriangle_1a4ad4b4c3dbdb033213b9f68d4c497f68" prot="public" virt="non-virtual"><scope>IRockyGeometryTriangle</scope><name>get_temperature</name></member>
      <member refid="structIRockyGeometryTriangle_1a6288e5b20aa8375b184529d1760d9a93" prot="public" virt="non-virtual"><scope>IRockyGeometryTriangle</scope><name>get_thermal_conductivity</name></member>
      <member refid="structIRockyGeometryTriangle_1a704cfc661bc09630a2d7345d7ea53309" prot="public" virt="non-virtual"><scope>IRockyGeometryTriangle</scope><name>get_translational_velocity</name></member>
      <member refid="structIRockyGeometryTriangle_1acf3dd4c6616b36509791e2896595d16e" prot="public" virt="non-virtual"><scope>IRockyGeometryTriangle</scope><name>is_adiabatic</name></member>
      <member refid="structIRockyGeometryTriangle_1add105a1fd3ed0e38ad85c93d09ee4a27" prot="public" virt="non-virtual"><scope>IRockyGeometryTriangle</scope><name>set_poisson_ratio</name></member>
      <member refid="structIRockyGeometryTriangle_1a4286e7ea37b1863c8ea48d2fcd729b9c" prot="public" virt="non-virtual"><scope>IRockyGeometryTriangle</scope><name>set_temperature</name></member>
      <member refid="structIRockyGeometryTriangle_1ab93ed9aba28273a9a329a212457b0158" prot="public" virt="non-virtual"><scope>IRockyGeometryTriangle</scope><name>set_thermal_conductivity</name></member>
    </listofallmembers>
  </compounddef>
</doxygen>
