<?xml version='1.0' encoding='UTF-8' standalone='no'?>
<doxygen xmlns:xsi="http://www.w3.org/2001/XMLSchema-instance" xsi:noNamespaceSchemaLocation="compound.xsd" version="1.10.0" xml:lang="en-US">
  <compounddef id="structOutputPropertyInfo" kind="struct" language="C++" prot="public">
    <compoundname>OutputPropertyInfo</compoundname>
    <sectiondef kind="public-type">
      <memberdef kind="enum" id="structOutputPropertyInfo_1a7b0b534bfbfee8b58312ebff5d995698" prot="public" static="no" strong="no">
        <type></type>
        <name>Location</name>
        <qualifiedname>OutputPropertyInfo::Location</qualifiedname>
        <enumvalue id="structOutputPropertyInfo_1a7b0b534bfbfee8b58312ebff5d995698a2c9a7529ecbe3a44a91dfd6499774397" prot="public">
          <name>onBoundaryCell</name>
          <briefdescription>
          </briefdescription>
          <detaileddescription>
          </detaileddescription>
        </enumvalue>
        <enumvalue id="structOutputPropertyInfo_1a7b0b534bfbfee8b58312ebff5d995698a1779046bd89c5a765a4f2d31041cbd8b" prot="public">
          <name>onBoundaryVertex</name>
          <briefdescription>
          </briefdescription>
          <detaileddescription>
          </detaileddescription>
        </enumvalue>
        <enumvalue id="structOutputPropertyInfo_1a7b0b534bfbfee8b58312ebff5d995698aaeabfc287bcfc7bbe9ebdf4ab520dec5" prot="public">
          <name>onParticle</name>
          <briefdescription>
          </briefdescription>
          <detaileddescription>
          </detaileddescription>
        </enumvalue>
        <enumvalue id="structOutputPropertyInfo_1a7b0b534bfbfee8b58312ebff5d995698a9583b016a87b3fdcc109e0df28da0020" prot="public">
          <name>onJoint</name>
          <briefdescription>
          </briefdescription>
          <detaileddescription>
          </detaileddescription>
        </enumvalue>
        <enumvalue id="structOutputPropertyInfo_1a7b0b534bfbfee8b58312ebff5d995698a470fdc44492c2ae55063ca3349a4f5a9" prot="public">
          <name>onSPH</name>
          <briefdescription>
          </briefdescription>
          <detaileddescription>
          </detaileddescription>
        </enumvalue>
        <briefdescription>
        </briefdescription>
        <detaileddescription>
        </detaileddescription>
        <inbodydescription>
        </inbodydescription>
        <location file="source/c++/rocky20/api/rocky_output_properties.h" line="13" column="5" bodyfile="source/c++/rocky20/api/rocky_output_properties.h" bodystart="14" bodyend="20"/>
      </memberdef>
    </sectiondef>
    <sectiondef kind="public-attrib">
      <memberdef kind="variable" id="structOutputPropertyInfo_1ada98f232aa41e59c77712bb3b3ffef0c" prot="public" static="no" mutable="no">
        <type>std::string</type>
        <definition>std::string OutputPropertyInfo::name</definition>
        <argsstring></argsstring>
        <name>name</name>
        <qualifiedname>OutputPropertyInfo::name</qualifiedname>
        <briefdescription>
        </briefdescription>
        <detaileddescription>
        </detaileddescription>
        <inbodydescription>
        </inbodydescription>
        <location file="source/c++/rocky20/api/rocky_output_properties.h" line="22" column="17" bodyfile="source/c++/rocky20/api/rocky_output_properties.h" bodystart="22" bodyend="-1"/>
      </memberdef>
      <memberdef kind="variable" id="structOutputPropertyInfo_1a85e733adf177f126fc6e407dfa3588af" prot="public" static="no" mutable="no">
        <type>std::string</type>
        <definition>std::string OutputPropertyInfo::unit</definition>
        <argsstring></argsstring>
        <name>unit</name>
        <qualifiedname>OutputPropertyInfo::unit</qualifiedname>
        <briefdescription>
        </briefdescription>
        <detaileddescription>
        </detaileddescription>
        <inbodydescription>
        </inbodydescription>
        <location file="source/c++/rocky20/api/rocky_output_properties.h" line="22" column="22" bodyfile="source/c++/rocky20/api/rocky_output_properties.h" bodystart="22" bodyend="-1"/>
      </memberdef>
      <memberdef kind="variable" id="structOutputPropertyInfo_1a04957f456c51bd69d06aa19397571508" prot="public" static="no" mutable="no">
        <type>Location</type>
        <definition>Location OutputPropertyInfo::location</definition>
        <argsstring></argsstring>
        <name>location</name>
        <qualifiedname>OutputPropertyInfo::location</qualifiedname>
        <briefdescription>
        </briefdescription>
        <detaileddescription>
        </detaileddescription>
        <inbodydescription>
        </inbodydescription>
        <location file="source/c++/rocky20/api/rocky_output_properties.h" line="23" column="14" bodyfile="source/c++/rocky20/api/rocky_output_properties.h" bodystart="23" bodyend="-1"/>
      </memberdef>
      <memberdef kind="variable" id="structOutputPropertyInfo_1a84432ead6a071fda5ddd02a62539faae" prot="public" static="no" mutable="no">
        <type>rocky20::EvaluationType</type>
        <definition>rocky20::EvaluationType OutputPropertyInfo::evaluation</definition>
        <argsstring></argsstring>
        <name>evaluation</name>
        <qualifiedname>OutputPropertyInfo::evaluation</qualifiedname>
        <briefdescription>
        </briefdescription>
        <detaileddescription>
        </detaileddescription>
        <inbodydescription>
        </inbodydescription>
        <location file="source/c++/rocky20/api/rocky_output_properties.h" line="24" column="29" bodyfile="source/c++/rocky20/api/rocky_output_properties.h" bodystart="24" bodyend="-1"/>
      </memberdef>
      <memberdef kind="variable" id="structOutputPropertyInfo_1a95c55117943214d9db554f1dd17852cd" prot="public" static="no" mutable="no">
        <type>double</type>
        <definition>double OutputPropertyInfo::dimension</definition>
        <argsstring></argsstring>
        <name>dimension</name>
        <qualifiedname>OutputPropertyInfo::dimension</qualifiedname>
        <initializer>{ 1.0 }</initializer>
        <briefdescription>
        </briefdescription>
        <detaileddescription>
        </detaileddescription>
        <inbodydescription>
        </inbodydescription>
        <location file="source/c++/rocky20/api/rocky_output_properties.h" line="25" column="12" bodyfile="source/c++/rocky20/api/rocky_output_properties.h" bodystart="25" bodyend="25"/>
      </memberdef>
      <memberdef kind="variable" id="structOutputPropertyInfo_1a7791e5e85fcbe7408dcb274bf6287425" prot="public" static="no" mutable="no">
        <type>rocky20::ScalarsInfo::DataType</type>
        <definition>rocky20::ScalarsInfo::DataType OutputPropertyInfo::data_type</definition>
        <argsstring></argsstring>
        <name>data_type</name>
        <qualifiedname>OutputPropertyInfo::data_type</qualifiedname>
        <initializer>{ rocky20::ScalarsInfo::DataType::stDouble }</initializer>
        <briefdescription>
        </briefdescription>
        <detaileddescription>
        </detaileddescription>
        <inbodydescription>
        </inbodydescription>
        <location file="source/c++/rocky20/api/rocky_output_properties.h" line="27" column="36" bodyfile="source/c++/rocky20/api/rocky_output_properties.h" bodystart="27" bodyend="27"/>
      </memberdef>
    </sectiondef>
    <briefdescription>
    </briefdescription>
    <detaileddescription>
    </detaileddescription>
    <location file="source/c++/rocky20/api/rocky_output_properties.h" line="11" column="1" bodyfile="source/c++/rocky20/api/rocky_output_properties.h" bodystart="12" bodyend="28"/>
    <listofallmembers>
      <member refid="structOutputPropertyInfo_1a7791e5e85fcbe7408dcb274bf6287425" prot="public" virt="non-virtual"><scope>OutputPropertyInfo</scope><name>data_type</name></member>
      <member refid="structOutputPropertyInfo_1a95c55117943214d9db554f1dd17852cd" prot="public" virt="non-virtual"><scope>OutputPropertyInfo</scope><name>dimension</name></member>
      <member refid="structOutputPropertyInfo_1a84432ead6a071fda5ddd02a62539faae" prot="public" virt="non-virtual"><scope>OutputPropertyInfo</scope><name>evaluation</name></member>
      <member refid="structOutputPropertyInfo_1a7b0b534bfbfee8b58312ebff5d995698" prot="public" virt="non-virtual"><scope>OutputPropertyInfo</scope><name>Location</name></member>
      <member refid="structOutputPropertyInfo_1a04957f456c51bd69d06aa19397571508" prot="public" virt="non-virtual"><scope>OutputPropertyInfo</scope><name>location</name></member>
      <member refid="structOutputPropertyInfo_1ada98f232aa41e59c77712bb3b3ffef0c" prot="public" virt="non-virtual"><scope>OutputPropertyInfo</scope><name>name</name></member>
      <member refid="structOutputPropertyInfo_1a7b0b534bfbfee8b58312ebff5d995698a2c9a7529ecbe3a44a91dfd6499774397" prot="public" virt="non-virtual"><scope>OutputPropertyInfo</scope><name>onBoundaryCell</name></member>
      <member refid="structOutputPropertyInfo_1a7b0b534bfbfee8b58312ebff5d995698a1779046bd89c5a765a4f2d31041cbd8b" prot="public" virt="non-virtual"><scope>OutputPropertyInfo</scope><name>onBoundaryVertex</name></member>
      <member refid="structOutputPropertyInfo_1a7b0b534bfbfee8b58312ebff5d995698a9583b016a87b3fdcc109e0df28da0020" prot="public" virt="non-virtual"><scope>OutputPropertyInfo</scope><name>onJoint</name></member>
      <member refid="structOutputPropertyInfo_1a7b0b534bfbfee8b58312ebff5d995698aaeabfc287bcfc7bbe9ebdf4ab520dec5" prot="public" virt="non-virtual"><scope>OutputPropertyInfo</scope><name>onParticle</name></member>
      <member refid="structOutputPropertyInfo_1a7b0b534bfbfee8b58312ebff5d995698a470fdc44492c2ae55063ca3349a4f5a9" prot="public" virt="non-virtual"><scope>OutputPropertyInfo</scope><name>onSPH</name></member>
      <member refid="structOutputPropertyInfo_1a85e733adf177f126fc6e407dfa3588af" prot="public" virt="non-virtual"><scope>OutputPropertyInfo</scope><name>unit</name></member>
    </listofallmembers>
  </compounddef>
</doxygen>
