<?xml version='1.0' encoding='UTF-8' standalone='no'?>
<doxygen xmlns:xsi="http://www.w3.org/2001/XMLSchema-instance" xsi:noNamespaceSchemaLocation="compound.xsd" version="1.10.0" xml:lang="en-US">
  <compounddef id="structIRockyVicinityPair" kind="struct" language="C++" prot="public">
    <compoundname>IRockyVicinityPair</compoundname>
    <includes refid="rocky__vicinity__pair__api_8hpp" local="no">rocky_vicinity_pair_api.hpp</includes>
    <sectiondef kind="public-func">
      <memberdef kind="function" id="structIRockyVicinityPair_1a6453667273c56febeed7c2806fa4a516" prot="public" static="no" const="yes" explicit="no" inline="yes" virt="non-virtual">
        <type>ROCKY_FUNCTIONS <ref refid="structIRockyParticle" kindref="compound">IRockyParticle</ref></type>
        <definition>ROCKY_FUNCTIONS IRockyParticle IRockyVicinityPair::get_home_particle</definition>
        <argsstring>() const</argsstring>
        <name>get_home_particle</name>
        <qualifiedname>IRockyVicinityPair::get_home_particle</qualifiedname>
        <briefdescription>
        </briefdescription>
        <detaileddescription>
<para><simplesect kind="return"><para>An <computeroutput><ref refid="structIRockyParticle" kindref="compound">IRockyParticle</ref></computeroutput> object representing the <emphasis>home</emphasis> particle. This object gives access to several instantaneous properties associated to that particle. </para>
</simplesect>
</para>
        </detaileddescription>
        <inbodydescription>
        </inbodydescription>
        <location file="source/c++/rocky20/api/rocky_vicinity_pair_api.hpp" line="19" column="36" bodyfile="source/c++/rocky20/api/rocky_vicinity_pair_api.hpp" bodystart="65" bodyend="68"/>
      </memberdef>
      <memberdef kind="function" id="structIRockyVicinityPair_1a1085098207fdb2d038dcf55d10c318e1" prot="public" static="no" const="yes" explicit="no" inline="yes" virt="non-virtual">
        <type>ROCKY_FUNCTIONS <ref refid="structIRockyParticle" kindref="compound">IRockyParticle</ref></type>
        <definition>ROCKY_FUNCTIONS IRockyParticle IRockyVicinityPair::get_near_particle</definition>
        <argsstring>() const</argsstring>
        <name>get_near_particle</name>
        <qualifiedname>IRockyVicinityPair::get_near_particle</qualifiedname>
        <briefdescription>
        </briefdescription>
        <detaileddescription>
<para><simplesect kind="return"><para>An <computeroutput><ref refid="structIRockyParticle" kindref="compound">IRockyParticle</ref></computeroutput> object representing the <emphasis>near</emphasis> particle. This object gives access to several instantaneous properties associated to that particle. </para>
</simplesect>
</para>
        </detaileddescription>
        <inbodydescription>
        </inbodydescription>
        <location file="source/c++/rocky20/api/rocky_vicinity_pair_api.hpp" line="26" column="36" bodyfile="source/c++/rocky20/api/rocky_vicinity_pair_api.hpp" bodystart="70" bodyend="73"/>
      </memberdef>
      <memberdef kind="function" id="structIRockyVicinityPair_1a3d83f2759c519cadcd1a4a4199be6bb1" prot="public" static="no" const="yes" explicit="no" inline="yes" virt="non-virtual">
        <type>ROCKY_FUNCTIONS <ref refid="structIRockyGeometryTriangle" kindref="compound">IRockyGeometryTriangle</ref></type>
        <definition>ROCKY_FUNCTIONS IRockyGeometryTriangle IRockyVicinityPair::get_near_triangle</definition>
        <argsstring>() const</argsstring>
        <name>get_near_triangle</name>
        <qualifiedname>IRockyVicinityPair::get_near_triangle</qualifiedname>
        <briefdescription>
        </briefdescription>
        <detaileddescription>
<para><simplesect kind="return"><para>An <computeroutput><ref refid="structIRockyGeometryTriangle" kindref="compound">IRockyGeometryTriangle</ref></computeroutput> object representing the <emphasis>near</emphasis> triangle. This object gives access to several instantaneous properties associated to that triangle. </para>
</simplesect>
</para>
        </detaileddescription>
        <inbodydescription>
        </inbodydescription>
        <location file="source/c++/rocky20/api/rocky_vicinity_pair_api.hpp" line="33" column="44" bodyfile="source/c++/rocky20/api/rocky_vicinity_pair_api.hpp" bodystart="75" bodyend="78"/>
      </memberdef>
      <memberdef kind="function" id="structIRockyVicinityPair_1a4e8173adc82c91c5d26edd8b0100c2f3" prot="public" static="no" const="yes" explicit="no" inline="yes" virt="non-virtual">
        <type>ROCKY_FUNCTIONS bool</type>
        <definition>ROCKY_FUNCTIONS bool IRockyVicinityPair::is_particle_particle</definition>
        <argsstring>() const</argsstring>
        <name>is_particle_particle</name>
        <qualifiedname>IRockyVicinityPair::is_particle_particle</qualifiedname>
        <briefdescription>
        </briefdescription>
        <detaileddescription>
<para><simplesect kind="return"><para>True if the pair represents a particle-to-particle vicinity, false otherwise. </para>
</simplesect>
</para>
        </detaileddescription>
        <inbodydescription>
        </inbodydescription>
        <location file="source/c++/rocky20/api/rocky_vicinity_pair_api.hpp" line="38" column="26" bodyfile="source/c++/rocky20/api/rocky_vicinity_pair_api.hpp" bodystart="80" bodyend="83"/>
      </memberdef>
      <memberdef kind="function" id="structIRockyVicinityPair_1ad5120c027dba90895cf9d05d99e54e7d" prot="public" static="no" const="yes" explicit="no" inline="yes" virt="non-virtual">
        <type>ROCKY_FUNCTIONS bool</type>
        <definition>ROCKY_FUNCTIONS bool IRockyVicinityPair::is_particle_triangle</definition>
        <argsstring>() const</argsstring>
        <name>is_particle_triangle</name>
        <qualifiedname>IRockyVicinityPair::is_particle_triangle</qualifiedname>
        <briefdescription>
        </briefdescription>
        <detaileddescription>
<para><simplesect kind="return"><para>True if the pair represents a particle-to-triangle vicinity, false otherwise. </para>
</simplesect>
</para>
        </detaileddescription>
        <inbodydescription>
        </inbodydescription>
        <location file="source/c++/rocky20/api/rocky_vicinity_pair_api.hpp" line="43" column="26" bodyfile="source/c++/rocky20/api/rocky_vicinity_pair_api.hpp" bodystart="85" bodyend="88"/>
      </memberdef>
      <memberdef kind="function" id="structIRockyVicinityPair_1a34b7e627e2b53650ec7a6b230528ee6f" prot="public" static="no" const="yes" explicit="no" inline="yes" virt="non-virtual">
        <type>ROCKY_FUNCTIONS double</type>
        <definition>ROCKY_FUNCTIONS double IRockyVicinityPair::get_distance</definition>
        <argsstring>() const</argsstring>
        <name>get_distance</name>
        <qualifiedname>IRockyVicinityPair::get_distance</qualifiedname>
        <briefdescription>
        </briefdescription>
        <detaileddescription>
<para><simplesect kind="return"><para>The distance between the centroids of the two entities in the vicinity. </para>
</simplesect>
</para>
        </detaileddescription>
        <inbodydescription>
        </inbodydescription>
        <location file="source/c++/rocky20/api/rocky_vicinity_pair_api.hpp" line="48" column="28" bodyfile="source/c++/rocky20/api/rocky_vicinity_pair_api.hpp" bodystart="90" bodyend="93"/>
      </memberdef>
      <memberdef kind="function" id="structIRockyVicinityPair_1ac697ba9682008871b110a31c8be3a48b" prot="public" static="no" const="yes" explicit="no" inline="yes" virt="non-virtual">
        <type>ROCKY_FUNCTIONS double</type>
        <definition>ROCKY_FUNCTIONS double IRockyVicinityPair::get_squared_distance</definition>
        <argsstring>() const</argsstring>
        <name>get_squared_distance</name>
        <qualifiedname>IRockyVicinityPair::get_squared_distance</qualifiedname>
        <briefdescription>
        </briefdescription>
        <detaileddescription>
<para><simplesect kind="attention"><para>This method performs better than <computeroutput><ref refid="structIRockyVicinityPair" kindref="compound">IRockyVicinityPair</ref></computeroutput> because it don&apos;t require a computational costly computation of a square root of the squared distance between entities centroids. </para>
</simplesect>
<simplesect kind="return"><para>The squared distance between the centroids of the two entities in the vicinity. </para>
</simplesect>
</para>
        </detaileddescription>
        <inbodydescription>
        </inbodydescription>
        <location file="source/c++/rocky20/api/rocky_vicinity_pair_api.hpp" line="56" column="28" bodyfile="source/c++/rocky20/api/rocky_vicinity_pair_api.hpp" bodystart="95" bodyend="102"/>
      </memberdef>
    </sectiondef>
    <briefdescription>
    </briefdescription>
    <detaileddescription>
<para>The <computeroutput><ref refid="structIRockyVicinityPair" kindref="compound">IRockyVicinityPair</ref></computeroutput> class models the vicinity between two distinct simulation entities (particles or triangles) and provide methods to allow the computation of vicinity conditions depending on the custom model that one is implementing. </para>
    </detaileddescription>
    <location file="source/c++/rocky20/api/rocky_vicinity_pair_api.hpp" line="12" column="1" bodyfile="source/c++/rocky20/api/rocky_vicinity_pair_api.hpp" bodystart="13" bodyend="63"/>
    <listofallmembers>
      <member refid="structIRockyVicinityPair_1a34b7e627e2b53650ec7a6b230528ee6f" prot="public" virt="non-virtual"><scope>IRockyVicinityPair</scope><name>get_distance</name></member>
      <member refid="structIRockyVicinityPair_1a6453667273c56febeed7c2806fa4a516" prot="public" virt="non-virtual"><scope>IRockyVicinityPair</scope><name>get_home_particle</name></member>
      <member refid="structIRockyVicinityPair_1a1085098207fdb2d038dcf55d10c318e1" prot="public" virt="non-virtual"><scope>IRockyVicinityPair</scope><name>get_near_particle</name></member>
      <member refid="structIRockyVicinityPair_1a3d83f2759c519cadcd1a4a4199be6bb1" prot="public" virt="non-virtual"><scope>IRockyVicinityPair</scope><name>get_near_triangle</name></member>
      <member refid="structIRockyVicinityPair_1ac697ba9682008871b110a31c8be3a48b" prot="public" virt="non-virtual"><scope>IRockyVicinityPair</scope><name>get_squared_distance</name></member>
      <member refid="structIRockyVicinityPair_1a4e8173adc82c91c5d26edd8b0100c2f3" prot="public" virt="non-virtual"><scope>IRockyVicinityPair</scope><name>is_particle_particle</name></member>
      <member refid="structIRockyVicinityPair_1ad5120c027dba90895cf9d05d99e54e7d" prot="public" virt="non-virtual"><scope>IRockyVicinityPair</scope><name>is_particle_triangle</name></member>
    </listofallmembers>
  </compounddef>
</doxygen>
