<?xml version='1.0' encoding='UTF-8' standalone='no'?>
<doxygen xmlns:xsi="http://www.w3.org/2001/XMLSchema-instance" xsi:noNamespaceSchemaLocation="compound.xsd" version="1.10.0" xml:lang="en-US">
  <compounddef id="structIRockyPairScalarsModel" kind="struct" language="C++" prot="public">
    <compoundname>IRockyPairScalarsModel</compoundname>
    <basecompoundref prot="public" virt="non-virtual">ScalarsModel&lt; rocky20::PairScalarsController &gt;</basecompoundref>
    <includes refid="rocky__pair__scalars_8hpp" local="no">rocky_pair_scalars.hpp</includes>
    <sectiondef kind="public-func">
      <memberdef kind="function" id="structIRockyPairScalarsModel_1a6c98a12b64d8698092cf6977a1c2b1ca" prot="public" static="no" const="no" explicit="no" inline="yes" virt="non-virtual">
        <type><ref refid="structIRockyStatisticsAdder" kindref="compound">IRockyStatisticsAdder</ref> *</type>
        <definition>IRockyStatisticsAdder * IRockyPairScalarsModel::get_statistics_adder_array</definition>
        <argsstring>(int scalar_index)</argsstring>
        <name>get_statistics_adder_array</name>
        <qualifiedname>IRockyPairScalarsModel::get_statistics_adder_array</qualifiedname>
        <param>
          <type>int</type>
          <declname>scalar_index</declname>
        </param>
        <briefdescription>
        </briefdescription>
        <detaileddescription>
<para><simplesect kind="return"><para>The array of all <computeroutput><ref refid="structIRockyStatisticsAdder" kindref="compound">IRockyStatisticsAdder</ref></computeroutput> objects currently stored in a given scalar. The size of this array will be the number of combinations between particle groups plus the number of combinations between particle groups and geometries in a project.</para>
</simplesect>
<parameterlist kind="param"><parameteritem>
<parameternamelist>
<parametername>scalar_index</parametername>
</parameternamelist>
<parameterdescription>
<para>The index that identifies the scalar, attributed when it was created. </para>
</parameterdescription>
</parameteritem>
</parameterlist>
</para>
        </detaileddescription>
        <inbodydescription>
        </inbodydescription>
        <location file="source/c++/rocky20/api/rocky_pair_scalars.hpp" line="40" column="27" bodyfile="source/c++/rocky20/api/rocky_pair_scalars.hpp" bodystart="75" bodyend="78"/>
      </memberdef>
      <memberdef kind="function" id="structIRockyPairScalarsModel_1ab74d805c25cdf60a17a2df3addd8e1df" prot="public" static="no" const="no" explicit="no" inline="yes" virt="non-virtual">
        <type><ref refid="structIRockyStatisticsAccumulator" kindref="compound">IRockyStatisticsAccumulator</ref> *</type>
        <definition>IRockyStatisticsAccumulator * IRockyPairScalarsModel::get_statistics_accumulator_array</definition>
        <argsstring>(int scalar_index)</argsstring>
        <name>get_statistics_accumulator_array</name>
        <qualifiedname>IRockyPairScalarsModel::get_statistics_accumulator_array</qualifiedname>
        <param>
          <type>int</type>
          <declname>scalar_index</declname>
        </param>
        <briefdescription>
        </briefdescription>
        <detaileddescription>
<para><simplesect kind="return"><para>The array of all <computeroutput><ref refid="structIRockyStatisticsAccumulator" kindref="compound">IRockyStatisticsAccumulator</ref></computeroutput> objects currently stored in a given scalar. The size of this array will be the number of combinations between particle groups plus the number of combinations between particle groups and geometries in a project.</para>
</simplesect>
<parameterlist kind="param"><parameteritem>
<parameternamelist>
<parametername>scalar_index</parametername>
</parameternamelist>
<parameterdescription>
<para>The index that identifies the scalar, attributed when it was created. </para>
</parameterdescription>
</parameteritem>
</parameterlist>
</para>
        </detaileddescription>
        <inbodydescription>
        </inbodydescription>
        <location file="source/c++/rocky20/api/rocky_pair_scalars.hpp" line="56" column="33" bodyfile="source/c++/rocky20/api/rocky_pair_scalars.hpp" bodystart="85" bodyend="88"/>
      </memberdef>
      <memberdef kind="function" id="structIRockyPairScalarsModel_1a9db6d59f40d249a8bee649b0830a3cd2" prot="public" static="no" const="no" explicit="no" inline="no" virt="non-virtual">
        <type>int</type>
        <definition>int IRockyPairScalarsModel::find</definition>
        <argsstring>(const char *name)</argsstring>
        <name>find</name>
        <qualifiedname>IRockyPairScalarsModel::find</qualifiedname>
        <param>
          <type>const char *</type>
          <declname>name</declname>
        </param>
        <briefdescription>
        </briefdescription>
        <detaileddescription>
<para><simplesect kind="par"><title>This method searches for a scalar variable already created by other modules,</title><para>in order to allow access to its values, or store new values on it, during the execution of the simulation.</para>
</simplesect>
<parameterlist kind="param"><parameteritem>
<parameternamelist>
<parametername>name</parametername>
</parameternamelist>
<parameterdescription>
<para>The name given to the scalar at the moment of its creation.</para>
</parameterdescription>
</parameteritem>
</parameterlist>
<simplesect kind="return"><para>The index that uniquely identifies the wanted scalar if it was actually found. It returns -1 otherwise.   </para>
</simplesect>
</para>
        </detaileddescription>
        <inbodydescription>
        </inbodydescription>
        <location file="source/c++/rocky20/api/rocky_pair_scalars.hpp" line="61" column="9"/>
      </memberdef>
      <memberdef kind="function" id="structIRockyPairScalarsModel_1ac7c9db171244f51dd12e41bcd16629a8" prot="public" static="no" const="no" explicit="no" inline="no" virt="non-virtual">
        <type>int</type>
        <definition>int IRockyPairScalarsModel::add</definition>
        <argsstring>(const char *name, const char *unit, bool output=true)</argsstring>
        <name>add</name>
        <qualifiedname>IRockyPairScalarsModel::add</qualifiedname>
        <param>
          <type>const char *</type>
          <declname>name</declname>
        </param>
        <param>
          <type>const char *</type>
          <declname>unit</declname>
        </param>
        <param>
          <type>bool</type>
          <declname>output</declname>
          <defval>true</defval>
        </param>
        <briefdescription>
        </briefdescription>
        <detaileddescription>
<para><simplesect kind="par"><title>This method creates a new scalar variable of type <computeroutput>double</computeroutput></title><para>for storing custom values during a simulation, preserving them between time iterations.</para>
</simplesect>
<parameterlist kind="param"><parameteritem>
<parameternamelist>
<parametername>name</parametername>
</parameternamelist>
<parameterdescription>
<para>The name given to the scalar variable. The purpose of this name is twofold. First, it enables to find this scalar variable from other module, in order to share their values. Second, if the scalar variable can be displayed in a 3D window as a property, this name will identify it in the Rocky UI.</para>
</parameterdescription>
</parameteritem>
<parameteritem>
<parameternamelist>
<parametername>unit</parametername>
</parameternamelist>
<parameterdescription>
<para>A string specifying the unit in S.I. associated to the scalar variable.</para>
</parameterdescription>
</parameteritem>
<parameteritem>
<parameternamelist>
<parametername>output</parametername>
</parameternamelist>
<parameterdescription>
<para>Enables/disables the storage in disk at output times, for the visualization and post-processing of the scalar values.</para>
</parameterdescription>
</parameteritem>
</parameterlist>
<simplesect kind="return"><para>The index that will uniquely identify the scalar variable during the execution of the simulation.   </para>
</simplesect>
</para>
        </detaileddescription>
        <inbodydescription>
        </inbodydescription>
        <location file="source/c++/rocky20/api/rocky_pair_scalars.hpp" line="64" column="9"/>
      </memberdef>
      <memberdef kind="function" id="structIRockyPairScalarsModel_1aae898890d803e0df2c0bf0ac23553f6a" prot="public" static="no" const="no" explicit="no" inline="no" virt="non-virtual">
        <type>void</type>
        <definition>void IRockyPairScalarsModel::reset</definition>
        <argsstring>(int scalar_index)</argsstring>
        <name>reset</name>
        <qualifiedname>IRockyPairScalarsModel::reset</qualifiedname>
        <param>
          <type>int</type>
          <declname>scalar_index</declname>
        </param>
        <briefdescription>
        </briefdescription>
        <detaileddescription>
<para><simplesect kind="par"><title>This method resets to zero all values stored in a scalar variable.</title><para></para>
</simplesect>
<parameterlist kind="param"><parameteritem>
<parameternamelist>
<parametername>scalar_index</parametername>
</parameternamelist>
<parameterdescription>
<para>The index attributed to the scalar variable at the moment of its creation.   </para>
</parameterdescription>
</parameteritem>
</parameterlist>
</para>
        </detaileddescription>
        <inbodydescription>
        </inbodydescription>
        <location file="source/c++/rocky20/api/rocky_pair_scalars.hpp" line="67" column="10"/>
      </memberdef>
      <memberdef kind="function" id="structIRockyPairScalarsModel_1a4134ab37bc984b4443ecf94dff64e720" prot="public" static="no" const="no" explicit="no" inline="no" virt="non-virtual">
        <type>void</type>
        <definition>void IRockyPairScalarsModel::set_dimension</definition>
        <argsstring>(int scalar_index, double dimension_factor)</argsstring>
        <name>set_dimension</name>
        <qualifiedname>IRockyPairScalarsModel::set_dimension</qualifiedname>
        <param>
          <type>int</type>
          <declname>scalar_index</declname>
        </param>
        <param>
          <type>double</type>
          <declname>dimension_factor</declname>
        </param>
        <briefdescription>
        </briefdescription>
        <detaileddescription>
<para><simplesect kind="par"><title>The purpose of this method is to associate a dimensional factor</title><para>to a scalar variable. This factor will be used to nondimensionalize their values. For instance, if the scalar represents a force, a force dimensional factor must be associated through this method. Dimensional factors for the fundamental magnitudes are provided by functions of a <computeroutput><ref refid="structIRockyModel" kindref="compound">IRockyModel</ref></computeroutput> object.</para>
</simplesect>
<parameterlist kind="param"><parameteritem>
<parameternamelist>
<parametername>scalar_index</parametername>
</parameternamelist>
<parameterdescription>
<para>The index attributed to the scalar variable at the moment of its creation.</para>
</parameterdescription>
</parameteritem>
<parameteritem>
<parameternamelist>
<parametername>dimension_factor</parametername>
</parameternamelist>
<parameterdescription>
<para>The appropriate dimensional factor for the scalar variable.   </para>
</parameterdescription>
</parameteritem>
</parameterlist>
</para>
        </detaileddescription>
        <inbodydescription>
        </inbodydescription>
        <location file="source/c++/rocky20/api/rocky_pair_scalars.hpp" line="70" column="10"/>
      </memberdef>
    </sectiondef>
    <briefdescription>
    </briefdescription>
    <detaileddescription>
<para>An <computeroutput><ref refid="structIRockyPairScalarsModel" kindref="compound">IRockyPairScalarsModel</ref></computeroutput> object allows users to create and configure custom pair scalars. Pair scalars are special variables with a value attached to every combination of two particle groups and each combination of a particle group and a geometry. Their typical use is the accumulation of collision data for inter-group collision statistics, but they can be used in any other application in which it is necessary to associate values to such combination pairs. </para>
    </detaileddescription>
    <location file="source/c++/rocky20/api/rocky_pair_scalars.hpp" line="20" column="1" bodyfile="source/c++/rocky20/api/rocky_pair_scalars.hpp" bodystart="21" bodyend="73"/>
    <listofallmembers>
      <member refid="structIRockyPairScalarsModel_1ac7c9db171244f51dd12e41bcd16629a8" prot="public" virt="non-virtual"><scope>IRockyPairScalarsModel</scope><name>add</name></member>
      <member refid="structIRockyPairScalarsModel_1a9db6d59f40d249a8bee649b0830a3cd2" prot="public" virt="non-virtual"><scope>IRockyPairScalarsModel</scope><name>find</name></member>
      <member refid="structIRockyPairScalarsModel_1ab74d805c25cdf60a17a2df3addd8e1df" prot="public" virt="non-virtual"><scope>IRockyPairScalarsModel</scope><name>get_statistics_accumulator_array</name></member>
      <member refid="structIRockyPairScalarsModel_1a6c98a12b64d8698092cf6977a1c2b1ca" prot="public" virt="non-virtual"><scope>IRockyPairScalarsModel</scope><name>get_statistics_adder_array</name></member>
      <member refid="structIRockyPairScalarsModel_1aae898890d803e0df2c0bf0ac23553f6a" prot="public" virt="non-virtual"><scope>IRockyPairScalarsModel</scope><name>reset</name></member>
      <member refid="structIRockyPairScalarsModel_1a4134ab37bc984b4443ecf94dff64e720" prot="public" virt="non-virtual"><scope>IRockyPairScalarsModel</scope><name>set_dimension</name></member>
    </listofallmembers>
  </compounddef>
</doxygen>
