{"embedded": false, "project": "MI Scripting Toolkit for Python", "release": "3.1.338", "version": "3.1", "last_updated": null, "copyright": "2023 ANSYS, Inc. or its affiliated companies. All rights reserved", "master_doc": "index", "root_doc": "index", "use_opensearch": "", "docstitle": "MI Scripting Toolkit for Python 3.1.338 documentation", "shorttitle": "Granta MI Scripting Toolkit for Python", "show_copyright": true, "show_search_summary": true, "show_sphinx": true, "has_source": true, "show_source": false, "sourcelink_suffix": ".txt", "file_suffix": ".fjson", "link_suffix": ".html", "script_files": ["_static/documentation_options.js", "_static/doctools.js", "_static/sphinx_highlight.js", "https://cdnjs.cloudflare.com/ajax/libs/require.js/2.3.4/require.min.js", "None", "https://cdn.jsdelivr.net/npm/mathjax@3/es5/tex-mml-chtml.js", "None", "https://cdn.jsdelivr.net/npm/mathjax@3/es5/tex-mml-chtml.js", "None", "https://cdn.jsdelivr.net/npm/mathjax@3/es5/tex-mml-chtml.js", "None", "https://cdn.jsdelivr.net/npm/mathjax@3/es5/tex-mml-chtml.js", "None", "https://cdn.jsdelivr.net/npm/mathjax@3/es5/tex-mml-chtml.js", "None", "https://cdn.jsdelivr.net/npm/mathjax@3/es5/tex-mml-chtml.js", "None", "https://cdn.jsdelivr.net/npm/mathjax@3/es5/tex-mml-chtml.js", "None", "https://cdn.jsdelivr.net/npm/mathjax@3/es5/tex-mml-chtml.js", "None", "https://cdn.jsdelivr.net/npm/mathjax@3/es5/tex-mml-chtml.js", "None", "https://cdn.jsdelivr.net/npm/mathjax@3/es5/tex-mml-chtml.js", "None", "https://cdn.jsdelivr.net/npm/mathjax@3/es5/tex-mml-chtml.js", "None", "https://cdn.jsdelivr.net/npm/mathjax@3/es5/tex-mml-chtml.js", "None", "https://cdn.jsdelivr.net/npm/mathjax@3/es5/tex-mml-chtml.js", "None", "https://cdn.jsdelivr.net/npm/mathjax@3/es5/tex-mml-chtml.js", "None", "https://cdn.jsdelivr.net/npm/mathjax@3/es5/tex-mml-chtml.js", "None", "https://cdn.jsdelivr.net/npm/mathjax@3/es5/tex-mml-chtml.js", "None", "https://cdn.jsdelivr.net/npm/mathjax@3/es5/tex-mml-chtml.js", "None", "https://cdn.jsdelivr.net/npm/mathjax@3/es5/tex-mml-chtml.js", "None", "https://cdn.jsdelivr.net/npm/mathjax@3/es5/tex-mml-chtml.js", "None", "https://cdn.jsdelivr.net/npm/mathjax@3/es5/tex-mml-chtml.js", "None", "https://cdn.jsdelivr.net/npm/mathjax@3/es5/tex-mml-chtml.js", "None", "https://cdn.jsdelivr.net/npm/mathjax@3/es5/tex-mml-chtml.js", "None", "https://cdn.jsdelivr.net/npm/mathjax@3/es5/tex-mml-chtml.js", "None", "https://cdn.jsdelivr.net/npm/mathjax@3/es5/tex-mml-chtml.js", "None", "https://cdn.jsdelivr.net/npm/mathjax@3/es5/tex-mml-chtml.js", "None", "https://cdn.jsdelivr.net/npm/mathjax@3/es5/tex-mml-chtml.js", "None", "https://cdn.jsdelivr.net/npm/mathjax@3/es5/tex-mml-chtml.js", "None", "https://cdn.jsdelivr.net/npm/mathjax@3/es5/tex-mml-chtml.js", "None", "https://cdn.jsdelivr.net/npm/mathjax@3/es5/tex-mml-chtml.js", "None", "https://cdn.jsdelivr.net/npm/mathjax@3/es5/tex-mml-chtml.js", "None", "https://cdn.jsdelivr.net/npm/mathjax@3/es5/tex-mml-chtml.js", "None", "https://cdn.jsdelivr.net/npm/mathjax@3/es5/tex-mml-chtml.js", "None", "https://cdn.jsdelivr.net/npm/mathjax@3/es5/tex-mml-chtml.js", "None", "https://cdn.jsdelivr.net/npm/mathjax@3/es5/tex-mml-chtml.js", "None", "https://cdn.jsdelivr.net/npm/mathjax@3/es5/tex-mml-chtml.js", "None", "https://cdn.jsdelivr.net/npm/mathjax@3/es5/tex-mml-chtml.js", "None", "https://cdn.jsdelivr.net/npm/mathjax@3/es5/tex-mml-chtml.js", "None", "https://cdn.jsdelivr.net/npm/mathjax@3/es5/tex-mml-chtml.js", "None", "https://cdn.jsdelivr.net/npm/mathjax@3/es5/tex-mml-chtml.js", "None", "https://cdn.jsdelivr.net/npm/mathjax@3/es5/tex-mml-chtml.js", "None", "https://cdn.jsdelivr.net/npm/mathjax@3/es5/tex-mml-chtml.js"], "language": "en", "css_files": ["_static/pygments.css", "_static/css/theme.css", "_static/graphviz.css", "_static/custom.css", "_static/nbsphinx-code-cells.css", "_static/nbsphinx-code-cells.css", "_static/nbsphinx-code-cells.css", "_static/nbsphinx-code-cells.css", "_static/nbsphinx-code-cells.css", "_static/nbsphinx-code-cells.css", "_static/nbsphinx-code-cells.css", "_static/nbsphinx-code-cells.css", "_static/nbsphinx-code-cells.css", "_static/nbsphinx-code-cells.css", "_static/nbsphinx-code-cells.css", "_static/nbsphinx-code-cells.css", "_static/nbsphinx-code-cells.css", "_static/nbsphinx-code-cells.css", "_static/nbsphinx-code-cells.css", "_static/nbsphinx-code-cells.css", "_static/nbsphinx-code-cells.css", "_static/nbsphinx-code-cells.css", "_static/nbsphinx-code-cells.css", "_static/nbsphinx-code-cells.css", "_static/nbsphinx-code-cells.css", "_static/nbsphinx-code-cells.css", "_static/nbsphinx-code-cells.css", "_static/nbsphinx-code-cells.css", "_static/nbsphinx-code-cells.css", "_static/nbsphinx-code-cells.css", "_static/nbsphinx-code-cells.css", "_static/nbsphinx-code-cells.css", "_static/nbsphinx-code-cells.css", "_static/nbsphinx-code-cells.css", "_static/nbsphinx-code-cells.css", "_static/nbsphinx-code-cells.css", "_static/nbsphinx-code-cells.css", "_static/nbsphinx-code-cells.css", "_static/nbsphinx-code-cells.css", "_static/nbsphinx-code-cells.css", "_static/nbsphinx-code-cells.css", "_static/nbsphinx-code-cells.css", "_static/nbsphinx-code-cells.css", "_static/nbsphinx-code-cells.css", "_static/nbsphinx-code-cells.css"], "sphinx_version": "6.2.0", "sphinx_version_tuple": [6, 2, 0, "final", 0], "docutils_version_info": [0, 18, 1, "final", 0], "styles": ["css/theme.css"], "style": "css/theme.css", "rellinks": [], "builder": "json", "parents": [], "logo_url": "Materials-STK.png", "favicon_url": "Materials.png", "html5_doctype": true, "theme_nosidebar": "false", "theme_sidebarwidth": "230", "theme_body_min_width": "360", "theme_body_max_width": "800", "theme_navigation_with_keys": "False", "theme_enable_search_shortcuts": "True", "theme_globaltoc_collapse": "true", "theme_globaltoc_includehidden": "false", "theme_globaltoc_maxdepth": "", "theme_canonical_url": "", "theme_analytics_id": "", "theme_analytics_anonymize_ip": "False", "theme_collapse_navigation": "True", "theme_sticky_navigation": true, "theme_navigation_depth": 4, "theme_includehidden": true, "theme_titles_only": false, "theme_logo_only": true, "theme_display_version": true, "theme_prev_next_buttons_location": "bottom", "theme_style_external_links": false, "theme_style_nav_header_background": "", "theme_vcs_pageview_mode": ""}