<?xml version="1.0" encoding="utf-8"?>
<EngineeringData version="14.0.0.367" xmlns:xsi="http://www.w3.org/2001/XMLSchema-instance">
  <Materials>
    <MatML_Doc xsi:noNamespaceSchemaLocation="http://www.matml.org/downloads/matml31.xsd">
      <Material>
        <BulkDetails>
          <Name>Nickel alloys, Inconel 718, Forging</Name>
          <Description>Created by MI:Materials Gateway</Description>
          <PropertyData property="pr_color">
            <Data format="string">-</Data>
            <ParameterValue parameter="pa_red" format="float">
              <Data>127</Data>
              <Qualifier name="Variable Type">Dependent</Qualifier>
            </ParameterValue>
            <ParameterValue parameter="pa_green" format="float">
              <Data>127</Data>
              <Qualifier name="Variable Type">Dependent</Qualifier>
            </ParameterValue>
            <ParameterValue parameter="pa_blue" format="float">
              <Data>127</Data>
              <Qualifier name="Variable Type">Dependent</Qualifier>
            </ParameterValue>
            <ParameterValue parameter="pa_materialproperty" format="string">
              <Data>Appearance</Data>
            </ParameterValue>
          </PropertyData>
          <PropertyData property="ID0EF">
            <Data format="exponential">8.2209e+3</Data>
          </PropertyData>
          <PropertyData property="ID0EBCAC">
            <Data format="string">-</Data>
            <Qualifier name="Behavior">Isotropic</Qualifier>
            <Qualifier name="Derive from">Young's Modulus and Poisson's Ratio</Qualifier>
          </PropertyData>
          <PropertyData property="grantaPedigree">
            <Data format="string">-</Data>
            <Qualifier name="Granta material name">Nickel alloys, Inconel 718, Forging</Qualifier>
            <Qualifier name="Model type">Linear, temperature-dependent, isotropic</Qualifier>
            <Qualifier name="Assignment made by">ANSYS\agrigg</Qualifier>
            <Qualifier name="Assignment date/time">2023-09-01T15:57:42.1236509-04:00</Qualifier>
            <Qualifier name="Database name">MI Training</Qualifier>
            <Qualifier name="Table name">Design Data</Qualifier>
            <Qualifier name="Data link version">1</Qualifier>
            <Qualifier name="Database key">MI_Training</Qualifier>
            <Qualifier name="History guid">ce294339-e59d-4be1-a96c-f9e92adb71ac</Qualifier>
            <Qualifier name="Version guid">0db07a80-f4f4-4e0a-af29-be2719a9d48d</Qualifier>
            <Qualifier name="Model guid">CE8DCFA2-B3EE-4545-8D3E-82810FA92AFC</Qualifier>
            <Qualifier name="Model version">0</Qualifier>
            <Qualifier name="Display">False</Qualifier>
          </PropertyData>
        </BulkDetails>
      </Material>
      <Metadata>
        <PropertyDetails id="pr_color">
          <Name>Color</Name>
          <Unitless />
        </PropertyDetails>
        <ParameterDetails id="pa_red">
          <Name>Red</Name>
          <Unitless />
        </ParameterDetails>
        <ParameterDetails id="pa_green">
          <Name>Green</Name>
          <Unitless />
        </ParameterDetails>
        <ParameterDetails id="pa_blue">
          <Name>Blue</Name>
          <Unitless />
        </ParameterDetails>
        <ParameterDetails id="pa_materialproperty">
          <Name>Material Property</Name>
          <Unitless />
        </ParameterDetails>
        <ParameterDetails id="Parameter_1_Temperature">
          <Name>Temperature</Name>
          <Units>
            <Unit>
              <Name>C</Name>
            </Unit>
          </Units>
        </ParameterDetails>
        <PropertyDetails id="ID0EF">
          <Name>Density</Name>
          <Units>
            <Unit>
              <Name>kg/m^3</Name>
            </Unit>
          </Units>
        </PropertyDetails>
        <PropertyDetails id="ID0EBCAC">
          <Name>Elasticity</Name>
          <Unitless />
        </PropertyDetails>
        <PropertyDetails id="grantaPedigree">
          <Name>Granta material details</Name>
          <Unitless />
        </PropertyDetails>
      </Metadata>
    </MatML_Doc>
  </Materials>
</EngineeringData>